head_id,relation,tail_id,source_doc_id,source_chunk_id,confidence,role,valid_from,valid_to
000001,HAS_EXECUTIVE,PER-0010,1337,1337000,0.9,,,
000001,HAS_EXECUTIVE,PER-0030,1231,1231000,0.8,,,
000001,HAS_EXECUTIVE,PER-0030,1337,1337000,0.9,,,
000001,HAS_EXECUTIVE,PER-0064,1355,1355000,0.85,,,
000001,HAS_EXECUTIVE,PER-0287,1337,1337000,0.9,,,
000001,HAS_EXECUTIVE,PER-0305,1274,1274001,0.9,,,
000001,HAS_EXECUTIVE,PER-0305,1337,1337000,0.9,,,
000001,HAS_EXECUTIVE,PER-0328,1337,1337000,0.9,,,
000001,HAS_EXECUTIVE,PER-0365,1337,1337000,0.9,,,
000001,HAS_EXECUTIVE,PER-0378,1200,1200000,0.85,,,
000001,PARTICIPATES_IN,EVT-0029,1023,1023000,0.9,主体,,
000001,PARTICIPATES_IN,EVT-0045,1037,1037019,0.9,主体,,
000001,PARTICIPATES_IN,EVT-0046,1038,1038000,0.95,主体,,
000001,PARTICIPATES_IN,EVT-0236,1183,1183001,0.8,合作方,,
000001,PARTICIPATES_IN,EVT-0260,1200,1200000,0.9,涉及方,,
000001,PARTICIPATES_IN,EVT-0310,1231,1231000,0.85,主体,,
000001,PARTICIPATES_IN,EVT-0358,1274,1274003,0.9,主体,,
000001,PARTICIPATES_IN,EVT-0466,1355,1355000,0.95,主体,,
000001,PARTICIPATES_IN,EVT-0839,2025,2025001,0.85,合作方,,
000001,PARTICIPATES_IN,EVT-0859,2039,2039000,0.95,合作方,,
000001,PARTICIPATES_IN,EVT-0860,2039,2039005,0.8,主体,,
000002,HAS_EXECUTIVE,PER-0139,1154,1154000,0.9,,,
000002,HAS_EXECUTIVE,PER-0384,1273,1273005,0.9,,,
000002,PARTICIPATES_IN,EVT-0021,1015,1015000,0.9,主体,,
000002,PARTICIPATES_IN,EVT-0188,1152,1152000,0.95,主体,,
000002,PARTICIPATES_IN,EVT-0189,1153,1153000,0.9,主体,,
000002,PARTICIPATES_IN,EVT-0190,1154,1154002,0.9,主体,,
000002,PARTICIPATES_IN,EVT-0191,1154,1154002,0.9,主体,,
000002,PARTICIPATES_IN,EVT-0297,1222,1222000,0.9,主体,,
000002,PARTICIPATES_IN,EVT-0357,1273,1273000,0.9,主体,,
000002,PARTICIPATES_IN,EVT-0408,1310,1310000,0.8,涉及方,,
000002,PARTICIPATES_IN,EVT-0449,1341,1341001,0.9,主体,,
000002,PARTICIPATES_IN,EVT-0795,1015,1015002,0.9,主体,,
000002,PARTICIPATES_IN,EVT-0795,2010,2010000,0.95,主体,,
000002,PARTICIPATES_IN,EVT-0796,2010,2010000,0.9,主体,,
000002,PARTICIPATES_IN,EVT-0797,2010,2010000,0.9,主体,,
000002,PARTICIPATES_IN,EVT-0798,2010,2010000,0.9,主体,,
000002,PARTICIPATES_IN,EVT-0828,2021,2021000,0.95,主体,,
000002,PARTICIPATES_IN,EVT-0829,2021,2021000,0.9,主体,,
000002,PARTICIPATES_IN,EVT-0831,2021,2021003,0.85,主体,,
000002,PARTICIPATES_IN,EVT-0836,2023,2023000,0.95,主体,,
000034,PARTICIPATES_IN,EVT-0735,1558,1558001,0.95,主体,,
000034,PARTICIPATES_IN,EVT-0735,1558,1558002,0.8,涉及方,,
000063,HAS_EXECUTIVE,PER-0138,1347,1347007,0.9,,,
000063,HAS_EXECUTIVE,PER-0148,1347,1347007,0.9,,,
000063,PARTICIPATES_IN,EVT-0259,1199,1199000,0.85,主体,,
000063,PARTICIPATES_IN,EVT-0355,1272,1272001,0.9,主体,,
000063,PARTICIPATES_IN,EVT-0356,1272,1272001,0.9,主体,,
000063,PARTICIPATES_IN,EVT-0356,1272,1272001,0.9,涉及方,,
000063,PARTICIPATES_IN,EVT-0372,1283,1283004,0.95,主体,,
000063,PARTICIPATES_IN,EVT-0373,1283,1283002,0.92,主体,,
000063,PARTICIPATES_IN,EVT-0380,1289,1289001,0.95,主体,,
000063,PARTICIPATES_IN,EVT-0444,1336,1336001,0.95,主体,,
000063,PARTICIPATES_IN,EVT-0457,1347,1347001,0.95,主体,,
000063,PARTICIPATES_IN,EVT-0517,1389,1389007,0.9,主体,,
000063,PARTICIPATES_IN,EVT-0518,1389,1389025,0.9,主体,,
000063,SUPPLIES,e&集团,1272,1272001,0.9,,,
000333,HAS_EXECUTIVE,PER-0011,1374,1374000,0.7,,,
000333,HAS_EXECUTIVE,PER-0149,1142,1142000,0.9,,,
000333,HAS_EXECUTIVE,PER-0157,1374,1374000,0.7,,,
000333,HAS_EXECUTIVE,PER-0275,1374,1374000,0.7,,,
000333,PARTICIPATES_IN,EVT-0134,1106,1106000,0.9,主体,,
000333,PARTICIPATES_IN,EVT-0135,1106,1106002,0.95,主体,,
000333,PARTICIPATES_IN,EVT-0174,1142,1142000,0.9,主体,,
000333,PARTICIPATES_IN,EVT-0175,1142,1142002,0.9,主体,,
000333,PARTICIPATES_IN,EVT-0176,1143,1143000,0.95,主体,,
000333,PARTICIPATES_IN,EVT-0177,1143,1143001,0.9,主体,,
000333,PARTICIPATES_IN,EVT-0383,1292,1292000,0.9,主体,,
000333,PARTICIPATES_IN,EVT-0384,1292,1292001,0.95,主体,,
000333,PARTICIPATES_IN,EVT-0427,1325,1325018,0.95,主体,,
000333,PARTICIPATES_IN,EVT-0428,1325,1325017,0.9,主体,,
000333,PARTICIPATES_IN,EVT-0497,1374,1374000,0.8,主体,,
000333,PARTICIPATES_IN,EVT-0842,2026,2026003,0.9,主体,,
000338,HAS_EXECUTIVE,PER-0005,1055,1055000,0.8,,,
000338,HAS_EXECUTIVE,PER-0033,1056,1056008,0.85,,,
000338,HAS_EXECUTIVE,PER-0033,1057,1057004,0.9,,,
000338,PARTICIPATES_IN,EVT-0073,1056,1056007,0.9,主体,,
000338,PARTICIPATES_IN,EVT-0074,1056,1056007,0.85,主体,,
000338,PARTICIPATES_IN,EVT-0075,1056,1056007,0.85,主体,,
000338,PARTICIPATES_IN,EVT-0076,1056,1056008,0.9,主体,,
000338,PARTICIPATES_IN,EVT-0076,1057,1057004,0.85,主体,,
000338,PARTICIPATES_IN,EVT-0187,1151,1151000,0.9,主体,,
000338,PARTICIPATES_IN,EVT-0231,1180,1180000,0.6,主体,,
000338,PARTICIPATES_IN,EVT-0316,1237,1237002,0.95,主体,,
000338,PARTICIPATES_IN,EVT-0317,1237,1237001,0.9,主体,,
000338,PARTICIPATES_IN,EVT-0398,1302,1302011,0.95,主体,,
000338,PARTICIPATES_IN,EVT-0399,1302,1302011,0.9,主体,,
000338,PARTICIPATES_IN,EVT-0490,1369,1369003,0.95,主体,,
000338,PARTICIPATES_IN,EVT-0832,2022,2022000,0.95,主体,,
000338,PARTICIPATES_IN,EVT-0833,2022,2022000,0.9,主体,,
000338,PARTICIPATES_IN,EVT-0835,2022,2022002,0.85,主体,,
000338,PARTICIPATES_IN,EVT-0837,2024,2024000,0.9,主体,,
000338,SUPPLIES,中国重型汽车集团有限公司,1057,1057002,0.6,,,
000338,SUPPLIES,潍柴重机股份有限公司,1057,1057003,0.6,,,
000338,SUPPLIES,陕西汽车集团股份有限公司,1057,1057003,0.6,,,
000651,PARTICIPATES_IN,EVT-0271,1205,1205000,0.9,主体,,
000651,PARTICIPATES_IN,EVT-0272,1205,1205001,0.9,主体,,
000651,PARTICIPATES_IN,EVT-0273,1205,1205000,0.9,主体,,
000651,PARTICIPATES_IN,EVT-0516,1388,1388018,0.9,主体,,
000651,PARTICIPATES_IN,EVT-0815,2017,2017000,0.95,主体,,
000651,PARTICIPATES_IN,EVT-0816,2017,2017000,0.8,主体,,
000651,PARTICIPATES_IN,EVT-0817,2017,2017002,0.9,主体,,
000661,PARTICIPATES_IN,EVT-0537,1404,1404000,0.8,涉及方,,
000661,PARTICIPATES_IN,EVT-0583,1440,1440002,0.8,涉及方,,
000661,PARTICIPATES_IN,EVT-0652,1495,1495000,0.8,涉及方,,
000661,PARTICIPATES_IN,EVT-0688,1522,1522000,0.9,涉及方,,
000725,HAS_EXECUTIVE,PER-0031,1031,1031005,0.8,,,
000725,HAS_EXECUTIVE,PER-0031,1032,1032000,0.9,,,
000725,HAS_EXECUTIVE,PER-0327,1223,1223000,0.9,,,
000725,PARTICIPATES_IN,EVT-0037,1031,1031006,0.9,主体,,
000725,PARTICIPATES_IN,EVT-0038,1032,1032002,0.8,主体,,
000725,PARTICIPATES_IN,EVT-0087,1067,1067000,0.9,主体,,
000725,PARTICIPATES_IN,EVT-0173,1141,1141000,0.7,主体,,
000725,PARTICIPATES_IN,EVT-0298,1223,1223000,0.9,涉及方,,
000725,PARTICIPATES_IN,EVT-0330,1249,1249002,0.93,主体,,
000725,PARTICIPATES_IN,EVT-0330,1249,1249003,0.93,主体,,
000725,PARTICIPATES_IN,EVT-0331,1249,1249001,0.9,主体,,
000725,PARTICIPATES_IN,EVT-0488,1368,1368000,0.95,主体,,
000725,PARTICIPATES_IN,EVT-0489,1368,1368016,0.9,主体,,
000792,HAS_EXECUTIVE,PER-0022,1065,1065005,0.9,,,
000792,HAS_EXECUTIVE,PER-0022,1066,1066000,0.9,,,
000792,PARTICIPATES_IN,EVT-0059,1046,1046000,0.9,主体,,
000792,PARTICIPATES_IN,EVT-0085,1065,1065007,0.8,主体,,
000792,PARTICIPATES_IN,EVT-0085,1065,1065008,0.8,主体,,
000792,PARTICIPATES_IN,EVT-0086,1065,1065011,0.8,主体,,
000792,PARTICIPATES_IN,EVT-0229,1179,1179001,0.9,主体,,
000792,PARTICIPATES_IN,EVT-0230,1179,1179005,0.9,主体,,
000792,PARTICIPATES_IN,EVT-0352,1269,1269031,0.85,主体,,
000792,PARTICIPATES_IN,EVT-0353,1270,1270000,0.9,主体,,
000792,PARTICIPATES_IN,EVT-0354,1271,1271000,0.85,主体,,
000792,PARTICIPATES_IN,EVT-0441,1335,1335000,0.95,主体,,
000792,PARTICIPATES_IN,EVT-0442,1335,1335001,0.9,主体,,
000792,PARTICIPATES_IN,EVT-0443,1335,1335001,0.9,主体,,
000858,HAS_EXECUTIVE,PER-0266,1138,1138000,0.9,,,
000858,HAS_EXECUTIVE,PER-0316,1138,1138000,0.9,,,
000858,PARTICIPATES_IN,EVT-0169,1138,1138000,0.9,主体,,
000858,PARTICIPATES_IN,EVT-0170,1138,1138001,0.9,主体,,
000858,PARTICIPATES_IN,EVT-0170,1138,1138001,0.9,涉及方,,
000858,PARTICIPATES_IN,EVT-0315,1236,1236000,0.95,主体,,
000858,PARTICIPATES_IN,EVT-0315,1236,1236000,0.9,涉及方,,
000858,PARTICIPATES_IN,EVT-0340,1259,1259002,0.95,主体,,
000858,PARTICIPATES_IN,EVT-0341,1259,1259001,0.9,主体,,
000858,PARTICIPATES_IN,EVT-0418,1318,1318000,0.95,主体,,
000858,PARTICIPATES_IN,EVT-0418,1318,1318005,0.85,涉及方,,
000858,PARTICIPATES_IN,EVT-0419,1318,1318000,0.9,主体,,
000858,PARTICIPATES_IN,EVT-0974,2085,2085003,0.9,主体,,
000963,PARTICIPATES_IN,EVT-0557,1421,1421000,0.85,主体,,
000963,PARTICIPATES_IN,EVT-0622,1472,1472000,0.9,主体,,
000963,PARTICIPATES_IN,EVT-0623,1473,1473000,0.9,主体,,
000963,PARTICIPATES_IN,EVT-0892,2052,2052001,0.9,主体,,
000963,PARTICIPATES_IN,EVT-0917,2061,2061000,0.85,主体,,
002022,PARTICIPATES_IN,EVT-0550,1415,1415000,0.9,主体,,
002051,HAS_EXECUTIVE,PER-0135,1218,1218002,0.8,,,
002051,HAS_EXECUTIVE,PER-0233,1218,1218002,0.8,,,
002051,HAS_EXECUTIVE,PER-0239,1126,1126000,0.8,,,
002051,HAS_EXECUTIVE,PER-0373,1218,1218002,0.8,,,
002051,PARTICIPATES_IN,EVT-0034,1030,1030000,0.95,主体,,
002051,PARTICIPATES_IN,EVT-0035,1030,1030000,0.9,主体,,
002051,PARTICIPATES_IN,EVT-0036,1030,1030000,0.95,主体,,
002051,PARTICIPATES_IN,EVT-0155,1126,1126000,0.8,主体,,
002051,PARTICIPATES_IN,EVT-0258,1198,1198000,0.9,主体,,
002051,PARTICIPATES_IN,EVT-0292,1218,1218000,0.9,主体,,
002051,PARTICIPATES_IN,EVT-0396,1301,1301000,0.95,主体,,
002051,PARTICIPATES_IN,EVT-0397,1301,1301002,0.9,主体,,
002051,PARTICIPATES_IN,EVT-0496,1373,1373000,0.9,涉及方,,
002128,PARTICIPATES_IN,EVT-0617,1469,1469001,0.95,主体,,
002128,PARTICIPATES_IN,EVT-0618,1469,1469009,0.9,主体,,
002128,PARTICIPATES_IN,EVT-0619,1470,1470000,0.9,主体,,
002128,PARTICIPATES_IN,EVT-0620,1471,1471004,0.95,主体,,
002200,PARTICIPATES_IN,EVT-0738,1561,1561003,0.93,主体,,
002241,HAS_EXECUTIVE,PER-0080,1354,1354003,0.9,,,
002241,PARTICIPATES_IN,EVT-0079,1059,1059002,0.9,主体,,
002241,PARTICIPATES_IN,EVT-0080,1059,1059002,0.9,主体,,
002241,PARTICIPATES_IN,EVT-0081,1059,1059003,0.9,主体,,
002241,PARTICIPATES_IN,EVT-0114,1088,1088001,0.95,主体,,
002241,PARTICIPATES_IN,EVT-0115,1088,1088022,0.85,主体,,
002241,PARTICIPATES_IN,EVT-0126,1098,1098000,0.95,主体,,
002241,PARTICIPATES_IN,EVT-0147,1120,1120000,0.95,主体,,
002241,PARTICIPATES_IN,EVT-0268,1204,1204001,0.95,主体,,
002241,PARTICIPATES_IN,EVT-0269,1204,1204005,0.95,主体,,
002241,PARTICIPATES_IN,EVT-0270,1204,1204006,0.9,主体,,
002241,PARTICIPATES_IN,EVT-0329,1248,1248001,0.9,主体,,
002241,PARTICIPATES_IN,EVT-0425,1323,1323003,0.95,主体,,
002241,PARTICIPATES_IN,EVT-0426,1323,1323005,0.95,主体,,
002241,PARTICIPATES_IN,EVT-0465,1354,1354006,0.95,主体,,
002307,PARTICIPATES_IN,EVT-0737,1560,1560000,0.95,主体,,
002307,PARTICIPATES_IN,EVT-0741,1564,1564001,0.95,主体,,
002307,PARTICIPATES_IN,EVT-0742,1565,1565000,0.9,主体,,
002307,PARTICIPATES_IN,EVT-0964,2081,2081002,0.75,涉及方,,
002323,HAS_EXECUTIVE,PER-0196,1537,1537002,0.9,,,
002323,PARTICIPATES_IN,EVT-0693,1527,1527003,0.85,涉及方,,
002323,PARTICIPATES_IN,EVT-0711,1537,1537004,0.92,主体,,
002350,PARTICIPATES_IN,EVT-0576,1434,1434000,0.8,涉及方,,
002350,PARTICIPATES_IN,EVT-0639,1485,1485000,0.95,主体,,
002371,BELONGS_TO,IND-0024,2027,2027002,0.7,,,
002371,BELONGS_TO,IND-0024,2030,2030000,0.7,,,
002371,HAS_EXECUTIVE,PER-0367,1286,1286001,0.8,,,
002371,PARTICIPATES_IN,EVT-0227,1178,1178000,0.95,主体,,
002371,PARTICIPATES_IN,EVT-0228,1178,1178017,0.9,主体,,
002371,PARTICIPATES_IN,EVT-0228,1178,1178017,0.85,涉及方,,
002371,PARTICIPATES_IN,EVT-0283,1212,1212007,0.85,主体,,
002371,PARTICIPATES_IN,EVT-0284,1212,1212007,0.85,主体,,
002371,PARTICIPATES_IN,EVT-0319,1027,1027002,0.9,主体,,
002371,PARTICIPATES_IN,EVT-0319,1239,1239001,0.9,主体,,
002371,PARTICIPATES_IN,EVT-0375,1285,1285000,0.95,主体,,
002371,PARTICIPATES_IN,EVT-0376,1285,1285000,0.95,主体,,
002371,PARTICIPATES_IN,EVT-0377,1286,1286000,0.9,主体,,
002371,PARTICIPATES_IN,EVT-0471,1359,1359001,0.95,主体,,
002371,PARTICIPATES_IN,EVT-0472,1359,1359000,0.9,主体,,
002371,PARTICIPATES_IN,EVT-0473,1359,1359003,0.8,主体,,
002371,PARTICIPATES_IN,EVT-0494,1372,1372000,0.9,涉及方,,
002371,PARTICIPATES_IN,EVT-0495,1372,1372000,0.9,主体,,
002376,PARTICIPATES_IN,EVT-0541,1408,1408000,0.95,主体,,
002376,PARTICIPATES_IN,EVT-0542,1408,1408001,0.9,主体,,
002376,PARTICIPATES_IN,EVT-0645,1491,1491001,0.95,主体,,
002376,PARTICIPATES_IN,EVT-0676,1513,1513000,0.95,主体,,
002376,PARTICIPATES_IN,EVT-0995,2095,2095000,0.93,主体,,
002457,PARTICIPATES_IN,EVT-0728,1551,1551001,0.95,主体,,
002457,PARTICIPATES_IN,EVT-0734,1557,1557000,0.95,主体,,
002457,PARTICIPATES_IN,EVT-0768,1586,1586000,0.95,主体,,
002475,PARTICIPATES_IN,EVT-0018,1014,1014000,0.92,主体,,
002475,PARTICIPATES_IN,EVT-0019,1014,1014001,0.9,主体,,
002475,PARTICIPATES_IN,EVT-0020,1014,1014002,0.88,主体,,
002475,PARTICIPATES_IN,EVT-0043,1036,1036008,0.85,主体,,
002475,PARTICIPATES_IN,EVT-0044,1036,1036011,0.8,主体,,
002475,PARTICIPATES_IN,EVT-0094,1073,1073002,0.9,主体,,
002475,PARTICIPATES_IN,EVT-0095,1073,1073003,0.8,主体,,
002475,PARTICIPATES_IN,EVT-0243,1189,1189002,0.92,主体,,
002475,PARTICIPATES_IN,EVT-0244,1189,1189001,0.9,主体,,
002475,PARTICIPATES_IN,EVT-0338,1258,1258001,0.9,主体,,
002475,PARTICIPATES_IN,EVT-0339,1258,1258001,0.9,主体,,
002475,PARTICIPATES_IN,EVT-0417,1317,1317000,0.95,主体,,
002475,PARTICIPATES_IN,EVT-0487,1367,1367000,0.9,主体,,
002531,PARTICIPATES_IN,EVT-0670,1509,1509000,0.95,主体,,
002531,PARTICIPATES_IN,EVT-0692,1526,1526003,0.9,主体,,
002531,PARTICIPATES_IN,EVT-0722,1545,1545000,0.9,主体,,
002531,SUPPLIES,广西海风清洁能源有限公司,1545,1545000,0.8,,,
002541,PARTICIPATES_IN,EVT-0724,1547,1547001,0.9,主体,,
002541,PARTICIPATES_IN,EVT-0729,1552,1552000,0.95,主体,,
002586,PARTICIPATES_IN,EVT-0568,1429,1429000,0.9,主体,,
002586,PARTICIPATES_IN,EVT-0569,1429,1429002,0.9,主体,,
002586,PARTICIPATES_IN,EVT-0650,1493,1493000,0.95,主体,,
002586,PARTICIPATES_IN,EVT-0748,1569,1569000,0.95,主体,,
002594,HAS_EXECUTIVE,PER-0065,1085,1085001,0.9,,,
002594,HAS_EXECUTIVE,PER-0065,1087,1087053,0.9,,,
002594,HAS_EXECUTIVE,PER-0065,1137,1137014,0.9,,,
002594,HAS_EXECUTIVE,PER-0074,1085,1085001,0.9,,,
002594,HAS_EXECUTIVE,PER-0074,1087,1087055,0.9,,,
002594,HAS_EXECUTIVE,PER-0075,1085,1085001,0.9,,,
002594,HAS_EXECUTIVE,PER-0075,1087,1087054,0.9,,,
002594,HAS_EXECUTIVE,PER-0124,1085,1085001,0.9,,,
002594,HAS_EXECUTIVE,PER-0234,1085,1085001,0.9,,,
002594,HAS_EXECUTIVE,PER-0234,1087,1087052,0.9,,,
002594,HAS_EXECUTIVE,PER-0234,1137,1137012,0.9,,,
002594,HAS_EXECUTIVE,PER-0288,1085,1085001,0.9,,,
002594,HAS_EXECUTIVE,PER-0288,1137,1137018,0.9,,,
002594,PARTICIPATES_IN,EVT-0109,1085,1085000,0.7,主体,,
002594,PARTICIPATES_IN,EVT-0110,1086,1086000,0.9,主体,,
002594,PARTICIPATES_IN,EVT-0111,1086,1086004,0.9,主体,,
002594,PARTICIPATES_IN,EVT-0112,1087,1087022,0.9,主体,,
002594,PARTICIPATES_IN,EVT-0113,1087,1087021,0.9,主体,,
002594,PARTICIPATES_IN,EVT-0167,1137,1137000,0.9,主体,,
002594,PARTICIPATES_IN,EVT-0345,1264,1264000,0.95,主体,,
002594,PARTICIPATES_IN,EVT-0445,1338,1338000,0.95,主体,,
002594,PARTICIPATES_IN,EVT-0486,1366,1366001,0.9,主体,,
002594,PARTICIPATES_IN,EVT-0871,2044,2044002,0.9,主体,,
002714,HAS_EXECUTIVE,PER-0032,1235,1235000,0.85,,,
002714,HAS_EXECUTIVE,PER-0070,1235,1235000,0.85,,,
002714,HAS_EXECUTIVE,PER-0160,1045,1045000,0.9,,,
002714,HAS_EXECUTIVE,PER-0160,1235,1235000,0.9,,,
002714,HAS_EXECUTIVE,PER-0160,1387,1387002,0.9,,,
002714,HAS_EXECUTIVE,PER-0202,1235,1235000,0.9,,,
002714,HAS_EXECUTIVE,PER-0261,1235,1235000,0.9,,,
002714,HAS_EXECUTIVE,PER-0281,1235,1235000,0.85,,,
002714,HAS_EXECUTIVE,PER-0333,1235,1235000,0.85,,,
002714,HAS_EXECUTIVE,PER-0334,1235,1235000,0.85,,,
002714,HAS_EXECUTIVE,PER-0375,1235,1235000,0.9,,,
002714,PARTICIPATES_IN,EVT-0054,1044,1044003,0.9,主体,,
002714,PARTICIPATES_IN,EVT-0055,1044,1044007,0.9,主体,,
002714,PARTICIPATES_IN,EVT-0056,1045,1045000,0.9,主体,,
002714,PARTICIPATES_IN,EVT-0057,1045,1045001,0.9,主体,,
002714,PARTICIPATES_IN,EVT-0058,1045,1045002,0.9,主体,,
002714,PARTICIPATES_IN,EVT-0107,1084,1084000,0.9,主体,,
002714,PARTICIPATES_IN,EVT-0267,1203,1203000,0.92,主体,,
002714,PARTICIPATES_IN,EVT-0379,1288,1288002,0.95,主体,,
002714,PARTICIPATES_IN,EVT-0435,1330,1330000,0.92,主体,,
002714,PARTICIPATES_IN,EVT-0437,1330,1330001,0.9,主体,,
002714,PARTICIPATES_IN,EVT-0515,1387,1387000,0.9,主体,,
300021,PARTICIPATES_IN,EVT-0540,1407,1407000,0.95,主体,,
300021,PARTICIPATES_IN,EVT-0749,1570,1570000,0.95,主体,,
300021,PARTICIPATES_IN,EVT-0759,1578,1578000,0.95,主体,,
300021,PARTICIPATES_IN,EVT-0759,1578,1578000,0.9,涉及方,,
300022,PARTICIPATES_IN,EVT-0459,1350,1350000,0.95,主体,,
300022,PARTICIPATES_IN,EVT-0609,1463,1463001,0.95,主体,,
300022,PARTICIPATES_IN,EVT-0628,1475,1475008,0.95,主体,,
300059,PARTICIPATES_IN,EVT-0028,1022,1022000,0.95,主体,,
300059,PARTICIPATES_IN,EVT-0207,1164,1164000,0.9,主体,,
300059,PARTICIPATES_IN,EVT-0241,1188,1188000,0.9,主体,,
300059,PARTICIPATES_IN,EVT-0242,1188,1188000,0.9,主体,,
300059,PARTICIPATES_IN,EVT-0282,1211,1211000,0.95,主体,,
300059,PARTICIPATES_IN,EVT-0369,1281,1281000,0.9,主体,,
300059,PARTICIPATES_IN,EVT-0370,1281,1281000,0.9,主体,,
300059,PARTICIPATES_IN,EVT-0439,1332,1332000,0.95,主体,,
300059,PARTICIPATES_IN,EVT-0527,1397,1397000,0.9,主体,,
300059,PARTICIPATES_IN,EVT-0528,1397,1397000,0.9,主体,,
300059,PARTICIPATES_IN,EVT-0791,2008,2008001,0.8,合作方,,
300059,PARTICIPATES_IN,EVT-0821,2018,2018001,0.9,主体,,
300191,HAS_EXECUTIVE,PER-0072,1543,1543004,0.9,,,
300191,PARTICIPATES_IN,EVT-0663,1503,1503001,0.9,主体,,
300191,PARTICIPATES_IN,EVT-0720,1543,1543003,0.9,主体,,
300191,PARTICIPATES_IN,EVT-0720,1543,1543003,0.9,合作方,,
300209,HAS_EXECUTIVE,PER-0254,1529,1529013,0.85,,,
300209,PARTICIPATES_IN,EVT-0535,1403,1403000,0.95,主体,,
300209,PARTICIPATES_IN,EVT-0536,1403,1403001,0.95,主体,,
300209,PARTICIPATES_IN,EVT-0667,1506,1506000,0.65,主体,,
300209,PARTICIPATES_IN,EVT-0695,1529,1529001,0.95,主体,,
300209,PARTICIPATES_IN,EVT-0776,1593,1593005,0.8,涉及方,,
300209,PARTICIPATES_IN,EVT-0986,2089,2089004,0.9,主体,,
300265,PARTICIPATES_IN,EVT-0574,1433,1433000,0.9,主体,,
300274,BELONGS_TO,IND-0015,2088,2088002,0.7,,,
300274,BELONGS_TO,IND-0016,2086,2086001,0.8,,,
300274,BELONGS_TO,IND-0032,2102,2102003,0.7,,,
300274,HAS_EXECUTIVE,PER-0155,1263,1263000,0.9,,,
300274,HAS_EXECUTIVE,PER-0155,1287,1287000,0.95,,,
300274,PARTICIPATES_IN,EVT-0071,1054,1054006,0.8,涉及方,,
300274,PARTICIPATES_IN,EVT-0314,1234,1234001,0.95,主体,,
300274,PARTICIPATES_IN,EVT-0344,1263,1263000,0.95,主体,,
300274,PARTICIPATES_IN,EVT-0378,1287,1287000,0.9,涉及方,,
300274,PARTICIPATES_IN,EVT-0455,1346,1346000,0.85,主体,,
300274,PARTICIPATES_IN,EVT-0456,1346,1346002,0.9,主体,,
300274,PARTICIPATES_IN,EVT-0777,2001,2001000,0.95,主体,,
300274,PARTICIPATES_IN,EVT-0781,2004,2004000,0.9,主体,,
300274,PARTICIPATES_IN,EVT-0782,2004,2004000,0.9,主体,,
300355,PARTICIPATES_IN,EVT-0534,1402,1402000,0.9,涉及方,,
300355,PARTICIPATES_IN,EVT-0556,1420,1420000,0.9,涉及方,,
300355,PARTICIPATES_IN,EVT-0616,1468,1468000,0.95,主体,,
300355,PARTICIPATES_IN,EVT-0765,1583,1583001,0.95,主体,,
300355,PARTICIPATES_IN,EVT-0766,1584,1584000,0.95,主体,,
300393,HAS_EXECUTIVE,PER-0207,1401,1401003,0.85,,,
300436,HAS_EXECUTIVE,PER-0173,1427,1427011,0.85,,,
300436,PARTICIPATES_IN,EVT-0555,1419,1419000,0.9,主体,,
300436,PARTICIPATES_IN,EVT-0563,1426,1426001,0.95,主体,,
300436,PARTICIPATES_IN,EVT-0563,1427,1427007,0.95,主体,,
300436,PARTICIPATES_IN,EVT-0967,2082,2082000,0.95,主体,,
300436,PARTICIPATES_IN,EVT-0968,2082,2082003,0.9,主体,,
300436,PARTICIPATES_IN,EVT-0969,2082,2082003,0.9,主体,,
300504,CUSTOMER_OF,中国电信股份有限公司,1502,1502005,0.85,,,
300504,CUSTOMER_OF,中国电信集团有限公司,1502,1502005,0.85,,,
300504,PARTICIPATES_IN,EVT-0549,1414,1414003,0.95,主体,,
300504,PARTICIPATES_IN,EVT-0661,1502,1502005,0.95,主体,,
300504,PARTICIPATES_IN,EVT-0702,1533,1533000,0.92,主体,,
300504,PARTICIPATES_IN,EVT-0703,1533,1533005,0.92,主体,,
300510,PARTICIPATES_IN,EVT-0689,1523,1523000,0.9,主体,,
300510,PARTICIPATES_IN,EVT-0690,1524,1524000,0.92,主体,,
300562,PARTICIPATES_IN,EVT-0531,1400,1400000,0.9,主体,,
300562,PARTICIPATES_IN,EVT-0598,1452,1452000,0.9,主体,,
300562,PARTICIPATES_IN,EVT-0644,1490,1490000,0.95,主体,,
300562,PARTICIPATES_IN,EVT-0694,1528,1528000,0.85,涉及方,,
300562,PARTICIPATES_IN,EVT-0701,1532,1532000,0.92,主体,,
300571,PARTICIPATES_IN,EVT-0691,1525,1525000,0.95,主体,,
300642,PARTICIPATES_IN,EVT-0239,1186,1186003,0.92,主体,,
300642,PARTICIPATES_IN,EVT-0573,1432,1432000,0.8,涉及方,,
300642,PARTICIPATES_IN,EVT-0604,1458,1458000,0.9,涉及方,,
300642,PARTICIPATES_IN,EVT-0665,1505,1505000,0.9,主体,,
300642,PARTICIPATES_IN,EVT-0666,1505,1505000,0.9,主体,,
300642,PARTICIPATES_IN,EVT-0699,1531,1531000,0.95,主体,,
300642,PARTICIPATES_IN,EVT-0700,1531,1531006,0.9,主体,,
300723,COMPETES_WITH,600276,2073,2073003,0.8,,,
300723,PARTICIPATES_IN,EVT-0543,1409,1409001,0.95,主体,,
300723,PARTICIPATES_IN,EVT-0543,1409,1409002,0.9,涉及方,,
300723,PARTICIPATES_IN,EVT-0593,1448,1448000,0.85,涉及方,,
300723,PARTICIPATES_IN,EVT-0593,1448,1448001,0.95,主体,,
300723,PARTICIPATES_IN,EVT-0631,1478,1478000,0.95,主体,,
300723,PARTICIPATES_IN,EVT-0631,1478,1478000,0.8,涉及方,,
300723,PARTICIPATES_IN,EVT-0642,1488,1488000,0.95,主体,,
300723,PARTICIPATES_IN,EVT-0687,1521,1521001,0.95,主体,,
300723,PARTICIPATES_IN,EVT-0687,1521,1521002,0.9,涉及方,,
300723,PARTICIPATES_IN,EVT-0770,1588,1588000,0.95,主体,,
300723,PARTICIPATES_IN,EVT-0770,1588,1588000,0.9,涉及方,,
300723,PARTICIPATES_IN,EVT-0943,2073,2073000,0.9,主体,,
300723,PARTICIPATES_IN,EVT-0944,2073,2073002,0.85,主体,,
300750,BELONGS_TO,IND-0032,2102,2102003,0.7,,,
300750,HAS_EXECUTIVE,PER-0162,1187,1187000,0.9,,,
300750,HAS_EXECUTIVE,PER-0162,1303,1303000,0.9,,,
300750,PARTICIPATES_IN,EVT-0027,1021,1021000,0.95,主体,,
300750,PARTICIPATES_IN,EVT-0106,1083,1083000,0.95,主体,,
300750,PARTICIPATES_IN,EVT-0205,1021,1021000,0.95,主体,,
300750,PARTICIPATES_IN,EVT-0205,1163,1163000,0.92,主体,,
300750,PARTICIPATES_IN,EVT-0206,1163,1163001,0.93,主体,,
300750,PARTICIPATES_IN,EVT-0240,1187,1187000,0.9,主体,,
300750,PARTICIPATES_IN,EVT-0335,1257,1257001,0.95,主体,,
300750,PARTICIPATES_IN,EVT-0336,1257,1257009,0.85,主体,,
300750,PARTICIPATES_IN,EVT-0337,1257,1257009,0.9,主体,,
300750,PARTICIPATES_IN,EVT-0400,1303,1303000,0.9,主体,,
300750,PARTICIPATES_IN,EVT-0525,1396,1396000,0.9,主体,,
300750,PARTICIPATES_IN,EVT-0526,1396,1396001,0.9,主体,,
300750,PARTICIPATES_IN,EVT-0789,2007,2007005,0.9,主体,,
300750,PARTICIPATES_IN,EVT-0809,2014,2014000,0.85,合作方,,
300750,PARTICIPATES_IN,EVT-0872,2044,2044002,0.9,主体,,
300750,PARTICIPATES_IN,EVT-0996,2096,2096000,0.92,主体,,
300750,SUPPLIES,北京现代,2012,2012000,0.8,,,
300750,SUPPLIES,极狐汽车,2014,2014000,0.75,,,
300757,BELONGS_TO,IND-0016,2086,2086001,0.8,,,
300757,BELONGS_TO,IND-0032,2102,2102003,0.7,,,
300757,PARTICIPATES_IN,EVT-0615,1467,1467000,0.9,主体,,
300757,PARTICIPATES_IN,EVT-0638,1484,1484000,0.95,主体,,
300765,PARTICIPATES_IN,EVT-0603,1457,1457000,0.85,涉及方,,
300765,PARTICIPATES_IN,EVT-0675,1512,1512000,0.8,涉及方,,
300765,PARTICIPATES_IN,EVT-0960,2080,2080001,0.88,涉及方,,
300765,PARTICIPATES_IN,EVT-0992,2091,2091005,0.95,主体,,
300854,HAS_EXECUTIVE,PER-0245,1577,1577001,0.9,,,
300854,PARTICIPATES_IN,EVT-0714,1539,1539000,0.85,涉及方,,
300854,PARTICIPATES_IN,EVT-0758,1577,1577000,0.8,涉及方,,
300869,PARTICIPATES_IN,EVT-0539,1406,1406000,0.92,主体,,
300869,PARTICIPATES_IN,EVT-0559,1423,1423001,0.95,主体,,
300869,PARTICIPATES_IN,EVT-0717,1542,1542000,0.95,主体,,
300869,PARTICIPATES_IN,EVT-0718,1542,1542001,0.9,主体,,
300900,PARTICIPATES_IN,EVT-0635,1482,1482000,0.9,涉及方,,
300900,PARTICIPATES_IN,EVT-0757,1576,1576000,0.85,涉及方,,
301085,PARTICIPATES_IN,EVT-0582,1439,1439001,0.8,涉及方,,
301235,PARTICIPATES_IN,EVT-0172,1140,1140000,0.95,主体,,
301235,PARTICIPATES_IN,EVT-0592,1447,1447002,0.92,主体,,
301235,PARTICIPATES_IN,EVT-0597,1451,1451000,0.95,主体,,
301235,PARTICIPATES_IN,EVT-0634,1481,1481000,0.95,主体,,
301235,PARTICIPATES_IN,EVT-0668,1507,1507001,0.95,主体,,
600019,HAS_EXECUTIVE,PER-0036,1119,1119001,0.85,,,
600019,HAS_EXECUTIVE,PER-0036,1345,1345000,0.9,,,
600019,HAS_EXECUTIVE,PER-0068,1119,1119001,0.85,,,
600019,HAS_EXECUTIVE,PER-0078,1119,1119001,0.85,,,
600019,HAS_EXECUTIVE,PER-0276,1344,1344002,0.95,,,
600019,HAS_EXECUTIVE,PER-0276,1345,1345001,0.8,,,
600019,HAS_EXECUTIVE,PER-0377,1119,1119001,0.85,,,
600019,PARTICIPATES_IN,EVT-0092,1071,1071000,0.93,主体,,
600019,PARTICIPATES_IN,EVT-0093,1072,1072006,0.9,主体,,
600019,PARTICIPATES_IN,EVT-0143,1119,1119001,0.85,主体,,
600019,PARTICIPATES_IN,EVT-0144,1119,1119002,0.85,主体,,
600019,PARTICIPATES_IN,EVT-0145,1119,1119002,0.85,主体,,
600019,PARTICIPATES_IN,EVT-0146,1119,1119002,0.9,主体,,
600019,PARTICIPATES_IN,EVT-0256,1072,1072008,0.9,主体,,
600019,PARTICIPATES_IN,EVT-0256,1197,1197002,0.9,主体,,
600019,PARTICIPATES_IN,EVT-0257,1197,1197005,0.9,主体,,
600019,PARTICIPATES_IN,EVT-0280,1210,1210000,0.9,主体,,
600019,PARTICIPATES_IN,EVT-0281,1210,1210000,0.8,主体,,
600019,PARTICIPATES_IN,EVT-0452,1344,1344002,0.9,主体,,
600019,PARTICIPATES_IN,EVT-0453,1344,1344002,0.9,主体,,
600019,PARTICIPATES_IN,EVT-0454,1345,1345001,0.8,主体,,
600019,PARTICIPATES_IN,EVT-0514,1386,1386001,0.92,主体,,
600028,PARTICIPATES_IN,EVT-0015,1013,1013002,0.9,主体,,
600028,PARTICIPATES_IN,EVT-0016,1013,1013002,0.9,主体,,
600028,PARTICIPATES_IN,EVT-0017,1013,1013000,0.85,主体,,
600028,PARTICIPATES_IN,EVT-0068,1052,1052001,0.95,主体,,
600028,PARTICIPATES_IN,EVT-0104,1082,1082002,0.95,主体,,
600028,PARTICIPATES_IN,EVT-0104,1082,1082002,0.95,合作方,,
600028,PARTICIPATES_IN,EVT-0105,1082,1082028,0.95,合作方,,
600028,PARTICIPATES_IN,EVT-0246,1191,1191000,0.9,主体,,
600028,PARTICIPATES_IN,EVT-0440,1334,1334001,0.95,主体,,
600028,PARTICIPATES_IN,EVT-0505,1380,1380000,0.95,主体,,
600030,HAS_EXECUTIVE,PER-0153,2038,2038001,0.9,,,
600030,HAS_EXECUTIVE,PER-0153,2043,2043002,0.8,,,
600030,HAS_EXECUTIVE,PER-0301,2092,2092008,0.9,,,
600030,HAS_EXECUTIVE,PER-0320,1150,1150002,0.9,,,
600030,PARTICIPATES_IN,EVT-0053,1043,1043000,0.9,主体,,
600030,PARTICIPATES_IN,EVT-0103,1081,1081000,0.9,主体,,
600030,PARTICIPATES_IN,EVT-0186,1150,1150001,0.9,主体,,
600030,PARTICIPATES_IN,EVT-0226,1177,1177001,0.88,合作方,,
600030,PARTICIPATES_IN,EVT-0362,1276,1276000,0.9,主体,,
600030,PARTICIPATES_IN,EVT-0387,1293,1293004,0.9,合作方,,
600030,PARTICIPATES_IN,EVT-0407,1309,1309000,0.95,主体,,
600030,PARTICIPATES_IN,EVT-0503,1379,1379005,0.88,涉及方,,
600030,PARTICIPATES_IN,EVT-0504,1379,1379005,0.88,涉及方,,
600030,PARTICIPATES_IN,EVT-0818,2018,2018001,0.95,主体,,
600031,PARTICIPATES_IN,EVT-0011,1008,1008001,0.9,主体,,
600031,PARTICIPATES_IN,EVT-0052,1042,1042003,0.8,涉及方,,
600031,PARTICIPATES_IN,EVT-0140,1114,1114000,0.92,主体,,
600031,PARTICIPATES_IN,EVT-0141,1114,1114002,0.9,主体,,
600031,PARTICIPATES_IN,EVT-0154,1125,1125018,0.6,主体,,
600031,PARTICIPATES_IN,EVT-0224,1176,1176000,0.9,主体,,
600031,PARTICIPATES_IN,EVT-0225,1176,1176002,0.9,主体,,
600031,PARTICIPATES_IN,EVT-0351,1268,1268000,0.95,主体,,
600031,PARTICIPATES_IN,EVT-0416,1316,1316002,0.92,主体,,
600031,PARTICIPATES_IN,EVT-0470,1358,1358001,0.9,主体,,
600036,HAS_EXECUTIVE,PER-0126,1076,1076000,0.9,,,
600036,HAS_EXECUTIVE,PER-0169,1012,1012000,0.9,,,
600036,HAS_EXECUTIVE,PER-0169,1162,1162003,0.8,,,
600036,HAS_EXECUTIVE,PER-0237,1080,1080000,0.9,,,
600036,HAS_EXECUTIVE,PER-0243,1196,1196001,0.9,,,
600036,HAS_EXECUTIVE,PER-0243,1278,1278000,0.9,,,
600036,HAS_EXECUTIVE,PER-0362,1012,1012000,0.9,,,
600036,PARTICIPATES_IN,EVT-0097,1076,1076000,0.9,涉及方,,
600036,PARTICIPATES_IN,EVT-0098,1076,1076000,0.7,主体,,
600036,PARTICIPATES_IN,EVT-0102,1080,1080000,0.9,涉及方,,
600036,PARTICIPATES_IN,EVT-0203,1162,1162003,0.85,主体,,
600036,PARTICIPATES_IN,EVT-0204,1162,1162003,0.8,主体,,
600036,PARTICIPATES_IN,EVT-0255,1196,1196000,0.85,主体,,
600036,PARTICIPATES_IN,EVT-0364,1278,1278000,0.9,涉及方,,
600036,PARTICIPATES_IN,EVT-0405,1308,1308000,0.9,主体,,
600036,PARTICIPATES_IN,EVT-0524,1395,1395000,0.95,主体,,
600036,PARTICIPATES_IN,EVT-0792,2009,2009002,0.85,合作方,,
600036,PARTICIPATES_IN,EVT-0878,2046,2046004,0.85,主体,,
600048,HAS_EXECUTIVE,PER-0037,1161,1161000,0.9,,,
600048,PARTICIPATES_IN,EVT-0006,1005,1005000,0.9,主体,,
600048,PARTICIPATES_IN,EVT-0007,1005,1005000,0.9,主体,,
600048,PARTICIPATES_IN,EVT-0091,1070,1070001,0.9,主体,,
600048,PARTICIPATES_IN,EVT-0202,1161,1161000,0.9,主体,,
600048,PARTICIPATES_IN,EVT-0304,1226,1226000,0.95,主体,,
600048,PARTICIPATES_IN,EVT-0305,1226,1226000,0.95,主体,,
600048,PARTICIPATES_IN,EVT-0306,1227,1227000,0.9,主体,,
600048,PARTICIPATES_IN,EVT-0403,1307,1307009,0.9,主体,,
600048,PARTICIPATES_IN,EVT-0404,1307,1307008,0.9,主体,,
600048,PARTICIPATES_IN,EVT-0523,1394,1394002,0.9,主体,,
600048,PARTICIPATES_IN,EVT-0784,2006,2006000,0.95,主体,,
600048,PARTICIPATES_IN,EVT-0785,2006,2006001,0.9,主体,,
600048,PARTICIPATES_IN,EVT-0786,2006,2006002,0.9,主体,,
600062,HAS_EXECUTIVE,PER-0042,2053,2053001,0.9,,,
600062,PARTICIPATES_IN,EVT-0554,1418,1418000,0.85,涉及方,,
600062,PARTICIPATES_IN,EVT-0578,1436,1436000,0.95,主体,,
600062,PARTICIPATES_IN,EVT-0595,1450,1450001,0.95,主体,,
600062,PARTICIPATES_IN,EVT-0596,1450,1450001,0.85,主体,,
600062,PARTICIPATES_IN,EVT-0633,1480,1480001,0.92,主体,,
600062,PARTICIPATES_IN,EVT-0659,1501,1501000,0.92,主体,,
600062,PARTICIPATES_IN,EVT-0659,1501,1501000,0.8,涉及方,,
600062,PARTICIPATES_IN,EVT-0660,1501,1501001,0.8,主体,,
600062,PARTICIPATES_IN,EVT-0774,1592,1592000,0.9,主体,,
600062,PARTICIPATES_IN,EVT-0919,2062,2062000,0.95,主体,,
600079,PARTICIPATES_IN,EVT-0562,1425,1425000,0.85,受影响方,,
600079,PARTICIPATES_IN,EVT-0585,1442,1442000,0.8,涉及方,,
600079,PARTICIPATES_IN,EVT-0594,1449,1449002,0.9,涉及方,,
600079,PARTICIPATES_IN,EVT-0630,1477,1477000,0.9,涉及方,,
600079,PARTICIPATES_IN,EVT-0685,1519,1519000,0.9,涉及方,,
600079,PARTICIPATES_IN,EVT-0764,1582,1582000,0.8,涉及方,,
600089,PARTICIPATES_IN,EVT-0278,1209,1209002,0.93,主体,,
600089,PARTICIPATES_IN,EVT-0279,1209,1209010,0.9,主体,,
600089,PARTICIPATES_IN,EVT-0311,1232,1232000,0.9,主体,,
600089,PARTICIPATES_IN,EVT-0312,1232,1232001,0.85,主体,,
600089,PARTICIPATES_IN,EVT-0312,1233,1233000,0.95,主体,,
600089,PARTICIPATES_IN,EVT-0313,1232,1232001,0.6,主体,,
600089,PARTICIPATES_IN,EVT-0448,1340,1340000,0.9,主体,,
600089,PARTICIPATES_IN,EVT-0450,1342,1342000,0.9,主体,,
600089,PARTICIPATES_IN,EVT-0451,1342,1342001,0.9,主体,,
600089,PARTICIPATES_IN,EVT-0513,1385,1385000,0.9,主体,,
600104,HAS_EXECUTIVE,PER-0198,1322,1322000,0.9,,,
600104,PARTICIPATES_IN,EVT-0139,1113,1113000,0.9,主体,,
600104,PARTICIPATES_IN,EVT-0164,1133,1133000,0.85,主体,,
600104,PARTICIPATES_IN,EVT-0165,1134,1134000,0.9,主体,,
600104,PARTICIPATES_IN,EVT-0166,1135,1135000,0.85,主体,,
600104,PARTICIPATES_IN,EVT-0245,1190,1190001,0.85,主体,,
600104,PARTICIPATES_IN,EVT-0343,1262,1262000,0.95,主体,,
600104,PARTICIPATES_IN,EVT-0424,1322,1322000,0.9,主体,,
600104,PARTICIPATES_IN,EVT-0511,1384,1384009,0.95,主体,,
600104,PARTICIPATES_IN,EVT-0512,1384,1384101,0.9,主体,,
600104,PARTICIPATES_IN,EVT-0790,2007,2007002,0.85,合作方,,
600104,PARTICIPATES_IN,EVT-0846,2028,2028000,0.9,涉及方,,
600196,HAS_EXECUTIVE,PER-0236,2054,2054004,0.9,,,
600196,HAS_EXECUTIVE,PER-0236,2059,2059002,0.9,,,
600196,HAS_EXECUTIVE,PER-0236,2061,2061003,0.9,,,
600196,HAS_EXECUTIVE,PER-0356,2076,2076004,0.9,,,
600196,PARTICIPATES_IN,EVT-0560,1424,1424000,0.85,主体,,
600196,PARTICIPATES_IN,EVT-0577,1435,1435000,0.95,主体,,
600196,PARTICIPATES_IN,EVT-0577,1435,1435000,0.9,涉及方,,
600196,PARTICIPATES_IN,EVT-0643,1489,1489000,0.9,主体,,
600196,PARTICIPATES_IN,EVT-0909,2059,2059002,0.9,主体,,
600267,HAS_EXECUTIVE,PER-0014,2057,2057001,0.9,,,
600267,PARTICIPATES_IN,EVT-0553,1417,1417002,0.9,主体,,
600267,PARTICIPATES_IN,EVT-0684,1518,1518002,0.95,主体,,
600267,PARTICIPATES_IN,EVT-0713,1538,1538000,0.95,主体,,
600267,PARTICIPATES_IN,EVT-0739,1562,1562002,0.95,主体,,
600267,PARTICIPATES_IN,EVT-0891,2051,2051004,0.9,主体,,
600267,PARTICIPATES_IN,EVT-0905,2057,2057004,0.9,主体,,
600276,COMPETES_WITH,礼来,1393,1393005,0.8,,,
600276,COMPETES_WITH,诺华,1393,1393005,0.8,,,
600276,COMPETES_WITH,辉瑞,1393,1393005,0.8,,,
600276,HAS_EXECUTIVE,PER-0093,1079,1079002,0.9,,,
600276,HAS_EXECUTIVE,PER-0094,1004,1004001,0.9,,,
600276,PARTICIPATES_IN,EVT-0003,1004,1004002,0.9,主体,,
600276,PARTICIPATES_IN,EVT-0004,1004,1004004,0.9,主体,,
600276,PARTICIPATES_IN,EVT-0005,1004,1004006,0.9,主体,,
600276,PARTICIPATES_IN,EVT-0101,1079,1079000,0.7,主体,,
600276,PARTICIPATES_IN,EVT-0201,1160,1160000,0.95,主体,,
600276,PARTICIPATES_IN,EVT-0238,1185,1185000,0.95,主体,,
600276,PARTICIPATES_IN,EVT-0328,1247,1247002,0.95,主体,,
600276,PARTICIPATES_IN,EVT-0415,1315,1315000,0.95,主体,,
600276,PARTICIPATES_IN,EVT-0522,1393,1393000,0.95,主体,,
600276,PARTICIPATES_IN,EVT-0898,2054,2054003,0.92,主体,,
600276,PARTICIPATES_IN,EVT-0899,2054,2054005,0.9,主体,,
600276,PARTICIPATES_IN,EVT-0910,2059,2059003,0.85,主体,,
600276,PARTICIPATES_IN,EVT-0948,2076,2076002,0.95,主体,,
600276,PARTICIPATES_IN,EVT-0954,2077,2077003,0.9,主体,,
600276,PARTICIPATES_IN,EVT-0961,2080,2080002,0.9,主体,,
600276,PARTICIPATES_IN,EVT-1026,2104,2104002,0.9,主体,,
600309,HAS_EXECUTIVE,PER-0099,1026,1026002,0.9,,,
600309,HAS_EXECUTIVE,PER-0187,1026,1026002,0.9,,,
600309,PARTICIPATES_IN,EVT-0032,1026,1026000,0.9,主体,,
600309,PARTICIPATES_IN,EVT-0033,1026,1026000,0.85,主体,,
600309,PARTICIPATES_IN,EVT-0119,1091,1091002,0.95,主体,,
600309,PARTICIPATES_IN,EVT-0125,1097,1097000,0.9,主体,,
600309,PARTICIPATES_IN,EVT-0223,1175,1175000,0.8,涉及方,,
600309,PARTICIPATES_IN,EVT-0327,1246,1246000,0.95,主体,,
600309,PARTICIPATES_IN,EVT-0433,1329,1329000,0.95,主体,,
600309,PARTICIPATES_IN,EVT-0434,1329,1329001,0.75,主体,,
600309,PARTICIPATES_IN,EVT-0510,1383,1383000,0.9,涉及方,,
600309,PARTICIPATES_IN,EVT-0658,1500,1500002,0.95,合作方,,
600309,PARTICIPATES_IN,EVT-0988,2090,2090000,0.95,合作方,,
600406,HAS_EXECUTIVE,PER-0189,1184,1184002,0.8,,,
600406,HAS_EXECUTIVE,PER-0272,1184,1184002,0.9,,,
600406,HAS_EXECUTIVE,PER-0279,1184,1184002,0.8,,,
600406,HAS_EXECUTIVE,PER-0323,1018,1018000,0.9,,,
600406,HAS_EXECUTIVE,PER-0323,1103,1103000,0.95,,,
600406,HAS_EXECUTIVE,PER-0323,1159,1159000,0.9,,,
600406,HAS_EXECUTIVE,PER-0323,1291,1291000,0.95,,,
600406,PARTICIPATES_IN,EVT-0023,1018,1018000,0.95,主体,,
600406,PARTICIPATES_IN,EVT-0024,1018,1018003,0.95,主体,,
600406,PARTICIPATES_IN,EVT-0025,1019,1019001,0.9,主体,,
600406,PARTICIPATES_IN,EVT-0026,1019,1019002,0.75,主体,,
600406,PARTICIPATES_IN,EVT-0132,1103,1103002,0.95,主体,,
600406,PARTICIPATES_IN,EVT-0197,1159,1159000,0.8,主体,,
600406,PARTICIPATES_IN,EVT-0198,1159,1159002,0.8,主体,,
600406,PARTICIPATES_IN,EVT-0199,1159,1159004,0.8,主体,,
600406,PARTICIPATES_IN,EVT-0200,1159,1159004,0.8,主体,,
600406,PARTICIPATES_IN,EVT-0237,1184,1184001,0.9,主体,,
600406,PARTICIPATES_IN,EVT-0350,1267,1267000,0.9,主体,,
600406,PARTICIPATES_IN,EVT-0382,1291,1291000,0.9,涉及方,,
600406,PARTICIPATES_IN,EVT-0476,1362,1362006,0.9,主体,,
600406,PARTICIPATES_IN,EVT-0477,1362,1362005,0.9,主体,,
600420,COMPETES_WITH,齐鲁制药(海南)有限公司,1413,1413001,0.7,,,
600420,PARTICIPATES_IN,EVT-0548,1413,1413000,0.95,主体,,
600438,HAS_EXECUTIVE,PER-0040,1158,1158000,0.9,,,
600438,PARTICIPATES_IN,EVT-0089,1069,1069002,0.95,主体,,
600438,PARTICIPATES_IN,EVT-0090,1069,1069001,0.9,主体,,
600438,PARTICIPATES_IN,EVT-0130,1101,1101002,0.95,主体,,
600438,PARTICIPATES_IN,EVT-0195,1158,1158001,0.9,主体,,
600438,PARTICIPATES_IN,EVT-0196,1158,1158002,0.85,主体,,
600438,PARTICIPATES_IN,EVT-0253,1195,1195000,0.9,主体,,
600438,PARTICIPATES_IN,EVT-0254,1195,1195001,0.9,主体,,
600438,PARTICIPATES_IN,EVT-0325,1245,1245001,0.95,主体,,
600438,PARTICIPATES_IN,EVT-0423,1321,1321000,0.9,主体,,
600438,PARTICIPATES_IN,EVT-0484,1365,1365034,0.95,主体,,
600438,PARTICIPATES_IN,EVT-0866,2042,2042000,0.9,主体,,
600438,PARTICIPATES_IN,EVT-0887,2049,2049000,0.9,主体,,
600488,PARTICIPATES_IN,EVT-0538,1405,1405002,0.95,主体,,
600488,PARTICIPATES_IN,EVT-0538,1405,1405003,0.85,受影响方,,
600488,PARTICIPATES_IN,EVT-0725,1548,1548000,0.95,主体,,
600488,PARTICIPATES_IN,EVT-0736,1559,1559000,0.95,主体,,
600519,HAS_EXECUTIVE,PER-0020,1217,1217002,0.9,,,
600519,HAS_EXECUTIVE,PER-0255,1217,1217002,0.9,,,
600519,HAS_EXECUTIVE,PER-0342,1217,1217002,0.9,,,
600519,PARTICIPATES_IN,EVT-0288,1214,1214001,0.8,主体,,
600519,PARTICIPATES_IN,EVT-0289,1215,1215012,0.85,主体,,
600519,PARTICIPATES_IN,EVT-0290,1216,1216001,0.9,主体,,
600519,PARTICIPATES_IN,EVT-0291,1217,1217000,0.9,主体,,
600519,PARTICIPATES_IN,EVT-0390,1295,1295000,0.95,主体,,
600519,PARTICIPATES_IN,EVT-0493,1371,1371000,0.95,主体,,
600519,PARTICIPATES_IN,EVT-0493,1371,1371003,0.85,涉及方,,
600519,PARTICIPATES_IN,EVT-0842,2026,2026003,0.9,主体,,
600521,HAS_EXECUTIVE,PER-0260,2059,2059002,0.9,,,
600521,PARTICIPATES_IN,EVT-0552,1416,1416000,0.8,涉及方,,
600521,PARTICIPATES_IN,EVT-0677,1514,1514000,0.9,主体,,
600521,PARTICIPATES_IN,EVT-0747,1568,1568001,0.9,主体,,
600521,PARTICIPATES_IN,EVT-0904,2057,2057002,0.95,主体,,
600521,PARTICIPATES_IN,EVT-0908,2058,2058004,0.95,主体,,
600522,BELONGS_TO,IND-0066,2036,2036001,0.9,,,
600522,HAS_EXECUTIVE,PER-0277,1112,1112001,0.9,,,
600522,HAS_EXECUTIVE,PER-0293,1112,1112001,0.9,,,
600522,HAS_EXECUTIVE,PER-0293,1148,1148000,0.9,,,
600522,HAS_EXECUTIVE,PER-0336,1112,1112001,0.9,,,
600522,HAS_EXECUTIVE,PER-0376,1112,1112001,0.9,,,
600522,PARTICIPATES_IN,EVT-0138,1112,1112000,0.9,主体,,
600522,PARTICIPATES_IN,EVT-0182,1148,1148000,0.9,主体,,
600522,PARTICIPATES_IN,EVT-0183,1148,1148001,0.9,主体,,
600522,PARTICIPATES_IN,EVT-0184,1149,1149009,0.9,主体,,
600522,PARTICIPATES_IN,EVT-0185,1149,1149008,0.9,主体,,
600522,PARTICIPATES_IN,EVT-0324,1244,1244002,0.95,主体,,
600522,PARTICIPATES_IN,EVT-0388,1294,1294002,0.95,主体,,
600522,PARTICIPATES_IN,EVT-0389,1244,1244001,0.9,主体,,
600522,PARTICIPATES_IN,EVT-0389,1294,1294001,0.9,主体,,
600522,PARTICIPATES_IN,EVT-0421,1320,1320005,0.9,主体,,
600522,PARTICIPATES_IN,EVT-0422,1320,1320008,0.9,主体,,
600522,PARTICIPATES_IN,EVT-0480,1364,1364000,0.93,主体,,
600522,PARTICIPATES_IN,EVT-0481,1364,1364002,0.9,主体,,
600522,PARTICIPATES_IN,EVT-0482,1364,1364006,0.85,主体,,
600522,PARTICIPATES_IN,EVT-0482,1364,1364007,0.85,涉及方,,
600522,PARTICIPATES_IN,EVT-0483,1364,1364007,0.9,主体,,
600587,PARTICIPATES_IN,EVT-0530,1399,1399008,0.9,涉及方,,
600587,PARTICIPATES_IN,EVT-0590,1446,1446000,0.95,主体,,
600587,PARTICIPATES_IN,EVT-0705,1535,1535000,0.95,主体,,
600587,PARTICIPATES_IN,EVT-0754,1574,1574000,0.9,涉及方,,
600789,PARTICIPATES_IN,EVT-0463,1353,1353001,0.95,主体,,
600789,PARTICIPATES_IN,EVT-0529,1398,1398000,0.95,主体,,
600789,PARTICIPATES_IN,EVT-0632,1479,1479000,0.95,主体,,
600789,PARTICIPATES_IN,EVT-0656,1498,1498000,0.95,主体,,
600789,PARTICIPATES_IN,EVT-0657,1499,1499000,0.95,主体,,
600789,PARTICIPATES_IN,EVT-0920,2062,2062001,0.93,主体,,
600875,HAS_EXECUTIVE,PER-0085,1225,1225000,0.9,,,
600875,HAS_EXECUTIVE,PER-0121,1225,1225000,0.9,,,
600875,HAS_EXECUTIVE,PER-0179,1230,1230000,0.9,,,
600875,HAS_EXECUTIVE,PER-0238,1230,1230000,0.9,,,
600875,HAS_EXECUTIVE,PER-0270,1173,1173000,0.9,,,
600875,HAS_EXECUTIVE,PER-0270,1225,1225000,0.9,,,
600875,PARTICIPATES_IN,EVT-0218,1173,1173002,0.8,主体,,
600875,PARTICIPATES_IN,EVT-0219,1173,1173003,0.8,主体,,
600875,PARTICIPATES_IN,EVT-0220,1174,1174000,0.9,主体,,
600875,PARTICIPATES_IN,EVT-0221,1174,1174005,0.9,主体,,
600875,PARTICIPATES_IN,EVT-0221,1174,1174013,0.9,涉及方,,
600875,PARTICIPATES_IN,EVT-0301,1225,1225000,0.85,主体,,
600875,PARTICIPATES_IN,EVT-0302,1225,1225001,0.95,主体,,
600875,PARTICIPATES_IN,EVT-0302,1225,1225001,0.9,涉及方,,
600875,PARTICIPATES_IN,EVT-0303,1225,1225002,0.95,主体,,
600875,PARTICIPATES_IN,EVT-0303,1225,1225002,0.9,合作方,,
600875,PARTICIPATES_IN,EVT-0303,1225,1225002,0.9,涉及方,,
600875,PARTICIPATES_IN,EVT-0309,1230,1230000,0.95,主体,,
600875,PARTICIPATES_IN,EVT-0391,1296,1296002,0.9,涉及方,,
600875,PARTICIPATES_IN,EVT-0391,1296,1296005,0.95,主体,,
600875,PARTICIPATES_IN,EVT-0783,2005,2005000,0.85,主体,,
600887,HAS_EXECUTIVE,PER-0229,1035,1035000,0.9,,,
600887,HAS_EXECUTIVE,PER-0248,1035,1035001,0.9,,,
600887,PARTICIPATES_IN,EVT-0010,1007,1007002,0.95,主体,,
600887,PARTICIPATES_IN,EVT-0042,1035,1035002,0.92,主体,,
600887,PARTICIPATES_IN,EVT-0122,1094,1094000,0.8,主体,,
600887,PARTICIPATES_IN,EVT-0194,1157,1157000,0.9,主体,,
600887,PARTICIPATES_IN,EVT-0236,1183,1183000,0.93,主体,,
600887,PARTICIPATES_IN,EVT-0371,1282,1282000,0.85,主体,,
600887,PARTICIPATES_IN,EVT-0402,1306,1306000,0.8,涉及方,,
600887,PARTICIPATES_IN,EVT-0521,1392,1392002,0.95,主体,,
600887,PARTICIPATES_IN,EVT-0822,2019,2019000,0.95,主体,,
600887,PARTICIPATES_IN,EVT-0823,2019,2019000,0.9,主体,,
600887,PARTICIPATES_IN,EVT-0824,2019,2019001,0.95,主体,,
600887,PARTICIPATES_IN,EVT-0826,2020,2020000,0.95,主体,,
600887,PARTICIPATES_IN,EVT-0827,2020,2020000,0.9,主体,,
600900,HAS_EXECUTIVE,PER-0039,1361,1361001,0.7,,,
600900,HAS_EXECUTIVE,PER-0232,1238,1238000,0.9,,,
600900,HAS_EXECUTIVE,PER-0290,1361,1361001,0.6,,,
600900,HAS_EXECUTIVE,PER-0382,1124,1124003,0.9,,,
600900,PARTICIPATES_IN,EVT-0150,1122,1122000,0.7,涉及方,,
600900,PARTICIPATES_IN,EVT-0151,1123,1123000,0.6,主体,,
600900,PARTICIPATES_IN,EVT-0152,1124,1124001,0.92,主体,,
600900,PARTICIPATES_IN,EVT-0153,1124,1124003,0.9,主体,,
600900,PARTICIPATES_IN,EVT-0234,1182,1182008,0.9,涉及方,,
600900,PARTICIPATES_IN,EVT-0318,1238,1238001,0.85,涉及方,,
600900,PARTICIPATES_IN,EVT-0386,1293,1293002,0.9,主体,,
600900,PARTICIPATES_IN,EVT-0432,1328,1328000,0.95,主体,,
600900,PARTICIPATES_IN,EVT-0475,1361,1361002,0.7,主体,,
600970,HAS_EXECUTIVE,PER-0047,1131,1131001,0.95,,,
600970,PARTICIPATES_IN,EVT-0163,1131,1131007,0.9,主体,,
600970,PARTICIPATES_IN,EVT-0215,1171,1171014,0.85,主体,,
600970,PARTICIPATES_IN,EVT-0307,1229,1229001,0.9,主体,,
600970,PARTICIPATES_IN,EVT-0308,1229,1229001,0.9,主体,,
600970,PARTICIPATES_IN,EVT-0308,1229,1229001,0.8,涉及方,,
600970,PARTICIPATES_IN,EVT-0334,1255,1255000,0.95,主体,,
600970,PARTICIPATES_IN,EVT-0392,1297,1297000,0.95,主体,,
600970,PARTICIPATES_IN,EVT-0420,1319,1319000,0.85,主体,,
600970,PARTICIPATES_IN,EVT-0778,2002,2002000,0.9,主体,,
600970,SUPPLIES,伊托里水泥有限公司,1255,1255000,0.85,,,
601012,PARTICIPATES_IN,EVT-0066,1050,1050000,0.9,主体,,
601012,PARTICIPATES_IN,EVT-0067,1050,1050006,0.9,主体,,
601012,PARTICIPATES_IN,EVT-0124,1096,1096001,0.9,主体,,
601012,PARTICIPATES_IN,EVT-0323,1243,1243001,0.9,主体,,
601012,PARTICIPATES_IN,EVT-0348,1266,1266007,0.95,主体,,
601012,PARTICIPATES_IN,EVT-0349,1266,1266001,0.9,主体,,
601012,PARTICIPATES_IN,EVT-0887,2049,2049000,0.9,主体,,
601088,BELONGS_TO,IND-0051,2040,2040002,0.9,,,
601088,HAS_EXECUTIVE,PER-0097,1006,1006002,0.85,,,
601088,HAS_EXECUTIVE,PER-0097,1280,1280001,0.8,,,
601088,HAS_EXECUTIVE,PER-0097,1382,1382002,0.9,,,
601088,HAS_EXECUTIVE,PER-0133,1006,1006001,0.85,,,
601088,HAS_EXECUTIVE,PER-0133,1280,1280000,0.8,,,
601088,PARTICIPATES_IN,EVT-0008,1006,1006002,0.9,主体,,
601088,PARTICIPATES_IN,EVT-0009,1006,1006003,0.85,主体,,
601088,PARTICIPATES_IN,EVT-0049,1041,1041002,0.9,主体,,
601088,PARTICIPATES_IN,EVT-0050,1041,1041002,0.9,主体,,
601088,PARTICIPATES_IN,EVT-0181,1147,1147001,0.9,主体,,
601088,PARTICIPATES_IN,EVT-0295,1220,1220002,0.9,主体,,
601088,PARTICIPATES_IN,EVT-0296,1220,1220002,0.9,主体,,
601088,PARTICIPATES_IN,EVT-0367,1280,1280001,0.85,主体,,
601088,PARTICIPATES_IN,EVT-0368,1280,1280002,0.9,主体,,
601088,PARTICIPATES_IN,EVT-0438,1331,1331002,0.95,主体,,
601088,PARTICIPATES_IN,EVT-0508,1382,1382002,0.9,主体,,
601088,PARTICIPATES_IN,EVT-0509,1382,1382001,0.85,主体,,
601088,PARTICIPATES_IN,EVT-0863,2040,2040002,0.9,主体,,
601089,PARTICIPATES_IN,EVT-0629,1476,1476000,0.95,主体,,
601089,PARTICIPATES_IN,EVT-0653,1496,1496000,0.95,主体,,
601089,PARTICIPATES_IN,EVT-0655,1497,1497000,0.95,主体,,
601089,PARTICIPATES_IN,EVT-0732,1555,1555000,0.95,主体,,
601089,PARTICIPATES_IN,EVT-0773,1591,1591000,0.95,主体,,
601138,HAS_EXECUTIVE,PER-0003,1339,1339012,0.9,,,
601138,HAS_EXECUTIVE,PER-0129,1279,1279014,0.9,,,
601138,HAS_EXECUTIVE,PER-0203,1339,1339010,0.9,,,
601138,HAS_EXECUTIVE,PER-0206,1279,1279014,0.9,,,
601138,HAS_EXECUTIVE,PER-0259,1279,1279015,0.9,,,
601138,HAS_EXECUTIVE,PER-0304,1279,1279014,0.9,,,
601138,HAS_EXECUTIVE,PER-0304,1339,1339011,0.9,,,
601138,HAS_EXECUTIVE,PER-0324,1339,1339008,0.9,,,
601138,HAS_EXECUTIVE,PER-0388,1339,1339009,0.9,,,
601138,PARTICIPATES_IN,EVT-0031,1025,1025002,0.95,主体,,
601138,PARTICIPATES_IN,EVT-0129,1100,1100002,0.95,主体,,
601138,PARTICIPATES_IN,EVT-0275,1207,1207002,0.95,主体,,
601138,PARTICIPATES_IN,EVT-0276,1207,1207001,0.9,主体,,
601138,PARTICIPATES_IN,EVT-0299,1224,1224000,0.95,主体,,
601138,PARTICIPATES_IN,EVT-0300,1224,1224005,0.9,主体,,
601138,PARTICIPATES_IN,EVT-0365,1279,1279000,0.95,主体,,
601138,PARTICIPATES_IN,EVT-0414,1314,1314000,0.95,主体,,
601138,PARTICIPATES_IN,EVT-0446,1339,1339006,0.9,主体,,
601138,PARTICIPATES_IN,EVT-1000,2097,2097001,0.9,主体,,
601186,HAS_EXECUTIVE,PER-0143,1129,1129000,0.9,,,
601186,HAS_EXECUTIVE,PER-0143,1208,1208000,0.95,,,
601186,HAS_EXECUTIVE,PER-0252,1130,1130001,0.9,,,
601186,PARTICIPATES_IN,EVT-0160,1129,1129001,0.85,主体,,
601186,PARTICIPATES_IN,EVT-0161,1130,1130000,0.9,主体,,
601186,PARTICIPATES_IN,EVT-0162,1130,1130018,0.9,主体,,
601186,PARTICIPATES_IN,EVT-0252,1194,1194002,0.9,主体,,
601186,PARTICIPATES_IN,EVT-0277,1208,1208000,0.8,主体,,
601186,PARTICIPATES_IN,EVT-0322,1242,1242000,0.95,主体,,
601186,PARTICIPATES_IN,EVT-0381,1290,1290000,0.95,主体,,
601186,PARTICIPATES_IN,EVT-0458,1349,1349000,0.9,主体,,
601186,PARTICIPATES_IN,EVT-0779,1129,1129000,0.9,主体,,
601186,PARTICIPATES_IN,EVT-0779,2003,2003000,0.8,主体,,
601186,PARTICIPATES_IN,EVT-0780,2003,2003000,0.7,主体,,
601318,BELONGS_TO,IND-0012,2094,2094000,0.8,,,
601318,HAS_EXECUTIVE,PER-0010,1352,1352000,0.9,,,
601318,HAS_EXECUTIVE,PER-0104,1078,1078000,0.9,,,
601318,HAS_EXECUTIVE,PER-0305,1352,1352000,0.9,,,
601318,HAS_EXECUTIVE,PER-0329,1352,1352000,0.9,,,
601318,HAS_EXECUTIVE,PER-0369,1352,1352000,0.9,,,
601318,PARTICIPATES_IN,EVT-0100,1078,1078000,0.9,主体,,
601318,PARTICIPATES_IN,EVT-0264,1202,1202001,0.9,主体,,
601318,PARTICIPATES_IN,EVT-0265,1202,1202004,0.9,主体,,
601318,PARTICIPATES_IN,EVT-0266,1202,1202004,0.9,主体,,
601318,PARTICIPATES_IN,EVT-0462,1352,1352000,0.6,主体,,
601390,HAS_EXECUTIVE,PER-0090,1118,1118000,0.9,,,
601390,HAS_EXECUTIVE,PER-0350,1265,1265002,0.9,,,
601390,HAS_EXECUTIVE,PER-0372,1265,1265001,0.9,,,
601390,PARTICIPATES_IN,EVT-0022,1016,1016006,0.95,主体,,
601390,PARTICIPATES_IN,EVT-0084,1063,1063000,0.9,主体,,
601390,PARTICIPATES_IN,EVT-0142,1118,1118001,0.9,主体,,
601390,PARTICIPATES_IN,EVT-0159,1128,1128000,0.95,主体,,
601390,PARTICIPATES_IN,EVT-0346,1265,1265001,0.85,涉及方,,
601390,PARTICIPATES_IN,EVT-0347,1265,1265002,0.85,涉及方,,
601390,PARTICIPATES_IN,EVT-0413,1313,1313000,0.9,主体,,
601390,PARTICIPATES_IN,EVT-0501,1377,1377109,0.9,主体,,
601390,PARTICIPATES_IN,EVT-0502,1377,1377107,0.9,主体,,
601398,HAS_EXECUTIVE,PER-0109,1127,1127000,0.9,,,
601398,HAS_EXECUTIVE,PER-0109,1376,1376004,0.9,,,
601398,PARTICIPATES_IN,EVT-0007,1005,1005001,0.8,合作方,,
601398,PARTICIPATES_IN,EVT-0048,1040,1040003,0.95,主体,,
601398,PARTICIPATES_IN,EVT-0083,1062,1062000,0.9,主体,,
601398,PARTICIPATES_IN,EVT-0117,1090,1090000,0.95,主体,,
601398,PARTICIPATES_IN,EVT-0156,1127,1127000,0.9,主体,,
601398,PARTICIPATES_IN,EVT-0157,1127,1127002,0.9,主体,,
601398,PARTICIPATES_IN,EVT-0158,1127,1127002,0.9,主体,,
601398,PARTICIPATES_IN,EVT-0213,1170,1170001,0.9,主体,,
601398,PARTICIPATES_IN,EVT-0401,1305,1305000,0.9,主体,,
601398,PARTICIPATES_IN,EVT-0676,1513,1513000,0.9,合作方,,
601398,PARTICIPATES_IN,EVT-0995,2095,2095000,0.85,合作方,,
601567,PARTICIPATES_IN,EVT-0171,1139,1139000,0.8,涉及方,,
601567,PARTICIPATES_IN,EVT-0640,1486,1486000,0.85,涉及方,,
601633,HAS_EXECUTIVE,PER-0188,1068,1068001,0.9,,,
601633,HAS_EXECUTIVE,PER-0264,1068,1068001,0.9,,,
601633,HAS_EXECUTIVE,PER-0298,1068,1068001,0.9,,,
601633,HAS_EXECUTIVE,PER-0309,1093,1093002,0.85,,,
601633,HAS_EXECUTIVE,PER-0380,1093,1093008,0.9,,,
601633,HAS_EXECUTIVE,PER-0380,1169,1169000,0.9,,,
601633,PARTICIPATES_IN,EVT-0001,1001,1001000,0.9,主体,,
601633,PARTICIPATES_IN,EVT-0001,1001,1001001,0.9,主体,,
601633,PARTICIPATES_IN,EVT-0002,1001,1001001,0.9,主体,,
601633,PARTICIPATES_IN,EVT-0088,1068,1068000,0.85,主体,,
601633,PARTICIPATES_IN,EVT-0121,1093,1093002,0.8,主体,,
601633,PARTICIPATES_IN,EVT-0137,1109,1109000,0.95,主体,,
601633,PARTICIPATES_IN,EVT-0211,1169,1169000,0.9,主体,,
601633,PARTICIPATES_IN,EVT-0212,1169,1169001,0.9,主体,,
601633,PARTICIPATES_IN,EVT-0342,1261,1261005,0.9,主体,,
601633,PARTICIPATES_IN,EVT-0430,1327,1327008,0.95,主体,,
601633,PARTICIPATES_IN,EVT-0431,1327,1327007,0.85,主体,,
601633,PARTICIPATES_IN,EVT-0498,1375,1375000,0.92,主体,,
601633,PARTICIPATES_IN,EVT-0811,2015,2015000,0.95,主体,,
601633,PARTICIPATES_IN,EVT-0812,2015,2015001,0.8,主体,,
601668,HAS_EXECUTIVE,PER-0145,1390,1390018,0.9,,,
601668,HAS_EXECUTIVE,PER-0322,1390,1390018,0.9,,,
601668,PARTICIPATES_IN,EVT-0030,1024,1024000,0.92,主体,,
601668,PARTICIPATES_IN,EVT-0096,1075,1075000,0.9,主体,,
601668,PARTICIPATES_IN,EVT-0116,1089,1089000,0.9,主体,,
601668,PARTICIPATES_IN,EVT-0210,1168,1168000,0.9,主体,,
601668,PARTICIPATES_IN,EVT-0363,1277,1277000,0.9,主体,,
601668,PARTICIPATES_IN,EVT-0429,1326,1326000,0.95,主体,,
601668,PARTICIPATES_IN,EVT-0429,1326,1326001,0.9,涉及方,,
601668,PARTICIPATES_IN,EVT-0519,1390,1390006,0.9,主体,,
601668,PARTICIPATES_IN,EVT-0520,1390,1390014,0.9,主体,,
601668,PARTICIPATES_IN,EVT-0568,1429,1429000,0.85,合作方,,
601727,HAS_EXECUTIVE,PER-0215,1252,1252005,0.85,,,
601727,PARTICIPATES_IN,EVT-0047,1039,1039000,0.9,主体,,
601727,PARTICIPATES_IN,EVT-0136,1108,1108002,0.9,主体,,
601727,PARTICIPATES_IN,EVT-0149,1121,1121000,0.9,主体,,
601727,PARTICIPATES_IN,EVT-0261,1201,1201000,0.9,主体,,
601727,PARTICIPATES_IN,EVT-0262,1201,1201001,0.9,主体,,
601727,PARTICIPATES_IN,EVT-0412,1312,1312000,0.9,主体,,
601899,HAS_EXECUTIVE,PER-0063,1033,1033005,0.9,,,
601899,HAS_EXECUTIVE,PER-0330,1251,1251010,0.85,,,
601899,PARTICIPATES_IN,EVT-0040,1033,1033001,0.9,主体,,
601899,PARTICIPATES_IN,EVT-0120,1092,1092000,0.8,主体,,
601899,PARTICIPATES_IN,EVT-0180,1145,1145000,0.9,主体,,
601899,PARTICIPATES_IN,EVT-0247,1192,1192002,0.95,主体,,
601899,PARTICIPATES_IN,EVT-0248,1192,1192003,0.9,主体,,
601899,PARTICIPATES_IN,EVT-0333,1251,1251008,0.6,主体,,
601899,PARTICIPATES_IN,EVT-0409,1311,1311000,0.95,主体,,
601899,PARTICIPATES_IN,EVT-0410,1311,1311003,0.9,主体,,
601899,PARTICIPATES_IN,EVT-0411,1311,1311003,0.9,主体,,
601899,PARTICIPATES_IN,EVT-0491,1370,1370004,0.95,主体,,
601899,PARTICIPATES_IN,EVT-0492,1370,1370005,0.95,主体,,
603087,COMPETES_WITH,赛诺菲,1546,1546002,0.7,,,
603087,COMPETES_WITH,赛诺菲,1567,1567002,0.8,,,
603087,HAS_EXECUTIVE,PER-0250,2059,2059000,0.9,,,
603087,HAS_EXECUTIVE,PER-0337,2061,2061004,0.9,,,
603087,PARTICIPATES_IN,EVT-0546,1412,1412000,0.95,主体,,
603087,PARTICIPATES_IN,EVT-0547,1412,1412003,0.7,主体,,
603087,PARTICIPATES_IN,EVT-0579,1437,1437000,0.95,主体,,
603087,PARTICIPATES_IN,EVT-0579,1437,1437000,0.9,涉及方,,
603087,PARTICIPATES_IN,EVT-0580,1437,1437001,0.9,主体,,
603087,PARTICIPATES_IN,EVT-0584,1441,1441000,0.95,主体,,
603087,PARTICIPATES_IN,EVT-0723,1546,1546000,0.95,主体,,
603087,PARTICIPATES_IN,EVT-0744,1567,1567000,0.95,主体,,
603087,PARTICIPATES_IN,EVT-0745,1567,1567002,0.9,主体,,
603087,PARTICIPATES_IN,EVT-0769,1587,1587000,0.9,主体,,
603087,PARTICIPATES_IN,EVT-0769,1587,1587001,0.95,主体,,
603087,PARTICIPATES_IN,EVT-0911,2059,2059004,0.9,主体,,
603087,PARTICIPATES_IN,EVT-0976,2085,2085001,0.85,主体,,
603163,PARTICIPATES_IN,EVT-0572,1431,1431000,0.85,涉及方,,
603163,PARTICIPATES_IN,EVT-0678,1515,1515002,0.95,主体,,
603163,PARTICIPATES_IN,EVT-0721,1544,1544001,0.95,主体,,
603163,PARTICIPATES_IN,EVT-0753,1573,1573004,0.9,涉及方,,
603288,BELONGS_TO,IND-0063,2016,2016000,0.8,,,
603288,HAS_EXECUTIVE,PER-0006,1213,1213000,0.9,,,
603288,HAS_EXECUTIVE,PER-0012,1213,1213000,0.9,,,
603288,HAS_EXECUTIVE,PER-0100,1213,1213000,0.9,,,
603288,HAS_EXECUTIVE,PER-0111,1213,1213000,0.9,,,
603288,HAS_EXECUTIVE,PER-0130,1213,1213000,0.9,,,
603288,HAS_EXECUTIVE,PER-0146,1213,1213000,0.9,,,
603288,HAS_EXECUTIVE,PER-0170,1061,1061002,0.9,,,
603288,HAS_EXECUTIVE,PER-0210,1099,1099002,0.9,,,
603288,HAS_EXECUTIVE,PER-0212,1061,1061002,0.9,,,
603288,HAS_EXECUTIVE,PER-0263,1213,1213000,0.9,,,
603288,HAS_EXECUTIVE,PER-0263,1363,1363000,0.9,,,
603288,HAS_EXECUTIVE,PER-0268,1061,1061002,0.9,,,
603288,HAS_EXECUTIVE,PER-0268,1213,1213000,0.9,,,
603288,HAS_EXECUTIVE,PER-0311,1099,1099000,0.8,,,
603288,HAS_EXECUTIVE,PER-0389,1213,1213000,0.9,,,
603288,PARTICIPATES_IN,EVT-0077,1058,1058000,0.9,主体,,
603288,PARTICIPATES_IN,EVT-0078,1058,1058002,0.95,主体,,
603288,PARTICIPATES_IN,EVT-0082,1061,1061001,0.9,主体,,
603288,PARTICIPATES_IN,EVT-0127,1099,1099001,0.9,主体,,
603288,PARTICIPATES_IN,EVT-0128,1099,1099002,0.8,涉及方,,
603288,PARTICIPATES_IN,EVT-0192,1155,1155000,0.9,主体,,
603288,PARTICIPATES_IN,EVT-0193,1155,1155005,0.9,主体,,
603288,PARTICIPATES_IN,EVT-0285,1213,1213000,0.85,主体,,
603288,PARTICIPATES_IN,EVT-0332,1250,1250004,0.95,主体,,
603288,PARTICIPATES_IN,EVT-0478,1304,1304000,0.95,主体,,
603288,PARTICIPATES_IN,EVT-0478,1363,1363000,0.9,主体,,
603288,PARTICIPATES_IN,EVT-0479,1363,1363001,0.9,主体,,
603288,PARTICIPATES_IN,EVT-0813,2016,2016000,0.95,主体,,
603288,PARTICIPATES_IN,EVT-0814,2016,2016002,0.9,主体,,
603501,HAS_EXECUTIVE,PER-0294,1241,1241000,0.9,,,
603501,PARTICIPATES_IN,EVT-0060,1047,1047009,0.95,主体,,
603501,PARTICIPATES_IN,EVT-0061,1048,1048009,0.95,主体,,
603501,PARTICIPATES_IN,EVT-0062,1048,1048020,0.9,主体,,
603501,PARTICIPATES_IN,EVT-0063,1049,1049003,0.95,主体,,
603501,PARTICIPATES_IN,EVT-0064,1049,1049009,0.95,主体,,
603501,PARTICIPATES_IN,EVT-0065,1049,1049012,0.9,主体,,
603501,PARTICIPATES_IN,EVT-0233,1181,1181001,0.9,主体,,
603501,PARTICIPATES_IN,EVT-0320,1241,1241000,0.9,主体,,
603501,PARTICIPATES_IN,EVT-0321,1241,1241001,0.9,主体,,
603501,PARTICIPATES_IN,EVT-0469,1357,1357023,0.9,主体,,
603856,PARTICIPATES_IN,EVT-0588,1445,1445001,0.95,主体,,
603856,PARTICIPATES_IN,EVT-0627,1474,1474001,0.92,主体,,
603856,PARTICIPATES_IN,EVT-0658,1500,1500002,0.95,主体,,
603856,PARTICIPATES_IN,EVT-0686,1520,1520001,0.95,主体,,
603856,PARTICIPATES_IN,EVT-0958,2079,2079000,0.85,涉及方,,
603856,PARTICIPATES_IN,EVT-0988,2090,2090000,0.95,主体,,
605287,BELONGS_TO,IND-0031,2070,2070000,0.85,,,
605287,PARTICIPATES_IN,EVT-0727,1550,1550001,0.9,主体,,
605287,PARTICIPATES_IN,EVT-0762,1580,1580000,0.9,主体,,
605287,PARTICIPATES_IN,EVT-0772,1590,1590000,0.9,主体,,
605287,PARTICIPATES_IN,EVT-0939,2070,2070000,0.9,主体,,
688485,HAS_EXECUTIVE,PER-0156,1454,1454001,0.85,,,
688485,HAS_EXECUTIVE,PER-0156,1455,1455000,0.9,,,
688485,PARTICIPATES_IN,EVT-0600,1454,1454005,0.95,主体,,
688485,PARTICIPATES_IN,EVT-0601,1455,1455000,0.95,主体,,
688485,PARTICIPATES_IN,EVT-0750,1571,1571001,0.95,主体,,
688485,PARTICIPATES_IN,EVT-0751,1571,1571002,0.8,主体,,
688485,PARTICIPATES_IN,EVT-0752,1572,1572000,0.95,主体,,
688506,PARTICIPATES_IN,EVT-0558,1422,1422000,0.95,主体,,
688506,PARTICIPATES_IN,EVT-0570,1430,1430001,0.95,主体,,
688506,PARTICIPATES_IN,EVT-0571,1430,1430002,0.9,主体,,
688506,PARTICIPATES_IN,EVT-0612,1466,1466000,0.95,主体,,
688506,PARTICIPATES_IN,EVT-0613,1466,1466001,0.9,主体,,
688506,PARTICIPATES_IN,EVT-0614,1466,1466001,0.9,主体,,
688506,PARTICIPATES_IN,EVT-0671,1510,1510000,0.95,主体,,
688506,PARTICIPATES_IN,EVT-0672,1510,1510001,0.85,主体,,
688506,PARTICIPATES_IN,EVT-0697,1530,1530000,0.92,主体,,
688506,PARTICIPATES_IN,EVT-0698,1530,1530002,0.85,主体,,
688506,PARTICIPATES_IN,EVT-0760,1579,1579000,0.95,主体,,
688506,PARTICIPATES_IN,EVT-0761,1579,1579002,0.9,主体,,
688506,PARTICIPATES_IN,EVT-0893,2052,2052001,0.9,主体,,
688506,PARTICIPATES_IN,EVT-0900,2054,2054007,0.9,主体,,
688506,PARTICIPATES_IN,EVT-1022,2103,2103008,0.9,主体,,
688506,PARTICIPATES_IN,EVT-1024,2104,2104001,0.85,主体,,
688981,BELONGS_TO,IND-0071,2100,2100009,0.8,,,
688981,HAS_EXECUTIVE,PER-0038,1206,1206000,0.9,,,
688981,HAS_EXECUTIVE,PER-0041,1206,1206000,0.9,,,
688981,HAS_EXECUTIVE,PER-0052,1206,1206000,0.9,,,
688981,HAS_EXECUTIVE,PER-0204,1206,1206000,0.9,,,
688981,HAS_EXECUTIVE,PER-0283,1206,1206000,0.9,,,
688981,HAS_EXECUTIVE,PER-0326,1206,1206000,0.7,,,
688981,HAS_EXECUTIVE,PER-0339,1206,1206000,0.9,,,
688981,HAS_EXECUTIVE,PER-0344,1206,1206000,0.9,,,
688981,HAS_EXECUTIVE,PER-0381,1206,1206000,0.9,,,
688981,HAS_EXECUTIVE,PER-0393,1206,1206000,0.9,,,
688981,PARTICIPATES_IN,EVT-0099,1077,1077000,0.95,主体,,
688981,PARTICIPATES_IN,EVT-0178,1144,1144001,0.95,主体,,
688981,PARTICIPATES_IN,EVT-0179,1144,1144003,0.9,主体,,
688981,PARTICIPATES_IN,EVT-0274,1206,1206000,0.9,主体,,
688981,PARTICIPATES_IN,EVT-0293,1219,1219002,0.95,主体,,
688981,PARTICIPATES_IN,EVT-0294,1219,1219002,0.9,主体,,
688981,PARTICIPATES_IN,EVT-0360,1275,1275000,0.85,主体,,
688981,PARTICIPATES_IN,EVT-0361,1275,1275000,0.9,主体,,
688981,PARTICIPATES_IN,EVT-0374,1284,1284006,0.92,主体,,
688981,PARTICIPATES_IN,EVT-0467,1356,1356012,0.95,主体,,
688981,PARTICIPATES_IN,EVT-0468,1356,1356022,0.95,主体,,
688981,PARTICIPATES_IN,EVT-0881,2047,2047001,0.8,涉及方,,
688981,PARTICIPATES_IN,EVT-1010,2100,2100012,0.9,主体,,
920019,PARTICIPATES_IN,EVT-0726,1549,1549000,0.95,主体,,
920019,PARTICIPATES_IN,EVT-0731,1554,1554000,0.9,涉及方,,
920019,PARTICIPATES_IN,EVT-0731,1554,1554002,0.95,主体,,
AusnutriaB.V.,PARTICIPATES_IN,EVT-0521,1392,1392002,0.95,涉及方,,
"CITICSecuritiesFinanceMTNCo.,Ltd.",HAS_EXECUTIVE,PER-0171,1379,1379003,0.85,,,
"CITICSecuritiesFinanceMTNCo.,Ltd.",PARTICIPATES_IN,EVT-0503,1379,1379002,0.9,主体,,
CSIMTNLimited,HAS_EXECUTIVE,PER-0325,1379,1379004,0.85,,,
CSIMTNLimited,PARTICIPATES_IN,EVT-0504,1379,1379002,0.9,主体,,
EVT-0001,EVIDENCED_BY,1001,,,,,,
EVT-0001,RELATED_TO,POL-0009,1001,1001000,0.9,,,
EVT-0002,EVIDENCED_BY,1001,,,,,,
EVT-0003,EVIDENCED_BY,1004,,,,,,
EVT-0004,EVIDENCED_BY,1004,,,,,,
EVT-0005,EVIDENCED_BY,1004,,,,,,
EVT-0006,EVIDENCED_BY,1005,,,,,,
EVT-0006,ISSUED_BY,INST-0069,1005,1005000,0.9,,,
EVT-0007,EVIDENCED_BY,1005,,,,,,
EVT-0008,EVIDENCED_BY,1006,,,,,,
EVT-0009,EVIDENCED_BY,1006,,,,,,
EVT-0010,EVIDENCED_BY,1007,,,,,,
EVT-0010,RELATED_TO,POL-0048,1007,1007001,0.8,,,
EVT-0011,EVIDENCED_BY,1008,,,,,,
EVT-0012,EVIDENCED_BY,1010,,,,,,
EVT-0013,EVIDENCED_BY,1010,,,,,,
EVT-0013,ISSUED_BY,INST-0057,1010,1010001,0.95,,,
EVT-0014,EVIDENCED_BY,1012,,,,,,
EVT-0014,ISSUED_BY,INST-0159,1012,1012000,0.95,,,
EVT-0015,EVIDENCED_BY,1013,,,,,,
EVT-0016,EVIDENCED_BY,1013,,,,,,
EVT-0017,EVIDENCED_BY,1013,,,,,,
EVT-0018,EVIDENCED_BY,1014,,,,,,
EVT-0019,EVIDENCED_BY,1014,,,,,,
EVT-0020,EVIDENCED_BY,1014,,,,,,
EVT-0021,EVIDENCED_BY,1015,,,,,,
EVT-0022,EVIDENCED_BY,1016,,,,,,
EVT-0023,EVIDENCED_BY,1018,,,,,,
EVT-0024,EVIDENCED_BY,1018,,,,,,
EVT-0025,EVIDENCED_BY,1019,,,,,,
EVT-0026,EVIDENCED_BY,1019,,,,,,
EVT-0027,EVIDENCED_BY,1021,,,,,,
EVT-0028,EVIDENCED_BY,1022,,,,,,
EVT-0029,EVIDENCED_BY,1023,,,,,,
EVT-0030,EVIDENCED_BY,1024,,,,,,
EVT-0031,EVIDENCED_BY,1025,,,,,,
EVT-0032,EVIDENCED_BY,1026,,,,,,
EVT-0033,EVIDENCED_BY,1026,,,,,,
EVT-0034,EVIDENCED_BY,1030,,,,,,
EVT-0035,EVIDENCED_BY,1030,,,,,,
EVT-0036,EVIDENCED_BY,1030,,,,,,
EVT-0037,EVIDENCED_BY,1031,,,,,,
EVT-0038,EVIDENCED_BY,1032,,,,,,
EVT-0039,EVIDENCED_BY,1032,,,,,,
EVT-0040,EVIDENCED_BY,1033,,,,,,
EVT-0041,EVIDENCED_BY,1034,,,,,,
EVT-0042,EVIDENCED_BY,1035,,,,,,
EVT-0043,EVIDENCED_BY,1036,,,,,,
EVT-0044,EVIDENCED_BY,1036,,,,,,
EVT-0045,EVIDENCED_BY,1037,,,,,,
EVT-0045,RELATED_TO,POL-0058,1037,1037004,0.85,,,
EVT-0046,EVIDENCED_BY,1038,,,,,,
EVT-0047,EVIDENCED_BY,1039,,,,,,
EVT-0048,EVIDENCED_BY,1040,,,,,,
EVT-0049,EVIDENCED_BY,1041,,,,,,
EVT-0050,EVIDENCED_BY,1041,,,,,,
EVT-0051,EVIDENCED_BY,1042,,,,,,
EVT-0052,EVIDENCED_BY,1042,,,,,,
EVT-0053,EVIDENCED_BY,1043,,,,,,
EVT-0054,EVIDENCED_BY,1044,,,,,,
EVT-0055,EVIDENCED_BY,1044,,,,,,
EVT-0056,EVIDENCED_BY,1045,,,,,,
EVT-0057,EVIDENCED_BY,1045,,,,,,
EVT-0058,EVIDENCED_BY,1045,,,,,,
EVT-0059,EVIDENCED_BY,1046,,,,,,
EVT-0060,EVIDENCED_BY,1047,,,,,,
EVT-0060,RELATED_TO,POL-0009,1047,1047011,0.8,,,
EVT-0061,EVIDENCED_BY,1048,,,,,,
EVT-0062,EVIDENCED_BY,1048,,,,,,
EVT-0063,EVIDENCED_BY,1049,,,,,,
EVT-0064,EVIDENCED_BY,1049,,,,,,
EVT-0065,EVIDENCED_BY,1049,,,,,,
EVT-0066,EVIDENCED_BY,1050,,,,,,
EVT-0067,EVIDENCED_BY,1050,,,,,,
EVT-0067,RELATED_TO,POL-0013,1050,1050006,0.85,,,
EVT-0068,EVIDENCED_BY,1052,,,,,,
EVT-0069,EVIDENCED_BY,1052,,,,,,
EVT-0070,EVIDENCED_BY,1053,,,,,,
EVT-0071,EVIDENCED_BY,1054,,,,,,
EVT-0071,RELATED_TO,POL-0073,1054,1054005,0.7,,,
EVT-0072,EVIDENCED_BY,1055,,,,,,
EVT-0073,EVIDENCED_BY,1056,,,,,,
EVT-0074,EVIDENCED_BY,1056,,,,,,
EVT-0075,EVIDENCED_BY,1056,,,,,,
EVT-0076,EVIDENCED_BY,1056,,,,,,
EVT-0076,EVIDENCED_BY,1057,,,,,,
EVT-0077,EVIDENCED_BY,1058,,,,,,
EVT-0078,EVIDENCED_BY,1058,,,,,,
EVT-0079,EVIDENCED_BY,1059,,,,,,
EVT-0080,EVIDENCED_BY,1059,,,,,,
EVT-0081,EVIDENCED_BY,1059,,,,,,
EVT-0082,EVIDENCED_BY,1061,,,,,,
EVT-0083,EVIDENCED_BY,1062,,,,,,
EVT-0084,EVIDENCED_BY,1063,,,,,,
EVT-0085,EVIDENCED_BY,1065,,,,,,
EVT-0086,EVIDENCED_BY,1065,,,,,,
EVT-0087,EVIDENCED_BY,1067,,,,,,
EVT-0088,EVIDENCED_BY,1068,,,,,,
EVT-0089,EVIDENCED_BY,1069,,,,,,
EVT-0090,EVIDENCED_BY,1069,,,,,,
EVT-0090,ISSUED_BY,INST-0147,1069,1069001,0.9,,,
EVT-0091,EVIDENCED_BY,1070,,,,,,
EVT-0092,EVIDENCED_BY,1071,,,,,,
EVT-0092,RELATED_TO,POL-0014,1071,1071002,0.85,,,
EVT-0093,EVIDENCED_BY,1072,,,,,,
EVT-0094,EVIDENCED_BY,1073,,,,,,
EVT-0095,EVIDENCED_BY,1073,,,,,,
EVT-0096,EVIDENCED_BY,1075,,,,,,
EVT-0097,EVIDENCED_BY,1076,,,,,,
EVT-0097,ISSUED_BY,INST-0159,1076,1076000,0.9,,,
EVT-0098,EVIDENCED_BY,1076,,,,,,
EVT-0099,EVIDENCED_BY,1077,,,,,,
EVT-0100,EVIDENCED_BY,1078,,,,,,
EVT-0101,EVIDENCED_BY,1079,,,,,,
EVT-0102,EVIDENCED_BY,1080,,,,,,
EVT-0103,EVIDENCED_BY,1081,,,,,,
EVT-0104,EVIDENCED_BY,1082,,,,,,
EVT-0105,EVIDENCED_BY,1082,,,,,,
EVT-0106,EVIDENCED_BY,1083,,,,,,
EVT-0107,EVIDENCED_BY,1084,,,,,,
EVT-0108,EVIDENCED_BY,1084,,,,,,
EVT-0109,EVIDENCED_BY,1085,,,,,,
EVT-0110,EVIDENCED_BY,1086,,,,,,
EVT-0111,EVIDENCED_BY,1086,,,,,,
EVT-0112,EVIDENCED_BY,1087,,,,,,
EVT-0113,EVIDENCED_BY,1087,,,,,,
EVT-0114,EVIDENCED_BY,1088,,,,,,
EVT-0115,EVIDENCED_BY,1088,,,,,,
EVT-0116,EVIDENCED_BY,1089,,,,,,
EVT-0117,EVIDENCED_BY,1090,,,,,,
EVT-0118,EVIDENCED_BY,1090,,,,,,
EVT-0119,EVIDENCED_BY,1091,,,,,,
EVT-0119,RELATED_TO,POL-0049,1091,1091002,0.85,,,
EVT-0120,EVIDENCED_BY,1092,,,,,,
EVT-0121,EVIDENCED_BY,1093,,,,,,
EVT-0122,EVIDENCED_BY,1094,,,,,,
EVT-0123,EVIDENCED_BY,1095,,,,,,
EVT-0124,EVIDENCED_BY,1096,,,,,,
EVT-0125,EVIDENCED_BY,1097,,,,,,
EVT-0126,EVIDENCED_BY,1098,,,,,,
EVT-0126,RELATED_TO,POL-0009,1098,1098001,0.85,,,
EVT-0127,EVIDENCED_BY,1099,,,,,,
EVT-0127,ISSUED_BY,INST-0306,1099,1099001,0.9,,,
EVT-0128,EVIDENCED_BY,1099,,,,,,
EVT-0129,EVIDENCED_BY,1100,,,,,,
EVT-0130,EVIDENCED_BY,1101,,,,,,
EVT-0131,EVIDENCED_BY,1101,,,,,,
EVT-0132,EVIDENCED_BY,1103,,,,,,
EVT-0133,EVIDENCED_BY,1104,,,,,,
EVT-0134,EVIDENCED_BY,1106,,,,,,
EVT-0135,EVIDENCED_BY,1106,,,,,,
EVT-0135,RELATED_TO,POL-0048,1106,1106000,0.8,,,
EVT-0136,EVIDENCED_BY,1108,,,,,,
EVT-0137,EVIDENCED_BY,1109,,,,,,
EVT-0138,EVIDENCED_BY,1112,,,,,,
EVT-0139,EVIDENCED_BY,1113,,,,,,
EVT-0140,EVIDENCED_BY,1114,,,,,,
EVT-0141,EVIDENCED_BY,1114,,,,,,
EVT-0142,EVIDENCED_BY,1118,,,,,,
EVT-0143,EVIDENCED_BY,1119,,,,,,
EVT-0144,EVIDENCED_BY,1119,,,,,,
EVT-0145,EVIDENCED_BY,1119,,,,,,
EVT-0146,EVIDENCED_BY,1119,,,,,,
EVT-0147,EVIDENCED_BY,1120,,,,,,
EVT-0148,EVIDENCED_BY,1120,,,,,,
EVT-0149,EVIDENCED_BY,1121,,,,,,
EVT-0149,RELATED_TO,POL-0029,1121,1121000,0.85,,,
EVT-0150,EVIDENCED_BY,1122,,,,,,
EVT-0151,EVIDENCED_BY,1123,,,,,,
EVT-0152,EVIDENCED_BY,1124,,,,,,
EVT-0153,EVIDENCED_BY,1124,,,,,,
EVT-0154,EVIDENCED_BY,1125,,,,,,
EVT-0155,EVIDENCED_BY,1126,,,,,,
EVT-0156,EVIDENCED_BY,1127,,,,,,
EVT-0157,EVIDENCED_BY,1127,,,,,,
EVT-0158,EVIDENCED_BY,1127,,,,,,
EVT-0159,EVIDENCED_BY,1128,,,,,,
EVT-0160,EVIDENCED_BY,1129,,,,,,
EVT-0161,EVIDENCED_BY,1130,,,,,,
EVT-0161,ISSUED_BY,INST-0119,1130,1130000,0.9,,,
EVT-0162,EVIDENCED_BY,1130,,,,,,
EVT-0163,EVIDENCED_BY,1131,,,,,,
EVT-0163,RELATED_TO,POL-0066,1131,1131008,0.6,,,
EVT-0164,EVIDENCED_BY,1133,,,,,,
EVT-0164,RELATED_TO,POL-0006,1133,1133000,0.8,,,
EVT-0165,EVIDENCED_BY,1134,,,,,,
EVT-0165,RELATED_TO,POL-0018,1134,1134002,0.85,,,
EVT-0166,EVIDENCED_BY,1135,,,,,,
EVT-0167,EVIDENCED_BY,1137,,,,,,
EVT-0168,EVIDENCED_BY,1137,,,,,,
EVT-0168,RELATED_TO,POL-0007,1137,1137009,0.9,,,
EVT-0169,EVIDENCED_BY,1138,,,,,,
EVT-0170,EVIDENCED_BY,1138,,,,,,
EVT-0171,EVIDENCED_BY,1139,,,,,,
EVT-0172,EVIDENCED_BY,1140,,,,,,
EVT-0173,EVIDENCED_BY,1141,,,,,,
EVT-0174,EVIDENCED_BY,1142,,,,,,
EVT-0175,EVIDENCED_BY,1142,,,,,,
EVT-0176,EVIDENCED_BY,1143,,,,,,
EVT-0177,EVIDENCED_BY,1143,,,,,,
EVT-0178,EVIDENCED_BY,1144,,,,,,
EVT-0179,EVIDENCED_BY,1144,,,,,,
EVT-0180,EVIDENCED_BY,1145,,,,,,
EVT-0181,EVIDENCED_BY,1147,,,,,,
EVT-0182,EVIDENCED_BY,1148,,,,,,
EVT-0183,EVIDENCED_BY,1148,,,,,,
EVT-0184,EVIDENCED_BY,1149,,,,,,
EVT-0185,EVIDENCED_BY,1149,,,,,,
EVT-0186,EVIDENCED_BY,1150,,,,,,
EVT-0187,EVIDENCED_BY,1151,,,,,,
EVT-0188,EVIDENCED_BY,1152,,,,,,
EVT-0189,EVIDENCED_BY,1153,,,,,,
EVT-0190,EVIDENCED_BY,1154,,,,,,
EVT-0191,EVIDENCED_BY,1154,,,,,,
EVT-0192,EVIDENCED_BY,1155,,,,,,
EVT-0193,EVIDENCED_BY,1155,,,,,,
EVT-0194,EVIDENCED_BY,1157,,,,,,
EVT-0194,RELATED_TO,POL-0029,1157,1157000,0.8,,,
EVT-0195,EVIDENCED_BY,1158,,,,,,
EVT-0196,EVIDENCED_BY,1158,,,,,,
EVT-0197,EVIDENCED_BY,1159,,,,,,
EVT-0198,EVIDENCED_BY,1159,,,,,,
EVT-0199,EVIDENCED_BY,1159,,,,,,
EVT-0200,EVIDENCED_BY,1159,,,,,,
EVT-0201,EVIDENCED_BY,1160,,,,,,
EVT-0202,EVIDENCED_BY,1161,,,,,,
EVT-0203,EVIDENCED_BY,1162,,,,,,
EVT-0204,EVIDENCED_BY,1162,,,,,,
EVT-0205,EVIDENCED_BY,1021,,,,,,
EVT-0205,EVIDENCED_BY,1163,,,,,,
EVT-0205,ISSUED_BY,INST-0069,1021,1021000,0.95,,,
EVT-0205,ISSUED_BY,INST-0069,1163,1163000,0.92,,,
EVT-0206,EVIDENCED_BY,1163,,,,,,
EVT-0207,EVIDENCED_BY,1164,,,,,,
EVT-0208,EVIDENCED_BY,1167,,,,,,
EVT-0209,EVIDENCED_BY,1167,,,,,,
EVT-0210,EVIDENCED_BY,1168,,,,,,
EVT-0211,EVIDENCED_BY,1169,,,,,,
EVT-0212,EVIDENCED_BY,1169,,,,,,
EVT-0213,EVIDENCED_BY,1170,,,,,,
EVT-0213,ISSUED_BY,INST-0159,1170,1170001,0.9,,,
EVT-0214,EVIDENCED_BY,1171,,,,,,
EVT-0215,EVIDENCED_BY,1171,,,,,,
EVT-0216,EVIDENCED_BY,1172,,,,,,
EVT-0217,EVIDENCED_BY,1172,,,,,,
EVT-0218,EVIDENCED_BY,1173,,,,,,
EVT-0219,EVIDENCED_BY,1173,,,,,,
EVT-0220,EVIDENCED_BY,1174,,,,,,
EVT-0221,EVIDENCED_BY,1174,,,,,,
EVT-0222,EVIDENCED_BY,1175,,,,,,
EVT-0223,EVIDENCED_BY,1175,,,,,,
EVT-0224,EVIDENCED_BY,1176,,,,,,
EVT-0225,EVIDENCED_BY,1176,,,,,,
EVT-0226,EVIDENCED_BY,1177,,,,,,
EVT-0227,EVIDENCED_BY,1178,,,,,,
EVT-0228,EVIDENCED_BY,1178,,,,,,
EVT-0229,EVIDENCED_BY,1179,,,,,,
EVT-0230,EVIDENCED_BY,1179,,,,,,
EVT-0231,EVIDENCED_BY,1180,,,,,,
EVT-0232,EVIDENCED_BY,1181,,,,,,
EVT-0232,ISSUED_BY,INST-0285,1181,1181000,0.95,,,
EVT-0232,RELATED_TO,POL-0032,1181,1181000,0.9,,,
EVT-0233,EVIDENCED_BY,1181,,,,,,
EVT-0233,RELATED_TO,POL-0030,1181,1181000,0.85,,,
EVT-0234,EVIDENCED_BY,1182,,,,,,
EVT-0235,EVIDENCED_BY,1182,,,,,,
EVT-0236,EVIDENCED_BY,1183,,,,,,
EVT-0236,ISSUED_BY,INST-0069,1183,1183000,0.93,,,
EVT-0237,EVIDENCED_BY,1184,,,,,,
EVT-0238,EVIDENCED_BY,1185,,,,,,
EVT-0239,EVIDENCED_BY,1186,,,,,,
EVT-0240,EVIDENCED_BY,1187,,,,,,
EVT-0241,EVIDENCED_BY,1188,,,,,,
EVT-0241,ISSUED_BY,INST-0063,1188,1188000,0.9,,,
EVT-0242,EVIDENCED_BY,1188,,,,,,
EVT-0242,RELATED_TO,POL-0047,1188,1188001,0.8,,,
EVT-0243,EVIDENCED_BY,1189,,,,,,
EVT-0244,EVIDENCED_BY,1189,,,,,,
EVT-0245,EVIDENCED_BY,1190,,,,,,
EVT-0246,EVIDENCED_BY,1191,,,,,,
EVT-0246,RELATED_TO,POL-0029,1191,1191001,0.8,,,
EVT-0247,EVIDENCED_BY,1192,,,,,,
EVT-0248,EVIDENCED_BY,1192,,,,,,
EVT-0249,EVIDENCED_BY,1192,,,,,,
EVT-0250,EVIDENCED_BY,1193,,,,,,
EVT-0251,EVIDENCED_BY,1193,,,,,,
EVT-0252,EVIDENCED_BY,1194,,,,,,
EVT-0253,EVIDENCED_BY,1195,,,,,,
EVT-0253,ISSUED_BY,INST-0069,1195,1195001,0.9,,,
EVT-0254,EVIDENCED_BY,1195,,,,,,
EVT-0255,EVIDENCED_BY,1196,,,,,,
EVT-0256,EVIDENCED_BY,1072,,,,,,
EVT-0256,EVIDENCED_BY,1197,,,,,,
EVT-0257,EVIDENCED_BY,1197,,,,,,
EVT-0258,EVIDENCED_BY,1198,,,,,,
EVT-0259,EVIDENCED_BY,1199,,,,,,
EVT-0259,RELATED_TO,POL-0046,1199,1199000,0.8,,,
EVT-0260,EVIDENCED_BY,1200,,,,,,
EVT-0260,ISSUED_BY,INST-0159,1200,1200000,0.95,,,
EVT-0261,EVIDENCED_BY,1201,,,,,,
EVT-0262,EVIDENCED_BY,1201,,,,,,
EVT-0262,ISSUED_BY,INST-0143,1201,1201001,0.9,,,
EVT-0263,EVIDENCED_BY,1201,,,,,,
EVT-0264,EVIDENCED_BY,1202,,,,,,
EVT-0265,EVIDENCED_BY,1202,,,,,,
EVT-0266,EVIDENCED_BY,1202,,,,,,
EVT-0267,EVIDENCED_BY,1203,,,,,,
EVT-0268,EVIDENCED_BY,1204,,,,,,
EVT-0269,EVIDENCED_BY,1204,,,,,,
EVT-0270,EVIDENCED_BY,1204,,,,,,
EVT-0271,EVIDENCED_BY,1205,,,,,,
EVT-0272,EVIDENCED_BY,1205,,,,,,
EVT-0273,EVIDENCED_BY,1205,,,,,,
EVT-0273,RELATED_TO,POL-0008,1205,1205003,0.8,,,
EVT-0274,EVIDENCED_BY,1206,,,,,,
EVT-0275,EVIDENCED_BY,1207,,,,,,
EVT-0276,EVIDENCED_BY,1207,,,,,,
EVT-0277,EVIDENCED_BY,1208,,,,,,
EVT-0278,EVIDENCED_BY,1209,,,,,,
EVT-0279,EVIDENCED_BY,1209,,,,,,
EVT-0280,EVIDENCED_BY,1210,,,,,,
EVT-0281,EVIDENCED_BY,1210,,,,,,
EVT-0282,EVIDENCED_BY,1211,,,,,,
EVT-0283,EVIDENCED_BY,1212,,,,,,
EVT-0284,EVIDENCED_BY,1212,,,,,,
EVT-0285,EVIDENCED_BY,1213,,,,,,
EVT-0286,EVIDENCED_BY,1214,,,,,,
EVT-0286,ISSUED_BY,INST-0285,1214,1214000,0.95,,,
EVT-0287,EVIDENCED_BY,1214,,,,,,
EVT-0287,ISSUED_BY,INST-0285,1214,1214001,0.95,,,
EVT-0288,EVIDENCED_BY,1214,,,,,,
EVT-0288,RELATED_TO,POL-0031,1214,1214001,0.85,,,
EVT-0288,RELATED_TO,POL-0032,1214,1214001,0.85,,,
EVT-0289,EVIDENCED_BY,1215,,,,,,
EVT-0290,EVIDENCED_BY,1216,,,,,,
EVT-0291,EVIDENCED_BY,1217,,,,,,
EVT-0292,EVIDENCED_BY,1218,,,,,,
EVT-0293,EVIDENCED_BY,1219,,,,,,
EVT-0294,EVIDENCED_BY,1219,,,,,,
EVT-0295,EVIDENCED_BY,1220,,,,,,
EVT-0296,EVIDENCED_BY,1220,,,,,,
EVT-0297,EVIDENCED_BY,1222,,,,,,
EVT-0298,EVIDENCED_BY,1223,,,,,,
EVT-0299,EVIDENCED_BY,1224,,,,,,
EVT-0299,ISSUED_BY,INST-0062,1224,1224000,0.95,,,
EVT-0300,EVIDENCED_BY,1224,,,,,,
EVT-0301,EVIDENCED_BY,1225,,,,,,
EVT-0302,EVIDENCED_BY,1225,,,,,,
EVT-0303,EVIDENCED_BY,1225,,,,,,
EVT-0304,EVIDENCED_BY,1226,,,,,,
EVT-0305,EVIDENCED_BY,1226,,,,,,
EVT-0306,EVIDENCED_BY,1227,,,,,,
EVT-0307,EVIDENCED_BY,1229,,,,,,
EVT-0308,EVIDENCED_BY,1229,,,,,,
EVT-0309,EVIDENCED_BY,1230,,,,,,
EVT-0310,EVIDENCED_BY,1231,,,,,,
EVT-0311,EVIDENCED_BY,1232,,,,,,
EVT-0312,EVIDENCED_BY,1232,,,,,,
EVT-0312,EVIDENCED_BY,1233,,,,,,
EVT-0313,EVIDENCED_BY,1232,,,,,,
EVT-0314,EVIDENCED_BY,1234,,,,,,
EVT-0314,RELATED_TO,POL-0008,1234,1234000,0.85,,,
EVT-0315,EVIDENCED_BY,1236,,,,,,
EVT-0316,EVIDENCED_BY,1237,,,,,,
EVT-0317,EVIDENCED_BY,1237,,,,,,
EVT-0318,EVIDENCED_BY,1238,,,,,,
EVT-0319,EVIDENCED_BY,1027,,,,,,
EVT-0319,EVIDENCED_BY,1239,,,,,,
EVT-0319,RELATED_TO,POL-0048,1027,1027001,0.8,,,
EVT-0320,EVIDENCED_BY,1241,,,,,,
EVT-0321,EVIDENCED_BY,1241,,,,,,
EVT-0322,EVIDENCED_BY,1242,,,,,,
EVT-0323,EVIDENCED_BY,1243,,,,,,
EVT-0324,EVIDENCED_BY,1244,,,,,,
EVT-0325,EVIDENCED_BY,1245,,,,,,
EVT-0326,EVIDENCED_BY,1245,,,,,,
EVT-0327,EVIDENCED_BY,1246,,,,,,
EVT-0328,EVIDENCED_BY,1247,,,,,,
EVT-0329,EVIDENCED_BY,1248,,,,,,
EVT-0330,EVIDENCED_BY,1249,,,,,,
EVT-0331,EVIDENCED_BY,1249,,,,,,
EVT-0332,EVIDENCED_BY,1250,,,,,,
EVT-0333,EVIDENCED_BY,1251,,,,,,
EVT-0334,EVIDENCED_BY,1255,,,,,,
EVT-0335,EVIDENCED_BY,1257,,,,,,
EVT-0336,EVIDENCED_BY,1257,,,,,,
EVT-0337,EVIDENCED_BY,1257,,,,,,
EVT-0338,EVIDENCED_BY,1258,,,,,,
EVT-0339,EVIDENCED_BY,1258,,,,,,
EVT-0340,EVIDENCED_BY,1259,,,,,,
EVT-0340,RELATED_TO,POL-0080,1259,1259003,0.8,,,
EVT-0341,EVIDENCED_BY,1259,,,,,,
EVT-0342,EVIDENCED_BY,1261,,,,,,
EVT-0342,RELATED_TO,POL-0057,1261,1261002,0.8,,,
EVT-0343,EVIDENCED_BY,1262,,,,,,
EVT-0344,EVIDENCED_BY,1263,,,,,,
EVT-0345,EVIDENCED_BY,1264,,,,,,
EVT-0346,EVIDENCED_BY,1265,,,,,,
EVT-0347,EVIDENCED_BY,1265,,,,,,
EVT-0348,EVIDENCED_BY,1266,,,,,,
EVT-0349,EVIDENCED_BY,1266,,,,,,
EVT-0349,ISSUED_BY,INST-0062,1266,1266001,0.9,,,
EVT-0350,EVIDENCED_BY,1267,,,,,,
EVT-0351,EVIDENCED_BY,1268,,,,,,
EVT-0352,EVIDENCED_BY,1269,,,,,,
EVT-0352,RELATED_TO,POL-0082,1269,1269000,0.8,,,
EVT-0353,EVIDENCED_BY,1270,,,,,,
EVT-0354,EVIDENCED_BY,1271,,,,,,
EVT-0355,EVIDENCED_BY,1272,,,,,,
EVT-0356,EVIDENCED_BY,1272,,,,,,
EVT-0357,EVIDENCED_BY,1273,,,,,,
EVT-0358,EVIDENCED_BY,1274,,,,,,
EVT-0359,EVIDENCED_BY,1274,,,,,,
EVT-0360,EVIDENCED_BY,1275,,,,,,
EVT-0361,EVIDENCED_BY,1275,,,,,,
EVT-0362,EVIDENCED_BY,1276,,,,,,
EVT-0363,EVIDENCED_BY,1277,,,,,,
EVT-0364,EVIDENCED_BY,1278,,,,,,
EVT-0365,EVIDENCED_BY,1279,,,,,,
EVT-0366,EVIDENCED_BY,1279,,,,,,
EVT-0367,EVIDENCED_BY,1280,,,,,,
EVT-0368,EVIDENCED_BY,1280,,,,,,
EVT-0369,EVIDENCED_BY,1281,,,,,,
EVT-0369,ISSUED_BY,INST-0063,1281,1281000,0.9,,,
EVT-0370,EVIDENCED_BY,1281,,,,,,
EVT-0371,EVIDENCED_BY,1282,,,,,,
EVT-0372,EVIDENCED_BY,1283,,,,,,
EVT-0373,EVIDENCED_BY,1283,,,,,,
EVT-0374,EVIDENCED_BY,1284,,,,,,
EVT-0375,EVIDENCED_BY,1285,,,,,,
EVT-0376,EVIDENCED_BY,1285,,,,,,
EVT-0377,EVIDENCED_BY,1286,,,,,,
EVT-0378,EVIDENCED_BY,1287,,,,,,
EVT-0379,EVIDENCED_BY,1288,,,,,,
EVT-0380,EVIDENCED_BY,1289,,,,,,
EVT-0381,EVIDENCED_BY,1290,,,,,,
EVT-0382,EVIDENCED_BY,1291,,,,,,
EVT-0383,EVIDENCED_BY,1292,,,,,,
EVT-0384,EVIDENCED_BY,1292,,,,,,
EVT-0385,EVIDENCED_BY,1293,,,,,,
EVT-0386,EVIDENCED_BY,1293,,,,,,
EVT-0387,EVIDENCED_BY,1293,,,,,,
EVT-0388,EVIDENCED_BY,1294,,,,,,
EVT-0389,EVIDENCED_BY,1244,,,,,,
EVT-0389,EVIDENCED_BY,1294,,,,,,
EVT-0390,EVIDENCED_BY,1295,,,,,,
EVT-0390,RELATED_TO,POL-0001,1295,1295000,0.9,,,
EVT-0391,EVIDENCED_BY,1296,,,,,,
EVT-0392,EVIDENCED_BY,1297,,,,,,
EVT-0393,EVIDENCED_BY,1298,,,,,,
EVT-0394,EVIDENCED_BY,1298,,,,,,
EVT-0395,EVIDENCED_BY,1299,,,,,,
EVT-0396,EVIDENCED_BY,1301,,,,,,
EVT-0397,EVIDENCED_BY,1301,,,,,,
EVT-0398,EVIDENCED_BY,1302,,,,,,
EVT-0399,EVIDENCED_BY,1302,,,,,,
EVT-0400,EVIDENCED_BY,1303,,,,,,
EVT-0401,EVIDENCED_BY,1305,,,,,,
EVT-0402,EVIDENCED_BY,1306,,,,,,
EVT-0403,EVIDENCED_BY,1307,,,,,,
EVT-0404,EVIDENCED_BY,1307,,,,,,
EVT-0405,EVIDENCED_BY,1308,,,,,,
EVT-0406,EVIDENCED_BY,1308,,,,,,
EVT-0406,ISSUED_BY,INST-0307,1308,1308000,0.7,,,
EVT-0407,EVIDENCED_BY,1309,,,,,,
EVT-0407,RELATED_TO,POL-0074,1309,1309001,0.75,,,
EVT-0408,EVIDENCED_BY,1310,,,,,,
EVT-0409,EVIDENCED_BY,1311,,,,,,
EVT-0410,EVIDENCED_BY,1311,,,,,,
EVT-0411,EVIDENCED_BY,1311,,,,,,
EVT-0412,EVIDENCED_BY,1312,,,,,,
EVT-0413,EVIDENCED_BY,1313,,,,,,
EVT-0414,EVIDENCED_BY,1314,,,,,,
EVT-0415,EVIDENCED_BY,1315,,,,,,
EVT-0416,EVIDENCED_BY,1316,,,,,,
EVT-0417,EVIDENCED_BY,1317,,,,,,
EVT-0418,EVIDENCED_BY,1318,,,,,,
EVT-0419,EVIDENCED_BY,1318,,,,,,
EVT-0420,EVIDENCED_BY,1319,,,,,,
EVT-0421,EVIDENCED_BY,1320,,,,,,
EVT-0422,EVIDENCED_BY,1320,,,,,,
EVT-0423,EVIDENCED_BY,1321,,,,,,
EVT-0424,EVIDENCED_BY,1322,,,,,,
EVT-0425,EVIDENCED_BY,1323,,,,,,
EVT-0426,EVIDENCED_BY,1323,,,,,,
EVT-0427,EVIDENCED_BY,1325,,,,,,
EVT-0428,EVIDENCED_BY,1325,,,,,,
EVT-0429,EVIDENCED_BY,1326,,,,,,
EVT-0430,EVIDENCED_BY,1327,,,,,,
EVT-0431,EVIDENCED_BY,1327,,,,,,
EVT-0432,EVIDENCED_BY,1328,,,,,,
EVT-0433,EVIDENCED_BY,1329,,,,,,
EVT-0434,EVIDENCED_BY,1329,,,,,,
EVT-0435,EVIDENCED_BY,1330,,,,,,
EVT-0436,EVIDENCED_BY,1330,,,,,,
EVT-0437,EVIDENCED_BY,1330,,,,,,
EVT-0438,EVIDENCED_BY,1331,,,,,,
EVT-0439,EVIDENCED_BY,1332,,,,,,
EVT-0440,EVIDENCED_BY,1334,,,,,,
EVT-0441,EVIDENCED_BY,1335,,,,,,
EVT-0442,EVIDENCED_BY,1335,,,,,,
EVT-0443,EVIDENCED_BY,1335,,,,,,
EVT-0444,EVIDENCED_BY,1336,,,,,,
EVT-0445,EVIDENCED_BY,1338,,,,,,
EVT-0446,EVIDENCED_BY,1339,,,,,,
EVT-0447,EVIDENCED_BY,1339,,,,,,
EVT-0448,EVIDENCED_BY,1340,,,,,,
EVT-0448,RELATED_TO,POL-0002,1340,1340001,0.7,,,
EVT-0449,EVIDENCED_BY,1341,,,,,,
EVT-0450,EVIDENCED_BY,1342,,,,,,
EVT-0450,ISSUED_BY,INST-0069,1342,1342000,0.9,,,
EVT-0451,EVIDENCED_BY,1342,,,,,,
EVT-0452,EVIDENCED_BY,1344,,,,,,
EVT-0453,EVIDENCED_BY,1344,,,,,,
EVT-0454,EVIDENCED_BY,1345,,,,,,
EVT-0455,EVIDENCED_BY,1346,,,,,,
EVT-0456,EVIDENCED_BY,1346,,,,,,
EVT-0457,EVIDENCED_BY,1347,,,,,,
EVT-0458,EVIDENCED_BY,1349,,,,,,
EVT-0458,RELATED_TO,POL-0018,1349,1349000,0.7,,,
EVT-0459,EVIDENCED_BY,1350,,,,,,
EVT-0460,EVIDENCED_BY,1351,,,,,,
EVT-0461,EVIDENCED_BY,1351,,,,,,
EVT-0462,EVIDENCED_BY,1352,,,,,,
EVT-0463,EVIDENCED_BY,1353,,,,,,
EVT-0464,EVIDENCED_BY,1353,,,,,,
EVT-0465,EVIDENCED_BY,1354,,,,,,
EVT-0466,EVIDENCED_BY,1355,,,,,,
EVT-0466,ISSUED_BY,INST-0159,1355,1355000,0.95,,,
EVT-0467,EVIDENCED_BY,1356,,,,,,
EVT-0468,EVIDENCED_BY,1356,,,,,,
EVT-0469,EVIDENCED_BY,1357,,,,,,
EVT-0470,EVIDENCED_BY,1358,,,,,,
EVT-0471,EVIDENCED_BY,1359,,,,,,
EVT-0472,EVIDENCED_BY,1359,,,,,,
EVT-0473,EVIDENCED_BY,1359,,,,,,
EVT-0474,EVIDENCED_BY,1360,,,,,,
EVT-0475,EVIDENCED_BY,1361,,,,,,
EVT-0476,EVIDENCED_BY,1362,,,,,,
EVT-0477,EVIDENCED_BY,1362,,,,,,
EVT-0478,EVIDENCED_BY,1304,,,,,,
EVT-0478,EVIDENCED_BY,1363,,,,,,
EVT-0479,EVIDENCED_BY,1363,,,,,,
EVT-0480,EVIDENCED_BY,1364,,,,,,
EVT-0481,EVIDENCED_BY,1364,,,,,,
EVT-0482,EVIDENCED_BY,1364,,,,,,
EVT-0483,EVIDENCED_BY,1364,,,,,,
EVT-0484,EVIDENCED_BY,1365,,,,,,
EVT-0485,EVIDENCED_BY,1365,,,,,,
EVT-0486,EVIDENCED_BY,1366,,,,,,
EVT-0487,EVIDENCED_BY,1367,,,,,,
EVT-0488,EVIDENCED_BY,1368,,,,,,
EVT-0489,EVIDENCED_BY,1368,,,,,,
EVT-0490,EVIDENCED_BY,1369,,,,,,
EVT-0491,EVIDENCED_BY,1370,,,,,,
EVT-0492,EVIDENCED_BY,1370,,,,,,
EVT-0493,EVIDENCED_BY,1371,,,,,,
EVT-0494,EVIDENCED_BY,1372,,,,,,
EVT-0495,EVIDENCED_BY,1372,,,,,,
EVT-0495,RELATED_TO,POL-0009,1372,1372000,0.9,,,
EVT-0496,EVIDENCED_BY,1373,,,,,,
EVT-0497,EVIDENCED_BY,1374,,,,,,
EVT-0498,EVIDENCED_BY,1375,,,,,,
EVT-0499,EVIDENCED_BY,1376,,,,,,
EVT-0499,ISSUED_BY,INST-0307,1376,1376003,0.85,,,
EVT-0500,EVIDENCED_BY,1376,,,,,,
EVT-0501,EVIDENCED_BY,1377,,,,,,
EVT-0502,EVIDENCED_BY,1377,,,,,,
EVT-0503,EVIDENCED_BY,1379,,,,,,
EVT-0504,EVIDENCED_BY,1379,,,,,,
EVT-0505,EVIDENCED_BY,1380,,,,,,
EVT-0506,EVIDENCED_BY,1381,,,,,,
EVT-0507,EVIDENCED_BY,1381,,,,,,
EVT-0508,EVIDENCED_BY,1382,,,,,,
EVT-0509,EVIDENCED_BY,1382,,,,,,
EVT-0510,EVIDENCED_BY,1383,,,,,,
EVT-0511,EVIDENCED_BY,1384,,,,,,
EVT-0512,EVIDENCED_BY,1384,,,,,,
EVT-0513,EVIDENCED_BY,1385,,,,,,
EVT-0514,EVIDENCED_BY,1386,,,,,,
EVT-0515,EVIDENCED_BY,1387,,,,,,
EVT-0515,ISSUED_BY,INST-0231,1387,1387001,0.9,,,
EVT-0515,ISSUED_BY,INST-0305,1387,1387001,0.9,,,
EVT-0516,EVIDENCED_BY,1388,,,,,,
EVT-0517,EVIDENCED_BY,1389,,,,,,
EVT-0518,EVIDENCED_BY,1389,,,,,,
EVT-0519,EVIDENCED_BY,1390,,,,,,
EVT-0520,EVIDENCED_BY,1390,,,,,,
EVT-0521,EVIDENCED_BY,1392,,,,,,
EVT-0522,EVIDENCED_BY,1393,,,,,,
EVT-0523,EVIDENCED_BY,1394,,,,,,
EVT-0524,EVIDENCED_BY,1395,,,,,,
EVT-0525,EVIDENCED_BY,1396,,,,,,
EVT-0526,EVIDENCED_BY,1396,,,,,,
EVT-0527,EVIDENCED_BY,1397,,,,,,
EVT-0527,ISSUED_BY,INST-0063,1397,1397000,0.9,,,
EVT-0528,EVIDENCED_BY,1397,,,,,,
EVT-0529,EVIDENCED_BY,1398,,,,,,
EVT-0530,EVIDENCED_BY,1399,,,,,,
EVT-0531,EVIDENCED_BY,1400,,,,,,
EVT-0532,EVIDENCED_BY,1401,,,,,,
EVT-0533,EVIDENCED_BY,1401,,,,,,
EVT-0534,EVIDENCED_BY,1402,,,,,,
EVT-0535,EVIDENCED_BY,1403,,,,,,
EVT-0536,EVIDENCED_BY,1403,,,,,,
EVT-0537,EVIDENCED_BY,1404,,,,,,
EVT-0538,EVIDENCED_BY,1405,,,,,,
EVT-0539,EVIDENCED_BY,1406,,,,,,
EVT-0540,EVIDENCED_BY,1407,,,,,,
EVT-0541,EVIDENCED_BY,1408,,,,,,
EVT-0542,EVIDENCED_BY,1408,,,,,,
EVT-0543,EVIDENCED_BY,1409,,,,,,
EVT-0544,EVIDENCED_BY,1410,,,,,,
EVT-0545,EVIDENCED_BY,1411,,,,,,
EVT-0546,EVIDENCED_BY,1412,,,,,,
EVT-0547,EVIDENCED_BY,1412,,,,,,
EVT-0548,EVIDENCED_BY,1413,,,,,,
EVT-0549,EVIDENCED_BY,1414,,,,,,
EVT-0550,EVIDENCED_BY,1415,,,,,,
EVT-0551,EVIDENCED_BY,1415,,,,,,
EVT-0552,EVIDENCED_BY,1416,,,,,,
EVT-0553,EVIDENCED_BY,1417,,,,,,
EVT-0554,EVIDENCED_BY,1418,,,,,,
EVT-0555,EVIDENCED_BY,1419,,,,,,
EVT-0556,EVIDENCED_BY,1420,,,,,,
EVT-0557,EVIDENCED_BY,1421,,,,,,
EVT-0558,EVIDENCED_BY,1422,,,,,,
EVT-0559,EVIDENCED_BY,1423,,,,,,
EVT-0560,EVIDENCED_BY,1424,,,,,,
EVT-0561,EVIDENCED_BY,1424,,,,,,
EVT-0562,EVIDENCED_BY,1425,,,,,,
EVT-0563,EVIDENCED_BY,1426,,,,,,
EVT-0563,EVIDENCED_BY,1427,,,,,,
EVT-0564,EVIDENCED_BY,1426,,,,,,
EVT-0565,EVIDENCED_BY,1427,,,,,,
EVT-0566,EVIDENCED_BY,1428,,,,,,
EVT-0567,EVIDENCED_BY,1428,,,,,,
EVT-0568,EVIDENCED_BY,1429,,,,,,
EVT-0569,EVIDENCED_BY,1429,,,,,,
EVT-0570,EVIDENCED_BY,1430,,,,,,
EVT-0571,EVIDENCED_BY,1430,,,,,,
EVT-0572,EVIDENCED_BY,1431,,,,,,
EVT-0573,EVIDENCED_BY,1432,,,,,,
EVT-0574,EVIDENCED_BY,1433,,,,,,
EVT-0575,EVIDENCED_BY,1433,,,,,,
EVT-0576,EVIDENCED_BY,1434,,,,,,
EVT-0577,EVIDENCED_BY,1435,,,,,,
EVT-0578,EVIDENCED_BY,1436,,,,,,
EVT-0579,EVIDENCED_BY,1437,,,,,,
EVT-0580,EVIDENCED_BY,1437,,,,,,
EVT-0581,EVIDENCED_BY,1438,,,,,,
EVT-0582,EVIDENCED_BY,1439,,,,,,
EVT-0583,EVIDENCED_BY,1440,,,,,,
EVT-0584,EVIDENCED_BY,1441,,,,,,
EVT-0585,EVIDENCED_BY,1442,,,,,,
EVT-0586,EVIDENCED_BY,1442,,,,,,
EVT-0587,EVIDENCED_BY,1443,,,,,,
EVT-0588,EVIDENCED_BY,1445,,,,,,
EVT-0589,EVIDENCED_BY,1445,,,,,,
EVT-0590,EVIDENCED_BY,1446,,,,,,
EVT-0591,EVIDENCED_BY,1446,,,,,,
EVT-0592,EVIDENCED_BY,1447,,,,,,
EVT-0592,RELATED_TO,POL-0052,1447,1447002,0.8,,,
EVT-0593,EVIDENCED_BY,1448,,,,,,
EVT-0594,EVIDENCED_BY,1449,,,,,,
EVT-0595,EVIDENCED_BY,1450,,,,,,
EVT-0595,RELATED_TO,POL-0024,1450,1450001,0.7,,,
EVT-0596,EVIDENCED_BY,1450,,,,,,
EVT-0597,EVIDENCED_BY,1451,,,,,,
EVT-0598,EVIDENCED_BY,1452,,,,,,
EVT-0599,EVIDENCED_BY,1453,,,,,,
EVT-0600,EVIDENCED_BY,1454,,,,,,
EVT-0601,EVIDENCED_BY,1455,,,,,,
EVT-0602,EVIDENCED_BY,1456,,,,,,
EVT-0603,EVIDENCED_BY,1457,,,,,,
EVT-0604,EVIDENCED_BY,1458,,,,,,
EVT-0605,EVIDENCED_BY,1459,,,,,,
EVT-0606,EVIDENCED_BY,1460,,,,,,
EVT-0607,EVIDENCED_BY,1461,,,,,,
EVT-0608,EVIDENCED_BY,1462,,,,,,
EVT-0609,EVIDENCED_BY,1463,,,,,,
EVT-0610,EVIDENCED_BY,1464,,,,,,
EVT-0611,EVIDENCED_BY,1465,,,,,,
EVT-0612,EVIDENCED_BY,1466,,,,,,
EVT-0613,EVIDENCED_BY,1466,,,,,,
EVT-0614,EVIDENCED_BY,1466,,,,,,
EVT-0615,EVIDENCED_BY,1467,,,,,,
EVT-0616,EVIDENCED_BY,1468,,,,,,
EVT-0617,EVIDENCED_BY,1469,,,,,,
EVT-0618,EVIDENCED_BY,1469,,,,,,
EVT-0619,EVIDENCED_BY,1470,,,,,,
EVT-0620,EVIDENCED_BY,1471,,,,,,
EVT-0621,EVIDENCED_BY,1471,,,,,,
EVT-0622,EVIDENCED_BY,1472,,,,,,
EVT-0623,EVIDENCED_BY,1473,,,,,,
EVT-0624,EVIDENCED_BY,1473,,,,,,
EVT-0625,EVIDENCED_BY,1473,,,,,,
EVT-0626,EVIDENCED_BY,1473,,,,,,
EVT-0627,EVIDENCED_BY,1474,,,,,,
EVT-0628,EVIDENCED_BY,1475,,,,,,
EVT-0629,EVIDENCED_BY,1476,,,,,,
EVT-0630,EVIDENCED_BY,1477,,,,,,
EVT-0631,EVIDENCED_BY,1478,,,,,,
EVT-0632,EVIDENCED_BY,1479,,,,,,
EVT-0633,EVIDENCED_BY,1480,,,,,,
EVT-0634,EVIDENCED_BY,1481,,,,,,
EVT-0635,EVIDENCED_BY,1482,,,,,,
EVT-0636,EVIDENCED_BY,1483,,,,,,
EVT-0637,EVIDENCED_BY,1483,,,,,,
EVT-0638,EVIDENCED_BY,1484,,,,,,
EVT-0639,EVIDENCED_BY,1485,,,,,,
EVT-0640,EVIDENCED_BY,1486,,,,,,
EVT-0641,EVIDENCED_BY,1487,,,,,,
EVT-0642,EVIDENCED_BY,1488,,,,,,
EVT-0642,RELATED_TO,POL-0055,1488,1488002,0.85,,,
EVT-0643,EVIDENCED_BY,1489,,,,,,
EVT-0644,EVIDENCED_BY,1490,,,,,,
EVT-0645,EVIDENCED_BY,1491,,,,,,
EVT-0646,EVIDENCED_BY,1492,,,,,,
EVT-0647,EVIDENCED_BY,1492,,,,,,
EVT-0648,EVIDENCED_BY,1492,,,,,,
EVT-0649,EVIDENCED_BY,1492,,,,,,
EVT-0650,EVIDENCED_BY,1493,,,,,,
EVT-0651,EVIDENCED_BY,1494,,,,,,
EVT-0652,EVIDENCED_BY,1495,,,,,,
EVT-0653,EVIDENCED_BY,1496,,,,,,
EVT-0654,EVIDENCED_BY,1496,,,,,,
EVT-0655,EVIDENCED_BY,1497,,,,,,
EVT-0656,EVIDENCED_BY,1498,,,,,,
EVT-0657,EVIDENCED_BY,1499,,,,,,
EVT-0657,RELATED_TO,POL-0024,1499,1499001,0.8,,,
EVT-0658,EVIDENCED_BY,1500,,,,,,
EVT-0659,EVIDENCED_BY,1501,,,,,,
EVT-0660,EVIDENCED_BY,1501,,,,,,
EVT-0661,EVIDENCED_BY,1502,,,,,,
EVT-0662,EVIDENCED_BY,1503,,,,,,
EVT-0663,EVIDENCED_BY,1503,,,,,,
EVT-0664,EVIDENCED_BY,1504,,,,,,
EVT-0665,EVIDENCED_BY,1505,,,,,,
EVT-0666,EVIDENCED_BY,1505,,,,,,
EVT-0667,EVIDENCED_BY,1506,,,,,,
EVT-0668,EVIDENCED_BY,1507,,,,,,
EVT-0669,EVIDENCED_BY,1508,,,,,,
EVT-0670,EVIDENCED_BY,1509,,,,,,
EVT-0671,EVIDENCED_BY,1510,,,,,,
EVT-0672,EVIDENCED_BY,1510,,,,,,
EVT-0673,EVIDENCED_BY,1511,,,,,,
EVT-0674,EVIDENCED_BY,1511,,,,,,
EVT-0675,EVIDENCED_BY,1512,,,,,,
EVT-0676,EVIDENCED_BY,1513,,,,,,
EVT-0677,EVIDENCED_BY,1514,,,,,,
EVT-0678,EVIDENCED_BY,1515,,,,,,
EVT-0679,EVIDENCED_BY,1516,,,,,,
EVT-0680,EVIDENCED_BY,1517,,,,,,
EVT-0681,EVIDENCED_BY,1517,,,,,,
EVT-0682,EVIDENCED_BY,1517,,,,,,
EVT-0683,EVIDENCED_BY,1517,,,,,,
EVT-0684,EVIDENCED_BY,1518,,,,,,
EVT-0685,EVIDENCED_BY,1519,,,,,,
EVT-0686,EVIDENCED_BY,1520,,,,,,
EVT-0687,EVIDENCED_BY,1521,,,,,,
EVT-0688,EVIDENCED_BY,1522,,,,,,
EVT-0689,EVIDENCED_BY,1523,,,,,,
EVT-0690,EVIDENCED_BY,1524,,,,,,
EVT-0691,EVIDENCED_BY,1525,,,,,,
EVT-0692,EVIDENCED_BY,1526,,,,,,
EVT-0693,EVIDENCED_BY,1527,,,,,,
EVT-0694,EVIDENCED_BY,1528,,,,,,
EVT-0695,EVIDENCED_BY,1529,,,,,,
EVT-0696,EVIDENCED_BY,1529,,,,,,
EVT-0697,EVIDENCED_BY,1530,,,,,,
EVT-0698,EVIDENCED_BY,1530,,,,,,
EVT-0699,EVIDENCED_BY,1531,,,,,,
EVT-0700,EVIDENCED_BY,1531,,,,,,
EVT-0701,EVIDENCED_BY,1532,,,,,,
EVT-0702,EVIDENCED_BY,1533,,,,,,
EVT-0703,EVIDENCED_BY,1533,,,,,,
EVT-0704,EVIDENCED_BY,1534,,,,,,
EVT-0705,EVIDENCED_BY,1535,,,,,,
EVT-0706,EVIDENCED_BY,1535,,,,,,
EVT-0707,EVIDENCED_BY,1536,,,,,,
EVT-0708,EVIDENCED_BY,1536,,,,,,
EVT-0709,EVIDENCED_BY,1536,,,,,,
EVT-0710,EVIDENCED_BY,1536,,,,,,
EVT-0711,EVIDENCED_BY,1537,,,,,,
EVT-0712,EVIDENCED_BY,1537,,,,,,
EVT-0713,EVIDENCED_BY,1538,,,,,,
EVT-0714,EVIDENCED_BY,1539,,,,,,
EVT-0715,EVIDENCED_BY,1540,,,,,,
EVT-0716,EVIDENCED_BY,1541,,,,,,
EVT-0717,EVIDENCED_BY,1542,,,,,,
EVT-0718,EVIDENCED_BY,1542,,,,,,
EVT-0719,EVIDENCED_BY,1543,,,,,,
EVT-0720,EVIDENCED_BY,1543,,,,,,
EVT-0721,EVIDENCED_BY,1544,,,,,,
EVT-0722,EVIDENCED_BY,1545,,,,,,
EVT-0723,EVIDENCED_BY,1546,,,,,,
EVT-0724,EVIDENCED_BY,1547,,,,,,
EVT-0725,EVIDENCED_BY,1548,,,,,,
EVT-0726,EVIDENCED_BY,1549,,,,,,
EVT-0727,EVIDENCED_BY,1550,,,,,,
EVT-0728,EVIDENCED_BY,1551,,,,,,
EVT-0729,EVIDENCED_BY,1552,,,,,,
EVT-0730,EVIDENCED_BY,1553,,,,,,
EVT-0731,EVIDENCED_BY,1554,,,,,,
EVT-0732,EVIDENCED_BY,1555,,,,,,
EVT-0733,EVIDENCED_BY,1556,,,,,,
EVT-0734,EVIDENCED_BY,1557,,,,,,
EVT-0735,EVIDENCED_BY,1558,,,,,,
EVT-0736,EVIDENCED_BY,1559,,,,,,
EVT-0737,EVIDENCED_BY,1560,,,,,,
EVT-0738,EVIDENCED_BY,1561,,,,,,
EVT-0739,EVIDENCED_BY,1562,,,,,,
EVT-0740,EVIDENCED_BY,1563,,,,,,
EVT-0741,EVIDENCED_BY,1564,,,,,,
EVT-0742,EVIDENCED_BY,1565,,,,,,
EVT-0743,EVIDENCED_BY,1566,,,,,,
EVT-0744,EVIDENCED_BY,1567,,,,,,
EVT-0745,EVIDENCED_BY,1567,,,,,,
EVT-0746,EVIDENCED_BY,1568,,,,,,
EVT-0747,EVIDENCED_BY,1568,,,,,,
EVT-0748,EVIDENCED_BY,1569,,,,,,
EVT-0749,EVIDENCED_BY,1570,,,,,,
EVT-0750,EVIDENCED_BY,1571,,,,,,
EVT-0751,EVIDENCED_BY,1571,,,,,,
EVT-0752,EVIDENCED_BY,1572,,,,,,
EVT-0753,EVIDENCED_BY,1573,,,,,,
EVT-0754,EVIDENCED_BY,1574,,,,,,
EVT-0755,EVIDENCED_BY,1575,,,,,,
EVT-0756,EVIDENCED_BY,1575,,,,,,
EVT-0757,EVIDENCED_BY,1576,,,,,,
EVT-0758,EVIDENCED_BY,1577,,,,,,
EVT-0759,EVIDENCED_BY,1578,,,,,,
EVT-0760,EVIDENCED_BY,1579,,,,,,
EVT-0761,EVIDENCED_BY,1579,,,,,,
EVT-0762,EVIDENCED_BY,1580,,,,,,
EVT-0763,EVIDENCED_BY,1581,,,,,,
EVT-0764,EVIDENCED_BY,1582,,,,,,
EVT-0765,EVIDENCED_BY,1583,,,,,,
EVT-0766,EVIDENCED_BY,1584,,,,,,
EVT-0767,EVIDENCED_BY,1585,,,,,,
EVT-0768,EVIDENCED_BY,1586,,,,,,
EVT-0769,EVIDENCED_BY,1587,,,,,,
EVT-0770,EVIDENCED_BY,1588,,,,,,
EVT-0770,RELATED_TO,POL-0055,1588,1588002,0.85,,,
EVT-0771,EVIDENCED_BY,1589,,,,,,
EVT-0772,EVIDENCED_BY,1590,,,,,,
EVT-0773,EVIDENCED_BY,1591,,,,,,
EVT-0774,EVIDENCED_BY,1592,,,,,,
EVT-0775,EVIDENCED_BY,1592,,,,,,
EVT-0776,EVIDENCED_BY,1593,,,,,,
EVT-0777,EVIDENCED_BY,2001,,,,,,
EVT-0778,EVIDENCED_BY,2002,,,,,,
EVT-0779,EVIDENCED_BY,1129,,,,,,
EVT-0779,EVIDENCED_BY,2003,,,,,,
EVT-0780,EVIDENCED_BY,2003,,,,,,
EVT-0781,EVIDENCED_BY,2004,,,,,,
EVT-0782,EVIDENCED_BY,2004,,,,,,
EVT-0783,EVIDENCED_BY,2005,,,,,,
EVT-0784,EVIDENCED_BY,2006,,,,,,
EVT-0785,EVIDENCED_BY,2006,,,,,,
EVT-0786,EVIDENCED_BY,2006,,,,,,
EVT-0787,EVIDENCED_BY,2006,,,,,,
EVT-0788,EVIDENCED_BY,2007,,,,,,
EVT-0789,EVIDENCED_BY,2007,,,,,,
EVT-0790,EVIDENCED_BY,2007,,,,,,
EVT-0791,EVIDENCED_BY,2008,,,,,,
EVT-0792,EVIDENCED_BY,2009,,,,,,
EVT-0793,EVIDENCED_BY,2009,,,,,,
EVT-0793,ISSUED_BY,INST-0191,2009,2009003,0.9,,,
EVT-0793,RELATED_TO,POL-0098,2009,2009003,0.9,,,
EVT-0794,EVIDENCED_BY,2009,,,,,,
EVT-0795,EVIDENCED_BY,1015,,,,,,
EVT-0795,EVIDENCED_BY,2010,,,,,,
EVT-0796,EVIDENCED_BY,2010,,,,,,
EVT-0797,EVIDENCED_BY,2010,,,,,,
EVT-0798,EVIDENCED_BY,2010,,,,,,
EVT-0799,EVIDENCED_BY,2011,,,,,,
EVT-0800,EVIDENCED_BY,2011,,,,,,
EVT-0801,EVIDENCED_BY,2011,,,,,,
EVT-0802,EVIDENCED_BY,2011,,,,,,
EVT-0803,EVIDENCED_BY,2012,,,,,,
EVT-0804,EVIDENCED_BY,2012,,,,,,
EVT-0805,EVIDENCED_BY,2013,,,,,,
EVT-0806,EVIDENCED_BY,2013,,,,,,
EVT-0807,EVIDENCED_BY,2013,,,,,,
EVT-0808,EVIDENCED_BY,2013,,,,,,
EVT-0809,EVIDENCED_BY,2014,,,,,,
EVT-0810,EVIDENCED_BY,2014,,,,,,
EVT-0811,EVIDENCED_BY,2015,,,,,,
EVT-0812,EVIDENCED_BY,2015,,,,,,
EVT-0813,EVIDENCED_BY,2016,,,,,,
EVT-0814,EVIDENCED_BY,2016,,,,,,
EVT-0815,EVIDENCED_BY,2017,,,,,,
EVT-0816,EVIDENCED_BY,2017,,,,,,
EVT-0817,EVIDENCED_BY,2017,,,,,,
EVT-0818,EVIDENCED_BY,2018,,,,,,
EVT-0819,EVIDENCED_BY,2018,,,,,,
EVT-0820,EVIDENCED_BY,2018,,,,,,
EVT-0821,EVIDENCED_BY,2018,,,,,,
EVT-0822,EVIDENCED_BY,2019,,,,,,
EVT-0823,EVIDENCED_BY,2019,,,,,,
EVT-0824,EVIDENCED_BY,2019,,,,,,
EVT-0825,EVIDENCED_BY,2019,,,,,,
EVT-0826,EVIDENCED_BY,2020,,,,,,
EVT-0827,EVIDENCED_BY,2020,,,,,,
EVT-0828,EVIDENCED_BY,2021,,,,,,
EVT-0829,EVIDENCED_BY,2021,,,,,,
EVT-0830,EVIDENCED_BY,2021,,,,,,
EVT-0831,EVIDENCED_BY,2021,,,,,,
EVT-0832,EVIDENCED_BY,2022,,,,,,
EVT-0833,EVIDENCED_BY,2022,,,,,,
EVT-0834,EVIDENCED_BY,2022,,,,,,
EVT-0835,EVIDENCED_BY,2022,,,,,,
EVT-0836,EVIDENCED_BY,2023,,,,,,
EVT-0837,EVIDENCED_BY,2024,,,,,,
EVT-0838,EVIDENCED_BY,2025,,,,,,
EVT-0838,ISSUED_BY,INST-0050,2025,2025000,0.92,,,
EVT-0839,EVIDENCED_BY,2025,,,,,,
EVT-0840,EVIDENCED_BY,2025,,,,,,
EVT-0841,EVIDENCED_BY,2025,,,,,,
EVT-0842,EVIDENCED_BY,2026,,,,,,
EVT-0843,EVIDENCED_BY,2026,,,,,,
EVT-0844,EVIDENCED_BY,2027,,,,,,
EVT-0845,EVIDENCED_BY,2028,,,,,,
EVT-0845,ISSUED_BY,INST-0014,2028,2028001,0.85,,,
EVT-0846,EVIDENCED_BY,2028,,,,,,
EVT-0846,ISSUED_BY,INST-0014,2028,2028000,0.9,,,
EVT-0847,EVIDENCED_BY,2029,,,,,,
EVT-0848,EVIDENCED_BY,2029,,,,,,
EVT-0849,EVIDENCED_BY,2029,,,,,,
EVT-0850,EVIDENCED_BY,2029,,,,,,
EVT-0851,EVIDENCED_BY,2031,,,,,,
EVT-0852,EVIDENCED_BY,2031,,,,,,
EVT-0853,EVIDENCED_BY,2034,,,,,,
EVT-0853,ISSUED_BY,INST-0185,2034,2034000,0.9,,,
EVT-0853,RELATED_TO,POL-0060,2034,2034000,0.9,,,
EVT-0854,EVIDENCED_BY,2034,,,,,,
EVT-0854,ISSUED_BY,INST-0139,2034,2034000,0.9,,,
EVT-0854,RELATED_TO,POL-0028,2034,2034000,0.9,,,
EVT-0855,EVIDENCED_BY,2035,,,,,,
EVT-0855,ISSUED_BY,INST-0092,2035,2035000,0.9,,,
EVT-0856,EVIDENCED_BY,2037,,,,,,
EVT-0857,EVIDENCED_BY,2038,,,,,,
EVT-0858,EVIDENCED_BY,2038,,,,,,
EVT-0859,EVIDENCED_BY,2039,,,,,,
EVT-0860,EVIDENCED_BY,2039,,,,,,
EVT-0861,EVIDENCED_BY,2040,,,,,,
EVT-0862,EVIDENCED_BY,2040,,,,,,
EVT-0863,EVIDENCED_BY,2040,,,,,,
EVT-0864,EVIDENCED_BY,2041,,,,,,
EVT-0865,EVIDENCED_BY,2041,,,,,,
EVT-0866,EVIDENCED_BY,2042,,,,,,
EVT-0867,EVIDENCED_BY,2042,,,,,,
EVT-0868,EVIDENCED_BY,2042,,,,,,
EVT-0869,EVIDENCED_BY,2042,,,,,,
EVT-0870,EVIDENCED_BY,2043,,,,,,
EVT-0870,ISSUED_BY,INST-0040,2043,2043000,0.92,,,
EVT-0871,EVIDENCED_BY,2044,,,,,,
EVT-0872,EVIDENCED_BY,2044,,,,,,
EVT-0873,EVIDENCED_BY,2045,,,,,,
EVT-0873,ISSUED_BY,INST-0040,2045,2045000,0.95,,,
EVT-0874,EVIDENCED_BY,2045,,,,,,
EVT-0874,ISSUED_BY,INST-0040,2045,2045000,0.9,,,
EVT-0875,EVIDENCED_BY,2045,,,,,,
EVT-0875,ISSUED_BY,INST-0040,2045,2045001,0.95,,,
EVT-0876,EVIDENCED_BY,2046,,,,,,
EVT-0877,EVIDENCED_BY,2046,,,,,,
EVT-0878,EVIDENCED_BY,2046,,,,,,
EVT-0879,EVIDENCED_BY,2046,,,,,,
EVT-0880,EVIDENCED_BY,2047,,,,,,
EVT-0881,EVIDENCED_BY,2047,,,,,,
EVT-0882,EVIDENCED_BY,2047,,,,,,
EVT-0883,EVIDENCED_BY,2048,,,,,,
EVT-0884,EVIDENCED_BY,2048,,,,,,
EVT-0884,RELATED_TO,POL-0094,2048,2048004,0.8,,,
EVT-0885,EVIDENCED_BY,2048,,,,,,
EVT-0886,EVIDENCED_BY,2048,,,,,,
EVT-0887,EVIDENCED_BY,2049,,,,,,
EVT-0888,EVIDENCED_BY,2049,,,,,,
EVT-0888,ISSUED_BY,INST-0222,2049,2049002,0.85,,,
EVT-0889,EVIDENCED_BY,2050,,,,,,
EVT-0890,EVIDENCED_BY,2050,,,,,,
EVT-0891,EVIDENCED_BY,2051,,,,,,
EVT-0892,EVIDENCED_BY,2052,,,,,,
EVT-0893,EVIDENCED_BY,2052,,,,,,
EVT-0894,EVIDENCED_BY,2052,,,,,,
EVT-0895,EVIDENCED_BY,2052,,,,,,
EVT-0896,EVIDENCED_BY,2053,,,,,,
EVT-0897,EVIDENCED_BY,2054,,,,,,
EVT-0897,ISSUED_BY,INST-0179,2054,2054001,0.95,,,
EVT-0897,RELATED_TO,POL-0056,2054,2054001,0.95,,,
EVT-0898,EVIDENCED_BY,2054,,,,,,
EVT-0899,EVIDENCED_BY,2054,,,,,,
EVT-0900,EVIDENCED_BY,2054,,,,,,
EVT-0901,EVIDENCED_BY,2055,,,,,,
EVT-0902,EVIDENCED_BY,2057,,,,,,
EVT-0903,EVIDENCED_BY,2057,,,,,,
EVT-0904,EVIDENCED_BY,2057,,,,,,
EVT-0905,EVIDENCED_BY,2057,,,,,,
EVT-0906,EVIDENCED_BY,2058,,,,,,
EVT-0907,EVIDENCED_BY,2058,,,,,,
EVT-0908,EVIDENCED_BY,2058,,,,,,
EVT-0909,EVIDENCED_BY,2059,,,,,,
EVT-0910,EVIDENCED_BY,2059,,,,,,
EVT-0911,EVIDENCED_BY,2059,,,,,,
EVT-0912,EVIDENCED_BY,2060,,,,,,
EVT-0912,ISSUED_BY,INST-0144,2060,2060000,0.9,,,
EVT-0913,EVIDENCED_BY,2060,,,,,,
EVT-0914,EVIDENCED_BY,2060,,,,,,
EVT-0915,EVIDENCED_BY,2060,,,,,,
EVT-0916,EVIDENCED_BY,2061,,,,,,
EVT-0917,EVIDENCED_BY,2061,,,,,,
EVT-0918,EVIDENCED_BY,2061,,,,,,
EVT-0919,EVIDENCED_BY,2062,,,,,,
EVT-0920,EVIDENCED_BY,2062,,,,,,
EVT-0921,EVIDENCED_BY,2062,,,,,,
EVT-0922,EVIDENCED_BY,2062,,,,,,
EVT-0923,EVIDENCED_BY,2063,,,,,,
EVT-0924,EVIDENCED_BY,2063,,,,,,
EVT-0925,EVIDENCED_BY,2063,,,,,,
EVT-0926,EVIDENCED_BY,2066,,,,,,
EVT-0926,ISSUED_BY,INST-0241,2066,2066000,0.9,,,
EVT-0927,EVIDENCED_BY,2066,,,,,,
EVT-0928,EVIDENCED_BY,2066,,,,,,
EVT-0929,EVIDENCED_BY,2066,,,,,,
EVT-0930,EVIDENCED_BY,2067,,,,,,
EVT-0930,ISSUED_BY,INST-0008,2067,2067001,0.92,,,
EVT-0931,EVIDENCED_BY,2067,,,,,,
EVT-0932,EVIDENCED_BY,2067,,,,,,
EVT-0933,EVIDENCED_BY,2067,,,,,,
EVT-0934,EVIDENCED_BY,2068,,,,,,
EVT-0935,EVIDENCED_BY,2069,,,,,,
EVT-0936,EVIDENCED_BY,2069,,,,,,
EVT-0936,ISSUED_BY,INST-0106,2069,2069003,0.9,,,
EVT-0937,EVIDENCED_BY,2069,,,,,,
EVT-0938,EVIDENCED_BY,2069,,,,,,
EVT-0939,EVIDENCED_BY,2070,,,,,,
EVT-0940,EVIDENCED_BY,2071,,,,,,
EVT-0941,EVIDENCED_BY,2072,,,,,,
EVT-0942,EVIDENCED_BY,2072,,,,,,
EVT-0943,EVIDENCED_BY,2073,,,,,,
EVT-0944,EVIDENCED_BY,2073,,,,,,
EVT-0945,EVIDENCED_BY,2075,,,,,,
EVT-0946,EVIDENCED_BY,2075,,,,,,
EVT-0947,EVIDENCED_BY,2076,,,,,,
EVT-0948,EVIDENCED_BY,2076,,,,,,
EVT-0949,EVIDENCED_BY,2076,,,,,,
EVT-0950,EVIDENCED_BY,2076,,,,,,
EVT-0951,EVIDENCED_BY,2077,,,,,,
EVT-0952,EVIDENCED_BY,2077,,,,,,
EVT-0953,EVIDENCED_BY,2077,,,,,,
EVT-0954,EVIDENCED_BY,2077,,,,,,
EVT-0955,EVIDENCED_BY,2078,,,,,,
EVT-0956,EVIDENCED_BY,2078,,,,,,
EVT-0957,EVIDENCED_BY,2079,,,,,,
EVT-0958,EVIDENCED_BY,2079,,,,,,
EVT-0959,EVIDENCED_BY,2080,,,,,,
EVT-0960,EVIDENCED_BY,2080,,,,,,
EVT-0961,EVIDENCED_BY,2080,,,,,,
EVT-0962,EVIDENCED_BY,2080,,,,,,
EVT-0963,EVIDENCED_BY,2081,,,,,,
EVT-0964,EVIDENCED_BY,2081,,,,,,
EVT-0965,EVIDENCED_BY,2081,,,,,,
EVT-0966,EVIDENCED_BY,2081,,,,,,
EVT-0967,EVIDENCED_BY,2082,,,,,,
EVT-0968,EVIDENCED_BY,2082,,,,,,
EVT-0969,EVIDENCED_BY,2082,,,,,,
EVT-0970,EVIDENCED_BY,2083,,,,,,
EVT-0971,EVIDENCED_BY,2083,,,,,,
EVT-0972,EVIDENCED_BY,2083,,,,,,
EVT-0972,ISSUED_BY,INST-0140,2083,2083004,0.92,,,
EVT-0972,RELATED_TO,POL-0045,2083,2083004,0.9,,,
EVT-0973,EVIDENCED_BY,2085,,,,,,
EVT-0974,EVIDENCED_BY,2085,,,,,,
EVT-0975,EVIDENCED_BY,2085,,,,,,
EVT-0975,ISSUED_BY,INST-0009,2085,2085005,0.9,,,
EVT-0975,RELATED_TO,POL-0011,2085,2085005,0.9,,,
EVT-0976,EVIDENCED_BY,2085,,,,,,
EVT-0977,EVIDENCED_BY,2086,,,,,,
EVT-0978,EVIDENCED_BY,2087,,,,,,
EVT-0979,EVIDENCED_BY,2087,,,,,,
EVT-0980,EVIDENCED_BY,2087,,,,,,
EVT-0981,EVIDENCED_BY,2087,,,,,,
EVT-0982,EVIDENCED_BY,2088,,,,,,
EVT-0983,EVIDENCED_BY,2088,,,,,,
EVT-0984,EVIDENCED_BY,2089,,,,,,
EVT-0985,EVIDENCED_BY,2089,,,,,,
EVT-0986,EVIDENCED_BY,2089,,,,,,
EVT-0987,EVIDENCED_BY,2089,,,,,,
EVT-0987,ISSUED_BY,INST-0144,2089,2089006,0.8,,,
EVT-0988,EVIDENCED_BY,2090,,,,,,
EVT-0989,EVIDENCED_BY,2091,,,,,,
EVT-0989,ISSUED_BY,INST-0126,2091,2091001,0.95,,,
EVT-0989,RELATED_TO,POL-0063,2091,2091001,0.95,,,
EVT-0990,EVIDENCED_BY,2083,,,,,,
EVT-0990,EVIDENCED_BY,2091,,,,,,
EVT-0990,ISSUED_BY,INST-0142,2083,2083004,0.88,,,
EVT-0990,ISSUED_BY,INST-0142,2091,2091002,0.9,,,
EVT-0991,EVIDENCED_BY,2091,,,,,,
EVT-0992,EVIDENCED_BY,2091,,,,,,
EVT-0993,EVIDENCED_BY,2093,,,,,,
EVT-0993,ISSUED_BY,INST-0040,2093,2093001,0.8,,,
EVT-0994,EVIDENCED_BY,2093,,,,,,
EVT-0994,ISSUED_BY,INST-0071,2093,2093008,0.75,,,
EVT-0995,EVIDENCED_BY,2095,,,,,,
EVT-0996,EVIDENCED_BY,2096,,,,,,
EVT-0997,EVIDENCED_BY,2096,,,,,,
EVT-0998,EVIDENCED_BY,2096,,,,,,
EVT-0999,EVIDENCED_BY,2096,,,,,,
EVT-1000,EVIDENCED_BY,2097,,,,,,
EVT-1001,EVIDENCED_BY,2097,,,,,,
EVT-1002,EVIDENCED_BY,2097,,,,,,
EVT-1003,EVIDENCED_BY,2098,,,,,,
EVT-1004,EVIDENCED_BY,2098,,,,,,
EVT-1005,EVIDENCED_BY,2098,,,,,,
EVT-1006,EVIDENCED_BY,2098,,,,,,
EVT-1007,EVIDENCED_BY,2099,,,,,,
EVT-1008,EVIDENCED_BY,2099,,,,,,
EVT-1009,EVIDENCED_BY,2100,,,,,,
EVT-1010,EVIDENCED_BY,2100,,,,,,
EVT-1011,EVIDENCED_BY,2100,,,,,,
EVT-1012,EVIDENCED_BY,2100,,,,,,
EVT-1013,EVIDENCED_BY,2101,,,,,,
EVT-1013,ISSUED_BY,INST-0073,2101,2101000,0.95,,,
EVT-1014,EVIDENCED_BY,2101,,,,,,
EVT-1015,EVIDENCED_BY,2101,,,,,,
EVT-1016,EVIDENCED_BY,2101,,,,,,
EVT-1017,EVIDENCED_BY,2102,,,,,,
EVT-1018,EVIDENCED_BY,2102,,,,,,
EVT-1019,EVIDENCED_BY,2103,,,,,,
EVT-1020,EVIDENCED_BY,2103,,,,,,
EVT-1021,EVIDENCED_BY,2103,,,,,,
EVT-1022,EVIDENCED_BY,2103,,,,,,
EVT-1023,EVIDENCED_BY,2104,,,,,,
EVT-1023,ISSUED_BY,INST-0158,2104,2104000,0.85,,,
EVT-1024,EVIDENCED_BY,2104,,,,,,
EVT-1025,EVIDENCED_BY,2104,,,,,,
EVT-1026,EVIDENCED_BY,2104,,,,,,
EVT-1027,EVIDENCED_BY,2106,,,,,,
EVT-1028,EVIDENCED_BY,2106,,,,,,
EVT-1029,EVIDENCED_BY,3001,,,,,,
EVT-1029,ISSUED_BY,INST-0126,3001,3001000,0.95,,,
EVT-1029,RELATED_TO,POL-0021,3001,3001000,0.9,,,
EVT-1030,EVIDENCED_BY,3002,,,,,,
EVT-1031,EVIDENCED_BY,3003,,,,,,
EVT-1031,ISSUED_BY,INST-0205,3003,3003000,0.95,,,
EVT-1031,RELATED_TO,POL-0102,3003,3003000,0.95,,,
EVT-1032,EVIDENCED_BY,3004,,,,,,
EVT-1032,ISSUED_BY,INST-0102,3004,3004000,0.95,,,
EVT-1032,ISSUED_BY,INST-0179,3004,3004000,0.95,,,
EVT-1032,RELATED_TO,POL-0039,3004,3004000,0.95,,,
EVT-1032,RELATED_TO,POL-0054,3004,3004000,0.9,,,
EVT-1033,EVIDENCED_BY,3005,,,,,,
EVT-1033,ISSUED_BY,INST-0129,3005,3005017,0.8,,,
EVT-1033,RELATED_TO,POL-0083,3005,3005014,0.8,,,
EVT-1034,EVIDENCED_BY,3006,,,,,,
EVT-1034,ISSUED_BY,INST-0144,3006,3006000,0.95,,,
EVT-1034,ISSUED_BY,INST-0179,3006,3006000,0.95,,,
EVT-1034,RELATED_TO,POL-0088,3006,3006000,0.95,,,
EVT-1035,EVIDENCED_BY,3007,,,,,,
EVT-1035,ISSUED_BY,INST-0087,3007,3007002,0.9,,,
EVT-1035,ISSUED_BY,INST-0123,3007,3007000,0.9,,,
EVT-1035,ISSUED_BY,INST-0144,3007,3007002,0.9,,,
EVT-1035,ISSUED_BY,INST-0179,3007,3007002,0.9,,,
EVT-1035,ISSUED_BY,INST-0184,3007,3007002,0.9,,,
EVT-1035,ISSUED_BY,INST-0224,3007,3007002,0.9,,,
EVT-1035,ISSUED_BY,INST-0270,3007,3007002,0.9,,,
EVT-1035,ISSUED_BY,INST-0285,3007,3007002,0.9,,,
EVT-1035,RELATED_TO,POL-0036,3007,3007000,0.9,,,
EVT-1036,EVIDENCED_BY,3008,,,,,,
EVT-1036,ISSUED_BY,INST-0102,3008,3008000,0.95,,,
EVT-1036,ISSUED_BY,INST-0148,3008,3008000,0.95,,,
EVT-1036,ISSUED_BY,INST-0285,3008,3008000,0.95,,,
EVT-1036,ISSUED_BY,INST-0289,3008,3008000,0.95,,,
EVT-1037,EVIDENCED_BY,3010,,,,,,
EVT-1037,ISSUED_BY,INST-0179,3010,3010000,0.95,,,
EVT-1037,RELATED_TO,POL-0003,3010,3010000,0.95,,,
EVT-1038,EVIDENCED_BY,3011,,,,,,
EVT-1038,ISSUED_BY,INST-0129,3011,3011000,0.95,,,
EVT-1038,RELATED_TO,POL-0037,3011,3011000,0.85,,,
EVT-1039,EVIDENCED_BY,3011,,,,,,
EVT-1039,ISSUED_BY,INST-0129,3011,3011000,0.9,,,
EVT-1040,EVIDENCED_BY,3009,,,,,,
EVT-1040,EVIDENCED_BY,3012,,,,,,
EVT-1040,ISSUED_BY,INST-0102,3009,3009000,0.95,,,
EVT-1040,ISSUED_BY,INST-0102,3012,3012000,0.95,,,
EVT-1040,RELATED_TO,POL-0041,3012,3012000,0.95,,,
EVT-1040,RELATED_TO,POL-0042,3009,3009000,0.95,,,
EVT-1041,EVIDENCED_BY,3013,,,,,,
EVT-1041,ISSUED_BY,INST-0149,3013,3013000,0.95,,,
EVT-1041,RELATED_TO,POL-0084,3013,3013000,0.95,,,
EVT-1042,EVIDENCED_BY,3014,,,,,,
EVT-1042,ISSUED_BY,INST-0179,3014,3014000,0.95,,,
EVT-1042,RELATED_TO,POL-0038,3014,3014000,0.95,,,
EVT-1043,EVIDENCED_BY,3015,,,,,,
EVT-1043,ISSUED_BY,INST-0126,3015,3015000,0.95,,,
EVT-1044,EVIDENCED_BY,3016,,,,,,
EVT-1044,ISSUED_BY,INST-0126,3016,3016000,0.95,,,
EVT-1044,RELATED_TO,POL-0035,3016,3016007,0.9,,,
EVT-1045,EVIDENCED_BY,3016,,,,,,
EVT-1045,ISSUED_BY,INST-0126,3016,3016000,0.85,,,
EVT-1046,EVIDENCED_BY,3017,,,,,,
EVT-1046,ISSUED_BY,INST-0126,3017,3017000,0.95,,,
EVT-1046,RELATED_TO,POL-0085,3017,3017000,0.9,,,
EVT-1047,EVIDENCED_BY,3018,,,,,,
EVT-1047,ISSUED_BY,INST-0126,3018,3018000,0.95,,,
EVT-1047,RELATED_TO,POL-0023,3018,3018000,0.9,,,
EVT-1048,EVIDENCED_BY,3018,,,,,,
EVT-1048,ISSUED_BY,INST-0126,3018,3018000,0.9,,,
EVT-1049,EVIDENCED_BY,3018,,,,,,
EVT-1049,ISSUED_BY,INST-0126,3018,3018000,0.9,,,
EVT-1050,EVIDENCED_BY,3019,,,,,,
EVT-1050,ISSUED_BY,INST-0126,3019,3019000,0.9,,,
EVT-1050,RELATED_TO,POL-0099,3019,3019000,0.85,,,
EVT-1051,EVIDENCED_BY,3020,,,,,,
EVT-1051,ISSUED_BY,INST-0126,3020,3020000,0.95,,,
EVT-1052,EVIDENCED_BY,3021,,,,,,
EVT-1052,ISSUED_BY,INST-0126,3021,3021000,0.95,,,
EVT-1052,RELATED_TO,POL-0089,3021,3021000,0.95,,,
EVT-1053,EVIDENCED_BY,3022,,,,,,
EVT-1053,ISSUED_BY,INST-0126,3022,3022000,0.9,,,
EVT-1053,RELATED_TO,POL-0025,3022,3022000,0.9,,,
EVT-1053,RELATED_TO,POL-0051,3022,3022000,0.9,,,
EVT-1054,EVIDENCED_BY,3023,,,,,,
EVT-1054,ISSUED_BY,INST-0126,3023,3023000,0.9,,,
EVT-1054,RELATED_TO,POL-0044,3023,3023000,0.95,,,
EVT-1055,EVIDENCED_BY,3023,,,,,,
EVT-1055,RELATED_TO,POL-0043,3023,3023003,0.9,,,
EVT-1055,RELATED_TO,POL-0092,3023,3023003,0.9,,,
EVT-1056,EVIDENCED_BY,3024,,,,,,
EVT-1056,ISSUED_BY,INST-0126,3024,3024000,0.9,,,
EVT-1056,RELATED_TO,POL-0093,3024,3024000,0.9,,,
EVT-1057,EVIDENCED_BY,3025,,,,,,
EVT-1057,ISSUED_BY,INST-0126,3025,3025000,0.9,,,
EVT-1057,RELATED_TO,POL-0068,3025,3025000,0.95,,,
EVT-1058,EVIDENCED_BY,3026,,,,,,
EVT-1058,ISSUED_BY,INST-0126,3026,3026000,0.9,,,
EVT-1058,RELATED_TO,POL-0071,3026,3026000,0.9,,,
EVT-1059,EVIDENCED_BY,3027,,,,,,
EVT-1059,ISSUED_BY,INST-0126,3027,3027001,0.9,,,
EVT-1059,RELATED_TO,POL-0076,3027,3027000,0.9,,,
EVT-1060,EVIDENCED_BY,3028,,,,,,
EVT-1060,ISSUED_BY,INST-0126,3028,3028000,0.9,,,
EVT-1060,RELATED_TO,POL-0020,3028,3028000,0.9,,,
EVT-1060,RELATED_TO,POL-0070,3028,3028000,0.9,,,
EVT-1061,EVIDENCED_BY,3029,,,,,,
EVT-1061,ISSUED_BY,INST-0126,3029,3029000,0.9,,,
EVT-1061,RELATED_TO,POL-0061,3029,3029000,0.9,,,
EVT-1062,EVIDENCED_BY,3029,,,,,,
EVT-1063,EVIDENCED_BY,3030,,,,,,
EVT-1063,ISSUED_BY,INST-0126,3030,3030000,0.95,,,
EVT-1063,RELATED_TO,POL-0078,3030,3030000,0.9,,,
EVT-1064,EVIDENCED_BY,4001,,,,,,
EVT-1064,ISSUED_BY,INST-0062,4001,4001002,0.95,,,
EVT-1065,EVIDENCED_BY,4002,,,,,,
EVT-1065,EVIDENCED_BY,4003,,,,,,
EVT-1066,EVIDENCED_BY,4002,,,,,,
EVT-1066,ISSUED_BY,INST-0062,4002,4002003,0.95,,,
EVT-1066,RELATED_TO,POL-0097,4002,4002002,0.9,,,
EVT-1067,EVIDENCED_BY,4003,,,,,,
EVT-1067,ISSUED_BY,INST-0062,4003,4003002,0.9,,,
EVT-1068,EVIDENCED_BY,4004,,,,,,
EVT-1068,ISSUED_BY,INST-0062,4004,4004004,0.9,,,
EVT-1068,RELATED_TO,POL-0026,4004,4004004,0.85,,,
EVT-1069,EVIDENCED_BY,4004,,,,,,
EVT-1069,ISSUED_BY,INST-0062,4004,4004004,0.9,,,
EVT-1070,EVIDENCED_BY,4004,,,,,,
EVT-1070,ISSUED_BY,INST-0062,4004,4004010,0.9,,,
EVT-1071,EVIDENCED_BY,4004,,,,,,
EVT-1071,ISSUED_BY,INST-0062,4004,4004012,0.9,,,
EVT-1072,EVIDENCED_BY,4005,,,,,,
EVT-1072,ISSUED_BY,INST-0062,4005,4005012,0.95,,,
EVT-1073,EVIDENCED_BY,4006,,,,,,
EVT-1073,ISSUED_BY,INST-0062,4006,4006001,0.95,,,
EVT-1073,RELATED_TO,POL-0097,4006,4006001,0.9,,,
EVT-1074,EVIDENCED_BY,4007,,,,,,
EVT-1074,ISSUED_BY,INST-0062,4007,4007001,0.95,,,
EVT-1074,RELATED_TO,POL-0097,4007,4007001,0.9,,,
EVT-1075,EVIDENCED_BY,4008,,,,,,
EVT-1075,ISSUED_BY,INST-0062,4008,4008001,0.95,,,
EVT-1075,RELATED_TO,POL-0097,4008,4008001,0.9,,,
EVT-1076,EVIDENCED_BY,4009,,,,,,
EVT-1076,ISSUED_BY,INST-0098,4009,4009001,0.9,,,
EVT-1077,EVIDENCED_BY,4009,,,,,,
EVT-1077,ISSUED_BY,INST-0062,4009,4009002,0.95,,,
EVT-1077,RELATED_TO,POL-0097,4009,4009001,0.85,,,
EVT-1078,EVIDENCED_BY,4010,,,,,,
EVT-1079,EVIDENCED_BY,4010,,,,,,
EVT-1079,ISSUED_BY,INST-0062,4010,4010003,0.9,,,
EVT-1080,EVIDENCED_BY,4011,,,,,,
EVT-1080,ISSUED_BY,INST-0062,4011,4011014,0.95,,,
EVT-1081,EVIDENCED_BY,4011,,,,,,
EVT-1082,EVIDENCED_BY,4012,,,,,,
EVT-1083,EVIDENCED_BY,4012,,,,,,
EVT-1083,ISSUED_BY,INST-0062,4012,4012002,0.95,,,
EVT-1084,EVIDENCED_BY,4013,,,,,,
EVT-1085,EVIDENCED_BY,4013,,,,,,
EVT-1085,ISSUED_BY,INST-0062,4013,4013002,0.9,,,
EVT-1086,EVIDENCED_BY,4014,,,,,,
EVT-1086,ISSUED_BY,INST-0062,4014,4014003,0.95,,,
EVT-1087,EVIDENCED_BY,4015,,,,,,
EVT-1087,ISSUED_BY,INST-0062,4015,4015003,0.9,,,
EVT-1087,RELATED_TO,POL-0097,4015,4015003,0.9,,,
EVT-1088,EVIDENCED_BY,4016,,,,,,
EVT-1089,EVIDENCED_BY,4016,,,,,,
EVT-1090,EVIDENCED_BY,4016,,,,,,
EVT-1091,EVIDENCED_BY,4016,,,,,,
EVT-1091,ISSUED_BY,INST-0062,4016,4016014,0.95,,,
EVT-1092,EVIDENCED_BY,4017,,,,,,
EVT-1092,ISSUED_BY,INST-0062,4017,4017007,0.95,,,
EVT-1093,EVIDENCED_BY,4017,,,,,,
EVT-1094,EVIDENCED_BY,4018,,,,,,
EVT-1095,EVIDENCED_BY,4018,,,,,,
EVT-1095,ISSUED_BY,INST-0062,4018,4018008,0.9,,,
EVT-1095,RELATED_TO,POL-0026,4018,4018006,0.85,,,
EVT-1096,EVIDENCED_BY,4019,,,,,,
EVT-1096,ISSUED_BY,INST-0062,4019,4019008,0.95,,,
EVT-1097,EVIDENCED_BY,4019,,,,,,
EVT-1098,EVIDENCED_BY,4020,,,,,,
EVT-1098,ISSUED_BY,INST-0062,4020,4020004,0.95,,,
EVT-1098,RELATED_TO,POL-0097,4020,4020001,0.9,,,
ElevarTherapeutics,PARTICIPATES_IN,EVT-0415,1315,1315001,0.85,合作方,,
"Goertek(HongKong)Co.,Limited",PARTICIPATES_IN,EVT-0329,1248,1248000,0.85,涉及方,,
HeidelbergPharma,PARTICIPATES_IN,EVT-0623,1473,1473002,0.88,合作方,,
HeidelbergPharma,PARTICIPATES_IN,EVT-0625,1473,1473002,0.85,涉及方,,
HeidelbergPharma,PARTICIPATES_IN,EVT-0626,1473,1473002,0.85,合作方,,
"HighTechnologyProducts,S.L.U.",PARTICIPATES_IN,EVT-0557,1421,1421000,0.92,主体,,
INST-0001,PARTICIPATES_IN,EVT-0723,1546,1546000,0.9,涉及方,,
INST-0002,PARTICIPATES_IN,EVT-0614,1466,1466001,0.9,涉及方,,
INST-0002,PARTICIPATES_IN,EVT-0761,1579,1579002,0.9,涉及方,,
INST-0002,PARTICIPATES_IN,EVT-0968,2082,2082003,0.85,涉及方,,
INST-0005,PARTICIPATES_IN,EVT-0613,1466,1466001,0.9,涉及方,,
INST-0005,PARTICIPATES_IN,EVT-0622,1472,1472000,0.9,涉及方,,
INST-0007,PARTICIPATES_IN,EVT-0612,1466,1466000,0.85,涉及方,,
INST-0008,PARTICIPATES_IN,EVT-0234,1182,1182008,0.8,涉及方,,
INST-0008,PARTICIPATES_IN,EVT-0894,2052,2052001,0.9,涉及方,,
INST-0008,PARTICIPATES_IN,EVT-1011,2100,2100013,0.85,涉及方,,
INST-0016,PARTICIPATES_IN,EVT-0846,2028,2028000,0.9,涉及方,,
INST-0018,PARTICIPATES_IN,EVT-0239,1186,1186000,0.9,涉及方,,
INST-0018,PARTICIPATES_IN,EVT-0573,1432,1432000,0.9,涉及方,,
INST-0018,PARTICIPATES_IN,EVT-0666,1505,1505000,0.9,涉及方,,
INST-0019,PARTICIPATES_IN,EVT-0106,1083,1083003,0.7,涉及方,,
INST-0020,PARTICIPATES_IN,EVT-1039,3011,3011006,0.9,涉及方,,
INST-0021,PARTICIPATES_IN,EVT-0047,1039,1039001,0.9,涉及方,,
INST-0021,PARTICIPATES_IN,EVT-0412,1312,1312002,0.8,涉及方,,
INST-0022,PARTICIPATES_IN,EVT-0066,1050,1050000,0.85,涉及方,,
INST-0022,PARTICIPATES_IN,EVT-0129,1100,1100002,0.85,涉及方,,
INST-0022,PARTICIPATES_IN,EVT-0275,1207,1207002,0.85,涉及方,,
INST-0022,PARTICIPATES_IN,EVT-0309,1230,1230000,0.8,涉及方,,
INST-0022,PARTICIPATES_IN,EVT-0328,1247,1247001,0.8,涉及方,,
INST-0022,PARTICIPATES_IN,EVT-0778,2002,2002000,0.8,涉及方,,
INST-0023,PARTICIPATES_IN,EVT-0032,1026,1026000,0.8,涉及方,,
INST-0023,PARTICIPATES_IN,EVT-0082,1061,1061000,0.8,涉及方,,
INST-0023,PARTICIPATES_IN,EVT-0181,1147,1147000,0.8,涉及方,,
INST-0023,PARTICIPATES_IN,EVT-0237,1184,1184001,0.7,涉及方,,
INST-0024,PARTICIPATES_IN,EVT-0011,1008,1008007,0.8,涉及方,,
INST-0027,PARTICIPATES_IN,EVT-0059,1046,1046000,0.85,涉及方,,
INST-0027,PARTICIPATES_IN,EVT-0138,1112,1112000,0.7,涉及方,,
INST-0027,PARTICIPATES_IN,EVT-0252,1194,1194000,0.85,涉及方,,
INST-0027,PARTICIPATES_IN,EVT-0291,1217,1217002,0.8,涉及方,,
INST-0033,PARTICIPATES_IN,EVT-0967,2082,2082001,0.9,合作方,,
INST-0034,PARTICIPATES_IN,EVT-0208,1167,1167002,0.9,合作方,,
INST-0035,PARTICIPATES_IN,EVT-0553,1417,1417001,0.9,涉及方,,
INST-0035,PARTICIPATES_IN,EVT-0581,1438,1438001,0.9,涉及方,,
INST-0036,PARTICIPATES_IN,EVT-0117,1090,1090000,0.95,合作方,,
INST-0037,PARTICIPATES_IN,EVT-0081,1059,1059003,0.85,涉及方,,
INST-0037,PARTICIPATES_IN,EVT-0148,1120,1120021,0.85,涉及方,,
INST-0037,PARTICIPATES_IN,EVT-0426,1323,1323005,0.9,涉及方,,
INST-0038,PARTICIPATES_IN,EVT-0716,1541,1541000,0.95,涉及方,,
INST-0039,PARTICIPATES_IN,EVT-0896,2053,2053000,0.9,主体,,
INST-0042,PARTICIPATES_IN,EVT-0489,1368,1368016,0.9,合作方,,
INST-0043,PARTICIPATES_IN,EVT-0393,1298,1298001,0.9,涉及方,,
INST-0046,PARTICIPATES_IN,EVT-0889,2050,2050000,0.9,主体,,
INST-0047,PARTICIPATES_IN,EVT-0957,2079,2079000,0.9,合作方,,
INST-0054,PARTICIPATES_IN,EVT-0016,1013,1013003,0.85,涉及方,,
INST-0054,PARTICIPATES_IN,EVT-0022,1016,1016004,0.8,涉及方,,
INST-0054,PARTICIPATES_IN,EVT-0025,1019,1019004,0.8,涉及方,,
INST-0054,PARTICIPATES_IN,EVT-0092,1071,1071003,0.9,涉及方,,
INST-0054,PARTICIPATES_IN,EVT-0119,1091,1091001,0.9,涉及方,,
INST-0054,PARTICIPATES_IN,EVT-0391,1296,1296001,0.85,涉及方,,
INST-0054,PARTICIPATES_IN,EVT-0429,1326,1326001,0.85,涉及方,,
INST-0054,PARTICIPATES_IN,EVT-0438,1331,1331003,0.85,涉及方,,
INST-0054,PARTICIPATES_IN,EVT-0493,1371,1371002,0.9,涉及方,,
INST-0054,PARTICIPATES_IN,EVT-0514,1386,1386003,0.85,涉及方,,
INST-0055,PARTICIPATES_IN,EVT-0046,1038,1038003,0.9,涉及方,,
INST-0055,PARTICIPATES_IN,EVT-0316,1237,1237006,0.85,涉及方,,
INST-0055,PARTICIPATES_IN,EVT-0335,1257,1257006,0.9,涉及方,,
INST-0055,PARTICIPATES_IN,EVT-0418,1318,1318005,0.85,涉及方,,
INST-0058,PARTICIPATES_IN,EVT-0332,1250,1250004,0.9,涉及方,,
INST-0059,PARTICIPATES_IN,EVT-0224,1176,1176002,0.9,涉及方,,
INST-0059,PARTICIPATES_IN,EVT-0421,1320,1320006,0.8,涉及方,,
INST-0059,PARTICIPATES_IN,EVT-0481,1364,1364001,0.8,涉及方,,
INST-0060,PARTICIPATES_IN,EVT-0002,1001,1001001,0.8,涉及方,,
INST-0060,PARTICIPATES_IN,EVT-0048,1040,1040002,0.8,涉及方,,
INST-0060,PARTICIPATES_IN,EVT-0061,1048,1048018,0.75,涉及方,,
INST-0060,PARTICIPATES_IN,EVT-0093,1072,1072006,0.9,涉及方,,
INST-0060,PARTICIPATES_IN,EVT-0099,1077,1077000,0.9,涉及方,,
INST-0060,PARTICIPATES_IN,EVT-0387,1293,1293003,0.8,涉及方,,
INST-0061,PARTICIPATES_IN,EVT-0080,1059,1059001,0.85,涉及方,,
INST-0061,PARTICIPATES_IN,EVT-0114,1088,1088002,0.9,涉及方,,
INST-0061,PARTICIPATES_IN,EVT-0126,1098,1098001,0.9,涉及方,,
INST-0061,PARTICIPATES_IN,EVT-0135,1106,1106001,0.85,涉及方,,
INST-0061,PARTICIPATES_IN,EVT-0187,1151,1151000,0.85,涉及方,,
INST-0061,PARTICIPATES_IN,EVT-0372,1283,1283005,0.9,涉及方,,
INST-0061,PARTICIPATES_IN,EVT-0398,1302,1302001,0.9,涉及方,,
INST-0062,PARTICIPATES_IN,EVT-0019,1014,1014001,0.85,涉及方,,
INST-0062,PARTICIPATES_IN,EVT-0066,1050,1050000,0.88,涉及方,,
INST-0062,PARTICIPATES_IN,EVT-0525,1396,1396000,0.9,涉及方,,
INST-0063,PARTICIPATES_IN,EVT-0053,1043,1043000,0.85,涉及方,,
INST-0063,PARTICIPATES_IN,EVT-0282,1211,1211000,0.85,涉及方,,
INST-0063,PARTICIPATES_IN,EVT-0967,2082,2082001,0.85,涉及方,,
INST-0065,PARTICIPATES_IN,EVT-0737,1560,1560000,0.85,涉及方,,
INST-0067,PARTICIPATES_IN,EVT-0456,1346,1346002,0.9,合作方,,
INST-0069,PARTICIPATES_IN,EVT-0375,1285,1285001,0.9,涉及方,,
INST-0070,PARTICIPATES_IN,EVT-0880,2047,2047001,0.85,主体,,
INST-0075,PARTICIPATES_IN,EVT-0133,1104,1104005,0.9,主体,,
INST-0076,PARTICIPATES_IN,EVT-0791,2008,2008000,0.9,主体,,
INST-0077,PARTICIPATES_IN,EVT-0071,1054,1054004,0.9,主体,,
INST-0080,PARTICIPATES_IN,EVT-0556,1420,1420000,0.9,合作方,,
INST-0080,PARTICIPATES_IN,EVT-0616,1468,1468000,0.9,涉及方,,
INST-0081,PARTICIPATES_IN,EVT-0749,1570,1570000,0.9,涉及方,,
INST-0085,PARTICIPATES_IN,EVT-1044,3016,3016001,0.8,受影响方,,
INST-0087,PARTICIPATES_IN,EVT-1056,3024,3024000,0.85,涉及方,,
INST-0088,PARTICIPATES_IN,EVT-0490,1369,1369007,0.9,涉及方,,
INST-0096,PARTICIPATES_IN,EVT-0280,1210,1210000,0.8,涉及方,,
INST-0097,PARTICIPATES_IN,EVT-0847,2029,2029000,0.85,主体,,
INST-0102,PARTICIPATES_IN,EVT-1056,3024,3024000,0.85,涉及方,,
INST-0104,PARTICIPATES_IN,EVT-0517,1389,1389003,0.9,涉及方,,
INST-0105,PARTICIPATES_IN,EVT-0060,1047,1047012,0.85,涉及方,,
INST-0105,PARTICIPATES_IN,EVT-0061,1048,1048021,0.8,涉及方,,
INST-0105,PARTICIPATES_IN,EVT-0064,1049,1049000,0.85,涉及方,,
INST-0105,PARTICIPATES_IN,EVT-0147,1120,1120002,0.85,涉及方,,
INST-0106,PARTICIPATES_IN,EVT-0258,1198,1198001,0.85,涉及方,,
INST-0107,PARTICIPATES_IN,EVT-0043,1036,1036001,0.7,涉及方,,
INST-0109,PARTICIPATES_IN,EVT-0039,1032,1032004,0.7,主体,,
INST-0110,PARTICIPATES_IN,EVT-0969,2082,2082003,0.85,涉及方,,
INST-0111,PARTICIPATES_IN,EVT-0490,1369,1369001,0.9,涉及方,,
INST-0113,PARTICIPATES_IN,EVT-0430,1327,1327010,0.8,涉及方,,
INST-0114,PARTICIPATES_IN,EVT-0896,2053,2053001,0.85,涉及方,,
INST-0118,PARTICIPATES_IN,EVT-0598,1452,1452000,0.85,涉及方,,
INST-0118,PARTICIPATES_IN,EVT-0701,1532,1532000,0.85,涉及方,,
INST-0121,PARTICIPATES_IN,EVT-0597,1451,1451001,0.9,合作方,,
INST-0121,PARTICIPATES_IN,EVT-0634,1481,1481000,0.9,合作方,,
INST-0125,PARTICIPATES_IN,EVT-0940,2071,2071000,0.85,主体,,
INST-0125,PARTICIPATES_IN,EVT-0942,2072,2072005,0.6,涉及方,,
INST-0126,PARTICIPATES_IN,EVT-1030,3002,3002000,0.8,主体,,
INST-0126,PARTICIPATES_IN,EVT-1033,3005,3005000,0.85,主体,,
INST-0126,PARTICIPATES_IN,EVT-1036,3008,3008000,0.9,涉及方,,
INST-0127,PARTICIPATES_IN,EVT-1045,3016,3016005,0.85,主体,,
INST-0128,PARTICIPATES_IN,EVT-1054,3023,3023013,0.8,涉及方,,
INST-0128,PARTICIPATES_IN,EVT-1055,3023,3023013,0.7,主体,,
INST-0131,PARTICIPATES_IN,EVT-1033,3005,3005017,0.7,涉及方,,
INST-0133,PARTICIPATES_IN,EVT-1059,3027,3027001,0.6,主体,,
INST-0134,PARTICIPATES_IN,EVT-1053,3022,3022001,0.85,涉及方,,
INST-0135,PARTICIPATES_IN,EVT-1051,3020,3020003,0.85,涉及方,,
INST-0136,PARTICIPATES_IN,EVT-1043,3015,3015001,0.9,主体,,
INST-0138,PARTICIPATES_IN,EVT-0853,2034,2034000,0.9,主体,,
INST-0144,PARTICIPATES_IN,EVT-1056,3024,3024000,0.85,涉及方,,
INST-0144,PARTICIPATES_IN,EVT-1057,3025,3025001,0.8,主体,,
INST-0144,PARTICIPATES_IN,EVT-1062,3029,3029001,0.8,涉及方,,
INST-0146,PARTICIPATES_IN,EVT-0809,2014,2014000,0.8,合作方,,
INST-0148,PARTICIPATES_IN,EVT-1050,3019,3019000,0.9,主体,,
INST-0148,PARTICIPATES_IN,EVT-1063,3030,3030000,0.9,涉及方,,
INST-0150,PARTICIPATES_IN,EVT-1052,3021,3021025,0.85,涉及方,,
INST-0154,PARTICIPATES_IN,EVT-0463,1353,1353000,0.85,涉及方,,
INST-0154,PARTICIPATES_IN,EVT-0529,1398,1398000,0.9,涉及方,,
INST-0154,PARTICIPATES_IN,EVT-0530,1399,1399001,0.9,涉及方,,
INST-0154,PARTICIPATES_IN,EVT-0537,1404,1404002,0.9,涉及方,,
INST-0154,PARTICIPATES_IN,EVT-0538,1405,1405002,0.9,涉及方,,
INST-0154,PARTICIPATES_IN,EVT-0543,1409,1409000,0.9,涉及方,,
INST-0154,PARTICIPATES_IN,EVT-0546,1412,1412000,0.9,涉及方,,
INST-0154,PARTICIPATES_IN,EVT-0548,1413,1413000,0.9,涉及方,,
INST-0154,PARTICIPATES_IN,EVT-0550,1415,1415000,0.8,涉及方,,
INST-0154,PARTICIPATES_IN,EVT-0551,1415,1415000,0.8,涉及方,,
INST-0154,PARTICIPATES_IN,EVT-0557,1421,1421003,0.9,涉及方,,
INST-0154,PARTICIPATES_IN,EVT-0560,1424,1424000,0.95,涉及方,,
INST-0154,PARTICIPATES_IN,EVT-0562,1425,1425000,0.95,涉及方,,
INST-0154,PARTICIPATES_IN,EVT-0566,1428,1428000,0.9,涉及方,,
INST-0154,PARTICIPATES_IN,EVT-0580,1437,1437001,0.9,涉及方,,
INST-0154,PARTICIPATES_IN,EVT-0583,1440,1440000,0.9,涉及方,,
INST-0154,PARTICIPATES_IN,EVT-0584,1441,1441000,0.9,涉及方,,
INST-0154,PARTICIPATES_IN,EVT-0586,1442,1442001,0.9,涉及方,,
INST-0154,PARTICIPATES_IN,EVT-0590,1446,1446000,0.95,涉及方,,
INST-0154,PARTICIPATES_IN,EVT-0593,1448,1448000,0.9,涉及方,,
INST-0154,PARTICIPATES_IN,EVT-0594,1449,1449001,0.95,涉及方,,
INST-0154,PARTICIPATES_IN,EVT-0599,1453,1453000,0.9,涉及方,,
INST-0154,PARTICIPATES_IN,EVT-0603,1457,1457000,0.85,涉及方,,
INST-0154,PARTICIPATES_IN,EVT-0606,1460,1460000,0.9,涉及方,,
INST-0154,PARTICIPATES_IN,EVT-0607,1461,1461000,0.9,涉及方,,
INST-0154,PARTICIPATES_IN,EVT-0610,1464,1464000,0.9,涉及方,,
INST-0154,PARTICIPATES_IN,EVT-0623,1473,1473005,0.85,涉及方,,
INST-0154,PARTICIPATES_IN,EVT-0629,1476,1476000,0.9,涉及方,,
INST-0154,PARTICIPATES_IN,EVT-0631,1478,1478000,0.9,涉及方,,
INST-0154,PARTICIPATES_IN,EVT-0632,1479,1479000,0.9,涉及方,,
INST-0154,PARTICIPATES_IN,EVT-0633,1480,1480001,0.9,涉及方,,
INST-0154,PARTICIPATES_IN,EVT-0637,1483,1483001,0.9,涉及方,,
INST-0154,PARTICIPATES_IN,EVT-0642,1488,1488000,0.9,涉及方,,
INST-0154,PARTICIPATES_IN,EVT-0652,1495,1495000,0.9,涉及方,,
INST-0154,PARTICIPATES_IN,EVT-0653,1496,1496000,0.9,涉及方,,
INST-0154,PARTICIPATES_IN,EVT-0655,1497,1497000,0.9,涉及方,,
INST-0154,PARTICIPATES_IN,EVT-0656,1498,1498000,0.9,涉及方,,
INST-0154,PARTICIPATES_IN,EVT-0657,1499,1499002,0.9,涉及方,,
INST-0154,PARTICIPATES_IN,EVT-0664,1504,1504000,0.9,涉及方,,
INST-0154,PARTICIPATES_IN,EVT-0665,1505,1505000,0.9,涉及方,,
INST-0154,PARTICIPATES_IN,EVT-0666,1505,1505000,0.9,涉及方,,
INST-0154,PARTICIPATES_IN,EVT-0671,1510,1510002,0.9,涉及方,,
INST-0154,PARTICIPATES_IN,EVT-0673,1511,1511000,0.9,涉及方,,
INST-0154,PARTICIPATES_IN,EVT-0675,1512,1512000,0.85,涉及方,,
INST-0154,PARTICIPATES_IN,EVT-0677,1514,1514000,0.9,涉及方,,
INST-0154,PARTICIPATES_IN,EVT-0679,1516,1516000,0.9,涉及方,,
INST-0154,PARTICIPATES_IN,EVT-0680,1517,1517003,0.9,涉及方,,
INST-0154,PARTICIPATES_IN,EVT-0682,1517,1517001,0.88,涉及方,,
INST-0154,PARTICIPATES_IN,EVT-0685,1519,1519000,0.9,涉及方,,
INST-0154,PARTICIPATES_IN,EVT-0687,1521,1521000,0.9,涉及方,,
INST-0154,PARTICIPATES_IN,EVT-0688,1522,1522000,0.95,涉及方,,
INST-0154,PARTICIPATES_IN,EVT-0697,1530,1530000,0.85,涉及方,,
INST-0154,PARTICIPATES_IN,EVT-0698,1530,1530002,0.85,涉及方,,
INST-0154,PARTICIPATES_IN,EVT-0704,1534,1534001,0.9,涉及方,,
INST-0154,PARTICIPATES_IN,EVT-0732,1555,1555000,0.9,涉及方,,
INST-0154,PARTICIPATES_IN,EVT-0746,1568,1568000,0.9,涉及方,,
INST-0154,PARTICIPATES_IN,EVT-0755,1575,1575000,0.9,涉及方,,
INST-0154,PARTICIPATES_IN,EVT-0756,1575,1575000,0.9,涉及方,,
INST-0154,PARTICIPATES_IN,EVT-0760,1579,1579000,0.9,涉及方,,
INST-0154,PARTICIPATES_IN,EVT-0764,1582,1582000,0.9,涉及方,,
INST-0154,PARTICIPATES_IN,EVT-0767,1585,1585000,0.9,涉及方,,
INST-0154,PARTICIPATES_IN,EVT-0770,1588,1588000,0.9,涉及方,,
INST-0154,PARTICIPATES_IN,EVT-0773,1591,1591000,0.9,涉及方,,
INST-0154,PARTICIPATES_IN,EVT-0774,1592,1592000,0.9,涉及方,,
INST-0154,PARTICIPATES_IN,EVT-0775,1592,1592002,0.9,涉及方,,
INST-0155,PARTICIPATES_IN,EVT-0571,1430,1430002,0.9,涉及方,,
INST-0156,PARTICIPATES_IN,EVT-0739,1562,1562002,0.9,涉及方,,
INST-0156,PARTICIPATES_IN,EVT-0740,1563,1563001,0.85,涉及方,,
INST-0158,PARTICIPATES_IN,EVT-0238,1185,1185000,0.9,涉及方,,
INST-0158,PARTICIPATES_IN,EVT-0522,1393,1393000,0.9,涉及方,,
INST-0158,PARTICIPATES_IN,EVT-0554,1418,1418003,0.9,涉及方,,
INST-0158,PARTICIPATES_IN,EVT-0578,1436,1436001,0.9,涉及方,,
INST-0158,PARTICIPATES_IN,EVT-0595,1450,1450002,0.9,涉及方,,
INST-0158,PARTICIPATES_IN,EVT-0713,1538,1538002,0.9,涉及方,,
INST-0158,PARTICIPATES_IN,EVT-0739,1562,1562002,0.9,涉及方,,
INST-0158,PARTICIPATES_IN,EVT-0954,2077,2077003,0.85,涉及方,,
INST-0159,PARTICIPATES_IN,EVT-0524,1395,1395000,0.9,涉及方,,
INST-0165,PARTICIPATES_IN,EVT-0901,2055,2055001,0.8,主体,,
INST-0167,PARTICIPATES_IN,EVT-0086,1065,1065011,0.75,涉及方,,
INST-0168,PARTICIPATES_IN,EVT-0825,2019,2019005,0.9,主体,,
INST-0173,PARTICIPATES_IN,EVT-0099,1077,1077008,0.85,涉及方,,
INST-0178,PARTICIPATES_IN,EVT-0591,1446,1446000,0.95,涉及方,,
INST-0178,PARTICIPATES_IN,EVT-0705,1535,1535000,0.9,涉及方,,
INST-0178,PARTICIPATES_IN,EVT-0706,1535,1535000,0.9,涉及方,,
INST-0178,PARTICIPATES_IN,EVT-0754,1574,1574000,0.9,涉及方,,
INST-0179,PARTICIPATES_IN,EVT-1056,3024,3024000,0.85,涉及方,,
INST-0181,PARTICIPATES_IN,EVT-0534,1402,1402000,0.9,合作方,,
INST-0181,PARTICIPATES_IN,EVT-0556,1420,1420000,0.85,涉及方,,
INST-0181,PARTICIPATES_IN,EVT-0616,1468,1468000,0.85,涉及方,,
INST-0182,PARTICIPATES_IN,EVT-0725,1548,1548000,0.9,涉及方,,
INST-0186,PARTICIPATES_IN,EVT-0091,1070,1070001,0.85,合作方,,
INST-0187,PARTICIPATES_IN,EVT-0357,1273,1273000,0.8,涉及方,,
INST-0188,PARTICIPATES_IN,EVT-0531,1400,1400000,0.88,涉及方,,
INST-0188,PARTICIPATES_IN,EVT-0644,1490,1490000,0.9,涉及方,,
INST-0188,PARTICIPATES_IN,EVT-0694,1528,1528000,0.9,涉及方,,
INST-0189,PARTICIPATES_IN,EVT-0091,1070,1070001,0.85,合作方,,
INST-0190,PARTICIPATES_IN,EVT-0856,2037,2037000,0.95,主体,,
INST-0192,PARTICIPATES_IN,EVT-0889,2050,2050001,0.85,涉及方,,
INST-0197,PARTICIPATES_IN,EVT-0552,1416,1416000,0.85,涉及方,,
INST-0200,PARTICIPATES_IN,EVT-0096,1075,1075000,0.9,涉及方,,
INST-0203,PARTICIPATES_IN,EVT-0013,1010,1010001,0.85,涉及方,,
INST-0204,PARTICIPATES_IN,EVT-1046,3017,3017002,0.9,主体,,
INST-0204,PARTICIPATES_IN,EVT-1060,3028,3028027,0.85,涉及方,,
INST-0205,PARTICIPATES_IN,EVT-1058,3026,3026001,0.9,主体,,
INST-0206,PARTICIPATES_IN,EVT-0791,2008,2008001,0.8,合作方,,
INST-0207,PARTICIPATES_IN,EVT-0513,1385,1385000,0.85,合作方,,
INST-0208,PARTICIPATES_IN,EVT-0759,1578,1578000,0.8,涉及方,,
INST-0210,PARTICIPATES_IN,EVT-0588,1445,1445001,0.7,涉及方,,
INST-0211,PARTICIPATES_IN,EVT-0741,1564,1564000,0.85,涉及方,,
INST-0212,PARTICIPATES_IN,EVT-0759,1578,1578003,0.9,合作方,,
INST-0213,PARTICIPATES_IN,EVT-0513,1385,1385000,0.8,监管方,,
INST-0214,PARTICIPATES_IN,EVT-0681,1517,1517001,0.88,涉及方,,
INST-0215,PARTICIPATES_IN,EVT-0850,2029,2029002,0.9,主体,,
INST-0215,PARTICIPATES_IN,EVT-0861,2040,2040000,0.9,合作方,,
INST-0215,PARTICIPATES_IN,EVT-0862,2040,2040001,0.9,合作方,,
INST-0215,PARTICIPATES_IN,EVT-0863,2040,2040002,0.9,合作方,,
INST-0217,PARTICIPATES_IN,EVT-0392,1297,1297001,0.9,涉及方,,
INST-0220,PARTICIPATES_IN,EVT-0967,2082,2082001,0.9,合作方,,
INST-0221,PARTICIPATES_IN,EVT-0096,1075,1075000,0.9,涉及方,,
INST-0223,PARTICIPATES_IN,EVT-0055,1044,1044007,0.8,涉及方,,
INST-0223,PARTICIPATES_IN,EVT-0399,1302,1302011,0.85,涉及方,,
INST-0223,PARTICIPATES_IN,EVT-0490,1369,1369007,0.9,涉及方,,
INST-0225,PARTICIPATES_IN,EVT-1056,3024,3024000,0.85,涉及方,,
INST-0225,PARTICIPATES_IN,EVT-1062,3029,3029001,0.9,主体,,
INST-0226,PARTICIPATES_IN,EVT-0668,1507,1507001,0.85,涉及方,,
INST-0227,PARTICIPATES_IN,EVT-0700,1531,1531006,0.9,涉及方,,
INST-0227,PARTICIPATES_IN,EVT-0743,1566,1566000,0.9,涉及方,,
INST-0228,PARTICIPATES_IN,EVT-0088,1068,1068000,0.8,合作方,,
INST-0229,PARTICIPATES_IN,EVT-0539,1406,1406000,0.9,涉及方,,
INST-0229,PARTICIPATES_IN,EVT-0559,1423,1423000,0.9,涉及方,,
INST-0229,PARTICIPATES_IN,EVT-0717,1542,1542000,0.9,涉及方,,
INST-0229,PARTICIPATES_IN,EVT-0718,1542,1542000,0.8,涉及方,,
INST-0230,PARTICIPATES_IN,EVT-0088,1068,1068000,0.8,合作方,,
INST-0232,PARTICIPATES_IN,EVT-0634,1481,1481001,0.8,涉及方,,
INST-0233,PARTICIPATES_IN,EVT-0744,1567,1567000,0.9,涉及方,,
INST-0234,PARTICIPATES_IN,EVT-1043,3015,3015004,0.85,涉及方,,
INST-0237,PARTICIPATES_IN,EVT-0088,1068,1068000,0.8,合作方,,
INST-0238,PARTICIPATES_IN,EVT-0020,1014,1014002,0.82,涉及方,,
INST-0238,PARTICIPATES_IN,EVT-0037,1031,1031005,0.6,涉及方,,
INST-0238,PARTICIPATES_IN,EVT-0242,1188,1188001,0.8,涉及方,,
INST-0238,PARTICIPATES_IN,EVT-0315,1236,1236000,0.85,涉及方,,
INST-0238,PARTICIPATES_IN,EVT-0380,1289,1289001,0.8,涉及方,,
INST-0238,PARTICIPATES_IN,EVT-0528,1397,1397001,0.8,涉及方,,
INST-0238,PARTICIPATES_IN,EVT-0977,2086,2086000,0.7,涉及方,,
INST-0239,PARTICIPATES_IN,EVT-0977,2086,2086000,0.9,主体,,
INST-0239,PARTICIPATES_IN,EVT-0982,2088,2088000,0.9,主体,,
INST-0239,PARTICIPATES_IN,EVT-0983,2088,2088000,0.9,主体,,
INST-0240,PARTICIPATES_IN,EVT-0474,1360,1360001,0.9,涉及方,,
INST-0242,PARTICIPATES_IN,EVT-0011,1008,1008007,0.85,涉及方,,
INST-0242,PARTICIPATES_IN,EVT-0416,1316,1316000,0.9,涉及方,,
INST-0243,PARTICIPATES_IN,EVT-0699,1531,1531006,0.9,涉及方,,
INST-0244,PARTICIPATES_IN,EVT-0667,1506,1506000,0.65,涉及方,,
INST-0247,PARTICIPATES_IN,EVT-1056,3024,3024000,0.9,主体,,
INST-0247,PARTICIPATES_IN,EVT-1063,3030,3030000,0.9,涉及方,,
INST-0249,PARTICIPATES_IN,EVT-1043,3015,3015002,0.8,涉及方,,
INST-0250,PARTICIPATES_IN,EVT-0736,1559,1559000,0.9,涉及方,,
INST-0253,PARTICIPATES_IN,EVT-1061,3029,3029002,0.8,涉及方,,
INST-0255,PARTICIPATES_IN,EVT-0249,1192,1192004,0.85,主体,,
INST-0257,PARTICIPATES_IN,EVT-0045,1037,1037019,0.8,涉及方,,
INST-0258,PARTICIPATES_IN,EVT-0096,1075,1075000,0.9,涉及方,,
INST-0259,PARTICIPATES_IN,EVT-0065,1049,1049012,0.85,涉及方,,
INST-0259,PARTICIPATES_IN,EVT-0220,1174,1174001,0.9,涉及方,,
INST-0260,PARTICIPATES_IN,EVT-0519,1390,1390006,0.9,涉及方,,
INST-0262,PARTICIPATES_IN,EVT-0641,1487,1487000,0.9,涉及方,,
INST-0264,PARTICIPATES_IN,EVT-0684,1518,1518002,0.9,涉及方,,
INST-0265,PARTICIPATES_IN,EVT-0415,1315,1315000,0.9,涉及方,,
INST-0265,PARTICIPATES_IN,EVT-0683,1517,1517002,0.88,涉及方,,
INST-0268,PARTICIPATES_IN,EVT-0131,1101,1101002,0.9,主体,,
INST-0270,PARTICIPATES_IN,EVT-1050,3019,3019000,0.85,涉及方,,
INST-0270,PARTICIPATES_IN,EVT-1063,3030,3030000,0.9,涉及方,,
INST-0272,PARTICIPATES_IN,EVT-0890,2050,2050002,0.85,涉及方,,
INST-0274,PARTICIPATES_IN,EVT-0630,1477,1477001,0.9,涉及方,,
INST-0276,PARTICIPATES_IN,EVT-0458,1349,1349004,0.7,涉及方,,
INST-0277,PARTICIPATES_IN,EVT-0498,1375,1375001,0.88,涉及方,,
INST-0278,PARTICIPATES_IN,EVT-0719,1543,1543000,0.9,合作方,,
INST-0279,PARTICIPATES_IN,EVT-0519,1390,1390019,0.9,涉及方,,
INST-0280,PARTICIPATES_IN,EVT-0124,1096,1096001,0.7,涉及方,,
INST-0281,PARTICIPATES_IN,EVT-0180,1145,1145000,0.8,受影响方,,
INST-0282,PARTICIPATES_IN,EVT-0945,2075,2075001,0.8,涉及方,,
INST-0284,PARTICIPATES_IN,EVT-0849,2029,2029002,0.9,涉及方,,
INST-0284,PARTICIPATES_IN,EVT-0967,2082,2082001,0.9,合作方,,
INST-0286,PARTICIPATES_IN,EVT-0849,2029,2029002,0.9,主体,,
INST-0286,PARTICIPATES_IN,EVT-0861,2040,2040000,0.9,合作方,,
INST-0286,PARTICIPATES_IN,EVT-0862,2040,2040001,0.9,合作方,,
INST-0286,PARTICIPATES_IN,EVT-0863,2040,2040002,0.9,合作方,,
INST-0288,PARTICIPATES_IN,EVT-0592,1447,1447003,0.7,涉及方,,
INST-0291,PARTICIPATES_IN,EVT-0449,1341,1341002,0.8,涉及方,,
INST-0294,PARTICIPATES_IN,EVT-0769,1587,1587000,0.9,涉及方,,
INST-0295,PARTICIPATES_IN,EVT-0766,1584,1584001,0.9,合作方,,
INST-0297,PARTICIPATES_IN,EVT-0765,1583,1583000,0.9,合作方,,
INST-0300,PARTICIPATES_IN,EVT-0521,1392,1392009,0.95,合作方,,
INST-0301,PARTICIPATES_IN,EVT-0438,1331,1331003,0.8,涉及方,,
INST-0302,PARTICIPATES_IN,EVT-0517,1389,1389010,0.9,涉及方,,
INST-0307,PARTICIPATES_IN,EVT-0174,1142,1142001,0.75,涉及方,,
INST-0307,PARTICIPATES_IN,EVT-0263,1201,1201001,0.85,涉及方,,
INST-0307,PARTICIPATES_IN,EVT-0417,1317,1317000,0.9,涉及方,,
INST-0308,PARTICIPATES_IN,EVT-0668,1507,1507000,0.9,涉及方,,
Meta,PARTICIPATES_IN,EVT-0844,2027,2027001,0.85,主体,,
Moderna(莫德纳),PARTICIPATES_IN,EVT-0970,2083,2083001,0.9,主体,,
Momenta,SUPPLIES,北京现代,2012,2012000,0.8,,,
PER-0005,PARTICIPATES_IN,EVT-0072,1055,1055000,0.9,主体,,
PER-0011,PARTICIPATES_IN,EVT-0497,1374,1374000,0.8,涉及方,,
PER-0017,PARTICIPATES_IN,EVT-1096,4019,4019007,0.9,主体,,
PER-0018,PARTICIPATES_IN,EVT-0405,1308,1308000,0.9,涉及方,,
PER-0023,PARTICIPATES_IN,EVT-0219,1173,1173003,0.8,涉及方,,
PER-0024,PARTICIPATES_IN,EVT-1092,4017,4017006,0.9,涉及方,,
PER-0026,PARTICIPATES_IN,EVT-1098,4020,4020000,0.95,主体,,
PER-0027,PARTICIPATES_IN,EVT-1083,4012,4012001,0.95,主体,,
PER-0028,PARTICIPATES_IN,EVT-0405,1308,1308001,0.9,涉及方,,
PER-0030,PARTICIPATES_IN,EVT-0310,1231,1231000,0.8,涉及方,,
PER-0033,PARTICIPATES_IN,EVT-0076,1056,1056008,0.85,涉及方,,
PER-0033,PARTICIPATES_IN,EVT-0076,1057,1057004,0.85,涉及方,,
PER-0042,PARTICIPATES_IN,EVT-0896,2053,2053001,0.9,涉及方,,
PER-0046,PARTICIPATES_IN,EVT-1074,4007,4007000,0.95,主体,,
PER-0049,PARTICIPATES_IN,EVT-0123,1095,1095003,0.9,涉及方,,
PER-0049,PARTICIPATES_IN,EVT-0367,1280,1280001,0.85,涉及方,,
PER-0050,PARTICIPATES_IN,EVT-0889,2050,2050000,0.9,涉及方,,
PER-0055,PARTICIPATES_IN,EVT-1086,4014,4014003,0.95,主体,,
PER-0055,PARTICIPATES_IN,EVT-1087,4015,4015003,0.95,主体,,
PER-0058,PARTICIPATES_IN,EVT-0855,2035,2035000,0.85,受影响方,,
PER-0064,PARTICIPATES_IN,EVT-0466,1355,1355000,0.9,涉及方,,
PER-0065,PARTICIPATES_IN,EVT-0110,1086,1086001,0.9,涉及方,,
PER-0067,PARTICIPATES_IN,EVT-1064,4001,4001002,0.95,主体,,
PER-0073,PARTICIPATES_IN,EVT-0494,1372,1372000,0.9,主体,,
PER-0073,PARTICIPATES_IN,EVT-0495,1372,1372000,0.9,涉及方,,
PER-0075,PARTICIPATES_IN,EVT-0110,1086,1086002,0.9,涉及方,,
PER-0083,PARTICIPATES_IN,EVT-1095,4018,4018008,0.85,涉及方,,
PER-0086,PARTICIPATES_IN,EVT-0037,1031,1031007,0.7,涉及方,,
PER-0086,PARTICIPATES_IN,EVT-0038,1032,1032003,0.8,涉及方,,
PER-0089,PARTICIPATES_IN,EVT-1095,4018,4018008,0.85,涉及方,,
PER-0090,PARTICIPATES_IN,EVT-0142,1118,1118000,0.9,涉及方,,
PER-0098,PARTICIPATES_IN,EVT-1076,4009,4009001,0.9,主体,,
PER-0098,PARTICIPATES_IN,EVT-1077,4009,4009002,0.95,主体,,
PER-0099,PARTICIPATES_IN,EVT-0032,1026,1026002,0.8,涉及方,,
PER-0102,PARTICIPATES_IN,EVT-0912,2060,2060000,0.9,主体,,
PER-0104,PARTICIPATES_IN,EVT-0100,1078,1078000,0.9,涉及方,,
PER-0115,PARTICIPATES_IN,EVT-0490,1369,1369008,0.9,涉及方,,
PER-0118,PARTICIPATES_IN,EVT-1080,4011,4011002,0.9,涉及方,,
PER-0125,PARTICIPATES_IN,EVT-0123,1095,1095003,0.9,涉及方,,
PER-0125,PARTICIPATES_IN,EVT-0367,1280,1280001,0.85,涉及方,,
PER-0126,PARTICIPATES_IN,EVT-0097,1076,1076000,0.9,主体,,
PER-0126,PARTICIPATES_IN,EVT-0098,1076,1076000,0.7,涉及方,,
PER-0128,PARTICIPATES_IN,EVT-0192,1155,1155000,0.9,涉及方,,
PER-0129,PARTICIPATES_IN,EVT-0366,1279,1279014,0.7,涉及方,,
PER-0136,PARTICIPATES_IN,EVT-0406,1308,1308002,0.7,主体,,
PER-0150,PARTICIPATES_IN,EVT-1096,4019,4019007,0.9,主体,,
PER-0152,PARTICIPATES_IN,EVT-0037,1031,1031007,0.7,涉及方,,
PER-0152,PARTICIPATES_IN,EVT-0038,1032,1032002,0.8,涉及方,,
PER-0154,PARTICIPATES_IN,EVT-1070,4004,4004011,0.9,涉及方,,
PER-0154,PARTICIPATES_IN,EVT-1071,4004,4004012,0.9,涉及方,,
PER-0155,PARTICIPATES_IN,EVT-0378,1287,1287000,0.95,主体,,
PER-0157,PARTICIPATES_IN,EVT-0497,1374,1374000,0.8,涉及方,,
PER-0160,PARTICIPATES_IN,EVT-0056,1045,1045001,0.85,涉及方,,
PER-0166,PARTICIPATES_IN,EVT-1091,4016,4016014,0.9,涉及方,,
PER-0169,PARTICIPATES_IN,EVT-0014,1012,1012000,0.95,主体,,
PER-0169,PARTICIPATES_IN,EVT-0203,1162,1162003,0.85,涉及方,,
PER-0174,PARTICIPATES_IN,EVT-0427,1325,1325018,0.9,涉及方,,
PER-0179,PARTICIPATES_IN,EVT-0309,1230,1230000,0.9,主体,,
PER-0181,PARTICIPATES_IN,EVT-0474,1360,1360001,0.95,主体,,
PER-0185,PARTICIPATES_IN,EVT-1068,4004,4004004,0.9,涉及方,,
PER-0185,PARTICIPATES_IN,EVT-1071,4004,4004012,0.9,主体,,
PER-0187,PARTICIPATES_IN,EVT-0032,1026,1026002,0.8,涉及方,,
PER-0189,PARTICIPATES_IN,EVT-0237,1184,1184002,0.8,涉及方,,
PER-0190,PARTICIPATES_IN,EVT-1064,4001,4001002,0.95,主体,,
PER-0193,PARTICIPATES_IN,EVT-0408,1310,1310000,0.9,主体,,
PER-0195,PARTICIPATES_IN,EVT-1066,4002,4002002,0.95,主体,,
PER-0198,PARTICIPATES_IN,EVT-0424,1322,1322000,0.9,涉及方,,
PER-0206,PARTICIPATES_IN,EVT-0366,1279,1279014,0.75,涉及方,,
PER-0213,PARTICIPATES_IN,EVT-1079,4010,4010002,0.9,主体,,
PER-0214,PARTICIPATES_IN,EVT-1085,4013,4013001,0.95,主体,,
PER-0217,PARTICIPATES_IN,EVT-1092,4017,4017006,0.9,涉及方,,
PER-0220,PARTICIPATES_IN,EVT-0032,1026,1026002,0.8,涉及方,,
PER-0224,PARTICIPATES_IN,EVT-0864,2041,2041000,0.9,涉及方,,
PER-0226,PARTICIPATES_IN,EVT-1096,4019,4019007,0.9,主体,,
PER-0227,PARTICIPATES_IN,EVT-0870,2043,2043001,0.7,涉及方,,
PER-0230,PARTICIPATES_IN,EVT-0874,2045,2045000,0.85,涉及方,,
PER-0232,PARTICIPATES_IN,EVT-0318,1238,1238000,0.9,主体,,
PER-0234,PARTICIPATES_IN,EVT-0110,1086,1086001,0.9,涉及方,,
PER-0234,PARTICIPATES_IN,EVT-0168,1137,1137010,0.9,涉及方,,
PER-0237,PARTICIPATES_IN,EVT-0102,1080,1080000,0.9,主体,,
PER-0238,PARTICIPATES_IN,EVT-0309,1230,1230000,0.9,主体,,
PER-0241,PARTICIPATES_IN,EVT-1079,4010,4010002,0.9,主体,,
PER-0243,PARTICIPATES_IN,EVT-0204,1162,1162003,0.8,涉及方,,
PER-0243,PARTICIPATES_IN,EVT-0255,1196,1196001,0.8,涉及方,,
PER-0243,PARTICIPATES_IN,EVT-0364,1278,1278000,0.95,主体,,
PER-0246,PARTICIPATES_IN,EVT-0490,1369,1369003,0.9,涉及方,,
PER-0253,PARTICIPATES_IN,EVT-1098,4020,4020000,0.95,主体,,
PER-0256,PARTICIPATES_IN,EVT-0427,1325,1325018,0.9,涉及方,,
PER-0257,PARTICIPATES_IN,EVT-1098,4020,4020000,0.95,主体,,
PER-0259,PARTICIPATES_IN,EVT-0366,1279,1279015,0.7,涉及方,,
PER-0265,PARTICIPATES_IN,EVT-0237,1184,1184002,0.8,涉及方,,
PER-0271,PARTICIPATES_IN,EVT-1087,4015,4015003,0.95,主体,,
PER-0272,PARTICIPATES_IN,EVT-0237,1184,1184002,0.8,涉及方,,
PER-0274,PARTICIPATES_IN,EVT-1067,4003,4003002,0.95,主体,,
PER-0275,PARTICIPATES_IN,EVT-0497,1374,1374000,0.8,涉及方,,
PER-0276,PARTICIPATES_IN,EVT-0454,1345,1345001,0.8,涉及方,,
PER-0279,PARTICIPATES_IN,EVT-0237,1184,1184002,0.8,涉及方,,
PER-0286,PARTICIPATES_IN,EVT-0987,2089,2089006,0.8,涉及方,,
PER-0288,PARTICIPATES_IN,EVT-0110,1086,1086002,0.9,涉及方,,
PER-0293,PARTICIPATES_IN,EVT-0138,1112,1112001,0.8,涉及方,,
PER-0294,PARTICIPATES_IN,EVT-0395,1299,1299004,0.9,主体,,
PER-0297,PARTICIPATES_IN,EVT-0009,1006,1006003,0.7,涉及方,,
PER-0304,PARTICIPATES_IN,EVT-0366,1279,1279014,0.8,主体,,
PER-0308,PARTICIPATES_IN,EVT-0371,1282,1282000,0.85,涉及方,,
PER-0309,PARTICIPATES_IN,EVT-0121,1093,1093006,0.7,涉及方,,
PER-0310,PARTICIPATES_IN,EVT-0427,1325,1325018,0.9,涉及方,,
PER-0311,PARTICIPATES_IN,EVT-0128,1099,1099000,0.9,主体,,
PER-0312,PARTICIPATES_IN,EVT-0192,1155,1155002,0.9,涉及方,,
PER-0313,PARTICIPATES_IN,EVT-0889,2050,2050001,0.9,涉及方,,
PER-0314,PARTICIPATES_IN,EVT-1098,4020,4020000,0.95,主体,,
PER-0318,PARTICIPATES_IN,EVT-0371,1282,1282000,0.85,涉及方,,
PER-0323,PARTICIPATES_IN,EVT-0382,1291,1291000,0.95,主体,,
PER-0327,PARTICIPATES_IN,EVT-0298,1223,1223000,0.95,主体,,
PER-0333,PARTICIPATES_IN,EVT-0058,1045,1045002,0.85,涉及方,,
PER-0340,PARTICIPATES_IN,EVT-0350,1267,1267000,0.9,主体,,
PER-0341,PARTICIPATES_IN,EVT-0116,1089,1089000,0.9,涉及方,,
PER-0343,PARTICIPATES_IN,EVT-0825,2019,2019005,0.9,主体,,
PER-0345,PARTICIPATES_IN,EVT-1073,4006,4006000,0.95,主体,,
PER-0350,PARTICIPATES_IN,EVT-0347,1265,1265002,0.9,主体,,
PER-0353,PARTICIPATES_IN,EVT-1064,4001,4001002,0.95,主体,,
PER-0361,PARTICIPATES_IN,EVT-1072,4005,4005012,0.95,涉及方,,
PER-0362,PARTICIPATES_IN,EVT-0014,1012,1012000,0.95,主体,,
PER-0363,PARTICIPATES_IN,EVT-1086,4014,4014003,0.95,主体,,
PER-0366,PARTICIPATES_IN,EVT-0855,2035,2035000,0.85,受影响方,,
PER-0367,PARTICIPATES_IN,EVT-0377,1286,1286001,0.9,涉及方,,
PER-0370,PARTICIPATES_IN,EVT-1075,4008,4008000,0.95,主体,,
PER-0372,PARTICIPATES_IN,EVT-0346,1265,1265001,0.95,主体,,
PER-0374,PARTICIPATES_IN,EVT-1072,4005,4005011,0.95,涉及方,,
PER-0378,PARTICIPATES_IN,EVT-0260,1200,1200000,0.9,主体,,
PER-0379,PARTICIPATES_IN,EVT-0517,1389,1389004,0.9,涉及方,,
PER-0382,PARTICIPATES_IN,EVT-0153,1124,1124003,0.9,涉及方,,
PER-0391,PARTICIPATES_IN,EVT-0517,1389,1389004,0.9,涉及方,,
PER-0392,PARTICIPATES_IN,EVT-0098,1076,1076000,0.7,涉及方,,
PT.ACTERINTEGRATIONTECHNOLOGYINDONESIA,PARTICIPATES_IN,EVT-0753,1573,1573003,0.95,主体,,
PT.HardasesAbadiIndonesia,PARTICIPATES_IN,EVT-0753,1573,1573003,0.95,合作方,,
SA供应商,PARTICIPATES_IN,EVT-0535,1403,1403000,0.95,合作方,,
SA供应商,PARTICIPATES_IN,EVT-0536,1403,1403001,0.95,合作方,,
SA供应商,PARTICIPATES_IN,EVT-0695,1529,1529001,0.95,合作方,,
SA供应商,SUPPLIES,300209,1403,1403002,0.9,,,
SA供应商,SUPPLIES,300209,1529,1529001,0.9,,,
SHANGHAIELECTRICGLOBALCAPITALLIMITED,PARTICIPATES_IN,EVT-0263,1201,1201000,0.9,主体,,
ST朗进,PARTICIPATES_IN,EVT-0805,2013,2013000,0.95,主体,,
ST朗进,PARTICIPATES_IN,EVT-0806,2013,2013001,0.9,主体,,
ST朗进,PARTICIPATES_IN,EVT-0807,2013,2013001,0.9,主体,,
ST朗进,PARTICIPATES_IN,EVT-0808,2013,2013003,0.9,主体,,
ShengHueiEngineeringTechnologyCompanyLimited,PARTICIPATES_IN,EVT-0572,1431,1431002,0.95,主体,,
"SungrowPower(HongKong)Co.,Limited",PARTICIPATES_IN,EVT-0456,1346,1346001,0.9,涉及方,,
TCL中环,PARTICIPATES_IN,EVT-0887,2049,2049000,0.9,主体,,
TechnologySingaporePte.Ltd.,PARTICIPATES_IN,EVT-0602,1456,1456000,0.9,主体,,
VB客户,PARTICIPATES_IN,EVT-0776,1593,1593004,0.9,合作方,,
e&集团,PARTICIPATES_IN,EVT-0355,1272,1272000,0.9,合作方,,
万家宏观择时多策略,HAS_EXECUTIVE,PER-0390,2078,2078002,0.95,,,
万得资讯,PARTICIPATES_IN,EVT-0791,2008,2008001,0.8,合作方,,
万物云,PARTICIPATES_IN,EVT-0797,2010,2010002,0.8,涉及方,,
万物云空间科技服务股份有限公司,PARTICIPATES_IN,EVT-0830,2021,2021002,0.9,主体,,
万科(重庆)企业有限公司,PARTICIPATES_IN,EVT-0189,1153,1153003,0.8,涉及方,,
万邦医药,BELONGS_TO,IND-0022,2055,2055001,0.7,,,
三一集团,PARTICIPATES_IN,EVT-0051,1042,1042001,0.9,主体,,
三一集团,PARTICIPATES_IN,EVT-0052,1042,1042003,0.9,主体,,
三峡财务有限责任公司,PARTICIPATES_IN,EVT-0150,1122,1122007,0.9,主体,,
三峡集团,PARTICIPATES_IN,EVT-0234,1182,1182008,0.95,主体,,
三峡集团,PARTICIPATES_IN,EVT-0235,1182,1182010,0.9,主体,,
上汽大通汽车有限公司,PARTICIPATES_IN,EVT-0343,1262,1262004,0.8,涉及方,,
上海中油国电能源有限公司,PARTICIPATES_IN,EVT-0136,1108,1108003,0.9,涉及方,,
上海云锋元创私募基金中心(有限合伙),PARTICIPATES_IN,EVT-0439,1332,1332000,0.9,涉及方,,
上海云锋新创投资管理有限公司,PARTICIPATES_IN,EVT-0439,1332,1332000,0.9,合作方,,
上海先惠自动化技术股份有限公司,SUPPLIES,300750,2103,2103006,0.85,,,
上海华奥泰生物药业股份有限公司,PARTICIPATES_IN,EVT-0677,1514,1514001,0.95,主体,,
上海华奥泰生物药业股份有限公司,PARTICIPATES_IN,EVT-0680,1517,1517003,0.92,主体,,
上海华奥泰生物药业股份有限公司,PARTICIPATES_IN,EVT-0681,1517,1517001,0.9,主体,,
上海华奥泰生物药业股份有限公司,PARTICIPATES_IN,EVT-0682,1517,1517001,0.9,主体,,
上海华奥泰生物药业股份有限公司,PARTICIPATES_IN,EVT-0683,1517,1517002,0.9,主体,,
上海华奥泰生物药业股份有限公司,PARTICIPATES_IN,EVT-0746,1568,1568000,0.95,主体,,
上海复宏汉霖生物技术股份有限公司,PARTICIPATES_IN,EVT-0560,1424,1424000,0.95,主体,,
上海复宏汉霖生物技术股份有限公司,PARTICIPATES_IN,EVT-0561,1424,1424001,0.85,主体,,
上海天天基金销售有限公司,HAS_EXECUTIVE,PER-0029,1022,1022001,0.95,,,
上海天天基金销售有限公司,PARTICIPATES_IN,EVT-0028,1022,1022000,0.9,涉及方,,
上海新苡萃生物科技有限公司,PARTICIPATES_IN,EVT-0921,2062,2062002,0.9,主体,,
上海机场,PARTICIPATES_IN,EVT-0843,2026,2026004,0.9,主体,,
上海浦东发展银行股份有限公司,PARTICIPATES_IN,EVT-0449,1341,1341003,0.8,涉及方,,
上海烟草集团有限责任公司,PARTICIPATES_IN,EVT-0117,1090,1090000,0.9,合作方,,
上海申威资产评估有限公司,PARTICIPATES_IN,EVT-0507,1381,1381018,0.9,涉及方,,
上海电气控股集团有限公司,HAS_EXECUTIVE,PER-0062,1381,1381007,0.85,,,
上海电气控股集团有限公司,PARTICIPATES_IN,EVT-0506,1381,1381003,0.95,合作方,,
上海经安建筑设计院有限公司,PARTICIPATES_IN,EVT-0721,1544,1544006,0.9,合作方,,
上海脉示生物技术有限公司,PARTICIPATES_IN,EVT-0573,1432,1432000,0.9,主体,,
上海莘庄工业区实业有限公司,PARTICIPATES_IN,EVT-0412,1312,1312002,0.9,合作方,,
上海麒鹏投资管理有限公司,PARTICIPATES_IN,EVT-0439,1332,1332000,0.9,合作方,,
东吴证券,PARTICIPATES_IN,EVT-0965,2081,2081002,0.8,主体,,
东阿阿胶,HAS_EXECUTIVE,PER-0002,2053,2053001,0.9,,,
中信国际招标有限公司,PARTICIPATES_IN,EVT-0676,1513,1513000,0.9,涉及方,,
中信国际招标有限公司,PARTICIPATES_IN,EVT-0995,2095,2095000,0.88,涉及方,,
中信建投,PARTICIPATES_IN,EVT-0821,2018,2018001,0.9,主体,,
中信建投证券,HAS_EXECUTIVE,PER-0076,2092,2092009,0.9,,,
中信泰富特钢集团股份有限公司,PARTICIPATES_IN,EVT-0186,1150,1150001,0.9,合作方,,
中信证券投资有限公司,PARTICIPATES_IN,EVT-0103,1081,1081000,0.9,涉及方,,
中信金属股份有限公司,PARTICIPATES_IN,EVT-0186,1150,1150001,0.9,合作方,,
中信银行股份有限公司,PARTICIPATES_IN,EVT-0186,1150,1150001,0.9,合作方,,
中信银行股份有限公司,PARTICIPATES_IN,EVT-0254,1195,1195002,0.9,合作方,,
中信银行股份有限公司,PARTICIPATES_IN,EVT-0267,1203,1203001,0.88,合作方,,
中元天纬集团有限公司,PARTICIPATES_IN,EVT-0749,1570,1570000,0.9,合作方,,
中兴财光华,PARTICIPATES_IN,EVT-1092,4017,4017001,0.95,主体,,
中兴财光华会计师事务所(特殊普通合伙),PARTICIPATES_IN,EVT-1080,4011,4011002,0.95,主体,,
中咨工程有限公司,PARTICIPATES_IN,EVT-0691,1525,1525000,0.85,涉及方,,
中咨海外咨询有限公司,PARTICIPATES_IN,EVT-0889,2050,2050001,0.85,涉及方,,
中国中信股份有限公司,PARTICIPATES_IN,EVT-0186,1150,1150001,0.9,主体,,
中国中元国际工程有限公司,PARTICIPATES_IN,EVT-0496,1373,1373001,0.95,主体,,
中国保利集团有限公司,PARTICIPATES_IN,EVT-0403,1307,1307009,0.9,涉及方,,
中国农业银行股份有限公司,PARTICIPATES_IN,EVT-0027,1021,1021002,0.8,合作方,,
中国南方电网有限责任公司,PARTICIPATES_IN,EVT-0639,1485,1485000,0.9,合作方,,
中国南方电网有限责任公司,PARTICIPATES_IN,EVT-0640,1486,1486000,0.9,合作方,,
中国卫星,BELONGS_TO,IND-0027,2067,2067003,0.85,,,
中国卫星,PARTICIPATES_IN,EVT-0932,2067,2067004,0.95,主体,,
中国太保,BELONGS_TO,IND-0012,2094,2094000,0.8,,,
中国宝武钢铁集团有限公司,PARTICIPATES_IN,EVT-0514,1386,1386003,0.85,涉及方,,
中国建材集团财务有限公司,HAS_EXECUTIVE,PER-0359,1171,1171000,0.9,,,
中国建材集团财务有限公司,PARTICIPATES_IN,EVT-0214,1171,1171012,0.9,主体,,
中国建材集团财务有限公司,PARTICIPATES_IN,EVT-0215,1171,1171014,0.8,涉及方,,
中国建设银行股份有限公司,PARTICIPATES_IN,EVT-0007,1005,1005001,0.8,合作方,,
中国建设银行股份有限公司,PARTICIPATES_IN,EVT-0451,1342,1342001,0.9,合作方,,
中国民生银行,HAS_EXECUTIVE,PER-0227,2043,2043001,0.85,,,
中国海油,PARTICIPATES_IN,EVT-0662,1503,1503000,0.95,合作方,,
中国海油,PARTICIPATES_IN,EVT-0707,1536,1536000,0.9,合作方,,
中国海洋石油集团有限公司,PARTICIPATES_IN,EVT-0646,1492,1492000,0.9,合作方,,
中国烟草总公司,PARTICIPATES_IN,EVT-0117,1090,1090000,0.95,合作方,,
中国电信股份有限公司,HAS_EXECUTIVE,PER-0209,1502,1502003,0.85,,,
中国电信股份有限公司,HAS_EXECUTIVE,PER-0209,1533,1533003,0.9,,,
中国电信股份有限公司,PARTICIPATES_IN,EVT-0661,1502,1502005,0.9,合作方,,
中国电信股份有限公司,PARTICIPATES_IN,EVT-0703,1533,1533005,0.9,合作方,,
中国电信集团有限公司,CUSTOMER_OF,300504,1533,1533005,0.85,,,
中国电信集团有限公司,HAS_EXECUTIVE,PER-0209,1502,1502001,0.85,,,
中国电信集团有限公司,HAS_EXECUTIVE,PER-0209,1533,1533001,0.9,,,
中国电信集团有限公司,PARTICIPATES_IN,EVT-0661,1502,1502005,0.9,合作方,,
中国电信集团有限公司,PARTICIPATES_IN,EVT-0703,1533,1533005,0.9,合作方,,
中国石化盛骏国际投资有限公司,PARTICIPATES_IN,EVT-0069,1052,1052005,0.85,涉及方,,
中国石油,PARTICIPATES_IN,EVT-0843,2026,2026004,0.9,主体,,
中国石油化工集团有限公司,HAS_EXECUTIVE,PER-0021,1082,1082023,0.9,,,
中国石油化工集团有限公司,PARTICIPATES_IN,EVT-0016,1013,1013003,0.8,涉及方,,
中国石油化工集团有限公司,PARTICIPATES_IN,EVT-0069,1052,1052005,0.9,主体,,
中国移动通信有限公司,HAS_EXECUTIVE,PER-0349,1414,1414001,0.9,,,
中国移动通信有限公司,HAS_EXECUTIVE,PER-0349,1553,1553002,0.85,,,
中国移动通信有限公司,HAS_EXECUTIVE,PER-0349,1556,1556002,0.9,,,
中国移动通信有限公司,PARTICIPATES_IN,EVT-0544,1410,1410005,0.9,合作方,,
中国移动通信有限公司,PARTICIPATES_IN,EVT-0549,1414,1414003,0.95,合作方,,
中国移动通信有限公司,PARTICIPATES_IN,EVT-0730,1553,1553003,0.95,合作方,,
中国移动通信有限公司,PARTICIPATES_IN,EVT-0733,1556,1556003,0.95,合作方,,
中国能源工程集团有限公司,PARTICIPATES_IN,EVT-0136,1108,1108002,0.9,涉及方,,
中国邮政速递物流股份有限公司,PARTICIPATES_IN,EVT-0645,1491,1491001,0.9,合作方,,
中国邮政集团有限公司湖北省分公司,PARTICIPATES_IN,EVT-0541,1408,1408000,0.9,合作方,,
中国邮电器材集团有限公司,PARTICIPATES_IN,EVT-0730,1553,1553000,0.9,涉及方,,
中国重型汽车集团有限公司,PARTICIPATES_IN,EVT-0073,1056,1056007,0.8,合作方,,
中国铁塔股份有限公司江苏省分公司,PARTICIPATES_IN,EVT-0459,1350,1350000,0.92,合作方,,
中国铁塔股份有限公司江苏省分公司,PARTICIPATES_IN,EVT-0609,1463,1463001,0.9,合作方,,
中国铁路工程集团有限公司,PARTICIPATES_IN,EVT-0022,1016,1016003,0.85,涉及方,,
中国铁道建筑集团有限公司,PARTICIPATES_IN,EVT-0381,1290,1290001,0.9,涉及方,,
中国银联,PARTICIPATES_IN,EVT-0839,2025,2025001,0.9,主体,,
中国银联,PARTICIPATES_IN,EVT-0859,2039,2039000,0.95,主体,,
中国银行,PARTICIPATES_IN,EVT-0794,2009,2009003,0.85,主体,,
中国银行,PARTICIPATES_IN,EVT-0876,2046,2046000,0.95,主体,,
中国银行股份有限公司,PARTICIPATES_IN,EVT-0267,1203,1203001,0.9,合作方,,
中国长江三峡集团有限公司,PARTICIPATES_IN,EVT-0385,1293,1293000,0.9,主体,,
中国长江三峡集团有限公司,PARTICIPATES_IN,EVT-0387,1293,1293004,0.9,主体,,
中外建工程设计与顾问有限公司,PARTICIPATES_IN,EVT-0650,1493,1493000,0.9,合作方,,
中外建工程设计与顾问有限公司,PARTICIPATES_IN,EVT-0748,1569,1569000,0.9,合作方,,
中天储能科技有限公司,PARTICIPATES_IN,EVT-0184,1149,1149010,0.9,涉及方,,
中康科技,HAS_EXECUTIVE,PER-0095,2061,2061001,0.9,,,
中康科技,HAS_EXECUTIVE,PER-0282,2061,2061005,0.9,,,
中康科技,PARTICIPATES_IN,EVT-0918,2061,2061002,0.8,主体,,
中建一局集团建设发展有限公司,HAS_EXECUTIVE,PER-0205,1411,1411002,0.9,,,
中建一局集团建设发展有限公司,PARTICIPATES_IN,EVT-0545,1411,1411002,0.9,合作方,,
中建三局云采科技有限公司,CUSTOMER_OF,002541,1547,1547001,0.7,,,
中建三局云采科技有限公司,HAS_EXECUTIVE,PER-0335,1547,1547002,0.8,,,
中建三局云采科技有限公司,PARTICIPATES_IN,EVT-0724,1547,1547001,0.9,合作方,,
中建五局,PARTICIPATES_IN,EVT-0363,1277,1277000,0.85,涉及方,,
中建八局,PARTICIPATES_IN,EVT-0363,1277,1277000,0.85,涉及方,,
中建六局,PARTICIPATES_IN,EVT-0363,1277,1277000,0.85,涉及方,,
中建四局,PARTICIPATES_IN,EVT-0363,1277,1277000,0.85,涉及方,,
中微公司,BELONGS_TO,IND-0071,2100,2100009,0.8,,,
中微公司,PARTICIPATES_IN,EVT-1012,2100,2100014,0.9,主体,,
中文在线,BELONGS_TO,IND-0040,2094,2094000,0.8,,,
中来智联,PARTICIPATES_IN,EVT-0605,1459,1459000,0.9,主体,,
中汇所,PARTICIPATES_IN,EVT-1094,4018,4018001,0.9,主体,,
中汇所,PARTICIPATES_IN,EVT-1095,4018,4018006,0.9,主体,,
中汇所,SUPPLIES,江苏吴中,4018,4018000,0.7,,,
中泰证券,HAS_EXECUTIVE,PER-0142,2031,2031005,0.9,,,
中泰证券,PARTICIPATES_IN,EVT-0820,2018,2018001,0.9,主体,,
中海油,PARTICIPATES_IN,EVT-0635,1482,1482002,0.95,合作方,,
中海油田服务股份有限公司,PARTICIPATES_IN,EVT-0649,1492,1492003,0.85,合作方,,
中海油田服务股份有限公司,PARTICIPATES_IN,EVT-0709,1536,1536002,0.85,涉及方,,
中海油田服务股份有限公司,SUPPLIES,智慧石油,1536,1536003,0.8,,,
中海油田服务股份有限公司,SUPPLIES,智慧石油投资有限公司,1492,1492004,0.8,,,
中海油能源发展股份有限公司,PARTICIPATES_IN,EVT-0669,1508,1508000,0.95,合作方,,
中海艾普油气测试(天津)有限公司,PARTICIPATES_IN,EVT-0710,1536,1536003,0.85,涉及方,,
中瓷电子,BELONGS_TO,IND-0058,2036,2036001,0.9,,,
中电商务(北京)有限公司,PARTICIPATES_IN,EVT-0645,1491,1491001,0.9,涉及方,,
中科创达,BELONGS_TO,IND-0039,2086,2086001,0.8,,,
中科创达软件股份有限公司,BELONGS_TO,IND-0038,2088,2088001,0.7,,,
中科广盛技术有限公司,PARTICIPATES_IN,EVT-0765,1583,1583001,0.9,合作方,,
中联投(曲靖)智慧农业发展有限公司,CUSTOMER_OF,002586,1429,1429000,0.75,,,
中联投(曲靖)智慧农业发展有限公司,PARTICIPATES_IN,EVT-0568,1429,1429000,0.8,涉及方,,
中能谷晶(滕州)新能源有限公司,PARTICIPATES_IN,EVT-0771,1589,1589000,0.95,合作方,,
中航证券,HAS_EXECUTIVE,PER-0132,2067,2067007,0.9,,,
中船科技股份有限公司,PARTICIPATES_IN,EVT-0734,1557,1557000,0.9,合作方,,
中色非洲矿业有限公司,PARTICIPATES_IN,EVT-0731,1554,1554002,0.95,合作方,,
中车物流,PARTICIPATES_IN,EVT-0611,1465,1465000,0.85,合作方,,
中车青岛四方机车车辆股份有限公司,PARTICIPATES_IN,EVT-0608,1462,1462000,0.9,合作方,,
中铁一局集团有限公司,PARTICIPATES_IN,EVT-0250,1193,1193007,0.9,主体,,
中铁一局集团物资工贸有限公司,PARTICIPATES_IN,EVT-0250,1193,1193007,0.9,涉及方,,
中铁三局集团第三工程有限公司,PARTICIPATES_IN,EVT-0765,1583,1583001,0.9,合作方,,
中铁电气化局集团(香港)有限公司,PARTICIPATES_IN,EVT-0251,1193,1193007,0.9,涉及方,,
中铁电气化局集团有限公司,PARTICIPATES_IN,EVT-0251,1193,1193007,0.9,主体,,
中际旭创,BELONGS_TO,IND-0018,2093,2093002,0.7,,,
中际旭创,PARTICIPATES_IN,EVT-1015,2101,2101001,0.9,主体,,
丽豪清能,PARTICIPATES_IN,EVT-0089,1069,1069002,0.9,涉及方,,
乌干达输电公司,PARTICIPATES_IN,EVT-0034,1030,1030000,0.95,合作方,,
乌干达输电公司,PARTICIPATES_IN,EVT-0035,1030,1030000,0.9,合作方,,
乐平市国有资产经营管理集团有限公司,PARTICIPATES_IN,EVT-0650,1493,1493000,0.9,合作方,,
乐平市国有资产经营管理集团有限公司,PARTICIPATES_IN,EVT-0748,1569,1569001,0.85,涉及方,,
九有股份,PARTICIPATES_IN,EVT-1081,4011,4011001,0.8,主体,,
九芝堂,BELONGS_TO,IND-0021,2051,2051000,0.9,,,
云南中烟工业有限责任公司,PARTICIPATES_IN,EVT-0117,1090,1090000,0.9,合作方,,
云南交投新材料有限公司,PARTICIPATES_IN,EVT-0738,1561,1561001,0.9,合作方,,
云顶新耀,HAS_EXECUTIVE,PER-0054,2061,2061002,0.85,,,
五矿盐湖有限公司,PARTICIPATES_IN,EVT-0230,1179,1179005,0.9,涉及方,,
五矿盐湖有限公司,PARTICIPATES_IN,EVT-0443,1335,1335001,0.85,涉及方,,
交通银行,PARTICIPATES_IN,EVT-0839,2025,2025001,0.85,合作方,,
交通银行,PARTICIPATES_IN,EVT-0879,2046,2046003,0.85,主体,,
交通银行股份有限公司,PARTICIPATES_IN,EVT-0254,1195,1195002,0.9,合作方,,
京东方能源科技有限公司,PARTICIPATES_IN,EVT-0889,2050,2050001,0.85,涉及方,,
人保财险上海分公司,PARTICIPATES_IN,EVT-0880,2047,2047001,0.8,涉及方,,
人福普克药业(武汉)有限公司,PARTICIPATES_IN,EVT-0685,1519,1519000,0.95,主体,,
亿纬锂能,BELONGS_TO,IND-0032,2102,2102003,0.7,,,
伊托里水泥有限公司,PARTICIPATES_IN,EVT-0334,1255,1255000,0.9,合作方,,
优刻得,BELONGS_TO,IND-0040,2094,2094000,0.7,,,
优彩资源,PARTICIPATES_IN,EVT-0999,2096,2096003,0.92,主体,,
会稽山,BELONGS_TO,IND-0006,2068,2068000,0.7,,,
传智教育,BELONGS_TO,IND-0040,2094,2094000,0.8,,,
保利定转,PARTICIPATES_IN,EVT-0523,1394,1394000,0.8,受影响方,,
保利物业,PARTICIPATES_IN,EVT-0787,2006,2006003,0.9,主体,,
信义汽车玻璃,PARTICIPATES_IN,EVT-0927,2066,2066001,0.9,涉及方,,
信义玻璃,PARTICIPATES_IN,EVT-0927,2066,2066001,0.9,主体,,
信维通信,BELONGS_TO,IND-0066,2036,2036001,0.9,,,
信达生物,PARTICIPATES_IN,EVT-0962,2080,2080002,0.88,主体,,
信邦智能,PARTICIPATES_IN,EVT-0923,2063,2063000,0.95,主体,,
元道通信股份有限公司,HAS_EXECUTIVE,PER-0059,4004,4004004,0.95,,,
元道通信股份有限公司,HAS_EXECUTIVE,PER-0154,4004,4004003,0.95,,,
元道通信股份有限公司,HAS_EXECUTIVE,PER-0185,4004,4004003,0.95,,,
元道通信股份有限公司,PARTICIPATES_IN,EVT-1068,4004,4004004,0.95,主体,,
元道通信股份有限公司,PARTICIPATES_IN,EVT-1069,4004,4004004,0.95,主体,,
元道通信股份有限公司,PARTICIPATES_IN,EVT-1070,4004,4004011,0.9,主体,,
兆易创新,BELONGS_TO,IND-0029,2027,2027002,0.7,,,
光大证券,HAS_EXECUTIVE,PER-0120,2093,2093007,0.9,,,
光大证券,PARTICIPATES_IN,EVT-0852,2031,2031003,0.85,主体,,
光大银行上海分行,PARTICIPATES_IN,EVT-0028,1022,1022000,0.9,合作方,,
公司I的子公司,CUSTOMER_OF,300757,1484,1484001,0.85,,,
公司I的子公司,PARTICIPATES_IN,EVT-0638,1484,1484001,0.9,合作方,,
共绩科技,HAS_EXECUTIVE,PER-0009,2009,2009000,0.9,,,
共绩科技,PARTICIPATES_IN,EVT-0792,2009,2009002,0.85,主体,,
兴业证券,HAS_EXECUTIVE,PER-0116,2097,2097004,0.9,,,
兴业银行股份有限公司,PARTICIPATES_IN,EVT-0254,1195,1195002,0.9,合作方,,
兴业银行股份有限公司,PARTICIPATES_IN,EVT-0267,1203,1203001,0.88,合作方,,
内蒙古惠商融资担保有限公司,PARTICIPATES_IN,EVT-0402,1306,1306000,0.9,主体,,
农业担保公司,PARTICIPATES_IN,EVT-0326,1245,1245002,0.85,主体,,
农业银行,BELONGS_TO,IND-0069,2094,2094000,0.8,,,
冠苕咨询,HAS_EXECUTIVE,PER-0071,2038,2038000,0.9,,,
凯尔达,PARTICIPATES_IN,EVT-1001,2097,2097002,0.9,主体,,
创业板新能源ETF华泰柏瑞(159069),PARTICIPATES_IN,EVT-1017,2102,2102000,0.8,主体,,
利尔化学,PARTICIPATES_IN,EVT-0919,2062,2062000,0.9,涉及方,,
匈牙利宝思德化学公司,PARTICIPATES_IN,EVT-0222,1175,1175000,0.95,主体,,
匈牙利宝思德化学公司,PARTICIPATES_IN,EVT-0223,1175,1175000,0.95,主体,,
北京中兰环境工程有限公司,PARTICIPATES_IN,EVT-0714,1539,1539001,0.95,主体,,
北京中兰环境工程有限公司,PARTICIPATES_IN,EVT-0758,1577,1577000,0.95,主体,,
北京中兰环境工程有限公司,SUPPLIES,韶关复通新材料有限公司,1539,1539007,0.95,,,
北京亚康智算科技有限公司,PARTICIPATES_IN,EVT-0582,1439,1439002,0.95,主体,,
北京亚康智算科技有限公司,SUPPLIES,客户C公司,1439,1439001,0.9,,,
北京居正房地产开发有限公司,PARTICIPATES_IN,EVT-0189,1153,1153004,0.8,涉及方,,
北京海兰齐力照明设备安装工程有限公司,HAS_EXECUTIVE,PER-0156,1455,1455001,0.9,,,
北京海兰齐力照明设备安装工程有限公司,PARTICIPATES_IN,EVT-0600,1454,1454005,0.95,合作方,,
北京海兰齐力照明设备安装工程有限公司,PARTICIPATES_IN,EVT-0601,1455,1455000,0.95,合作方,,
北京现代,PARTICIPATES_IN,EVT-0803,2012,2012000,0.9,主体,,
北京现代,PARTICIPATES_IN,EVT-0804,2012,2012000,0.85,主体,,
北京百汇怡翔科贸有限公司,HAS_EXECUTIVE,PER-0131,1411,1411003,0.9,,,
北京百汇怡翔科贸有限公司,PARTICIPATES_IN,EVT-0545,1411,1411003,0.9,合作方,,
北京神州鲲泰信息技术有限公司,PARTICIPATES_IN,EVT-0730,1553,1553000,0.95,主体,,
北京神州鲲泰信息技术有限公司,SUPPLIES,中国移动通信有限公司,1553,1553003,0.9,,,
北京通创九州金刚石科技有限公司,HAS_EXECUTIVE,PER-0156,1571,1571002,0.9,,,
北京通创九州金刚石科技有限公司,HAS_EXECUTIVE,PER-0156,1572,1572001,0.95,,,
北京通创九州金刚石科技有限公司,PARTICIPATES_IN,EVT-0750,1571,1571005,0.9,合作方,,
北京通创九州金刚石科技有限公司,PARTICIPATES_IN,EVT-0752,1572,1572000,0.95,合作方,,
北斗星通,BELONGS_TO,IND-0027,2067,2067003,0.85,,,
北斗星通,PARTICIPATES_IN,EVT-0931,2067,2067003,0.95,主体,,
北汽蓝谷,BELONGS_TO,IND-0047,2040,2040000,0.9,,,
北汽蓝谷,PARTICIPATES_IN,EVT-0861,2040,2040000,0.9,主体,,
华东医药投资控股(香港)有限公司,PARTICIPATES_IN,EVT-0625,1473,1473002,0.88,主体,,
华为乾崑,PARTICIPATES_IN,EVT-0809,2014,2014000,0.85,合作方,,
华兴源创,HAS_EXECUTIVE,PER-0262,2100,2100001,0.8,,,
华博生物,PARTICIPATES_IN,EVT-0680,1517,1517003,0.88,合作方,,
华博生物,PARTICIPATES_IN,EVT-0682,1517,1517001,0.85,合作方,,
华安证券,PARTICIPATES_IN,EVT-0820,2018,2018001,0.9,主体,,
华民股份,HAS_EXECUTIVE,PER-0218,2042,2042002,0.9,,,
华民股份,PARTICIPATES_IN,EVT-0868,2042,2042001,0.9,主体,,
华民股份,SUPPLIES,天合光能,2042,2042001,0.9,,,
华泰宝利投资管理有限公司,PARTICIPATES_IN,EVT-0012,1010,1010000,0.95,合作方,,
华泰柏瑞基金,PARTICIPATES_IN,EVT-1027,2106,2106002,0.9,主体,,
华泰柏瑞基金,PARTICIPATES_IN,EVT-1028,2106,2106002,0.7,主体,,
华泰证券,PARTICIPATES_IN,EVT-0963,2081,2081002,0.8,主体,,
华泰财产保险有限公司,PARTICIPATES_IN,EVT-0502,1377,1377107,0.9,合作方,,
华泰资产管理有限公司,PARTICIPATES_IN,EVT-0012,1010,1010000,0.95,合作方,,
华海欧洲公司,PARTICIPATES_IN,EVT-0552,1416,1416000,0.9,主体,,
华润江中,PARTICIPATES_IN,EVT-0965,2081,2081002,0.75,涉及方,,
华润紫竹药业有限公司,PARTICIPATES_IN,EVT-0633,1480,1480001,0.8,涉及方,,
华润赛科药业有限责任公司,PARTICIPATES_IN,EVT-0554,1418,1418002,0.95,主体,,
华润赛科药业有限责任公司,PARTICIPATES_IN,EVT-0774,1592,1592000,0.9,主体,,
华润赛科药业有限责任公司,PARTICIPATES_IN,EVT-0775,1592,1592001,0.9,主体,,
华源证券,PARTICIPATES_IN,EVT-0857,2038,2038000,0.9,主体,,
华源证券,PARTICIPATES_IN,EVT-0858,2038,2038000,0.9,主体,,
华虹集成电路(成都)有限公司,PARTICIPATES_IN,EVT-0715,1540,1540000,0.9,合作方,,
华金证券,HAS_EXECUTIVE,PER-0315,2093,2093009,0.9,,,
协鑫集团,PARTICIPATES_IN,EVT-0869,2042,2042003,0.9,主体,,
卓胜微,BELONGS_TO,IND-0058,2040,2040001,0.9,,,
卓胜微,PARTICIPATES_IN,EVT-0862,2040,2040001,0.9,主体,,
南京国轩控股集团有限公司,PARTICIPATES_IN,EVT-0047,1039,1039001,0.9,合作方,,
南京海纳制药有限公司,SUPPLIES,武汉九珑人福药业有限责任公司,1425,1425001,0.9,,,
南京莱斯信息技术股份有限公司,PARTICIPATES_IN,EVT-0459,1350,1350000,0.92,合作方,,
南京莱斯信息技术股份有限公司,PARTICIPATES_IN,EVT-0609,1463,1463000,0.9,合作方,,
南京银行,PARTICIPATES_IN,EVT-0843,2026,2026004,0.9,主体,,
南方电网公司,PARTICIPATES_IN,EVT-0914,2060,2060002,0.8,涉及方,,
南钢股份,PARTICIPATES_IN,EVT-0963,2081,2081002,0.75,涉及方,,
厦门时代深远创业投资基金合伙企业(有限合伙),PARTICIPATES_IN,EVT-0041,1034,1034002,0.9,涉及方,,
厦门时代深远创业投资基金合伙企业(有限合伙),PARTICIPATES_IN,EVT-0070,1053,1053004,0.9,涉及方,,
厦门溥泉私募基金管理合伙企业(有限合伙),PARTICIPATES_IN,EVT-0070,1053,1053001,0.9,合作方,,
双林股份,BELONGS_TO,IND-0043,2086,2086001,0.8,,,
吉利控股集团,HAS_EXECUTIVE,PER-0167,2007,2007008,0.9,,,
吉林吉润,PARTICIPATES_IN,EVT-0690,1524,1524000,0.88,合作方,,
吉林吉润新材料有限公司,PARTICIPATES_IN,EVT-0689,1523,1523000,0.9,合作方,,
吉林碳谷,PARTICIPATES_IN,EVT-0690,1524,1524000,0.88,合作方,,
吉林碳谷碳纤维股份有限公司,PARTICIPATES_IN,EVT-0689,1523,1523000,0.9,合作方,,
同程,PARTICIPATES_IN,EVT-0936,2069,2069003,0.9,涉及方,,
启明创投,HAS_EXECUTIVE,PER-0338,2052,2052004,0.9,,,
哈尔滨联合飞机科技有限公司,PARTICIPATES_IN,EVT-0628,1475,1475008,0.9,合作方,,
哈药股份,BELONGS_TO,IND-0021,2051,2051000,0.9,,,
哈药股份,PARTICIPATES_IN,EVT-1008,2099,2099002,0.8,主体,,
哔哩哔哩,PARTICIPATES_IN,EVT-0846,2028,2028000,0.9,涉及方,,
四川久远投资控股集团有限公司,PARTICIPATES_IN,EVT-0919,2062,2062000,0.9,涉及方,,
四川化材科技有限公司,PARTICIPATES_IN,EVT-0919,2062,2062000,0.9,涉及方,,
四川循远项目管理有限公司,PARTICIPATES_IN,EVT-0634,1481,1481000,0.85,涉及方,,
四川百利药业有限责任公司,PARTICIPATES_IN,EVT-0671,1510,1510000,0.9,涉及方,,
国家电投香港财资管理有限公司,HAS_EXECUTIVE,PER-0168,1469,1469002,0.9,,,
国家电投香港财资管理有限公司,HAS_EXECUTIVE,PER-0168,1471,1471001,0.9,,,
国家电投香港财资管理有限公司,PARTICIPATES_IN,EVT-0617,1469,1469001,0.95,合作方,,
国家电投香港财资管理有限公司,PARTICIPATES_IN,EVT-0619,1470,1470000,0.9,合作方,,
国家电投香港财资管理有限公司,PARTICIPATES_IN,EVT-0620,1471,1471004,0.95,合作方,,
国家电投香港财资管理有限公司,PARTICIPATES_IN,EVT-0621,1471,1471001,0.8,主体,,
国家电投香港财资管理有限公司,SUPPLIES,002128,1470,1470000,0.8,,,
国家电网,PARTICIPATES_IN,EVT-0690,1524,1524000,0.88,合作方,,
国家电网有限公司,PARTICIPATES_IN,EVT-0575,1433,1433001,0.9,合作方,,
国家电网有限公司,PARTICIPATES_IN,EVT-0587,1443,1443001,0.9,合作方,,
国家电网有限公司,PARTICIPATES_IN,EVT-0689,1523,1523000,0.9,合作方,,
国家能源投资集团有限责任公司,PARTICIPATES_IN,EVT-0050,1041,1041002,0.8,涉及方,,
国家能源投资集团有限责任公司,PARTICIPATES_IN,EVT-0296,1220,1220002,0.9,涉及方,,
国家能源投资集团有限责任公司,PARTICIPATES_IN,EVT-0438,1331,1331003,0.85,涉及方,,
国家能源投资集团有限责任公司,PARTICIPATES_IN,EVT-0509,1382,1382001,0.8,涉及方,,
国家集成电路产业投资基金股份有限公司,PARTICIPATES_IN,EVT-0467,1356,1356013,0.9,合作方,,
国寿财险上海分公司,PARTICIPATES_IN,EVT-0882,2047,2047001,0.85,主体,,
国泰海通,PARTICIPATES_IN,EVT-0819,2018,2018001,0.95,主体,,
国泰海通证券股份有限公司,PARTICIPATES_IN,EVT-0467,1356,1356000,0.85,涉及方,,
国网电力科学研究院有限公司,PARTICIPATES_IN,EVT-0025,1019,1019005,0.7,涉及方,,
国能内蒙古煤炭技术研究院有限公司,PARTICIPATES_IN,EVT-0368,1280,1280003,0.9,涉及方,,
国药集团川抗制药有限公司,PARTICIPATES_IN,EVT-0756,1575,1575002,0.95,主体,,
国药集团工业有限公司,COMPETES_WITH,宜昌人福药业有限责任公司,1575,1575001,0.75,,,
国药集团工业有限公司,PARTICIPATES_IN,EVT-0566,1428,1428000,0.95,主体,,
国药集团工业有限公司,PARTICIPATES_IN,EVT-0567,1428,1428002,0.9,主体,,
国药集团工业有限公司,PARTICIPATES_IN,EVT-0607,1461,1461000,0.95,主体,,
国药集团工业有限公司,PARTICIPATES_IN,EVT-0755,1575,1575001,0.95,主体,,
国药集团工业有限公司廊坊分公司,PARTICIPATES_IN,EVT-0566,1428,1428000,0.85,涉及方,,
国药集团致君(深圳)坪山制药有限公司,PARTICIPATES_IN,EVT-0673,1511,1511002,0.95,主体,,
国药集团致君(深圳)坪山制药有限公司,PARTICIPATES_IN,EVT-0674,1511,1511000,0.9,主体,,
国金证券,HAS_EXECUTIVE,PER-0368,2059,2059005,0.8,,,
国际某知名船东,CUSTOMER_OF,002531,1526,1526000,0.7,,,
圣诺生物,PARTICIPATES_IN,EVT-0902,2057,2057001,0.95,主体,,
圣诺生物,PARTICIPATES_IN,EVT-0906,2058,2058002,0.95,主体,,
坦赞坦桑尼亚公司,PARTICIPATES_IN,EVT-0040,1033,1033004,0.9,涉及方,,
坦赞赞比亚公司,PARTICIPATES_IN,EVT-0040,1033,1033003,0.9,涉及方,,
埃夫特,PARTICIPATES_IN,EVT-0801,2011,2011003,0.85,合作方,,
埃斯顿,PARTICIPATES_IN,EVT-1001,2097,2097002,0.9,主体,,
复旦微电,PARTICIPATES_IN,EVT-1000,2097,2097001,0.9,主体,,
大众汽车,PARTICIPATES_IN,EVT-0788,2007,2007002,0.9,主体,,
大冢制药,PARTICIPATES_IN,EVT-0654,1496,1496001,0.7,主体,,
大华会计师事务所(特殊普通合伙),PARTICIPATES_IN,EVT-1072,4005,4005011,0.95,主体,,
大理市云泽水务发展有限公司,PARTICIPATES_IN,EVT-0749,1570,1570001,0.9,涉及方,,
大理市建投工程有限公司,PARTICIPATES_IN,EVT-0749,1570,1570000,0.9,合作方,,
大连电瓷,PARTICIPATES_IN,EVT-0915,2060,2060006,0.9,主体,,
天健所,PARTICIPATES_IN,EVT-1096,4019,4019007,0.95,主体,,
天合光能,PARTICIPATES_IN,EVT-0869,2042,2042003,0.9,合作方,,
天津跃峰,PARTICIPATES_IN,EVT-0635,1482,1482002,0.95,主体,,
天津跃峰,PARTICIPATES_IN,EVT-0669,1508,1508000,0.95,主体,,
天津锦龙智慧钻井有限公司,SUPPLIES,300191,1543,1543003,0.9,,,
天职国际会计师事务所(特殊普通合伙),HAS_EXECUTIVE,PER-0177,1179,1179004,0.9,,,
天职国际会计师事务所(特殊普通合伙),HAS_EXECUTIVE,PER-0194,1179,1179004,0.9,,,
天职国际会计师事务所(特殊普通合伙),PARTICIPATES_IN,EVT-0229,1179,1179000,0.9,合作方,,
天能动力国际有限公司,HAS_EXECUTIVE,PER-0126,1076,1076001,0.8,,,
天赐材料,PARTICIPATES_IN,EVT-1005,2098,2098004,0.95,主体,,
太保产险上海分公司,PARTICIPATES_IN,EVT-0881,2047,2047001,0.85,主体,,
太保产险上海分公司,SUPPLIES,688981,2047,2047001,0.75,,,
太保产险上海分公司,SUPPLIES,华力,2047,2047001,0.75,,,
太保产险上海分公司,SUPPLIES,华虹,2047,2047001,0.75,,,
奇想无限,PARTICIPATES_IN,EVT-0939,2070,2070000,0.85,涉及方,,
奥克斯智能科技,PARTICIPATES_IN,EVT-0171,1139,1139000,0.95,主体,,
奥克斯智能科技,PARTICIPATES_IN,EVT-0640,1486,1486001,0.95,主体,,
奥浦迈,PARTICIPATES_IN,EVT-1007,2099,2099003,0.9,主体,,
奥迪,PARTICIPATES_IN,EVT-0790,2007,2007002,0.85,主体,,
安徽元控储充新能源科技有限公司,PARTICIPATES_IN,EVT-0496,1373,1373001,0.95,合作方,,
安徽坤之诚钢结构有限公司,HAS_EXECUTIVE,PER-0176,1411,1411004,0.9,,,
安徽坤之诚钢结构有限公司,PARTICIPATES_IN,EVT-0545,1411,1411004,0.9,合作方,,
安徽美来药业股份有限公司,PARTICIPATES_IN,EVT-0674,1511,1511000,0.9,合作方,,
安徽鸿翔建材有限公司,PARTICIPATES_IN,EVT-0545,1411,1411001,0.95,主体,,
宏和科技,PARTICIPATES_IN,EVT-0848,2029,2029001,0.9,涉及方,,
宜宾发展控股集团有限公司,PARTICIPATES_IN,EVT-0418,1318,1318005,0.85,涉及方,,
宜昌人福药业有限责任公司,PARTICIPATES_IN,EVT-0585,1442,1442000,0.95,主体,,
宜昌人福药业有限责任公司,PARTICIPATES_IN,EVT-0586,1442,1442001,0.9,主体,,
宜昌人福药业有限责任公司,PARTICIPATES_IN,EVT-0594,1449,1449000,0.95,主体,,
宜昌人福药业有限责任公司,PARTICIPATES_IN,EVT-0630,1477,1477001,0.95,主体,,
宜昌人福药业有限责任公司,PARTICIPATES_IN,EVT-0764,1582,1582000,0.95,主体,,
宜联生物,HAS_EXECUTIVE,PER-0291,2052,2052004,0.9,,,
宜联生物,PARTICIPATES_IN,EVT-0895,2052,2052006,0.9,主体,,
客户C公司,PARTICIPATES_IN,EVT-0582,1439,1439002,0.95,合作方,,
富祥股份,PARTICIPATES_IN,EVT-0938,2069,2069004,0.9,主体,,
寰创国际工程(北京)有限公司,PARTICIPATES_IN,EVT-0686,1520,1520001,0.9,合作方,,
小红书,PARTICIPATES_IN,EVT-0846,2028,2028000,0.9,涉及方,,
小鹏汽车,PARTICIPATES_IN,EVT-0788,2007,2007002,0.9,合作方,,
山东东宏集团有限公司,PARTICIPATES_IN,EVT-0957,2079,2079000,0.92,主体,,
山东东宏集团有限公司,PARTICIPATES_IN,EVT-0958,2079,2079000,0.92,主体,,
山东中复凯新能源科技有限公司,PARTICIPATES_IN,EVT-0651,1494,1494003,0.92,主体,,
山东中复凯新能源科技有限公司,PARTICIPATES_IN,EVT-0693,1527,1527000,0.95,主体,,
山东中复凯新能源科技有限公司,PARTICIPATES_IN,EVT-0771,1589,1589000,0.95,主体,,
山东泉兴科技有限公司,PARTICIPATES_IN,EVT-0712,1537,1537003,0.9,主体,,
山东财汇控股集团有限公司,PARTICIPATES_IN,EVT-0712,1537,1537003,0.88,涉及方,,
山西晋新双鹤药业有限责任公司,PARTICIPATES_IN,EVT-0774,1592,1592000,0.9,主体,,
川环科技,PARTICIPATES_IN,EVT-0799,2011,2011000,0.95,主体,,
川环科技,PARTICIPATES_IN,EVT-0800,2011,2011000,0.9,主体,,
川环科技,PARTICIPATES_IN,EVT-0801,2011,2011003,0.9,主体,,
川环科技,PARTICIPATES_IN,EVT-0802,2011,2011003,0.9,主体,,
川环科技(深圳)有限公司,PARTICIPATES_IN,EVT-0802,2011,2011003,0.85,涉及方,,
巨石生物,PARTICIPATES_IN,EVT-0675,1512,1512001,0.95,主体,,
巨石生物,PARTICIPATES_IN,EVT-0704,1534,1534000,0.95,主体,,
巨石生物,PARTICIPATES_IN,EVT-0740,1563,1563000,0.95,主体,,
常熟中坚,HAS_EXECUTIVE,PER-0103,1401,1401002,0.9,,,
常熟中坚,PARTICIPATES_IN,EVT-0532,1401,1401003,0.95,合作方,,
常熟中坚,PARTICIPATES_IN,EVT-0533,1401,1401002,0.8,主体,,
常熟中坚,SUPPLIES,江苏中来新材,1401,1401000,0.9,,,
平安医药精选,HAS_EXECUTIVE,PER-0069,2078,2078005,0.95,,,
平安证券,PARTICIPATES_IN,EVT-0851,2031,2031001,0.9,主体,,
广发证券,PARTICIPATES_IN,EVT-0964,2081,2081002,0.8,主体,,
广发银行,PARTICIPATES_IN,EVT-0879,2046,2046003,0.8,涉及方,,
广合科技,PARTICIPATES_IN,EVT-0966,2081,2081005,0.7,涉及方,,
广州瑞安博医药科技有限公司,PARTICIPATES_IN,EVT-0943,2073,2073000,0.85,涉及方,,
广西海风清洁能源有限公司,PARTICIPATES_IN,EVT-0722,1545,1545000,0.8,涉及方,,
广西锦象水泥有限公司,PARTICIPATES_IN,EVT-0392,1297,1297001,0.85,涉及方,,
庆鼎精密电子(淮安)有限公司,CUSTOMER_OF,603163,1515,1515002,0.85,,,
庆鼎精密电子(淮安)有限公司,PARTICIPATES_IN,EVT-0678,1515,1515002,0.95,合作方,,
庆鼎精密电子(淮安)有限公司,PARTICIPATES_IN,EVT-0721,1544,1544006,0.9,合作方,,
康方生物,PARTICIPATES_IN,EVT-0916,2061,2061000,0.92,主体,,
建设银行,PARTICIPATES_IN,EVT-0877,2046,2046004,0.9,主体,,
微信支付,PARTICIPATES_IN,EVT-0840,2025,2025001,0.88,主体,,
德勤关黄陈方会计师行,PARTICIPATES_IN,EVT-0501,1377,1377109,0.9,涉及方,,
德勤华永会计师事务所(特殊普通合伙),PARTICIPATES_IN,EVT-0501,1377,1377109,0.9,涉及方,,
德芯智算,PARTICIPATES_IN,EVT-0939,2070,2070000,0.85,涉及方,,
快乐小草公司,PARTICIPATES_IN,EVT-0534,1402,1402001,0.95,主体,,
快乐小草公司,PARTICIPATES_IN,EVT-0556,1420,1420000,0.95,主体,,
恒尚节能,PARTICIPATES_IN,EVT-0864,2041,2041000,0.95,主体,,
恒尚节能,PARTICIPATES_IN,EVT-0865,2041,2041003,0.95,主体,,
恒生前海基金,HAS_EXECUTIVE,PER-0395,2092,2092008,0.9,,,
恒逸石化,PARTICIPATES_IN,EVT-1006,2098,2098005,0.9,主体,,
意大利美纳里尼集团,PARTICIPATES_IN,EVT-0976,2085,2085001,0.85,合作方,,
成都数据集团股份有限公司,PARTICIPATES_IN,EVT-0691,1525,1525000,0.9,合作方,,
成都百利多特生物药业有限责任公司,PARTICIPATES_IN,EVT-0671,1510,1510000,0.9,涉及方,,
成都百利多特生物药业有限责任公司,PARTICIPATES_IN,EVT-0697,1530,1530001,0.8,涉及方,,
成都百利多特生物药业有限责任公司,PARTICIPATES_IN,EVT-0760,1579,1579001,0.8,涉及方,,
抖音,PARTICIPATES_IN,EVT-0846,2028,2028000,0.9,涉及方,,
拓斯达,PARTICIPATES_IN,EVT-1001,2097,2097002,0.9,主体,,
招商证券,HAS_EXECUTIVE,PER-0182,2092,2092007,0.9,,,
招商证券,PARTICIPATES_IN,EVT-0821,2018,2018001,0.9,主体,,
招金黄金,BELONGS_TO,IND-0064,2030,2030000,0.8,,,
支付宝,PARTICIPATES_IN,EVT-0841,2025,2025001,0.85,主体,,
新华传媒,PARTICIPATES_IN,EVT-0937,2069,2069003,0.9,主体,,
新华手术器械有限公司,PARTICIPATES_IN,EVT-0530,1399,1399000,0.95,主体,,
新华手术器械有限公司,PARTICIPATES_IN,EVT-0591,1446,1446002,0.95,主体,,
新华手术器械有限公司,PARTICIPATES_IN,EVT-0706,1535,1535002,0.95,主体,,
新华手术器械有限公司,PARTICIPATES_IN,EVT-0754,1574,1574000,0.95,主体,,
新易盛,BELONGS_TO,IND-0018,2093,2093002,0.7,,,
新易盛,PARTICIPATES_IN,EVT-1003,2098,2098001,0.95,主体,,
新特能源股份有限公司,PARTICIPATES_IN,EVT-0448,1340,1340002,0.8,涉及方,,
新疆兵团勘测设计院集团股份有限公司,PARTICIPATES_IN,EVT-0741,1564,1564000,0.9,合作方,,
新疆兵团市政轨道交通(集团)有限公司,PARTICIPATES_IN,EVT-0737,1560,1560000,0.9,合作方,,
新疆双河工程建设有限责任公司,PARTICIPATES_IN,EVT-0741,1564,1564000,0.9,合作方,,
新疆水利水电勘测设计研究院有限责任公司,PARTICIPATES_IN,EVT-0588,1445,1445001,0.8,涉及方,,
新疆水利水电勘测设计研究院有限责任公司,PARTICIPATES_IN,EVT-0627,1474,1474001,0.85,涉及方,,
新疆沃图恒辉建设工程项目管理有限公司,PARTICIPATES_IN,EVT-0759,1578,1578001,0.85,涉及方,,
新疆维吾尔自治区水利电力物资有限公司,PARTICIPATES_IN,EVT-0588,1445,1445001,0.9,合作方,,
新疆维吾尔自治区水利电力物资有限公司,PARTICIPATES_IN,EVT-0627,1474,1474001,0.9,合作方,,
新疆股权交易中心有限公司,PARTICIPATES_IN,EVT-0362,1276,1276001,0.7,涉及方,,
方正证券股份有限公司,HAS_EXECUTIVE,PER-0151,1274,1274002,0.9,,,
方正证券股份有限公司,PARTICIPATES_IN,EVT-0358,1274,1274003,0.9,合作方,,
方正证券股份有限公司,PARTICIPATES_IN,EVT-0359,1274,1274003,0.75,主体,,
无锡照明股份有限公司,PARTICIPATES_IN,EVT-0865,2041,2041003,0.95,合作方,,
昂华(上海)自动化工程股份有限公司,PARTICIPATES_IN,EVT-0506,1381,1381013,0.9,涉及方,,
昆坤(海南)投资有限公司,HAS_EXECUTIVE,PER-0352,1034,1034006,0.75,,,
昆坤(海南)投资有限公司,PARTICIPATES_IN,EVT-0041,1034,1034001,0.85,涉及方,,
昊志机电,PARTICIPATES_IN,EVT-0998,2096,2096002,0.92,主体,,
星宸科技,BELONGS_TO,IND-0058,2036,2036001,0.9,,,
星网锐捷,PARTICIPATES_IN,EVT-1008,2099,2099002,0.8,主体,,
映恩生物,PARTICIPATES_IN,EVT-0894,2052,2052001,0.9,主体,,
昭衍新药,PARTICIPATES_IN,EVT-0952,2077,2077002,0.95,主体,,
昭衍新药,PARTICIPATES_IN,EVT-1002,2097,2097003,0.9,主体,,
普利制药,PARTICIPATES_IN,EVT-1097,4019,4019001,0.85,主体,,
普莱医药,PARTICIPATES_IN,EVT-1024,2104,2104001,0.85,主体,,
晶丰明源,PARTICIPATES_IN,EVT-0848,2029,2029001,0.9,涉及方,,
晶澳科技,PARTICIPATES_IN,EVT-0869,2042,2042003,0.9,主体,,
智慧石油,PARTICIPATES_IN,EVT-0707,1536,1536000,0.95,主体,,
智慧石油,PARTICIPATES_IN,EVT-0708,1536,1536001,0.9,主体,,
智慧石油,PARTICIPATES_IN,EVT-0709,1536,1536003,0.85,主体,,
智慧石油,PARTICIPATES_IN,EVT-0710,1536,1536003,0.85,主体,,
智慧石油投资有限公司,PARTICIPATES_IN,EVT-0646,1492,1492000,0.9,主体,,
智慧石油投资有限公司,PARTICIPATES_IN,EVT-0647,1492,1492001,0.8,主体,,
智慧石油投资有限公司,PARTICIPATES_IN,EVT-0648,1492,1492003,0.9,主体,,
智慧石油投资有限公司,PARTICIPATES_IN,EVT-0649,1492,1492005,0.85,主体,,
智慧石油投资有限公司,PARTICIPATES_IN,EVT-0662,1503,1503000,0.95,主体,,
智慧石油投资有限公司,PARTICIPATES_IN,EVT-0663,1503,1503001,0.9,主体,,
智慧石油投资有限公司,PARTICIPATES_IN,EVT-0719,1543,1543000,0.9,主体,,
智翔金泰,PARTICIPATES_IN,EVT-1024,2104,2104001,0.85,主体,,
机器人,BELONGS_TO,IND-0043,2086,2086001,0.75,,,
杭州中美华东制药有限公司,PARTICIPATES_IN,EVT-0623,1473,1473000,0.88,合作方,,
杭州中美华东制药有限公司,PARTICIPATES_IN,EVT-0624,1473,1473005,0.8,主体,,
杭州中美华东制药有限公司,PARTICIPATES_IN,EVT-0626,1473,1473003,0.85,主体,,
杭州瀚融信息技术有限公司,PARTICIPATES_IN,EVT-0735,1558,1558000,0.8,涉及方,,
杭州讯奇信息技术有限公司,PARTICIPATES_IN,EVT-0733,1556,1556000,0.95,主体,,
杭州讯奇信息技术有限公司,SUPPLIES,中国移动通信有限公司,1556,1556001,0.9,,,
极狐汽车,PARTICIPATES_IN,EVT-0809,2014,2014000,0.9,主体,,
极狐汽车,PARTICIPATES_IN,EVT-0810,2014,2014000,0.9,主体,,
枣庄市财金控股集团有限公司,HAS_EXECUTIVE,PER-0196,1537,1537002,0.9,,,
枣庄市财金控股集团有限公司,PARTICIPATES_IN,EVT-0711,1537,1537004,0.92,合作方,,
枣庄市财金控股集团有限公司,PARTICIPATES_IN,EVT-0712,1537,1537003,0.88,涉及方,,
梅河口如实新盛新能源有限公司,PARTICIPATES_IN,EVT-0651,1494,1494002,0.9,合作方,,
梅河口如实新盛新能源有限公司,PARTICIPATES_IN,EVT-0693,1527,1527000,0.95,合作方,,
梅赛德斯—奔驰集团,HAS_EXECUTIVE,PER-0106,2007,2007007,0.9,,,
欣可丽美学(上海)医疗科技有限公司,PARTICIPATES_IN,EVT-0557,1421,1421000,0.8,涉及方,,
欣可丽美学(杭州)医疗科技有限公司,PARTICIPATES_IN,EVT-0622,1472,1472000,0.95,主体,,
歌尔光学科技有限公司,PARTICIPATES_IN,EVT-0465,1354,1354006,0.9,涉及方,,
武汉九珑人福药业有限责任公司,PARTICIPATES_IN,EVT-0562,1425,1425001,0.95,主体,,
武汉康录生物技术股份有限公司,PARTICIPATES_IN,EVT-0666,1505,1505000,0.9,主体,,
武汉建工集团股份有限公司新洲分公司,PARTICIPATES_IN,EVT-0172,1140,1140000,0.95,合作方,,
武钢集团有限公司,PARTICIPATES_IN,EVT-0514,1386,1386003,0.82,涉及方,,
民生银行,PARTICIPATES_IN,EVT-0879,2046,2046003,0.8,涉及方,,
水电公司,PARTICIPATES_IN,EVT-0540,1407,1407001,0.9,合作方,,
永和股份,BELONGS_TO,IND-0044,2030,2030000,0.8,,,
永太科技,BELONGS_TO,IND-0044,2030,2030000,0.8,,,
汇川技术,BELONGS_TO,IND-0032,2102,2102003,0.7,,,
汉缆股份,PARTICIPATES_IN,EVT-0914,2060,2060002,0.9,主体,,
江波龙,PARTICIPATES_IN,EVT-1000,2097,2097001,0.9,主体,,
江苏中来新材,PARTICIPATES_IN,EVT-0532,1401,1401003,0.95,主体,,
江苏众安建设投资(集团)有限公司,PARTICIPATES_IN,EVT-0459,1350,1350002,0.92,合作方,,
江苏众安建设投资(集团)有限公司,PARTICIPATES_IN,EVT-0609,1463,1463000,0.85,涉及方,,
江苏吴中,PARTICIPATES_IN,EVT-1093,4017,4017001,0.9,主体,,
江苏吴中,PARTICIPATES_IN,EVT-1094,4018,4018001,0.8,涉及方,,
江苏威奇达药业有限公司,PARTICIPATES_IN,EVT-0664,1504,1504002,0.9,主体,,
江苏永贵,PARTICIPATES_IN,EVT-0608,1462,1462001,0.9,主体,,
江苏通光强能输电线科技有限公司,PARTICIPATES_IN,EVT-0574,1433,1433000,0.9,涉及方,,
江苏通用半导体有限公司,PARTICIPATES_IN,EVT-0751,1571,1571002,0.8,合作方,,
江苏银行,PARTICIPATES_IN,EVT-0883,2048,2048002,0.9,主体,,
江苏银行南通分行,PARTICIPATES_IN,EVT-0884,2048,2048004,0.9,主体,,
江苏银行无锡分行,PARTICIPATES_IN,EVT-0886,2048,2048009,0.9,主体,,
江苏银行镇江分行,PARTICIPATES_IN,EVT-0885,2048,2048006,0.9,主体,,
江苏鸿成工程项目管理有限公司,PARTICIPATES_IN,EVT-0609,1463,1463000,0.8,涉及方,,
江西寻乌抽水蓄能有限公司,PARTICIPATES_IN,EVT-0152,1124,1124001,0.9,涉及方,,
江西省机电设备招标有限公司,PARTICIPATES_IN,EVT-0668,1507,1507000,0.85,涉及方,,
江西磻溪建设工程有限公司,PARTICIPATES_IN,EVT-0650,1493,1493000,0.9,合作方,,
江西磻溪建设工程有限公司,PARTICIPATES_IN,EVT-0748,1569,1569000,0.9,合作方,,
江西透景,BELONGS_TO,IND-0011,1566,1566001,0.7,,,
江西透景,PARTICIPATES_IN,EVT-0743,1566,1566000,0.95,主体,,
江西金浔有色工程技术有限公司,PARTICIPATES_IN,EVT-0650,1493,1493000,0.9,合作方,,
江西金浔有色工程技术有限公司,PARTICIPATES_IN,EVT-0748,1569,1569000,0.85,合作方,,
沃森生物,PARTICIPATES_IN,EVT-0971,2083,2083002,0.9,主体,,
沈阳新松机器人自动化股份有限公司,BELONGS_TO,IND-0042,2088,2088002,0.7,,,
河北透景,PARTICIPATES_IN,EVT-0604,1458,1458001,0.9,主体,,
河南陆创工程设计有限公司,PARTICIPATES_IN,EVT-0750,1571,1571005,0.9,合作方,,
河南陆创工程设计有限公司,PARTICIPATES_IN,EVT-0752,1572,1572000,0.95,合作方,,
河池市龙江河谷灌区开发建设有限公司,HAS_EXECUTIVE,PER-0303,1407,1407003,0.9,,,
河池市龙江河谷灌区开发建设有限公司,HAS_EXECUTIVE,PER-0303,1551,1551002,0.9,,,
河池市龙江河谷灌区开发建设有限公司,PARTICIPATES_IN,EVT-0540,1407,1407001,0.85,涉及方,,
河池市龙江河谷灌区开发建设有限公司,PARTICIPATES_IN,EVT-0728,1551,1551001,0.95,合作方,,
河池市龙江河谷灌区开发建设有限公司,PARTICIPATES_IN,EVT-0768,1586,1586000,0.9,合作方,,
泰胜风能,PARTICIPATES_IN,EVT-0933,2067,2067005,0.88,主体,,
泰诺麦博,PARTICIPATES_IN,EVT-1009,2100,2100004,0.9,主体,,
泽璟制药,PARTICIPATES_IN,EVT-0979,2087,2087002,0.95,主体,,
津药和平(天津)制药有限公司,PARTICIPATES_IN,EVT-0641,1487,1487000,0.92,主体,,
济南市市中区房地产开发集团建筑装修有限公司,PARTICIPATES_IN,EVT-0772,1590,1590002,0.9,合作方,,
济南市市中区房地产开发集团有限公司,PARTICIPATES_IN,EVT-0727,1550,1550001,0.9,合作方,,
济南市市中区房地产开发集团有限公司,PARTICIPATES_IN,EVT-0762,1580,1580000,0.85,涉及方,,
浙商证券,HAS_EXECUTIVE,PER-0112,2031,2031006,0.9,,,
浙江交投,PARTICIPATES_IN,EVT-0690,1524,1524000,0.88,合作方,,
浙江华海制药科技有限公司,PARTICIPATES_IN,EVT-0606,1460,1460000,0.95,主体,,
浙江浙能能源服务有限公司,HAS_EXECUTIVE,PER-0200,1459,1459002,0.9,,,
浙江浙能能源服务有限公司,PARTICIPATES_IN,EVT-0605,1459,1459000,0.9,合作方,,
浙江海正动物保健品有限公司,PARTICIPATES_IN,EVT-0553,1417,1417001,0.9,主体,,
浙江海正动物保健品有限公司,PARTICIPATES_IN,EVT-0581,1438,1438000,0.95,主体,,
浙江盾安人工环境股份有限公司,PARTICIPATES_IN,EVT-0208,1167,1167002,0.92,主体,,
浙江省交通投资集团有限公司,PARTICIPATES_IN,EVT-0689,1523,1523001,0.9,合作方,,
浙江赛默制药有限公司,PARTICIPATES_IN,EVT-0548,1413,1413000,0.8,涉及方,,
浙江道尔生物科技有限公司,PARTICIPATES_IN,EVT-0716,1541,1541002,0.95,主体,,
浦发银行,PARTICIPATES_IN,EVT-0839,2025,2025001,0.85,合作方,,
海光信息技术股份有限公司,PARTICIPATES_IN,EVT-1019,2103,2103004,0.92,主体,,
海南银行股份有限公司,HAS_EXECUTIVE,PER-0126,1076,1076001,0.8,,,
海思科,PARTICIPATES_IN,EVT-0891,2051,2051004,0.9,主体,,
海思科,PARTICIPATES_IN,EVT-1002,2097,2097003,0.9,主体,,
海思科医药集团股份有限公司,PARTICIPATES_IN,EVT-0991,2091,2091005,0.95,主体,,
海螺水泥,PARTICIPATES_IN,EVT-0843,2026,2026004,0.9,主体,,
海鸥股份,PARTICIPATES_IN,EVT-0941,2072,2072005,0.6,主体,,
海鸥股份,PARTICIPATES_IN,EVT-0946,2075,2075004,0.8,主体,,
深圳中科欣扬生物科技有限公司,PARTICIPATES_IN,EVT-0922,2062,2062002,0.9,主体,,
深圳佰维存储科技股份有限公司,PARTICIPATES_IN,EVT-1020,2103,2103005,0.92,主体,,
深圳富桂,PARTICIPATES_IN,EVT-0300,1224,1224005,0.9,涉及方,,
深圳市云拥国际贸易合伙企业,PARTICIPATES_IN,EVT-0696,1529,1529013,0.85,主体,,
深圳市兆能讯通科技有限公司,PARTICIPATES_IN,EVT-0544,1410,1410002,0.92,主体,,
深圳市兆能讯通科技有限公司,SUPPLIES,中国移动通信有限公司,1410,1410002,0.9,,,
深圳市地铁集团有限公司,PARTICIPATES_IN,EVT-0021,1015,1015000,0.85,涉及方,,
深圳市瑞康宏业科技开发有限公司,PARTICIPATES_IN,EVT-0694,1528,1528000,0.95,主体,,
深圳市行云控股有限责任公司,PARTICIPATES_IN,EVT-0776,1593,1593004,0.9,主体,,
深圳市赢合科技股份有限公司,PARTICIPATES_IN,EVT-0506,1381,1381003,0.95,主体,,
深圳市鼎贸贸易有限公司,PARTICIPATES_IN,EVT-0721,1544,1544007,0.9,合作方,,
渤海银行股份有限公司,PARTICIPATES_IN,EVT-0007,1005,1005001,0.8,合作方,,
渤海银行股份有限公司,PARTICIPATES_IN,EVT-0267,1203,1203001,0.88,合作方,,
港澳文旅,PARTICIPATES_IN,EVT-0929,2066,2066001,0.9,涉及方,,
湖北信通通信有限公司,PARTICIPATES_IN,EVT-0541,1408,1408000,0.9,涉及方,,
湖南中烟工业有限责任公司,PARTICIPATES_IN,EVT-0117,1090,1090000,0.9,合作方,,
湛江钢铁,PARTICIPATES_IN,EVT-0146,1119,1119002,0.85,涉及方,,
源杰科技,PARTICIPATES_IN,EVT-1016,2101,2101002,0.9,主体,,
潍柴重机股份有限公司,PARTICIPATES_IN,EVT-0074,1056,1056007,0.8,合作方,,
澳优乳业,PARTICIPATES_IN,EVT-0194,1157,1157004,0.85,涉及方,,
炎和科技,PARTICIPATES_IN,EVT-0866,2042,2042000,0.9,合作方,,
烟台中诚投资股份有限公司,PARTICIPATES_IN,EVT-0510,1383,1383000,0.95,主体,,
烟台国丰投资控股集团有限公司,PARTICIPATES_IN,EVT-0119,1091,1091002,0.85,涉及方,,
牧原肉食品有限公司,PARTICIPATES_IN,EVT-0108,1084,1084001,0.9,主体,,
牧原肉食品有限公司,PARTICIPATES_IN,EVT-0436,1330,1330001,0.9,主体,,
珠海明骏,PARTICIPATES_IN,EVT-0393,1298,1298000,0.95,主体,,
珠海明骏,PARTICIPATES_IN,EVT-0394,1298,1298000,0.9,主体,,
瑞泰来,PARTICIPATES_IN,EVT-0555,1419,1419000,0.9,合作方,,
甘肃公航旅路业有限公司,PARTICIPATES_IN,EVT-0742,1565,1565000,0.8,合作方,,
申万宏源证券,PARTICIPATES_IN,EVT-0964,2081,2081002,0.8,主体,,
电科数字,PARTICIPATES_IN,EVT-0930,2067,2067001,0.9,主体,,
界面财联社,PARTICIPATES_IN,EVT-0937,2069,2069003,0.9,涉及方,,
百时美施贵宝,PARTICIPATES_IN,EVT-0961,2080,2080002,0.9,合作方,,
百济神州,PARTICIPATES_IN,EVT-0947,2076,2076002,0.95,主体,,
百济神州,PARTICIPATES_IN,EVT-0959,2080,2080000,0.92,主体,,
百济神州,PARTICIPATES_IN,EVT-0978,2087,2087001,0.95,主体,,
百济神州,PARTICIPATES_IN,EVT-1025,2104,2104002,0.9,主体,,
皓元医药,PARTICIPATES_IN,EVT-0903,2057,2057002,0.95,主体,,
皓元医药,PARTICIPATES_IN,EVT-0907,2058,2058003,0.95,主体,,
相关公司,PARTICIPATES_IN,EVT-1065,4002,4002000,0.9,主体,,
相关公司,PARTICIPATES_IN,EVT-1065,4003,4003000,0.85,主体,,
相关公司,PARTICIPATES_IN,EVT-1078,4010,4010000,0.9,主体,,
相关公司,PARTICIPATES_IN,EVT-1082,4012,4012000,0.9,主体,,
相关公司,PARTICIPATES_IN,EVT-1084,4013,4013000,0.9,主体,,
盾安金属(泰国)有限公司,HAS_EXECUTIVE,PER-0273,1167,1167001,0.8,,,
盾安金属(泰国)有限公司,PARTICIPATES_IN,EVT-0208,1167,1167000,0.9,涉及方,,
盾安金属(泰国)有限公司,PARTICIPATES_IN,EVT-0209,1167,1167002,0.85,主体,,
石药集团,HAS_EXECUTIVE,PER-0201,2091,2091000,0.9,,,
石药集团,PARTICIPATES_IN,EVT-0950,2076,2076005,0.9,主体,,
石药集团巨石生物制药有限公司,PARTICIPATES_IN,EVT-0603,1457,1457000,0.9,主体,,
石药集团巨石生物制药有限公司,PARTICIPATES_IN,EVT-0610,1464,1464000,0.95,主体,,
石药集团巨石生物制药有限公司,PARTICIPATES_IN,EVT-0636,1483,1483000,0.95,主体,,
石药集团巨石生物制药有限公司,PARTICIPATES_IN,EVT-0637,1483,1483001,0.9,主体,,
福元药业有限公司,PARTICIPATES_IN,EVT-0679,1516,1516002,0.95,主体,,
福建瑞泰来医药科技有限公司,PARTICIPATES_IN,EVT-0563,1426,1426001,0.95,合作方,,
福建瑞泰来医药科技有限公司,PARTICIPATES_IN,EVT-0563,1427,1427007,0.95,合作方,,
福建瑞泰来医药科技有限公司,PARTICIPATES_IN,EVT-0564,1426,1426006,0.9,主体,,
福建瑞泰来医药科技有限公司,PARTICIPATES_IN,EVT-0565,1427,1427005,0.9,主体,,
科济药业,PARTICIPATES_IN,EVT-1024,2104,2104001,0.85,主体,,
科翔股份,PARTICIPATES_IN,EVT-0848,2029,2029001,0.9,主体,,
立新能源,PARTICIPATES_IN,EVT-1008,2099,2099002,0.8,主体,,
立方制药,BELONGS_TO,IND-0021,2051,2051000,0.9,,,
粤海饲料,PARTICIPATES_IN,EVT-1006,2098,2098005,0.9,主体,,
紫金矿业股权投资管理(厦门)有限公司,PARTICIPATES_IN,EVT-0041,1034,1034000,0.95,主体,,
紫金矿业股权投资管理(厦门)有限公司,PARTICIPATES_IN,EVT-0070,1053,1053000,0.9,合作方,,
纬创资通(越南)有限公司,PARTICIPATES_IN,EVT-0572,1431,1431002,0.9,合作方,,
罗氏,PARTICIPATES_IN,EVT-0895,2052,2052006,0.9,合作方,,
美纳里尼,PARTICIPATES_IN,EVT-0911,2059,2059004,0.9,合作方,,
联合资信评估股份有限公司,PARTICIPATES_IN,EVT-0485,1365,1365027,0.95,涉及方,,
联想集团,PARTICIPATES_IN,EVT-0973,2085,2085003,0.9,主体,,
联环药业,BELONGS_TO,IND-0021,2051,2051000,0.9,,,
联讯仪器,PARTICIPATES_IN,EVT-1007,2099,2099003,0.9,主体,,
能瑞电力,PARTICIPATES_IN,EVT-0690,1524,1524000,0.9,主体,,
腾讯云,PARTICIPATES_IN,EVT-0859,2039,2039000,0.95,合作方,,
自贡广联,PARTICIPATES_IN,EVT-0757,1576,1576001,0.95,主体,,
航油公司,PARTICIPATES_IN,EVT-0105,1082,1082000,0.95,主体,,
航空工业集团,PARTICIPATES_IN,EVT-0757,1576,1576001,0.9,合作方,,
艾尼氪,PARTICIPATES_IN,EVT-0803,2012,2012000,0.85,涉及方,,
芜湖联合飞机科技有限公司,PARTICIPATES_IN,EVT-0628,1475,1475008,0.9,合作方,,
芯原微电子(上海)股份有限公司,PARTICIPATES_IN,EVT-1021,2103,2103006,0.9,主体,,
芯导科技,PARTICIPATES_IN,EVT-1011,2100,2100013,0.9,主体,,
花旗国际有限公司,PARTICIPATES_IN,EVT-0226,1177,1177003,0.75,涉及方,,
苏州中材建设有限公司,PARTICIPATES_IN,EVT-0308,1229,1229001,0.9,合作方,,
苏州中来民生能源有限公司,PARTICIPATES_IN,EVT-0605,1459,1459000,0.9,主体,,
苏州华旭新能股权投资合伙企业(有限合伙),PARTICIPATES_IN,EVT-0013,1010,1010001,0.9,主体,,
苏州天隆生物科技有限公司,PARTICIPATES_IN,EVT-0551,1415,1415000,0.9,主体,,
英矽智能,PARTICIPATES_IN,EVT-0949,2076,2076005,0.92,主体,,
英迪芯微,PARTICIPATES_IN,EVT-0923,2063,2063001,0.9,涉及方,,
英迪芯微,PARTICIPATES_IN,EVT-0924,2063,2063003,0.9,主体,,
英迪芯微,PARTICIPATES_IN,EVT-0925,2063,2063003,0.9,主体,,
英迪芯微,SUPPLIES,002594,2063,2063003,0.8,,,
荣成歌尔科技有限公司,PARTICIPATES_IN,EVT-0329,1248,1248000,0.85,涉及方,,
荣昌生物,PARTICIPATES_IN,EVT-0953,2077,2077003,0.95,主体,,
荣昌生物,PARTICIPATES_IN,EVT-0960,2080,2080001,0.9,主体,,
荣昌生物,PARTICIPATES_IN,EVT-0981,2087,2087003,0.95,主体,,
荣耀,PARTICIPATES_IN,EVT-0801,2011,2011003,0.85,合作方,,
药明康德,PARTICIPATES_IN,EVT-0942,2072,2072005,0.6,主体,,
药明康德,PARTICIPATES_IN,EVT-0945,2075,2075001,0.9,主体,,
药明康德,PARTICIPATES_IN,EVT-0951,2077,2077001,0.95,主体,,
药明康德,PARTICIPATES_IN,EVT-0980,2087,2087002,0.95,主体,,
蓝思科技,BELONGS_TO,IND-0039,2086,2086001,0.8,,,
蓝思科技股份有限公司,BELONGS_TO,IND-0038,2088,2088001,0.7,,,
蓝色光标,BELONGS_TO,IND-0040,2094,2094000,0.8,,,
蓬勃生物,PARTICIPATES_IN,EVT-0928,2066,2066001,0.9,涉及方,,
蜂助手,PARTICIPATES_IN,EVT-0984,2089,2089003,0.95,主体,,
装备集团,PARTICIPATES_IN,EVT-0163,1131,1131005,0.85,涉及方,,
西南交通建设集团股份有限公司,PARTICIPATES_IN,EVT-0749,1570,1570000,0.95,合作方,,
西部证券,HAS_EXECUTIVE,PER-0159,2031,2031006,0.9,,,
贝达药业,HAS_EXECUTIVE,PER-0001,2104,2104002,0.9,,,
财信证券,HAS_EXECUTIVE,PER-0300,2093,2093008,0.9,,,
财信证券,PARTICIPATES_IN,EVT-0994,2093,2093008,0.5,涉及方,,
财务公司,HAS_EXECUTIVE,PER-0321,1172,1172000,0.9,,,
财务公司,PARTICIPATES_IN,EVT-0216,1172,1172010,0.9,主体,,
财务公司,PARTICIPATES_IN,EVT-0217,1172,1172008,0.85,主体,,
财达证券,PARTICIPATES_IN,EVT-0820,2018,2018001,0.9,主体,,
财通多策略福鑫,HAS_EXECUTIVE,PER-0332,2078,2078000,0.95,,,
财通多策略福鑫,PARTICIPATES_IN,EVT-0955,2078,2078001,0.9,主体,,
贵州时代矿业有限公司,CUSTOMER_OF,920019,1549,1549000,0.8,,,
贵州时代矿业有限公司,PARTICIPATES_IN,EVT-0726,1549,1549000,0.9,合作方,,
贵州爱茅台数字科技有限公司,PARTICIPATES_IN,EVT-0290,1216,1216001,0.9,涉及方,,
贵州省国有资本运营有限责任公司,PARTICIPATES_IN,EVT-0493,1371,1371003,0.85,涉及方,,
赛伍技术,PARTICIPATES_IN,EVT-0869,2042,2042003,0.9,合作方,,
赛博引擎,PARTICIPATES_IN,EVT-0576,1434,1434000,0.95,主体,,
赤峰黄金,BELONGS_TO,IND-0064,2030,2030000,0.8,,,
辉瑞,PARTICIPATES_IN,EVT-0962,2080,2080002,0.88,合作方,,
迈睿达供应链股份有限公司,PARTICIPATES_IN,EVT-0889,2050,2050001,0.85,涉及方,,
迪拜分行,PARTICIPATES_IN,EVT-0499,1376,1376002,0.9,主体,,
迪拜分行,PARTICIPATES_IN,EVT-0500,1376,1376003,0.85,主体,,
通22转债,PARTICIPATES_IN,EVT-0485,1365,1365027,0.9,涉及方,,
通光光缆,PARTICIPATES_IN,EVT-0574,1433,1433000,0.9,涉及方,,
通光光缆,PARTICIPATES_IN,EVT-0575,1433,1433002,0.9,主体,,
通光光缆,PARTICIPATES_IN,EVT-0587,1443,1443000,0.9,主体,,
通光强能,PARTICIPATES_IN,EVT-0587,1443,1443000,0.9,主体,,
通威电力工程(成都)有限公司,PARTICIPATES_IN,EVT-0325,1245,1245000,0.8,涉及方,,
重庆永贵,PARTICIPATES_IN,EVT-0611,1465,1465000,0.9,主体,,
金信精选成长,HAS_EXECUTIVE,PER-0082,2078,2078001,0.95,,,
金力永磁,PARTICIPATES_IN,EVT-1001,2097,2097002,0.87,主体,,
金斯瑞生物科技,PARTICIPATES_IN,EVT-0928,2066,2066001,0.9,主体,,
金斯瑞生物科技股份有限公司,HAS_EXECUTIVE,PER-0319,2076,2076005,0.85,,,
金智信息,PARTICIPATES_IN,EVT-0715,1540,1540000,0.95,主体,,
金煤科技,PARTICIPATES_IN,EVT-0997,2096,2096001,0.92,主体,,
金胜电子,PARTICIPATES_IN,EVT-0864,2041,2041000,0.95,涉及方,,
钧达股份,PARTICIPATES_IN,EVT-0867,2042,2042000,0.9,主体,,
银华智荟内在价值,HAS_EXECUTIVE,PER-0147,2078,2078003,0.95,,,
长春百克生物科技股份公司,PARTICIPATES_IN,EVT-0537,1404,1404000,0.93,主体,,
长春金赛药业有限责任公司,PARTICIPATES_IN,EVT-0583,1440,1440000,0.95,主体,,
长春金赛药业有限责任公司,PARTICIPATES_IN,EVT-0599,1453,1453000,0.95,主体,,
长春金赛药业有限责任公司,PARTICIPATES_IN,EVT-0652,1495,1495000,0.95,主体,,
长春金赛药业有限责任公司,PARTICIPATES_IN,EVT-0688,1522,1522000,0.95,主体,,
长春金赛药业有限责任公司,PARTICIPATES_IN,EVT-0767,1585,1585000,0.95,主体,,
长江证券,PARTICIPATES_IN,EVT-0966,2081,2081005,0.75,主体,,
长鑫科技,PARTICIPATES_IN,EVT-0935,2069,2069000,0.9,主体,,
长鑫科技,PARTICIPATES_IN,EVT-1014,2101,2101001,0.9,主体,,
长飞光纤,PARTICIPATES_IN,EVT-1000,2097,2097001,0.9,主体,,
闽东时代,PARTICIPATES_IN,EVT-0070,1053,1053000,0.95,主体,,
阳光新能源,PARTICIPATES_IN,EVT-0012,1010,1010000,0.95,主体,,
阿拉善左旗蓝马园林生态建设有限责任公司,HAS_EXECUTIVE,PER-0371,1584,1584003,0.9,,,
阿拉善左旗蓝马园林生态建设有限责任公司,PARTICIPATES_IN,EVT-0766,1584,1584002,0.9,合作方,,
阿拉善盟蔚来林草生态建设有限责任公司,PARTICIPATES_IN,EVT-0765,1583,1583001,0.9,合作方,,
阿里云,PARTICIPATES_IN,EVT-0809,2014,2014000,0.85,合作方,,
际华国贸,HAS_EXECUTIVE,PER-0137,4016,4016007,0.9,,,
际华国贸,PARTICIPATES_IN,EVT-1089,4016,4016002,0.85,涉及方,,
际华新材料,HAS_EXECUTIVE,PER-0317,4016,4016008,0.9,,,
际华新材料,PARTICIPATES_IN,EVT-1090,4016,4016003,0.85,涉及方,,
际华集团,HAS_EXECUTIVE,PER-0015,4016,4016006,0.9,,,
际华集团,HAS_EXECUTIVE,PER-0166,4016,4016005,0.9,,,
际华集团,HAS_EXECUTIVE,PER-0222,4016,4016005,0.9,,,
际华集团,HAS_EXECUTIVE,PER-0299,4016,4016005,0.9,,,
际华集团,PARTICIPATES_IN,EVT-1088,4016,4016001,0.9,主体,,
际华集团,PARTICIPATES_IN,EVT-1089,4016,4016002,0.9,主体,,
际华集团,PARTICIPATES_IN,EVT-1090,4016,4016003,0.9,主体,,
际华集团,PARTICIPATES_IN,EVT-1091,4016,4016014,0.95,主体,,
陕建股份,PARTICIPATES_IN,EVT-0913,2060,2060001,0.9,主体,,
陕西巨丰投资资讯有限责任公司,HAS_EXECUTIVE,PER-0004,2057,2057004,0.8,,,
陕西汽车集团股份有限公司,PARTICIPATES_IN,EVT-0075,1056,1056007,0.8,合作方,,
陕重汽,PARTICIPATES_IN,EVT-0834,2022,2022001,0.9,主体,,
隆22转债,PARTICIPATES_IN,EVT-0348,1266,1266000,0.9,涉及方,,
隆基乐叶光伏科技有限公司,PARTICIPATES_IN,EVT-0323,1243,1243002,0.9,涉及方,,
震裕科技,BELONGS_TO,IND-0043,2086,2086001,0.8,,,
青岛中建联合集团有限公司,PARTICIPATES_IN,EVT-0727,1550,1550002,0.95,主体,,
青岛中建联合集团有限公司,PARTICIPATES_IN,EVT-0762,1580,1580000,0.9,合作方,,
青岛中建联合集团有限公司,PARTICIPATES_IN,EVT-0772,1590,1590002,0.9,合作方,,
韶关复通新材料有限公司,HAS_EXECUTIVE,PER-0245,1539,1539002,0.9,,,
韶关复通新材料有限公司,HAS_EXECUTIVE,PER-0245,1577,1577001,0.9,,,
韶关复通新材料有限公司,PARTICIPATES_IN,EVT-0714,1539,1539000,0.95,合作方,,
韶关复通新材料有限公司,PARTICIPATES_IN,EVT-0758,1577,1577000,0.9,合作方,,
食品饮料ETF华夏,BELONGS_TO,IND-0006,2068,2068002,0.8,,,
食品饮料ETF华夏,PARTICIPATES_IN,EVT-0934,2068,2068001,0.85,主体,,
香港中央证券登记有限公司,PARTICIPATES_IN,EVT-0486,1366,1366003,0.8,涉及方,,
香港中旅,PARTICIPATES_IN,EVT-0929,2066,2066001,0.9,主体,,
高乐股份,PARTICIPATES_IN,EVT-0985,2089,2089003,0.95,主体,,
鸿仕达,PARTICIPATES_IN,EVT-1004,2098,2098002,0.95,主体,,
鹏华核心优势,HAS_EXECUTIVE,PER-0386,2078,2078004,0.95,,,
鹏华核心优势,PARTICIPATES_IN,EVT-0956,2078,2078004,0.9,主体,,
麦格米特,BELONGS_TO,IND-0057,2040,2040001,0.9,,,
麦格米特,PARTICIPATES_IN,EVT-0848,2029,2029001,0.9,涉及方,,
麦格纳,PARTICIPATES_IN,EVT-0809,2014,2014000,0.85,合作方,,
默沙东,PARTICIPATES_IN,EVT-0970,2083,2083001,0.9,合作方,,
