head_id,relation,tail_id,source_doc_id,source_chunk_id,confidence,role,valid_from,valid_to
000001,HAS_EXECUTIVE,PER-0035,1231,1231000,0.85,,,
000001,HAS_EXECUTIVE,PER-0073,1355,1355000,0.85,,,
000001,HAS_EXECUTIVE,PER-0351,1274,1274001,0.85,,,
000001,HAS_EXECUTIVE,PER-0351,1337,1337000,0.9,,,
000001,HAS_EXECUTIVE,PER-0440,1200,1200000,0.85,,,
000001,PARTICIPATES_IN,EVT-0045,1023,1023000,0.95,主体,,
000001,PARTICIPATES_IN,EVT-0071,1037,1037000,0.85,主体,,
000001,PARTICIPATES_IN,EVT-0072,1038,1038000,0.95,主体,,
000001,PARTICIPATES_IN,EVT-0073,1038,1038001,0.9,主体,,
000001,PARTICIPATES_IN,EVT-0422,1200,1200000,0.85,涉及方,,
000001,PARTICIPATES_IN,EVT-0490,1231,1231000,0.95,主体,,
000001,PARTICIPATES_IN,EVT-0491,1231,1231000,0.95,主体,,
000001,PARTICIPATES_IN,EVT-0492,1231,1231000,0.85,主体,,
000001,PARTICIPATES_IN,EVT-0574,1274,1274003,0.9,主体,,
000001,PARTICIPATES_IN,EVT-0716,1337,1337000,0.9,主体,,
000001,PARTICIPATES_IN,EVT-0717,1337,1337000,0.9,主体,,
000001,PARTICIPATES_IN,EVT-0718,1337,1337001,0.9,主体,,
000001,PARTICIPATES_IN,EVT-0719,1337,1337001,0.9,主体,,
000001,PARTICIPATES_IN,EVT-0755,1355,1355000,0.95,主体,,
000001,PARTICIPATES_IN,EVT-1290,2025,2025001,0.8,合作方,,
000001,PARTICIPATES_IN,EVT-1320,2039,2039000,0.95,合作方,,
000001,PARTICIPATES_IN,EVT-1321,2039,2039005,0.9,主体,,
000001,PARTICIPATES_IN,EVT-1322,2039,2039005,0.9,主体,,
000002,HAS_EXECUTIVE,PER-0162,1154,1154000,0.85,,,
000002,HAS_EXECUTIVE,PER-0446,1273,1273005,0.9,,,
000002,PARTICIPATES_IN,EVT-0029,1015,1015000,0.9,主体,,
000002,PARTICIPATES_IN,EVT-0030,1015,1015002,0.9,主体,,
000002,PARTICIPATES_IN,EVT-0031,1015,1015001,0.85,主体,,
000002,PARTICIPATES_IN,EVT-0300,1152,1152003,0.95,主体,,
000002,PARTICIPATES_IN,EVT-0301,1152,1152001,0.95,主体,,
000002,PARTICIPATES_IN,EVT-0302,1152,1152002,0.95,主体,,
000002,PARTICIPATES_IN,EVT-0303,1153,1153000,0.9,主体,,
000002,PARTICIPATES_IN,EVT-0304,1153,1153000,0.9,主体,,
000002,PARTICIPATES_IN,EVT-0305,1154,1154000,0.9,主体,,
000002,PARTICIPATES_IN,EVT-0306,1154,1154002,0.9,主体,,
000002,PARTICIPATES_IN,EVT-0307,1154,1154002,0.9,主体,,
000002,PARTICIPATES_IN,EVT-0471,1222,1222000,0.95,主体,,
000002,PARTICIPATES_IN,EVT-0572,1273,1273005,0.95,主体,,
000002,PARTICIPATES_IN,EVT-0573,1273,1273008,0.9,主体,,
000002,PARTICIPATES_IN,EVT-0653,1310,1310000,0.9,主体,,
000002,PARTICIPATES_IN,EVT-0727,1341,1341000,0.9,主体,,
000002,PARTICIPATES_IN,EVT-0728,1341,1341003,0.9,主体,,
000002,PARTICIPATES_IN,EVT-1240,2010,2010000,0.95,主体,,
000002,PARTICIPATES_IN,EVT-1241,2010,2010000,0.9,主体,,
000002,PARTICIPATES_IN,EVT-1242,2010,2010000,0.88,主体,,
000002,PARTICIPATES_IN,EVT-1287,2023,2023000,0.95,主体,,
000034,PARTICIPATES_IN,EVT-1149,1553,1553000,0.9,主体,,
000034,PARTICIPATES_IN,EVT-1158,1558,1558001,0.9,主体,,
000034,PARTICIPATES_IN,EVT-1159,1558,1558002,0.85,主体,,
000063,HAS_EXECUTIVE,PER-0056,1272,1272003,0.9,,,
000063,HAS_EXECUTIVE,PER-0161,1228,1228002,0.85,,,
000063,HAS_EXECUTIVE,PER-0161,1347,1347007,0.9,,,
000063,HAS_EXECUTIVE,PER-0172,1228,1228002,0.85,,,
000063,HAS_EXECUTIVE,PER-0172,1347,1347007,0.9,,,
000063,HAS_EXECUTIVE,PER-0204,1228,1228002,0.85,,,
000063,PARTICIPATES_IN,EVT-0421,1199,1199000,0.9,主体,,
000063,PARTICIPATES_IN,EVT-0483,1228,1228001,0.95,主体,,
000063,PARTICIPATES_IN,EVT-0484,1228,1228000,0.9,主体,,
000063,PARTICIPATES_IN,EVT-0570,1272,1272001,0.95,主体,,
000063,PARTICIPATES_IN,EVT-0570,1272,1272001,0.9,涉及方,,
000063,PARTICIPATES_IN,EVT-0571,1272,1272001,0.9,主体,,
000063,PARTICIPATES_IN,EVT-0594,1283,1283001,0.95,主体,,
000063,PARTICIPATES_IN,EVT-0595,1283,1283004,0.95,主体,,
000063,PARTICIPATES_IN,EVT-0596,1283,1283002,0.9,主体,,
000063,PARTICIPATES_IN,EVT-0609,1289,1289001,0.9,主体,,
000063,PARTICIPATES_IN,EVT-0610,1289,1289000,0.9,主体,,
000063,PARTICIPATES_IN,EVT-0714,1289,1289000,0.9,主体,,
000063,PARTICIPATES_IN,EVT-0714,1336,1336000,0.95,主体,,
000063,PARTICIPATES_IN,EVT-0715,1336,1336001,0.95,主体,,
000063,PARTICIPATES_IN,EVT-0740,1347,1347001,0.92,主体,,
000063,PARTICIPATES_IN,EVT-0840,1389,1389006,0.95,主体,,
000063,PARTICIPATES_IN,EVT-0841,1389,1389026,0.9,主体,,
000333,HAS_EXECUTIVE,PER-0013,1374,1374000,0.9,,,
000333,HAS_EXECUTIVE,PER-0173,1142,1142000,0.95,,,
000333,HAS_EXECUTIVE,PER-0181,1374,1374000,0.9,,,
000333,HAS_EXECUTIVE,PER-0202,1325,1325014,0.85,,,
000333,HAS_EXECUTIVE,PER-0257,1325,1325010,0.8,,,
000333,HAS_EXECUTIVE,PER-0291,1325,1325014,0.85,,,
000333,HAS_EXECUTIVE,PER-0314,1374,1374000,0.9,,,
000333,HAS_EXECUTIVE,PER-0358,1325,1325010,0.85,,,
000333,PARTICIPATES_IN,EVT-0216,1106,1106000,0.9,主体,,
000333,PARTICIPATES_IN,EVT-0217,1106,1106001,0.9,主体,,
000333,PARTICIPATES_IN,EVT-0218,1106,1106001,0.9,主体,,
000333,PARTICIPATES_IN,EVT-0276,1142,1142000,0.95,主体,,
000333,PARTICIPATES_IN,EVT-0277,1142,1142001,0.95,主体,,
000333,PARTICIPATES_IN,EVT-0278,1142,1142003,0.9,主体,,
000333,PARTICIPATES_IN,EVT-0279,1142,1142004,0.9,主体,,
000333,PARTICIPATES_IN,EVT-0280,1143,1143002,0.9,主体,,
000333,PARTICIPATES_IN,EVT-0281,1143,1143000,0.9,主体,,
000333,PARTICIPATES_IN,EVT-0282,1143,1143001,0.9,主体,,
000333,PARTICIPATES_IN,EVT-0615,1292,1292000,0.95,主体,,
000333,PARTICIPATES_IN,EVT-0616,1292,1292000,0.95,主体,,
000333,PARTICIPATES_IN,EVT-0617,1292,1292001,0.95,主体,,
000333,PARTICIPATES_IN,EVT-0689,1325,1325000,0.95,主体,,
000333,PARTICIPATES_IN,EVT-0690,1325,1325023,0.95,主体,,
000333,PARTICIPATES_IN,EVT-0691,1292,1292001,0.9,主体,,
000333,PARTICIPATES_IN,EVT-0691,1325,1325016,0.9,主体,,
000333,PARTICIPATES_IN,EVT-0807,1374,1374000,0.9,主体,,
000333,PARTICIPATES_IN,EVT-1293,2026,2026003,0.9,主体,,
000338,HAS_EXECUTIVE,PER-0005,1055,1055000,0.9,,,
000338,HAS_EXECUTIVE,PER-0038,1056,1056008,0.9,,,
000338,HAS_EXECUTIVE,PER-0038,1057,1057004,0.9,,,
000338,HAS_EXECUTIVE,PER-0131,1369,1369008,0.9,,,
000338,HAS_EXECUTIVE,PER-0281,1369,1369003,0.9,,,
000338,PARTICIPATES_IN,EVT-0115,1055,1055000,0.85,涉及方,,
000338,PARTICIPATES_IN,EVT-0116,1056,1056001,0.95,主体,,
000338,PARTICIPATES_IN,EVT-0116,1057,1057000,0.95,主体,,
000338,PARTICIPATES_IN,EVT-0117,1057,1057002,0.9,主体,,
000338,PARTICIPATES_IN,EVT-0118,1057,1057003,0.9,主体,,
000338,PARTICIPATES_IN,EVT-0119,1057,1057004,0.9,主体,,
000338,PARTICIPATES_IN,EVT-0296,1151,1151000,0.9,主体,,
000338,PARTICIPATES_IN,EVT-0297,1151,1151000,0.9,主体,,
000338,PARTICIPATES_IN,EVT-0298,1151,1151000,0.9,主体,,
000338,PARTICIPATES_IN,EVT-0299,1151,1151000,0.9,主体,,
000338,PARTICIPATES_IN,EVT-0372,1180,1180000,0.95,主体,,
000338,PARTICIPATES_IN,EVT-0373,1180,1180003,0.85,主体,,
000338,PARTICIPATES_IN,EVT-0374,1180,1180004,0.9,主体,,
000338,PARTICIPATES_IN,EVT-0504,1237,1237000,0.9,主体,,
000338,PARTICIPATES_IN,EVT-0505,1237,1237001,0.9,主体,,
000338,PARTICIPATES_IN,EVT-0506,1237,1237005,0.9,主体,,
000338,PARTICIPATES_IN,EVT-0507,1237,1237006,0.9,主体,,
000338,PARTICIPATES_IN,EVT-0636,1302,1302010,0.95,主体,,
000338,PARTICIPATES_IN,EVT-0637,1302,1302011,0.9,主体,,
000338,PARTICIPATES_IN,EVT-0638,1302,1302001,0.9,主体,,
000338,PARTICIPATES_IN,EVT-0795,1369,1369003,0.95,主体,,
000338,PARTICIPATES_IN,EVT-0796,1369,1369007,0.9,主体,,
000338,PARTICIPATES_IN,EVT-0797,1369,1369008,0.9,主体,,
000338,PARTICIPATES_IN,EVT-1283,2022,2022000,0.95,主体,,
000338,PARTICIPATES_IN,EVT-1286,2022,2022004,0.9,主体,,
000338,PARTICIPATES_IN,EVT-1288,2024,2024000,0.9,主体,,
000651,BELONGS_TO,IND-0029,1388,1388021,0.85,,,
000651,PARTICIPATES_IN,EVT-0435,1205,1205001,0.95,主体,,
000651,PARTICIPATES_IN,EVT-0436,1205,1205002,0.95,主体,,
000651,PARTICIPATES_IN,EVT-0437,1205,1205000,0.95,主体,,
000651,PARTICIPATES_IN,EVT-0629,1298,1298003,0.8,涉及方,,
000651,PARTICIPATES_IN,EVT-0838,1388,1388018,0.95,主体,,
000651,PARTICIPATES_IN,EVT-0839,1388,1388020,0.9,主体,,
000651,PARTICIPATES_IN,EVT-1264,2017,2017000,0.95,主体,,
000651,PARTICIPATES_IN,EVT-1265,2017,2017000,0.9,主体,,
000651,PARTICIPATES_IN,EVT-1266,2017,2017002,0.9,主体,,
000651,PARTICIPATES_IN,EVT-1267,2017,2017002,0.9,主体,,
000725,HAS_EXECUTIVE,PER-0036,1031,1031005,0.9,,,
000725,HAS_EXECUTIVE,PER-0036,1032,1032000,0.9,,,
000725,HAS_EXECUTIVE,PER-0037,1031,1031005,0.9,,,
000725,HAS_EXECUTIVE,PER-0377,1223,1223000,0.8,,,
000725,PARTICIPATES_IN,EVT-0056,1031,1031000,0.95,主体,,
000725,PARTICIPATES_IN,EVT-0058,1032,1032000,0.95,主体,,
000725,PARTICIPATES_IN,EVT-0059,1032,1032002,0.95,主体,,
000725,PARTICIPATES_IN,EVT-0137,1067,1067000,0.9,主体,,
000725,PARTICIPATES_IN,EVT-0274,1141,1141000,0.9,主体,,
000725,PARTICIPATES_IN,EVT-0472,1223,1223000,0.9,涉及方,,
000725,PARTICIPATES_IN,EVT-0530,1249,1249000,0.9,主体,,
000725,PARTICIPATES_IN,EVT-0531,1249,1249001,0.9,主体,,
000725,PARTICIPATES_IN,EVT-0532,1249,1249002,0.9,主体,,
000725,PARTICIPATES_IN,EVT-0532,1249,1249003,0.9,主体,,
000725,PARTICIPATES_IN,EVT-0791,1368,1368000,0.95,主体,,
000725,PARTICIPATES_IN,EVT-0792,1368,1368000,0.95,主体,,
000725,PARTICIPATES_IN,EVT-0793,1368,1368001,0.9,主体,,
000725,PARTICIPATES_IN,EVT-0794,1368,1368016,0.9,主体,,
000725,PARTICIPATES_IN,EVT-1293,2026,2026003,0.9,涉及方,,
000792,HAS_EXECUTIVE,PER-0026,1065,1065005,0.9,,,
000792,HAS_EXECUTIVE,PER-0026,1066,1066000,0.9,,,
000792,PARTICIPATES_IN,EVT-0091,1046,1046000,0.9,主体,,
000792,PARTICIPATES_IN,EVT-0092,1046,1046001,0.95,主体,,
000792,PARTICIPATES_IN,EVT-0131,1065,1065000,0.9,主体,,
000792,PARTICIPATES_IN,EVT-0132,1065,1065007,0.9,主体,,
000792,PARTICIPATES_IN,EVT-0133,1065,1065008,0.9,主体,,
000792,PARTICIPATES_IN,EVT-0134,1065,1065011,0.9,主体,,
000792,PARTICIPATES_IN,EVT-0135,1066,1066001,0.95,主体,,
000792,PARTICIPATES_IN,EVT-0136,1066,1066003,0.9,主体,,
000792,PARTICIPATES_IN,EVT-0369,1179,1179008,0.95,主体,,
000792,PARTICIPATES_IN,EVT-0370,1179,1179007,0.9,主体,,
000792,PARTICIPATES_IN,EVT-0371,1179,1179005,0.85,主体,,
000792,PARTICIPATES_IN,EVT-0566,1269,1269031,0.9,主体,,
000792,PARTICIPATES_IN,EVT-0567,1269,1269031,0.8,主体,,
000792,PARTICIPATES_IN,EVT-0568,1270,1270000,0.7,主体,,
000792,PARTICIPATES_IN,EVT-0569,1271,1271007,0.9,主体,,
000792,PARTICIPATES_IN,EVT-0711,1335,1335000,0.95,主体,,
000792,PARTICIPATES_IN,EVT-0712,1335,1335001,0.9,主体,,
000792,PARTICIPATES_IN,EVT-0713,1335,1335001,0.9,主体,,
000858,HAS_EXECUTIVE,PER-0367,1351,1351001,0.9,,,
000858,PARTICIPATES_IN,EVT-0270,1138,1138000,0.9,主体,,
000858,PARTICIPATES_IN,EVT-0271,1138,1138001,0.9,主体,,
000858,PARTICIPATES_IN,EVT-0271,1138,1138001,0.9,涉及方,,
000858,PARTICIPATES_IN,EVT-0501,1236,1236001,0.95,主体,,
000858,PARTICIPATES_IN,EVT-0502,1236,1236000,0.95,主体,,
000858,PARTICIPATES_IN,EVT-0503,1236,1236002,0.9,主体,,
000858,PARTICIPATES_IN,EVT-0549,1259,1259000,0.9,主体,,
000858,PARTICIPATES_IN,EVT-0550,1259,1259001,0.9,主体,,
000858,PARTICIPATES_IN,EVT-0551,1259,1259002,0.9,主体,,
000858,PARTICIPATES_IN,EVT-0675,1318,1318002,0.95,主体,,
000858,PARTICIPATES_IN,EVT-0676,1318,1318005,0.95,主体,,
000858,PARTICIPATES_IN,EVT-0676,1318,1318005,0.9,涉及方,,
000858,PARTICIPATES_IN,EVT-0748,1351,1351000,0.9,主体,,
000858,PARTICIPATES_IN,EVT-0749,1351,1351001,0.9,主体,,
000858,PARTICIPATES_IN,EVT-1452,2085,2085003,0.94,主体,,
000963,PARTICIPATES_IN,EVT-0901,1421,1421000,0.9,主体,,
000963,PARTICIPATES_IN,EVT-0994,1472,1472000,0.9,涉及方,,
000963,PARTICIPATES_IN,EVT-0995,1472,1472004,0.85,主体,,
000963,PARTICIPATES_IN,EVT-0996,1473,1473000,0.9,主体,,
000963,PARTICIPATES_IN,EVT-1125,1541,1541000,0.85,涉及方,,
000963,PARTICIPATES_IN,EVT-1387,2061,2061000,0.9,主体,,
002051,HAS_EXECUTIVE,PER-0120,1126,1126000,0.9,,,
002051,HAS_EXECUTIVE,PER-0276,1126,1126000,0.95,,,
002051,HAS_EXECUTIVE,PER-0320,1126,1126000,0.9,,,
002051,PARTICIPATES_IN,EVT-0053,1030,1030000,0.95,主体,,
002051,PARTICIPATES_IN,EVT-0054,1030,1030000,0.95,主体,,
002051,PARTICIPATES_IN,EVT-0055,1030,1030000,0.95,主体,,
002051,PARTICIPATES_IN,EVT-0250,1126,1126000,0.95,主体,,
002051,PARTICIPATES_IN,EVT-0251,1126,1126001,0.9,主体,,
002051,PARTICIPATES_IN,EVT-0419,1198,1198000,0.9,主体,,
002051,PARTICIPATES_IN,EVT-0420,1198,1198001,0.9,主体,,
002051,PARTICIPATES_IN,EVT-0464,1218,1218000,0.9,主体,,
002051,PARTICIPATES_IN,EVT-0632,1301,1301000,0.95,主体,,
002051,PARTICIPATES_IN,EVT-0633,1301,1301004,0.95,主体,,
002051,PARTICIPATES_IN,EVT-0634,1301,1301003,0.9,主体,,
002051,PARTICIPATES_IN,EVT-0635,1301,1301004,0.9,主体,,
002051,PARTICIPATES_IN,EVT-0806,1373,1373000,0.8,涉及方,,
002128,PARTICIPATES_IN,EVT-0987,1469,1469001,0.9,主体,,
002128,PARTICIPATES_IN,EVT-0989,1469,1469009,0.9,主体,,
002128,PARTICIPATES_IN,EVT-0990,1470,1470000,0.9,主体,,
002128,PARTICIPATES_IN,EVT-0991,1471,1471000,0.9,主体,,
002128,PARTICIPATES_IN,EVT-0992,1471,1471004,0.85,主体,,
002200,HAS_EXECUTIVE,PER-0431,1561,1561001,0.85,,,
002200,PARTICIPATES_IN,EVT-1162,1561,1561003,0.95,主体,,
002241,HAS_EXECUTIVE,PER-0090,1354,1354003,0.9,,,
002241,HAS_EXECUTIVE,PER-0286,1120,1120002,0.8,,,
002241,PARTICIPATES_IN,EVT-0122,1059,1059002,0.9,主体,,
002241,PARTICIPATES_IN,EVT-0123,1059,1059000,0.95,主体,,
002241,PARTICIPATES_IN,EVT-0123,1059,1059008,0.9,主体,,
002241,PARTICIPATES_IN,EVT-0124,1059,1059003,0.9,主体,,
002241,PARTICIPATES_IN,EVT-0181,1088,1088000,0.95,主体,,
002241,PARTICIPATES_IN,EVT-0182,1088,1088022,0.95,主体,,
002241,PARTICIPATES_IN,EVT-0204,1098,1098000,0.95,主体,,
002241,PARTICIPATES_IN,EVT-0205,1098,1098001,0.9,主体,,
002241,PARTICIPATES_IN,EVT-0236,1120,1120000,0.95,主体,,
002241,PARTICIPATES_IN,EVT-0237,1120,1120002,0.9,主体,,
002241,PARTICIPATES_IN,EVT-0238,1120,1120027,0.9,主体,,
002241,PARTICIPATES_IN,EVT-0431,1204,1204000,0.9,主体,,
002241,PARTICIPATES_IN,EVT-0432,1204,1204001,0.9,主体,,
002241,PARTICIPATES_IN,EVT-0433,1204,1204005,0.9,主体,,
002241,PARTICIPATES_IN,EVT-0434,1204,1204006,0.9,主体,,
002241,PARTICIPATES_IN,EVT-0527,1248,1248000,0.9,主体,,
002241,PARTICIPATES_IN,EVT-0528,1248,1248001,0.9,主体,,
002241,PARTICIPATES_IN,EVT-0529,1248,1248004,0.9,主体,,
002241,PARTICIPATES_IN,EVT-0687,1323,1323000,0.95,主体,,
002241,PARTICIPATES_IN,EVT-0688,1323,1323005,0.95,主体,,
002241,PARTICIPATES_IN,EVT-0752,1354,1354000,0.95,主体,,
002241,PARTICIPATES_IN,EVT-0753,1354,1354006,0.85,主体,,
002241,PARTICIPATES_IN,EVT-0754,1354,1354005,0.85,主体,,
002307,PARTICIPATES_IN,EVT-1161,1560,1560000,0.95,主体,,
002307,PARTICIPATES_IN,EVT-1168,1564,1564000,0.95,主体,,
002307,PARTICIPATES_IN,EVT-1169,1565,1565001,0.9,主体,,
002323,HAS_EXECUTIVE,PER-0229,1537,1537002,0.9,,,
002323,PARTICIPATES_IN,EVT-1097,1527,1527000,0.8,主体,,
002323,PARTICIPATES_IN,EVT-1118,1537,1537000,0.92,主体,,
002350,PARTICIPATES_IN,EVT-0927,1434,1434000,0.9,主体,,
002350,PARTICIPATES_IN,EVT-1018,1485,1485000,0.95,主体,,
002350,PARTICIPATES_IN,EVT-1019,1485,1485001,0.9,主体,,
002371,BELONGS_TO,IND-0033,2027,2027002,0.85,,,
002371,BELONGS_TO,IND-0033,2030,2030000,0.8,,,
002371,HAS_EXECUTIVE,PER-0083,1372,1372000,0.9,,,
002371,HAS_EXECUTIVE,PER-0360,2035,2035003,0.9,,,
002371,PARTICIPATES_IN,EVT-0051,1027,1027001,0.95,主体,,
002371,PARTICIPATES_IN,EVT-0052,1027,1027002,0.95,主体,,
002371,PARTICIPATES_IN,EVT-0367,1178,1178000,0.9,主体,,
002371,PARTICIPATES_IN,EVT-0368,1178,1178017,0.9,主体,,
002371,PARTICIPATES_IN,EVT-0450,1212,1212003,0.95,主体,,
002371,PARTICIPATES_IN,EVT-0451,1212,1212007,0.9,主体,,
002371,PARTICIPATES_IN,EVT-0452,1212,1212007,0.9,主体,,
002371,PARTICIPATES_IN,EVT-0509,1239,1239000,0.95,主体,,
002371,PARTICIPATES_IN,EVT-0510,1027,1027000,0.95,主体,,
002371,PARTICIPATES_IN,EVT-0510,1239,1239000,0.95,主体,,
002371,PARTICIPATES_IN,EVT-0511,1027,1027002,0.93,主体,,
002371,PARTICIPATES_IN,EVT-0511,1239,1239001,0.95,主体,,
002371,PARTICIPATES_IN,EVT-0600,1285,1285000,0.95,主体,,
002371,PARTICIPATES_IN,EVT-0601,1285,1285001,0.95,主体,,
002371,PARTICIPATES_IN,EVT-0602,1285,1285003,0.95,主体,,
002371,PARTICIPATES_IN,EVT-0603,1285,1285005,0.9,主体,,
002371,PARTICIPATES_IN,EVT-0604,1286,1286000,0.9,主体,,
002371,PARTICIPATES_IN,EVT-0765,1359,1359000,0.95,主体,,
002371,PARTICIPATES_IN,EVT-0766,1359,1359001,0.95,主体,,
002371,PARTICIPATES_IN,EVT-0767,1359,1359000,0.9,主体,,
002371,PARTICIPATES_IN,EVT-0804,1372,1372000,0.8,涉及方,,
002371,PARTICIPATES_IN,EVT-0805,1372,1372000,0.9,主体,,
002371,PARTICIPATES_IN,EVT-1296,2027,2027002,0.85,涉及方,,
002371,PARTICIPATES_IN,EVT-1304,2030,2030000,0.8,主体,,
002376,PARTICIPATES_IN,EVT-0882,1408,1408000,0.95,主体,,
002376,PARTICIPATES_IN,EVT-0883,1408,1408001,0.9,主体,,
002376,PARTICIPATES_IN,EVT-1029,1491,1491001,0.95,主体,,
002376,PARTICIPATES_IN,EVT-1076,1513,1513000,0.9,主体,,
002376,PARTICIPATES_IN,EVT-1076,1513,1513000,0.85,涉及方,,
002376,PARTICIPATES_IN,EVT-1077,1513,1513001,0.88,主体,,
002376,PARTICIPATES_IN,EVT-1475,2095,2095000,0.95,主体,,
002376,PARTICIPATES_IN,EVT-1475,2095,2095000,0.9,涉及方,,
002376,SUPPLIES,601398,2095,2095000,0.7,,,
002457,PARTICIPATES_IN,EVT-1145,1551,1551000,0.9,主体,,
002457,PARTICIPATES_IN,EVT-1146,1551,1551000,0.9,主体,,
002457,PARTICIPATES_IN,EVT-1156,1557,1557000,0.95,主体,,
002457,PARTICIPATES_IN,EVT-1157,1557,1557000,0.9,主体,,
002457,PARTICIPATES_IN,EVT-1204,1586,1586000,0.95,主体,,
002457,PARTICIPATES_IN,EVT-1205,1586,1586000,0.9,主体,,
002457,PARTICIPATES_IN,EVT-1384,2060,2060001,0.9,主体,,
002475,PARTICIPATES_IN,EVT-0026,1014,1014001,0.9,主体,,
002475,PARTICIPATES_IN,EVT-0027,1014,1014004,0.9,主体,,
002475,PARTICIPATES_IN,EVT-0028,1014,1014000,0.9,主体,,
002475,PARTICIPATES_IN,EVT-0067,1036,1036004,0.95,主体,,
002475,PARTICIPATES_IN,EVT-0068,1036,1036008,0.95,主体,,
002475,PARTICIPATES_IN,EVT-0069,1036,1036008,0.95,主体,,
002475,PARTICIPATES_IN,EVT-0070,1036,1036011,0.95,主体,,
002475,PARTICIPATES_IN,EVT-0151,1073,1073000,0.95,主体,,
002475,PARTICIPATES_IN,EVT-0152,1073,1073003,0.9,主体,,
002475,PARTICIPATES_IN,EVT-0395,1189,1189000,0.92,主体,,
002475,PARTICIPATES_IN,EVT-0396,1189,1189001,0.9,主体,,
002475,PARTICIPATES_IN,EVT-0397,1189,1189000,0.88,主体,,
002475,PARTICIPATES_IN,EVT-0546,1258,1258000,0.95,主体,,
002475,PARTICIPATES_IN,EVT-0547,1258,1258001,0.95,主体,,
002475,PARTICIPATES_IN,EVT-0548,1258,1258001,0.95,主体,,
002475,PARTICIPATES_IN,EVT-0789,1367,1367000,0.95,主体,,
002475,PARTICIPATES_IN,EVT-0790,1367,1367000,0.95,主体,,
002475,PARTICIPATES_IN,EVT-1469,2092,2092002,0.9,受影响方,,
002531,PARTICIPATES_IN,EVT-1066,1509,1509000,0.9,主体,,
002531,PARTICIPATES_IN,EVT-1094,1526,1526000,0.9,主体,,
002531,PARTICIPATES_IN,EVT-1095,1526,1526002,0.85,主体,,
002531,PARTICIPATES_IN,EVT-1136,1545,1545000,0.9,主体,,
002586,PARTICIPATES_IN,EVT-0918,1429,1429000,0.9,主体,,
002586,PARTICIPATES_IN,EVT-0919,1429,1429002,0.9,主体,,
002586,PARTICIPATES_IN,EVT-1034,1493,1493000,0.9,主体,,
002586,PARTICIPATES_IN,EVT-1035,1493,1493000,0.9,主体,,
002586,PARTICIPATES_IN,EVT-1174,1569,1569000,0.9,主体,,
002594,HAS_EXECUTIVE,PER-0019,2007,2007008,0.9,,,
002594,PARTICIPATES_IN,EVT-0556,1264,1264000,0.9,主体,,
002594,PARTICIPATES_IN,EVT-0557,1264,1264002,0.9,主体,,
002594,PARTICIPATES_IN,EVT-0720,1338,1338000,0.9,主体,,
002594,PARTICIPATES_IN,EVT-0721,1338,1338002,0.9,主体,,
002594,PARTICIPATES_IN,EVT-1234,2007,2007006,0.85,主体,,
002714,HAS_EXECUTIVE,PER-0183,1045,1045000,0.95,,,
002714,PARTICIPATES_IN,EVT-0086,1044,1044001,0.9,主体,,
002714,PARTICIPATES_IN,EVT-0087,1044,1044003,0.9,主体,,
002714,PARTICIPATES_IN,EVT-0088,1044,1044007,0.9,主体,,
002714,PARTICIPATES_IN,EVT-0089,1044,1044012,0.9,主体,,
002714,PARTICIPATES_IN,EVT-0089,1045,1045001,0.95,主体,,
002714,PARTICIPATES_IN,EVT-0089,1045,1045002,0.95,主体,,
002714,PARTICIPATES_IN,EVT-0090,1045,1045000,0.95,主体,,
002714,PARTICIPATES_IN,EVT-0171,1084,1084000,0.95,主体,,
002714,PARTICIPATES_IN,EVT-0430,1203,1203000,0.95,主体,,
002714,PARTICIPATES_IN,EVT-0607,1288,1288000,0.9,主体,,
002714,PARTICIPATES_IN,EVT-0608,1288,1288003,0.9,主体,,
002714,PARTICIPATES_IN,EVT-0701,1330,1330000,0.95,主体,,
002714,PARTICIPATES_IN,EVT-0702,1330,1330001,0.95,主体,,
002714,PARTICIPATES_IN,EVT-0703,1330,1330001,0.95,主体,,
300021,PARTICIPATES_IN,EVT-0880,1407,1407000,0.95,主体,,
300021,PARTICIPATES_IN,EVT-1175,1570,1570000,0.9,主体,,
300021,PARTICIPATES_IN,EVT-1175,1570,1570000,0.9,涉及方,,
300021,PARTICIPATES_IN,EVT-1192,1578,1578000,0.95,主体,,
300021,PARTICIPATES_IN,EVT-1192,1578,1578000,0.9,涉及方,,
300022,PARTICIPATES_IN,EVT-0746,1350,1350000,0.9,主体,,
300022,PARTICIPATES_IN,EVT-0747,1350,1350000,0.9,主体,,
300022,PARTICIPATES_IN,EVT-0975,1463,1463000,0.95,主体,,
300022,PARTICIPATES_IN,EVT-0976,1463,1463001,0.9,主体,,
300022,PARTICIPATES_IN,EVT-1000,1475,1475000,0.9,主体,,
300022,PARTICIPATES_IN,EVT-1001,1475,1475012,0.9,主体,,
300059,PARTICIPATES_IN,EVT-0043,1022,1022000,0.9,主体,,
300059,PARTICIPATES_IN,EVT-0044,1022,1022003,0.9,主体,,
300059,PARTICIPATES_IN,EVT-0333,1164,1164000,0.9,主体,,
300059,PARTICIPATES_IN,EVT-0334,1164,1164000,0.9,主体,,
300059,PARTICIPATES_IN,EVT-0391,1188,1188000,0.95,主体,,
300059,PARTICIPATES_IN,EVT-0392,1188,1188000,0.95,主体,,
300059,PARTICIPATES_IN,EVT-0393,1188,1188001,0.9,主体,,
300059,PARTICIPATES_IN,EVT-0394,1188,1188001,0.9,主体,,
300059,PARTICIPATES_IN,EVT-0447,1211,1211000,0.9,主体,,
300059,PARTICIPATES_IN,EVT-0448,1211,1211000,0.9,主体,,
300059,PARTICIPATES_IN,EVT-0449,1211,1211001,0.85,主体,,
300059,PARTICIPATES_IN,EVT-0590,1281,1281000,0.9,主体,,
300059,PARTICIPATES_IN,EVT-0591,1281,1281000,0.9,主体,,
300059,PARTICIPATES_IN,EVT-0706,1332,1332000,0.92,主体,,
300059,PARTICIPATES_IN,EVT-0861,1397,1397000,0.95,主体,,
300059,PARTICIPATES_IN,EVT-0862,1397,1397001,0.95,主体,,
300059,PARTICIPATES_IN,EVT-1236,2008,2008001,0.85,合作方,,
300191,PARTICIPATES_IN,EVT-1030,1492,1492000,0.9,主体,,
300191,PARTICIPATES_IN,EVT-1033,1492,1492007,0.85,主体,,
300191,PARTICIPATES_IN,EVT-1056,1503,1503006,0.85,主体,,
300191,PARTICIPATES_IN,EVT-1057,1503,1503007,0.8,主体,,
300191,PARTICIPATES_IN,EVT-1132,1543,1543003,0.85,主体,,
300191,PARTICIPATES_IN,EVT-1133,1543,1543003,0.9,主体,,
300191,PARTICIPATES_IN,EVT-1134,1543,1543004,0.85,主体,,
300191,SUPPLIES,300191,1543,1543003,0.85,,,
300209,PARTICIPATES_IN,EVT-0875,1403,1403000,0.95,主体,,
300209,PARTICIPATES_IN,EVT-0876,1403,1403001,0.95,主体,,
300209,PARTICIPATES_IN,EVT-1062,1506,1506000,0.8,主体,,
300209,PARTICIPATES_IN,EVT-1099,1529,1529001,0.95,主体,,
300209,PARTICIPATES_IN,EVT-1100,1529,1529002,0.85,主体,,
300209,PARTICIPATES_IN,EVT-1219,1593,1593005,0.9,主体,,
300209,PARTICIPATES_IN,EVT-1464,2089,2089004,0.9,主体,,
300265,PARTICIPATES_IN,EVT-0943,1443,1443000,0.9,主体,,
300274,BELONGS_TO,IND-0021,2086,2086001,0.7,,,
300274,BELONGS_TO,IND-0021,2088,2088002,0.7,,,
300274,BELONGS_TO,IND-0047,2102,2102003,0.85,,,
300274,HAS_EXECUTIVE,PER-0179,1263,1263000,0.9,,,
300274,HAS_EXECUTIVE,PER-0179,1287,1287000,0.9,,,
300274,PARTICIPATES_IN,EVT-0019,1010,1010001,0.9,主体,,
300274,PARTICIPATES_IN,EVT-0112,1054,1054001,0.9,涉及方,,
300274,PARTICIPATES_IN,EVT-0113,1054,1054005,0.9,涉及方,,
300274,PARTICIPATES_IN,EVT-0214,1104,1104001,0.85,涉及方,,
300274,PARTICIPATES_IN,EVT-0215,1104,1104003,0.9,主体,,
300274,PARTICIPATES_IN,EVT-0499,1234,1234001,0.95,主体,,
300274,PARTICIPATES_IN,EVT-0555,1234,1234000,0.95,主体,,
300274,PARTICIPATES_IN,EVT-0555,1263,1263000,0.95,主体,,
300274,PARTICIPATES_IN,EVT-0606,1287,1287000,0.9,主体,,
300274,PARTICIPATES_IN,EVT-0738,1346,1346000,0.95,主体,,
300274,PARTICIPATES_IN,EVT-0739,1346,1346002,0.95,主体,,
300274,PARTICIPATES_IN,EVT-1220,2001,2001000,0.95,主体,,
300274,PARTICIPATES_IN,EVT-1224,2004,2004000,0.95,主体,,
300274,PARTICIPATES_IN,EVT-1225,2004,2004000,0.9,主体,,
300351,PARTICIPATES_IN,EVT-0973,1462,1462002,0.9,主体,,
300351,PARTICIPATES_IN,EVT-0979,1465,1465000,0.8,涉及方,,
300355,PARTICIPATES_IN,EVT-0874,1402,1402000,0.9,主体,,
300355,PARTICIPATES_IN,EVT-0986,1468,1468000,0.95,主体,,
300355,PARTICIPATES_IN,EVT-1199,1583,1583001,0.95,主体,,
300355,PARTICIPATES_IN,EVT-1200,1584,1584000,0.95,主体,,
300355,PARTICIPATES_IN,EVT-1201,1584,1584001,0.85,主体,,
300393,HAS_EXECUTIVE,PER-0238,1401,1401003,0.85,,,
300393,PARTICIPATES_IN,EVT-0870,1401,1401001,0.9,主体,,
300393,PARTICIPATES_IN,EVT-0968,1459,1459001,0.9,主体,,
300436,HAS_EXECUTIVE,PER-0060,1426,1426011,0.85,,,
300436,HAS_EXECUTIVE,PER-0060,1427,1427001,0.9,,,
300436,HAS_EXECUTIVE,PER-0201,1426,1426011,0.85,,,
300436,HAS_EXECUTIVE,PER-0201,1427,1427001,0.9,,,
300436,HAS_EXECUTIVE,PER-0203,1426,1426011,0.85,,,
300436,HAS_EXECUTIVE,PER-0203,1427,1427001,0.9,,,
300436,PARTICIPATES_IN,EVT-0898,1419,1419000,0.9,主体,,
300436,PARTICIPATES_IN,EVT-0899,1419,1419000,0.9,主体,,
300436,PARTICIPATES_IN,EVT-0912,1426,1426001,0.95,主体,,
300436,PARTICIPATES_IN,EVT-0913,1426,1426001,0.95,主体,,
300436,PARTICIPATES_IN,EVT-0913,1426,1426010,0.9,主体,,
300436,PARTICIPATES_IN,EVT-0914,1427,1427000,0.95,主体,,
300436,PARTICIPATES_IN,EVT-0915,1427,1427001,0.95,主体,,
300436,PARTICIPATES_IN,EVT-1443,2082,2082000,0.95,主体,,
300436,PARTICIPATES_IN,EVT-1444,2082,2082001,0.9,主体,,
300436,PARTICIPATES_IN,EVT-1445,2082,2082003,0.9,主体,,
300436,PARTICIPATES_IN,EVT-1446,2082,2082003,0.85,主体,,
300504,PARTICIPATES_IN,EVT-0891,1414,1414003,0.9,主体,,
300504,PARTICIPATES_IN,EVT-1052,1502,1502001,0.9,主体,,
300504,PARTICIPATES_IN,EVT-1053,1502,1502005,0.9,主体,,
300504,PARTICIPATES_IN,EVT-1109,1533,1533000,0.9,主体,,
300504,PARTICIPATES_IN,EVT-1110,1533,1533005,0.9,主体,,
300510,PARTICIPATES_IN,EVT-1090,1523,1523000,0.9,主体,,
300510,PARTICIPATES_IN,EVT-1091,1523,1523009,0.92,主体,,
300510,PARTICIPATES_IN,EVT-1092,1524,1524000,0.95,主体,,
300562,PARTICIPATES_IN,EVT-0868,1400,1400000,0.9,主体,,
300562,PARTICIPATES_IN,EVT-0956,1452,1452001,0.9,主体,,
300562,PARTICIPATES_IN,EVT-1028,1490,1490000,0.9,主体,,
300562,PARTICIPATES_IN,EVT-1108,1532,1532000,0.9,主体,,
300571,PARTICIPATES_IN,EVT-0886,1410,1410001,0.9,主体,,
300571,PARTICIPATES_IN,EVT-1093,1525,1525000,0.9,主体,,
300571,PARTICIPATES_IN,EVT-1155,1556,1556001,0.85,主体,,
300642,BELONGS_TO,IND-0014,1566,1566001,0.7,,,
300642,PARTICIPATES_IN,EVT-0388,1186,1186000,0.95,主体,,
300642,PARTICIPATES_IN,EVT-0389,1186,1186003,0.9,主体,,
300642,PARTICIPATES_IN,EVT-0966,1458,1458002,0.85,涉及方,,
300642,PARTICIPATES_IN,EVT-1060,1505,1505000,0.9,主体,,
300642,PARTICIPATES_IN,EVT-1061,1505,1505000,0.88,主体,,
300642,PARTICIPATES_IN,EVT-1105,1531,1531000,0.9,主体,,
300642,PARTICIPATES_IN,EVT-1106,1531,1531006,0.9,主体,,
300642,PARTICIPATES_IN,EVT-1107,1531,1531006,0.9,主体,,
300642,PARTICIPATES_IN,EVT-1170,1566,1566000,0.9,涉及方,,
300723,COMPETES_WITH,600276,2073,2073003,0.85,,,
300723,PARTICIPATES_IN,EVT-0884,1409,1409000,0.9,涉及方,,
300723,PARTICIPATES_IN,EVT-0884,1409,1409001,0.95,主体,,
300723,PARTICIPATES_IN,EVT-0951,1448,1448001,0.9,主体,,
300723,PARTICIPATES_IN,EVT-0952,1448,1448001,0.8,涉及方,,
300723,PARTICIPATES_IN,EVT-1006,1478,1478000,0.95,主体,,
300723,PARTICIPATES_IN,EVT-1007,1478,1478000,0.9,主体,,
300723,PARTICIPATES_IN,EVT-1023,1488,1488000,0.95,主体,,
300723,PARTICIPATES_IN,EVT-1088,1521,1521001,0.95,主体,,
300723,PARTICIPATES_IN,EVT-1208,1588,1588000,0.95,主体,,
300723,PARTICIPATES_IN,EVT-1209,1588,1588002,0.85,主体,,
300723,PARTICIPATES_IN,EVT-1418,2073,2073000,0.95,主体,,
300723,PARTICIPATES_IN,EVT-1419,2073,2073002,0.9,主体,,
300750,BELONGS_TO,IND-0047,2102,2102003,0.85,,,
300750,PARTICIPATES_IN,EVT-0041,1021,1021001,0.95,主体,,
300750,PARTICIPATES_IN,EVT-0110,1053,1053009,0.9,主体,,
300750,PARTICIPATES_IN,EVT-0168,1083,1083000,0.95,主体,,
300750,PARTICIPATES_IN,EVT-0169,1083,1083001,0.9,主体,,
300750,PARTICIPATES_IN,EVT-0170,1083,1083002,0.9,主体,,
300750,PARTICIPATES_IN,EVT-0330,1163,1163000,0.9,主体,,
300750,PARTICIPATES_IN,EVT-0331,1021,1021000,0.95,主体,,
300750,PARTICIPATES_IN,EVT-0331,1163,1163000,0.9,主体,,
300750,PARTICIPATES_IN,EVT-0332,1163,1163000,0.9,主体,,
300750,PARTICIPATES_IN,EVT-0542,1257,1257001,0.9,主体,,
300750,PARTICIPATES_IN,EVT-0543,1257,1257001,0.9,主体,,
300750,PARTICIPATES_IN,EVT-0544,1257,1257003,0.85,主体,,
300750,PARTICIPATES_IN,EVT-0545,1257,1257009,0.9,主体,,
300750,PARTICIPATES_IN,EVT-0858,1396,1396000,0.9,涉及方,,
300750,PARTICIPATES_IN,EVT-0859,1396,1396001,0.95,主体,,
300750,PARTICIPATES_IN,EVT-0860,1396,1396001,0.95,主体,,
300750,PARTICIPATES_IN,EVT-1233,2007,2007005,0.9,主体,,
300750,PARTICIPATES_IN,EVT-1255,2014,2014000,0.9,合作方,,
300750,PARTICIPATES_IN,EVT-1476,2096,2096000,0.95,主体,,
300750,PARTICIPATES_IN,EVT-1477,2096,2096000,0.85,涉及方,,
300750,PARTICIPATES_IN,EVT-1502,2103,2103006,0.8,涉及方,,
300757,BELONGS_TO,IND-0047,2102,2102003,0.85,,,
300757,PARTICIPATES_IN,EVT-0983,1467,1467000,0.95,主体,,
300757,PARTICIPATES_IN,EVT-0984,1467,1467001,0.9,主体,,
300757,PARTICIPATES_IN,EVT-0985,1467,1467002,0.9,主体,,
300757,PARTICIPATES_IN,EVT-1016,1484,1484001,0.95,主体,,
300757,PARTICIPATES_IN,EVT-1017,1484,1484004,0.8,主体,,
300765,PARTICIPATES_IN,EVT-0977,1464,1464000,0.85,涉及方,,
300765,PARTICIPATES_IN,EVT-1431,2077,2077002,0.95,主体,,
300765,PARTICIPATES_IN,EVT-1437,2080,2080001,0.88,主体,,
300765,PARTICIPATES_IN,EVT-1468,2091,2091005,0.95,主体,,
300854,HAS_EXECUTIVE,PER-0280,1577,1577001,0.85,,,
300854,PARTICIPATES_IN,EVT-1123,1539,1539002,0.9,主体,,
300854,PARTICIPATES_IN,EVT-1190,1577,1577001,0.85,主体,,
300854,PARTICIPATES_IN,EVT-1191,1577,1577001,0.85,主体,,
300869,PARTICIPATES_IN,EVT-0879,1406,1406000,0.9,主体,,
300869,PARTICIPATES_IN,EVT-0904,1423,1423000,0.95,主体,,
300869,PARTICIPATES_IN,EVT-0905,1423,1423001,0.9,主体,,
300869,PARTICIPATES_IN,EVT-1129,1542,1542002,0.95,主体,,
300869,PARTICIPATES_IN,EVT-1130,1542,1542001,0.9,主体,,
300900,PARTICIPATES_IN,EVT-1065,1508,1508000,0.85,主体,,
300900,PARTICIPATES_IN,EVT-1188,1576,1576000,0.9,受影响方,,
301085,PARTICIPATES_IN,EVT-0962,1456,1456000,0.8,涉及方,,
301085,PARTICIPATES_IN,EVT-0963,1456,1456001,0.8,主体,,
301235,PARTICIPATES_IN,EVT-0273,1140,1140003,0.95,主体,,
301235,PARTICIPATES_IN,EVT-0949,1447,1447000,0.92,主体,,
301235,PARTICIPATES_IN,EVT-0950,1447,1447000,0.9,受影响方,,
301235,PARTICIPATES_IN,EVT-0955,1451,1451000,0.95,主体,,
301235,PARTICIPATES_IN,EVT-1011,1481,1481000,0.9,主体,,
301235,PARTICIPATES_IN,EVT-1063,1507,1507001,0.95,主体,,
600019,HAS_EXECUTIVE,PER-0315,1197,1197001,0.9,,,
600019,HAS_EXECUTIVE,PER-0315,1344,1344002,0.95,,,
600019,PARTICIPATES_IN,EVT-0145,1071,1071000,0.9,主体,,
600019,PARTICIPATES_IN,EVT-0146,1071,1071000,0.9,主体,,
600019,PARTICIPATES_IN,EVT-0147,1071,1071000,0.9,主体,,
600019,PARTICIPATES_IN,EVT-0148,1072,1072006,0.9,主体,,
600019,PARTICIPATES_IN,EVT-0149,1072,1072006,0.9,主体,,
600019,PARTICIPATES_IN,EVT-0150,1072,1072008,0.9,主体,,
600019,PARTICIPATES_IN,EVT-0232,1119,1119001,0.9,主体,,
600019,PARTICIPATES_IN,EVT-0233,1119,1119002,0.9,主体,,
600019,PARTICIPATES_IN,EVT-0234,1119,1119002,0.9,主体,,
600019,PARTICIPATES_IN,EVT-0235,1119,1119002,0.9,主体,,
600019,PARTICIPATES_IN,EVT-0415,1197,1197001,0.9,主体,,
600019,PARTICIPATES_IN,EVT-0416,1197,1197002,0.9,主体,,
600019,PARTICIPATES_IN,EVT-0417,1197,1197002,0.9,主体,,
600019,PARTICIPATES_IN,EVT-0418,1197,1197005,0.9,主体,,
600019,PARTICIPATES_IN,EVT-0445,1210,1210000,0.95,主体,,
600019,PARTICIPATES_IN,EVT-0446,1210,1210000,0.9,主体,,
600019,PARTICIPATES_IN,EVT-0731,1344,1344002,0.95,主体,,
600019,PARTICIPATES_IN,EVT-0732,1344,1344002,0.95,主体,,
600019,PARTICIPATES_IN,EVT-0733,1344,1344002,0.95,主体,,
600019,PARTICIPATES_IN,EVT-0734,1344,1344002,0.95,主体,,
600019,PARTICIPATES_IN,EVT-0735,1345,1345000,0.95,主体,,
600019,PARTICIPATES_IN,EVT-0736,1345,1345002,0.9,主体,,
600019,PARTICIPATES_IN,EVT-0834,1386,1386000,0.9,主体,,
600019,PARTICIPATES_IN,EVT-0835,1386,1386000,0.9,主体,,
600028,HAS_EXECUTIVE,PER-0139,1191,1191002,0.9,,,
600028,PARTICIPATES_IN,EVT-0022,1013,1013000,0.95,主体,,
600028,PARTICIPATES_IN,EVT-0023,1013,1013001,0.95,主体,,
600028,PARTICIPATES_IN,EVT-0024,1013,1013001,0.9,主体,,
600028,PARTICIPATES_IN,EVT-0025,1013,1013002,0.9,主体,,
600028,PARTICIPATES_IN,EVT-0107,1052,1052001,0.95,主体,,
600028,PARTICIPATES_IN,EVT-0108,1052,1052001,0.95,主体,,
600028,PARTICIPATES_IN,EVT-0109,1052,1052003,0.95,主体,,
600028,PARTICIPATES_IN,EVT-0166,1082,1082002,0.95,主体,,
600028,PARTICIPATES_IN,EVT-0166,1082,1082002,0.95,合作方,,
600028,PARTICIPATES_IN,EVT-0167,1082,1082028,0.95,合作方,,
600028,PARTICIPATES_IN,EVT-0400,1191,1191000,0.95,主体,,
600028,PARTICIPATES_IN,EVT-0401,1191,1191001,0.95,主体,,
600028,PARTICIPATES_IN,EVT-0402,1191,1191002,0.9,主体,,
600028,PARTICIPATES_IN,EVT-0708,1052,1052001,0.95,主体,,
600028,PARTICIPATES_IN,EVT-0708,1334,1334001,0.9,主体,,
600028,PARTICIPATES_IN,EVT-0709,1334,1334001,0.9,主体,,
600028,PARTICIPATES_IN,EVT-0710,1334,1334001,0.9,主体,,
600028,PARTICIPATES_IN,EVT-0823,1380,1380000,0.9,主体,,
600028,PARTICIPATES_IN,EVT-0824,1380,1380000,0.95,主体,,
600030,HAS_EXECUTIVE,PER-0059,1150,1150002,0.9,,,
600030,HAS_EXECUTIVE,PER-0146,1150,1150002,0.9,,,
600030,HAS_EXECUTIVE,PER-0177,2038,2038001,0.85,,,
600030,HAS_EXECUTIVE,PER-0177,2043,2043002,0.9,,,
600030,HAS_EXECUTIVE,PER-0177,2045,2045002,0.85,,,
600030,HAS_EXECUTIVE,PER-0271,1150,1150002,0.9,,,
600030,HAS_EXECUTIVE,PER-0370,1150,1150002,0.9,,,
600030,PARTICIPATES_IN,EVT-0084,1043,1043000,0.95,主体,,
600030,PARTICIPATES_IN,EVT-0085,1043,1043000,0.95,主体,,
600030,PARTICIPATES_IN,EVT-0165,1081,1081000,0.95,主体,,
600030,PARTICIPATES_IN,EVT-0295,1150,1150001,0.9,涉及方,,
600030,PARTICIPATES_IN,EVT-0365,1177,1177001,0.9,涉及方,,
600030,PARTICIPATES_IN,EVT-0366,1177,1177001,0.9,涉及方,,
600030,PARTICIPATES_IN,EVT-0578,1276,1276000,0.92,主体,,
600030,PARTICIPATES_IN,EVT-0579,1276,1276001,0.9,主体,,
600030,PARTICIPATES_IN,EVT-0618,1293,1293004,0.9,合作方,,
600030,PARTICIPATES_IN,EVT-0651,1309,1309001,0.95,主体,,
600030,PARTICIPATES_IN,EVT-0652,1309,1309001,0.85,受影响方,,
600030,PARTICIPATES_IN,EVT-0821,1379,1379005,0.85,涉及方,,
600030,PARTICIPATES_IN,EVT-0822,1379,1379005,0.9,涉及方,,
600030,PARTICIPATES_IN,EVT-1268,2018,2018001,0.95,主体,,
600030,PARTICIPATES_IN,EVT-1440,2081,2081001,0.9,主体,,
600030,PARTICIPATES_IN,EVT-1443,2082,2082001,0.9,涉及方,,
600031,HAS_EXECUTIVE,PER-0029,1008,1008004,0.85,,,
600031,PARTICIPATES_IN,EVT-0015,1008,1008003,0.9,主体,,
600031,PARTICIPATES_IN,EVT-0016,1008,1008004,0.9,主体,,
600031,PARTICIPATES_IN,EVT-0017,1008,1008008,0.85,主体,,
600031,PARTICIPATES_IN,EVT-0230,1114,1114002,0.95,主体,,
600031,PARTICIPATES_IN,EVT-0249,1125,1125018,0.55,主体,,
600031,PARTICIPATES_IN,EVT-0362,1176,1176002,0.95,主体,,
600031,PARTICIPATES_IN,EVT-0363,1176,1176002,0.9,主体,,
600031,PARTICIPATES_IN,EVT-0364,1176,1176000,0.9,主体,,
600031,PARTICIPATES_IN,EVT-0564,1268,1268000,0.95,主体,,
600031,PARTICIPATES_IN,EVT-0565,1268,1268002,0.9,主体,,
600031,PARTICIPATES_IN,EVT-0669,1316,1316002,0.9,主体,,
600031,PARTICIPATES_IN,EVT-0670,1316,1316002,0.9,主体,,
600031,PARTICIPATES_IN,EVT-0671,1316,1316003,0.9,主体,,
600031,PARTICIPATES_IN,EVT-0672,1316,1316005,0.85,主体,,
600031,PARTICIPATES_IN,EVT-0762,1358,1358000,0.95,主体,,
600031,PARTICIPATES_IN,EVT-0763,1358,1358000,0.9,主体,,
600031,PARTICIPATES_IN,EVT-0764,1358,1358001,0.9,主体,,
600036,HAS_EXECUTIVE,PER-0144,1076,1076000,0.9,,,
600036,HAS_EXECUTIVE,PER-0195,1012,1012000,0.9,,,
600036,HAS_EXECUTIVE,PER-0195,1162,1162003,0.9,,,
600036,HAS_EXECUTIVE,PER-0279,1196,1196001,0.9,,,
600036,HAS_EXECUTIVE,PER-0279,1278,1278000,0.95,,,
600036,HAS_EXECUTIVE,PER-0418,1012,1012000,0.9,,,
600036,PARTICIPATES_IN,EVT-0021,1012,1012001,0.9,主体,,
600036,PARTICIPATES_IN,EVT-0041,1021,1021002,0.9,合作方,,
600036,PARTICIPATES_IN,EVT-0154,1076,1076000,0.9,涉及方,,
600036,PARTICIPATES_IN,EVT-0155,1076,1076000,0.9,主体,,
600036,PARTICIPATES_IN,EVT-0164,1080,1080000,0.9,涉及方,,
600036,PARTICIPATES_IN,EVT-0326,1162,1162000,0.95,主体,,
600036,PARTICIPATES_IN,EVT-0329,1162,1162001,0.9,主体,,
600036,PARTICIPATES_IN,EVT-0414,1196,1196002,0.9,主体,,
600036,PARTICIPATES_IN,EVT-0857,1395,1395000,0.95,主体,,
600036,PARTICIPATES_IN,EVT-1237,2009,2009002,0.9,合作方,,
600048,HAS_EXECUTIVE,PER-0044,1161,1161000,0.95,,,
600048,PARTICIPATES_IN,EVT-0007,1005,1005000,0.9,主体,,
600048,PARTICIPATES_IN,EVT-0008,1005,1005000,0.9,主体,,
600048,PARTICIPATES_IN,EVT-0143,1070,1070000,0.9,主体,,
600048,PARTICIPATES_IN,EVT-0144,1070,1070001,0.9,主体,,
600048,PARTICIPATES_IN,EVT-0323,1161,1161000,0.95,主体,,
600048,PARTICIPATES_IN,EVT-0324,1161,1161001,0.95,主体,,
600048,PARTICIPATES_IN,EVT-0325,1161,1161001,0.95,主体,,
600048,PARTICIPATES_IN,EVT-0480,1226,1226000,0.95,主体,,
600048,PARTICIPATES_IN,EVT-0481,1226,1226000,0.95,主体,,
600048,PARTICIPATES_IN,EVT-0482,1227,1227000,0.95,主体,,
600048,PARTICIPATES_IN,EVT-0645,1307,1307009,0.9,主体,,
600048,PARTICIPATES_IN,EVT-0646,1307,1307014,0.9,主体,,
600048,PARTICIPATES_IN,EVT-0854,1394,1394001,0.9,主体,,
600048,PARTICIPATES_IN,EVT-0855,1394,1394000,0.9,主体,,
600048,PARTICIPATES_IN,EVT-0856,1394,1394002,0.85,主体,,
600048,PARTICIPATES_IN,EVT-1227,2006,2006000,0.95,主体,,
600048,PARTICIPATES_IN,EVT-1228,2006,2006000,0.95,主体,,
600048,PARTICIPATES_IN,EVT-1229,2006,2006002,0.9,主体,,
600062,HAS_EXECUTIVE,PER-0052,2053,2053001,0.9,,,
600062,PARTICIPATES_IN,EVT-0929,1436,1436000,0.95,主体,,
600062,PARTICIPATES_IN,EVT-0930,1436,1436001,0.9,主体,,
600062,PARTICIPATES_IN,EVT-0954,1450,1450000,0.95,主体,,
600062,PARTICIPATES_IN,EVT-1009,1480,1480001,0.95,主体,,
600062,PARTICIPATES_IN,EVT-1010,1480,1480001,0.9,主体,,
600062,PARTICIPATES_IN,EVT-1365,2053,2053001,0.85,涉及方,,
600062,PARTICIPATES_IN,EVT-1389,2062,2062000,0.95,主体,,
600079,PARTICIPATES_IN,EVT-0940,1442,1442000,0.8,涉及方,,
600079,PARTICIPATES_IN,EVT-1004,1477,1477000,0.9,涉及方,,
600079,PARTICIPATES_IN,EVT-1197,1582,1582000,0.9,主体,,
600089,PARTICIPATES_IN,EVT-0441,1209,1209003,0.95,主体,,
600089,PARTICIPATES_IN,EVT-0442,1209,1209004,0.95,主体,,
600089,PARTICIPATES_IN,EVT-0443,1209,1209007,0.9,主体,,
600089,PARTICIPATES_IN,EVT-0444,1209,1209011,0.9,主体,,
600089,PARTICIPATES_IN,EVT-0493,1232,1232000,0.95,主体,,
600089,PARTICIPATES_IN,EVT-0494,1232,1232001,0.95,主体,,
600089,PARTICIPATES_IN,EVT-0495,1232,1232002,0.95,主体,,
600089,PARTICIPATES_IN,EVT-0496,1233,1233000,0.9,主体,,
600089,PARTICIPATES_IN,EVT-0497,1233,1233001,0.9,主体,,
600089,PARTICIPATES_IN,EVT-0498,1233,1233002,0.9,主体,,
600089,PARTICIPATES_IN,EVT-0724,1340,1340000,0.95,主体,,
600089,PARTICIPATES_IN,EVT-0725,1340,1340001,0.95,主体,,
600089,PARTICIPATES_IN,EVT-0729,1342,1342000,0.85,主体,,
600089,PARTICIPATES_IN,EVT-0730,1342,1342001,0.9,主体,,
600089,PARTICIPATES_IN,EVT-0833,1385,1385000,0.9,主体,,
600104,HAS_EXECUTIVE,PER-0231,1322,1322000,0.9,,,
600104,HAS_EXECUTIVE,PER-0284,1384,1384090,0.9,,,
600104,HAS_EXECUTIVE,PER-0355,1384,1384090,0.9,,,
600104,PARTICIPATES_IN,EVT-0228,1113,1113000,0.95,主体,,
600104,PARTICIPATES_IN,EVT-0266,1134,1134000,0.85,主体,,
600104,PARTICIPATES_IN,EVT-0267,1135,1135000,0.95,主体,,
600104,PARTICIPATES_IN,EVT-0398,1190,1190001,0.9,主体,,
600104,PARTICIPATES_IN,EVT-0399,1190,1190000,0.9,主体,,
600104,PARTICIPATES_IN,EVT-0554,1262,1262000,0.9,主体,,
600104,PARTICIPATES_IN,EVT-0685,1322,1322000,0.9,主体,,
600104,PARTICIPATES_IN,EVT-0686,1322,1322000,0.9,主体,,
600104,PARTICIPATES_IN,EVT-0830,1384,1384009,0.95,主体,,
600104,PARTICIPATES_IN,EVT-0831,1384,1384094,0.9,主体,,
600104,PARTICIPATES_IN,EVT-0832,1384,1384010,0.9,主体,,
600104,PARTICIPATES_IN,EVT-1232,2007,2007002,0.9,合作方,,
600104,PARTICIPATES_IN,EVT-1234,2007,2007006,0.8,涉及方,,
600104,PARTICIPATES_IN,EVT-1298,2028,2028000,0.9,涉及方,,
600196,HAS_EXECUTIVE,PER-0273,2054,2054004,0.9,,,
600196,HAS_EXECUTIVE,PER-0273,2059,2059002,0.9,,,
600196,HAS_EXECUTIVE,PER-0273,2061,2061003,0.9,,,
600196,HAS_EXECUTIVE,PER-0412,2076,2076004,0.9,,,
600196,PARTICIPATES_IN,EVT-0906,1424,1424000,0.9,主体,,
600196,PARTICIPATES_IN,EVT-0909,1424,1424001,0.85,主体,,
600196,PARTICIPATES_IN,EVT-0928,1435,1435000,0.9,主体,,
600196,PARTICIPATES_IN,EVT-0928,1435,1435000,0.8,涉及方,,
600196,PARTICIPATES_IN,EVT-1025,1489,1489000,0.9,主体,,
600196,PARTICIPATES_IN,EVT-1026,1489,1489001,0.75,主体,,
600196,PARTICIPATES_IN,EVT-1027,1489,1489001,0.8,主体,,
600196,PARTICIPATES_IN,EVT-1379,2059,2059002,0.9,主体,,
600267,HAS_EXECUTIVE,PER-0015,2057,2057001,0.9,,,
600267,HAS_EXECUTIVE,PER-0015,2058,2058001,0.95,,,
600267,PARTICIPATES_IN,EVT-1083,1518,1518000,0.9,主体,,
600267,PARTICIPATES_IN,EVT-1084,1518,1518002,0.9,主体,,
600267,PARTICIPATES_IN,EVT-1120,1538,1538000,0.95,主体,,
600267,PARTICIPATES_IN,EVT-1121,1538,1538002,0.9,主体,,
600267,PARTICIPATES_IN,EVT-1163,1562,1562000,0.95,主体,,
600267,PARTICIPATES_IN,EVT-1164,1562,1562002,0.9,主体,,
600267,PARTICIPATES_IN,EVT-1165,1562,1562002,0.9,主体,,
600276,HAS_EXECUTIVE,PER-0103,1004,1004001,0.9,,,
600276,PARTICIPATES_IN,EVT-0003,1004,1004001,0.9,主体,,
600276,PARTICIPATES_IN,EVT-0004,1004,1004003,0.85,主体,,
600276,PARTICIPATES_IN,EVT-0005,1004,1004004,0.85,主体,,
600276,PARTICIPATES_IN,EVT-0006,1004,1004006,0.85,主体,,
600276,PARTICIPATES_IN,EVT-0321,1160,1160002,0.95,主体,,
600276,PARTICIPATES_IN,EVT-0322,1160,1160000,0.9,主体,,
600276,PARTICIPATES_IN,EVT-0386,1185,1185000,0.95,主体,,
600276,PARTICIPATES_IN,EVT-0387,1185,1185000,0.9,主体,,
600276,PARTICIPATES_IN,EVT-0524,1247,1247000,0.95,主体,,
600276,PARTICIPATES_IN,EVT-0525,1247,1247001,0.95,主体,,
600276,PARTICIPATES_IN,EVT-0526,1247,1247002,0.95,主体,,
600276,PARTICIPATES_IN,EVT-0667,1315,1315000,0.95,主体,,
600276,PARTICIPATES_IN,EVT-0668,1315,1315001,0.9,主体,,
600276,PARTICIPATES_IN,EVT-0853,1393,1393000,0.9,主体,,
600276,PARTICIPATES_IN,EVT-1367,2054,2054003,0.9,主体,,
600276,PARTICIPATES_IN,EVT-1368,2054,2054005,0.9,主体,,
600276,PARTICIPATES_IN,EVT-1380,2059,2059003,0.9,主体,,
600276,PARTICIPATES_IN,EVT-1420,2073,2073003,0.9,主体,,
600276,PARTICIPATES_IN,EVT-1425,2076,2076002,0.9,主体,,
600276,PARTICIPATES_IN,EVT-1439,2080,2080002,0.9,主体,,
600276,PARTICIPATES_IN,EVT-1505,2104,2104002,0.9,主体,,
600309,HAS_EXECUTIVE,PER-0111,1026,1026002,0.9,,,
600309,HAS_EXECUTIVE,PER-0111,1500,1500002,0.9,,,
600309,HAS_EXECUTIVE,PER-0218,1026,1026002,0.9,,,
600309,HAS_EXECUTIVE,PER-0251,1026,1026002,0.9,,,
600309,PARTICIPATES_IN,EVT-0050,1026,1026000,0.95,主体,,
600309,PARTICIPATES_IN,EVT-0189,1091,1091000,0.95,主体,,
600309,PARTICIPATES_IN,EVT-0190,1091,1091001,0.95,主体,,
600309,PARTICIPATES_IN,EVT-0191,1091,1091000,0.9,主体,,
600309,PARTICIPATES_IN,EVT-0202,1097,1097000,0.95,主体,,
600309,PARTICIPATES_IN,EVT-0203,1097,1097000,0.95,主体,,
600309,PARTICIPATES_IN,EVT-0523,1246,1246000,0.95,主体,,
600309,PARTICIPATES_IN,EVT-0699,1329,1329000,0.95,主体,,
600309,PARTICIPATES_IN,EVT-0700,1329,1329001,0.9,主体,,
600309,PARTICIPATES_IN,EVT-0829,1383,1383000,0.85,涉及方,,
600309,PARTICIPATES_IN,EVT-1047,1500,1500003,0.95,合作方,,
600309,PARTICIPATES_IN,EVT-1466,2090,2090000,0.9,合作方,,
600406,HAS_EXECUTIVE,PER-0221,1184,1184002,0.9,,,
600406,HAS_EXECUTIVE,PER-0310,1184,1184002,0.9,,,
600406,HAS_EXECUTIVE,PER-0318,1184,1184002,0.9,,,
600406,HAS_EXECUTIVE,PER-0373,1018,1018000,0.95,,,
600406,HAS_EXECUTIVE,PER-0373,1103,1103000,0.95,,,
600406,HAS_EXECUTIVE,PER-0373,1159,1159000,0.9,,,
600406,HAS_EXECUTIVE,PER-0373,1291,1291000,0.95,,,
600406,PARTICIPATES_IN,EVT-0036,1018,1018003,0.95,主体,,
600406,PARTICIPATES_IN,EVT-0037,1018,1018000,0.95,主体,,
600406,PARTICIPATES_IN,EVT-0038,1019,1019000,0.9,主体,,
600406,PARTICIPATES_IN,EVT-0039,1019,1019000,0.9,主体,,
600406,PARTICIPATES_IN,EVT-0040,1019,1019002,0.85,主体,,
600406,PARTICIPATES_IN,EVT-0212,1018,1018000,0.95,主体,,
600406,PARTICIPATES_IN,EVT-0212,1103,1103001,0.95,主体,,
600406,PARTICIPATES_IN,EVT-0213,1103,1103002,0.95,主体,,
600406,PARTICIPATES_IN,EVT-0317,1159,1159000,0.9,主体,,
600406,PARTICIPATES_IN,EVT-0318,1159,1159002,0.9,主体,,
600406,PARTICIPATES_IN,EVT-0319,1159,1159002,0.9,主体,,
600406,PARTICIPATES_IN,EVT-0320,1159,1159003,0.9,主体,,
600406,PARTICIPATES_IN,EVT-0384,1184,1184000,0.9,主体,,
600406,PARTICIPATES_IN,EVT-0385,1184,1184001,0.9,主体,,
600406,PARTICIPATES_IN,EVT-0563,1267,1267001,0.9,涉及方,,
600406,PARTICIPATES_IN,EVT-0614,1291,1291000,0.9,涉及方,,
600406,PARTICIPATES_IN,EVT-0774,1362,1362004,0.9,主体,,
600406,PARTICIPATES_IN,EVT-0775,1362,1362005,0.9,主体,,
600406,PARTICIPATES_IN,EVT-0776,1362,1362006,0.9,主体,,
600406,PARTICIPATES_IN,EVT-0777,1362,1362005,0.9,主体,,
600420,PARTICIPATES_IN,EVT-0890,1413,1413000,0.95,主体,,
600420,PARTICIPATES_IN,EVT-1186,1575,1575003,0.85,主体,,
600438,BELONGS_TO,IND-0022,1365,1365031,0.9,,,
600438,HAS_EXECUTIVE,PER-0007,1365,1365029,0.95,,,
600438,HAS_EXECUTIVE,PER-0050,1158,1158000,0.9,,,
600438,HAS_EXECUTIVE,PER-0050,1365,1365029,0.95,,,
600438,PARTICIPATES_IN,EVT-0139,1069,1069002,0.9,主体,,
600438,PARTICIPATES_IN,EVT-0140,1069,1069003,0.9,主体,,
600438,PARTICIPATES_IN,EVT-0141,1069,1069001,0.88,主体,,
600438,PARTICIPATES_IN,EVT-0142,1069,1069006,0.88,主体,,
600438,PARTICIPATES_IN,EVT-0209,1101,1101002,0.95,主体,,
600438,PARTICIPATES_IN,EVT-0210,1101,1101002,0.8,涉及方,,
600438,PARTICIPATES_IN,EVT-0314,1158,1158000,0.95,主体,,
600438,PARTICIPATES_IN,EVT-0315,1158,1158001,0.9,主体,,
600438,PARTICIPATES_IN,EVT-0316,1158,1158002,0.9,主体,,
600438,PARTICIPATES_IN,EVT-0411,1195,1195001,0.9,主体,,
600438,PARTICIPATES_IN,EVT-0412,1195,1195001,0.9,主体,,
600438,PARTICIPATES_IN,EVT-0413,1195,1195002,0.9,主体,,
600438,PARTICIPATES_IN,EVT-0521,1245,1245001,0.9,主体,,
600438,PARTICIPATES_IN,EVT-0522,1245,1245002,0.9,主体,,
600438,PARTICIPATES_IN,EVT-0683,1321,1321000,0.95,主体,,
600438,PARTICIPATES_IN,EVT-0684,1321,1321004,0.95,主体,,
600438,PARTICIPATES_IN,EVT-0785,1365,1365033,0.95,主体,,
600438,PARTICIPATES_IN,EVT-0786,1365,1365027,0.95,主体,,
600438,PARTICIPATES_IN,EVT-1329,2042,2042000,0.9,主体,,
600438,PARTICIPATES_IN,EVT-1351,2049,2049000,0.9,涉及方,,
600488,PARTICIPATES_IN,EVT-0878,1405,1405000,0.95,主体,,
600488,PARTICIPATES_IN,EVT-1021,1487,1487000,0.8,涉及方,,
600488,PARTICIPATES_IN,EVT-1141,1548,1548001,0.9,主体,,
600488,PARTICIPATES_IN,EVT-1142,1548,1548001,0.85,主体,,
600488,PARTICIPATES_IN,EVT-1160,1559,1559001,0.95,主体,,
600519,HAS_EXECUTIVE,PER-0023,1217,1217002,0.95,,,
600519,HAS_EXECUTIVE,PER-0082,1216,1216000,0.9,,,
600519,HAS_EXECUTIVE,PER-0290,1217,1217002,0.95,,,
600519,HAS_EXECUTIVE,PER-0399,1217,1217002,0.95,,,
600519,PARTICIPATES_IN,EVT-0456,1214,1214002,0.9,主体,,
600519,PARTICIPATES_IN,EVT-0457,1215,1215012,0.9,主体,,
600519,PARTICIPATES_IN,EVT-0458,1215,1215014,0.9,主体,,
600519,PARTICIPATES_IN,EVT-0458,1215,1215014,0.9,涉及方,,
600519,PARTICIPATES_IN,EVT-0459,1215,1215013,0.9,主体,,
600519,PARTICIPATES_IN,EVT-0460,1216,1216000,0.9,主体,,
600519,PARTICIPATES_IN,EVT-0461,1216,1216001,0.9,主体,,
600519,PARTICIPATES_IN,EVT-0462,1216,1216001,0.9,主体,,
600519,PARTICIPATES_IN,EVT-0463,1217,1217001,0.95,主体,,
600519,PARTICIPATES_IN,EVT-0622,1295,1295000,0.95,主体,,
600519,PARTICIPATES_IN,EVT-0802,1371,1371000,0.95,主体,,
600519,PARTICIPATES_IN,EVT-0803,1371,1371001,0.95,主体,,
600519,PARTICIPATES_IN,EVT-1293,2026,2026003,0.9,涉及方,,
600521,HAS_EXECUTIVE,PER-0296,2059,2059002,0.9,,,
600521,PARTICIPATES_IN,EVT-0893,1416,1416000,0.9,主体,,
600521,PARTICIPATES_IN,EVT-0893,1416,1416000,0.9,涉及方,,
600521,PARTICIPATES_IN,EVT-0894,1416,1416001,0.8,主体,,
600521,PARTICIPATES_IN,EVT-0969,1460,1460000,0.9,主体,,
600521,PARTICIPATES_IN,EVT-0970,1460,1460002,0.85,主体,,
600521,PARTICIPATES_IN,EVT-1173,1568,1568001,0.9,主体,,
600521,PARTICIPATES_IN,EVT-1374,2057,2057002,0.9,主体,,
600521,PARTICIPATES_IN,EVT-1377,2058,2058004,0.95,主体,,
600522,HAS_EXECUTIVE,PER-0316,1112,1112001,0.95,,,
600522,HAS_EXECUTIVE,PER-0334,1112,1112001,0.95,,,
600522,HAS_EXECUTIVE,PER-0334,1148,1148000,0.9,,,
600522,HAS_EXECUTIVE,PER-0393,1112,1112001,0.95,,,
600522,HAS_EXECUTIVE,PER-0437,1112,1112001,0.95,,,
600522,PARTICIPATES_IN,EVT-0226,1112,1112000,0.9,主体,,
600522,PARTICIPATES_IN,EVT-0227,1112,1112000,0.85,主体,,
600522,PARTICIPATES_IN,EVT-0290,1148,1148000,0.9,主体,,
600522,PARTICIPATES_IN,EVT-0291,1148,1148001,0.9,主体,,
600522,PARTICIPATES_IN,EVT-0292,1148,1148002,0.9,主体,,
600522,PARTICIPATES_IN,EVT-0293,1149,1149010,0.95,主体,,
600522,PARTICIPATES_IN,EVT-0294,1149,1149008,0.95,主体,,
600522,PARTICIPATES_IN,EVT-0520,1244,1244002,0.92,主体,,
600522,PARTICIPATES_IN,EVT-0619,1244,1244000,0.92,主体,,
600522,PARTICIPATES_IN,EVT-0619,1294,1294000,0.95,主体,,
600522,PARTICIPATES_IN,EVT-0620,1294,1294002,0.95,主体,,
600522,PARTICIPATES_IN,EVT-0621,1244,1244001,0.9,主体,,
600522,PARTICIPATES_IN,EVT-0621,1294,1294001,0.9,主体,,
600522,PARTICIPATES_IN,EVT-0679,1320,1320005,0.9,主体,,
600522,PARTICIPATES_IN,EVT-0680,1320,1320005,0.9,主体,,
600522,PARTICIPATES_IN,EVT-0681,1320,1320006,0.9,主体,,
600522,PARTICIPATES_IN,EVT-0682,1320,1320007,0.9,主体,,
600522,PARTICIPATES_IN,EVT-0781,1364,1364000,0.95,主体,,
600522,PARTICIPATES_IN,EVT-0782,1364,1364002,0.9,主体,,
600522,PARTICIPATES_IN,EVT-0783,1364,1364004,0.9,主体,,
600522,PARTICIPATES_IN,EVT-0784,1364,1364007,0.9,主体,,
600587,PARTICIPATES_IN,EVT-0947,1446,1446000,0.95,主体,,
600587,PARTICIPATES_IN,EVT-1113,1535,1535000,0.95,主体,,
600789,PARTICIPATES_IN,EVT-0751,1353,1353000,0.9,主体,,
600789,PARTICIPATES_IN,EVT-0863,1398,1398001,0.95,主体,,
600789,PARTICIPATES_IN,EVT-0864,1398,1398001,0.95,主体,,
600789,PARTICIPATES_IN,EVT-1008,1479,1479000,0.95,主体,,
600789,PARTICIPATES_IN,EVT-1044,1498,1498000,0.95,主体,,
600789,PARTICIPATES_IN,EVT-1045,1499,1499000,0.9,主体,,
600789,PARTICIPATES_IN,EVT-1045,1499,1499000,0.8,涉及方,,
600789,PARTICIPATES_IN,EVT-1046,1499,1499002,0.85,主体,,
600789,PARTICIPATES_IN,EVT-1196,1581,1581000,0.95,主体,,
600789,PARTICIPATES_IN,EVT-1390,2062,2062001,0.95,主体,,
600875,HAS_EXECUTIVE,PER-0027,1173,1173003,0.85,,,
600875,HAS_EXECUTIVE,PER-0096,1225,1225000,0.85,,,
600875,HAS_EXECUTIVE,PER-0137,1225,1225000,0.85,,,
600875,HAS_EXECUTIVE,PER-0207,1230,1230000,0.9,,,
600875,HAS_EXECUTIVE,PER-0275,1230,1230000,0.9,,,
600875,HAS_EXECUTIVE,PER-0307,1173,1173000,0.9,,,
600875,HAS_EXECUTIVE,PER-0307,1225,1225000,0.9,,,
600875,HAS_EXECUTIVE,PER-0371,1172,1172000,0.9,,,
600875,PARTICIPATES_IN,EVT-0348,1172,1172000,0.9,主体,,
600875,PARTICIPATES_IN,EVT-0348,1172,1172000,0.9,涉及方,,
600875,PARTICIPATES_IN,EVT-0349,1172,1172008,0.9,主体,,
600875,PARTICIPATES_IN,EVT-0350,1172,1172009,0.9,主体,,
600875,PARTICIPATES_IN,EVT-0351,1172,1172011,0.9,主体,,
600875,PARTICIPATES_IN,EVT-0352,1173,1173000,0.95,主体,,
600875,PARTICIPATES_IN,EVT-0353,1173,1173002,0.9,主体,,
600875,PARTICIPATES_IN,EVT-0354,1173,1173003,0.9,主体,,
600875,PARTICIPATES_IN,EVT-0355,1173,1173003,0.9,主体,,
600875,PARTICIPATES_IN,EVT-0356,1174,1174012,0.9,主体,,
600875,PARTICIPATES_IN,EVT-0357,1174,1174008,0.9,主体,,
600875,PARTICIPATES_IN,EVT-0358,1174,1174010,0.9,主体,,
600875,PARTICIPATES_IN,EVT-0359,1174,1174011,0.9,主体,,
600875,PARTICIPATES_IN,EVT-0477,1225,1225000,0.9,主体,,
600875,PARTICIPATES_IN,EVT-0478,1225,1225001,0.9,主体,,
600875,PARTICIPATES_IN,EVT-0479,1225,1225001,0.9,主体,,
600875,PARTICIPATES_IN,EVT-0623,1296,1296000,0.95,主体,,
600875,PARTICIPATES_IN,EVT-0624,1296,1296000,0.95,主体,,
600875,PARTICIPATES_IN,EVT-0624,1296,1296002,0.9,涉及方,,
600875,PARTICIPATES_IN,EVT-1226,2005,2005000,0.9,主体,,
600887,HAS_EXECUTIVE,PER-0263,1035,1035000,0.9,,,
600887,HAS_EXECUTIVE,PER-0283,1035,1035001,0.9,,,
600887,PARTICIPATES_IN,EVT-0012,1007,1007000,0.9,主体,,
600887,PARTICIPATES_IN,EVT-0013,1007,1007001,0.9,主体,,
600887,PARTICIPATES_IN,EVT-0014,1007,1007002,0.9,主体,,
600887,PARTICIPATES_IN,EVT-0065,1035,1035000,0.95,主体,,
600887,PARTICIPATES_IN,EVT-0066,1035,1035007,0.95,主体,,
600887,PARTICIPATES_IN,EVT-0195,1094,1094000,0.9,主体,,
600887,PARTICIPATES_IN,EVT-0196,1094,1094000,0.9,主体,,
600887,PARTICIPATES_IN,EVT-0311,1157,1157000,0.95,主体,,
600887,PARTICIPATES_IN,EVT-0312,1157,1157000,0.93,主体,,
600887,PARTICIPATES_IN,EVT-0313,1157,1157004,0.92,主体,,
600887,PARTICIPATES_IN,EVT-0382,1183,1183000,0.9,主体,,
600887,PARTICIPATES_IN,EVT-0383,1183,1183000,0.9,主体,,
600887,PARTICIPATES_IN,EVT-0592,1282,1282000,0.9,主体,,
600887,PARTICIPATES_IN,EVT-0642,1306,1306000,0.8,涉及方,,
600887,PARTICIPATES_IN,EVT-0849,1392,1392002,0.9,主体,,
600887,PARTICIPATES_IN,EVT-0850,1392,1392002,0.9,主体,,
600887,PARTICIPATES_IN,EVT-0851,1392,1392003,0.9,主体,,
600887,PARTICIPATES_IN,EVT-0852,1392,1392004,0.85,主体,,
600887,PARTICIPATES_IN,EVT-1272,2019,2019000,0.95,主体,,
600887,PARTICIPATES_IN,EVT-1273,2019,2019000,0.9,主体,,
600887,PARTICIPATES_IN,EVT-1274,2019,2019001,0.9,主体,,
600887,PARTICIPATES_IN,EVT-1276,2020,2020000,0.92,主体,,
600887,PARTICIPATES_IN,EVT-1277,2020,2020000,0.9,主体,,
600887,PARTICIPATES_IN,EVT-1278,2020,2020000,0.88,主体,,
600900,HAS_EXECUTIVE,PER-0049,1124,1124002,0.8,,,
600900,HAS_EXECUTIVE,PER-0049,1361,1361001,0.9,,,
600900,HAS_EXECUTIVE,PER-0267,1238,1238000,0.9,,,
600900,HAS_EXECUTIVE,PER-0331,1361,1361001,0.9,,,
600900,HAS_EXECUTIVE,PER-0444,1124,1124003,0.85,,,
600900,PARTICIPATES_IN,EVT-0241,1122,1122009,0.9,主体,,
600900,PARTICIPATES_IN,EVT-0243,1122,1122008,0.9,主体,,
600900,PARTICIPATES_IN,EVT-0244,1123,1123000,0.9,主体,,
600900,PARTICIPATES_IN,EVT-0245,1124,1124000,0.9,主体,,
600900,PARTICIPATES_IN,EVT-0246,1124,1124001,0.9,主体,,
600900,PARTICIPATES_IN,EVT-0247,1124,1124002,0.85,主体,,
600900,PARTICIPATES_IN,EVT-0248,1124,1124003,0.9,主体,,
600900,PARTICIPATES_IN,EVT-0378,1182,1182010,0.9,涉及方,,
600900,PARTICIPATES_IN,EVT-0508,1238,1238000,0.9,涉及方,,
600900,PARTICIPATES_IN,EVT-0697,1328,1328000,0.95,主体,,
600900,PARTICIPATES_IN,EVT-0698,1328,1328000,0.95,主体,,
600900,PARTICIPATES_IN,EVT-0770,1361,1361007,0.9,主体,,
600900,PARTICIPATES_IN,EVT-0771,1361,1361002,0.9,主体,,
600900,PARTICIPATES_IN,EVT-0772,1361,1361002,0.9,主体,,
600900,PARTICIPATES_IN,EVT-0773,1361,1361003,0.9,主体,,
600970,HAS_EXECUTIVE,PER-0058,1391,1391017,0.85,,,
600970,PARTICIPATES_IN,EVT-0264,1131,1131000,0.95,主体,,
600970,PARTICIPATES_IN,EVT-0347,1171,1171014,0.9,主体,,
600970,PARTICIPATES_IN,EVT-0485,1229,1229001,0.85,主体,,
600970,PARTICIPATES_IN,EVT-0486,1229,1229001,0.9,主体,,
600970,PARTICIPATES_IN,EVT-0487,1229,1229002,0.85,主体,,
600970,PARTICIPATES_IN,EVT-0541,1255,1255000,0.95,主体,,
600970,PARTICIPATES_IN,EVT-0625,1297,1297001,0.95,主体,,
600970,PARTICIPATES_IN,EVT-0627,1297,1297001,0.95,主体,,
600970,PARTICIPATES_IN,EVT-0677,1319,1319000,0.9,主体,,
600970,PARTICIPATES_IN,EVT-0678,1319,1319003,0.9,主体,,
600970,PARTICIPATES_IN,EVT-0847,1391,1391017,0.9,主体,,
600970,PARTICIPATES_IN,EVT-0848,1391,1391019,0.85,主体,,
600970,PARTICIPATES_IN,EVT-1221,2002,2002000,0.95,主体,,
601012,PARTICIPATES_IN,EVT-0103,1050,1050000,0.9,主体,,
601012,PARTICIPATES_IN,EVT-0104,1050,1050001,0.9,主体,,
601012,PARTICIPATES_IN,EVT-0105,1050,1050004,0.9,主体,,
601012,PARTICIPATES_IN,EVT-0106,1050,1050006,0.9,主体,,
601012,PARTICIPATES_IN,EVT-0200,1096,1096000,0.9,主体,,
601012,PARTICIPATES_IN,EVT-0201,1096,1096001,0.9,主体,,
601012,PARTICIPATES_IN,EVT-0517,1243,1243001,0.9,主体,,
601012,PARTICIPATES_IN,EVT-0518,1243,1243003,0.9,主体,,
601012,PARTICIPATES_IN,EVT-0519,1243,1243006,0.9,主体,,
601012,PARTICIPATES_IN,EVT-0560,1266,1266000,0.95,主体,,
601012,PARTICIPATES_IN,EVT-0561,1266,1266006,0.95,主体,,
601012,PARTICIPATES_IN,EVT-0562,1266,1266002,0.9,主体,,
601012,PARTICIPATES_IN,EVT-1351,2049,2049000,0.9,主体,,
601088,BELONGS_TO,IND-0068,2040,2040002,0.9,,,
601088,HAS_EXECUTIVE,PER-0108,1006,1006002,0.9,,,
601088,HAS_EXECUTIVE,PER-0108,1041,1041003,0.85,,,
601088,HAS_EXECUTIVE,PER-0108,1280,1280001,0.9,,,
601088,HAS_EXECUTIVE,PER-0108,1382,1382002,0.9,,,
601088,HAS_EXECUTIVE,PER-0152,1006,1006001,0.9,,,
601088,HAS_EXECUTIVE,PER-0152,1280,1280000,0.9,,,
601088,PARTICIPATES_IN,EVT-0009,1006,1006001,0.95,主体,,
601088,PARTICIPATES_IN,EVT-0010,1006,1006002,0.95,主体,,
601088,PARTICIPATES_IN,EVT-0011,1006,1006003,0.9,主体,,
601088,PARTICIPATES_IN,EVT-0079,1041,1041002,0.9,主体,,
601088,PARTICIPATES_IN,EVT-0080,1041,1041002,0.9,主体,,
601088,PARTICIPATES_IN,EVT-0081,1041,1041002,0.85,主体,,
601088,PARTICIPATES_IN,EVT-0197,1095,1095002,0.95,主体,,
601088,PARTICIPATES_IN,EVT-0198,1095,1095023,0.9,主体,,
601088,PARTICIPATES_IN,EVT-0199,1095,1095003,0.9,主体,,
601088,PARTICIPATES_IN,EVT-0288,1147,1147001,0.95,主体,,
601088,PARTICIPATES_IN,EVT-0289,1147,1147001,0.9,主体,,
601088,PARTICIPATES_IN,EVT-0469,1220,1220002,0.9,主体,,
601088,PARTICIPATES_IN,EVT-0470,1220,1220002,0.9,主体,,
601088,PARTICIPATES_IN,EVT-0587,1280,1280001,0.9,主体,,
601088,PARTICIPATES_IN,EVT-0588,1280,1280002,0.9,主体,,
601088,PARTICIPATES_IN,EVT-0589,1280,1280003,0.9,主体,,
601088,PARTICIPATES_IN,EVT-0704,1331,1331000,0.95,主体,,
601088,PARTICIPATES_IN,EVT-0705,1331,1331002,0.95,主体,,
601088,PARTICIPATES_IN,EVT-0827,1382,1382002,0.95,主体,,
601088,PARTICIPATES_IN,EVT-0828,1382,1382002,0.9,主体,,
601088,PARTICIPATES_IN,EVT-1325,2040,2040002,0.9,主体,,
601089,PARTICIPATES_IN,EVT-1002,1476,1476002,0.95,主体,,
601089,PARTICIPATES_IN,EVT-1003,1476,1476002,0.9,主体,,
601089,PARTICIPATES_IN,EVT-1039,1496,1496000,0.95,主体,,
601089,PARTICIPATES_IN,EVT-1041,1496,1496001,0.85,主体,,
601089,PARTICIPATES_IN,EVT-1042,1497,1497000,0.95,主体,,
601089,PARTICIPATES_IN,EVT-1080,1516,1516000,0.8,涉及方,,
601089,PARTICIPATES_IN,EVT-1152,1555,1555000,0.9,主体,,
601089,PARTICIPATES_IN,EVT-1153,1555,1555002,0.9,主体,,
601089,PARTICIPATES_IN,EVT-1213,1591,1591000,0.95,主体,,
601089,PARTICIPATES_IN,EVT-1214,1591,1591001,0.9,主体,,
601089,PARTICIPATES_IN,EVT-1215,1591,1591001,0.85,主体,,
601138,HAS_EXECUTIVE,PER-0145,1279,1279014,0.9,,,
601138,HAS_EXECUTIVE,PER-0237,1279,1279014,0.9,,,
601138,HAS_EXECUTIVE,PER-0295,1279,1279015,0.9,,,
601138,HAS_EXECUTIVE,PER-0350,1279,1279014,0.9,,,
601138,PARTICIPATES_IN,EVT-0047,1025,1025001,0.95,主体,,
601138,PARTICIPATES_IN,EVT-0048,1025,1025002,0.95,主体,,
601138,PARTICIPATES_IN,EVT-0049,1025,1025002,0.95,主体,,
601138,PARTICIPATES_IN,EVT-0208,1100,1100002,0.95,主体,,
601138,PARTICIPATES_IN,EVT-0439,1207,1207002,0.95,主体,,
601138,PARTICIPATES_IN,EVT-0473,1224,1224000,0.95,主体,,
601138,PARTICIPATES_IN,EVT-0474,1224,1224004,0.9,主体,,
601138,PARTICIPATES_IN,EVT-0475,1224,1224016,0.9,主体,,
601138,PARTICIPATES_IN,EVT-0476,1224,1224017,0.9,主体,,
601138,PARTICIPATES_IN,EVT-0585,1100,1100000,0.95,主体,,
601138,PARTICIPATES_IN,EVT-0585,1207,1207001,0.95,主体,,
601138,PARTICIPATES_IN,EVT-0585,1279,1279003,0.9,主体,,
601138,PARTICIPATES_IN,EVT-0586,1279,1279000,0.9,主体,,
601138,PARTICIPATES_IN,EVT-0664,1314,1314000,0.95,主体,,
601138,PARTICIPATES_IN,EVT-0665,1314,1314003,0.9,主体,,
601138,PARTICIPATES_IN,EVT-0666,1314,1314004,0.9,主体,,
601138,PARTICIPATES_IN,EVT-0722,1339,1339006,0.9,主体,,
601138,PARTICIPATES_IN,EVT-0723,1339,1339007,0.9,主体,,
601138,PARTICIPATES_IN,EVT-0819,1378,1378000,0.95,主体,,
601138,PARTICIPATES_IN,EVT-0820,1378,1378002,0.9,主体,,
601186,HAS_EXECUTIVE,PER-0167,1129,1129000,0.9,,,
601186,HAS_EXECUTIVE,PER-0287,1130,1130001,0.9,,,
601186,HAS_EXECUTIVE,PER-0346,1129,1129000,0.85,,,
601186,HAS_EXECUTIVE,PER-0404,1129,1129001,0.85,,,
601186,PARTICIPATES_IN,EVT-0259,1129,1129001,0.9,主体,,
601186,PARTICIPATES_IN,EVT-0260,1129,1129001,0.88,主体,,
601186,PARTICIPATES_IN,EVT-0261,1129,1129001,0.9,主体,,
601186,PARTICIPATES_IN,EVT-0262,1130,1130000,0.9,主体,,
601186,PARTICIPATES_IN,EVT-0263,1130,1130018,0.9,主体,,
601186,PARTICIPATES_IN,EVT-0409,1194,1194001,0.95,主体,,
601186,PARTICIPATES_IN,EVT-0410,1194,1194000,0.9,主体,,
601186,PARTICIPATES_IN,EVT-0515,1242,1242000,0.9,主体,,
601186,PARTICIPATES_IN,EVT-0516,1242,1242001,0.9,主体,,
601186,PARTICIPATES_IN,EVT-0611,1290,1290000,0.95,主体,,
601186,PARTICIPATES_IN,EVT-0612,1290,1290000,0.95,主体,,
601186,PARTICIPATES_IN,EVT-0744,1349,1349004,0.9,主体,,
601186,PARTICIPATES_IN,EVT-0745,1349,1349004,0.9,主体,,
601186,PARTICIPATES_IN,EVT-1222,2003,2003000,0.95,主体,,
601186,PARTICIPATES_IN,EVT-1223,1129,1129000,0.9,主体,,
601186,PARTICIPATES_IN,EVT-1223,2003,2003000,0.85,主体,,
601318,HAS_EXECUTIVE,PER-0118,1078,1078000,0.9,,,
601318,PARTICIPATES_IN,EVT-0073,1038,1038003,0.85,涉及方,,
601318,PARTICIPATES_IN,EVT-0160,1078,1078000,0.95,主体,,
601318,PARTICIPATES_IN,EVT-0426,1202,1202001,0.95,主体,,
601318,PARTICIPATES_IN,EVT-0427,1202,1202004,0.9,主体,,
601318,PARTICIPATES_IN,EVT-0428,1202,1202008,0.9,主体,,
601318,PARTICIPATES_IN,EVT-0429,1202,1202008,0.9,主体,,
601390,HAS_EXECUTIVE,PER-0095,1377,1377056,0.85,,,
601390,HAS_EXECUTIVE,PER-0101,1118,1118000,0.9,,,
601390,HAS_EXECUTIVE,PER-0406,1265,1265002,0.9,,,
601390,HAS_EXECUTIVE,PER-0406,1377,1377005,0.8,,,
601390,HAS_EXECUTIVE,PER-0430,1265,1265001,0.9,,,
601390,PARTICIPATES_IN,EVT-0032,1016,1016000,0.9,主体,,
601390,PARTICIPATES_IN,EVT-0033,1016,1016000,0.9,主体,,
601390,PARTICIPATES_IN,EVT-0034,1016,1016003,0.9,主体,,
601390,PARTICIPATES_IN,EVT-0035,1016,1016002,0.9,主体,,
601390,PARTICIPATES_IN,EVT-0128,1063,1063000,0.9,主体,,
601390,PARTICIPATES_IN,EVT-0129,1063,1063001,0.9,主体,,
601390,PARTICIPATES_IN,EVT-0130,1063,1063002,0.9,主体,,
601390,PARTICIPATES_IN,EVT-0231,1118,1118001,0.9,涉及方,,
601390,PARTICIPATES_IN,EVT-0256,1128,1128001,0.9,主体,,
601390,PARTICIPATES_IN,EVT-0257,1128,1128001,0.9,主体,,
601390,PARTICIPATES_IN,EVT-0258,1128,1128002,0.9,主体,,
601390,PARTICIPATES_IN,EVT-0661,1063,1063000,0.9,主体,,
601390,PARTICIPATES_IN,EVT-0661,1313,1313000,0.95,主体,,
601390,PARTICIPATES_IN,EVT-0662,1313,1313001,0.9,主体,,
601390,PARTICIPATES_IN,EVT-0663,1313,1313001,0.9,主体,,
601390,PARTICIPATES_IN,EVT-0815,1377,1377079,0.9,主体,,
601390,PARTICIPATES_IN,EVT-0816,1377,1377088,0.9,主体,,
601390,PARTICIPATES_IN,EVT-0817,1377,1377101,0.87,主体,,
601390,PARTICIPATES_IN,EVT-0818,1377,1377113,0.9,主体,,
601398,HAS_EXECUTIVE,PER-0123,1127,1127000,0.9,,,
601398,PARTICIPATES_IN,EVT-0008,1005,1005001,0.8,合作方,,
601398,PARTICIPATES_IN,EVT-0078,1040,1040001,0.9,主体,,
601398,PARTICIPATES_IN,EVT-0127,1062,1062000,0.95,主体,,
601398,PARTICIPATES_IN,EVT-0185,1090,1090009,0.95,主体,,
601398,PARTICIPATES_IN,EVT-0186,1090,1090001,0.95,主体,,
601398,PARTICIPATES_IN,EVT-0252,1127,1127000,0.9,主体,,
601398,PARTICIPATES_IN,EVT-0253,1127,1127001,0.9,主体,,
601398,PARTICIPATES_IN,EVT-0254,1127,1127002,0.9,主体,,
601398,PARTICIPATES_IN,EVT-0255,1040,1040003,0.95,主体,,
601398,PARTICIPATES_IN,EVT-0255,1127,1127002,0.9,主体,,
601398,PARTICIPATES_IN,EVT-0341,1170,1170000,0.95,主体,,
601398,PARTICIPATES_IN,EVT-0342,1170,1170000,0.95,主体,,
601398,PARTICIPATES_IN,EVT-0343,1170,1170001,0.9,主体,,
601398,PARTICIPATES_IN,EVT-0344,1170,1170001,0.9,主体,,
601398,PARTICIPATES_IN,EVT-0641,1305,1305000,0.95,主体,,
601398,PARTICIPATES_IN,EVT-1076,1513,1513000,0.9,合作方,,
601398,PARTICIPATES_IN,EVT-1475,2095,2095000,0.9,涉及方,,
601567,PARTICIPATES_IN,EVT-0272,1139,1139000,0.8,涉及方,,
601633,HAS_EXECUTIVE,PER-0220,1068,1068001,0.9,,,
601633,HAS_EXECUTIVE,PER-0301,1068,1068001,0.9,,,
601633,HAS_EXECUTIVE,PER-0341,1068,1068001,0.9,,,
601633,HAS_EXECUTIVE,PER-0441,1169,1169000,0.95,,,
601633,PARTICIPATES_IN,EVT-0001,1001,1001001,0.9,主体,,
601633,PARTICIPATES_IN,EVT-0002,1001,1001001,0.9,主体,,
601633,PARTICIPATES_IN,EVT-0138,1068,1068000,0.95,主体,,
601633,PARTICIPATES_IN,EVT-0223,1109,1109000,0.9,主体,,
601633,PARTICIPATES_IN,EVT-0224,1109,1109002,0.9,主体,,
601633,PARTICIPATES_IN,EVT-0225,1109,1109002,0.9,主体,,
601633,PARTICIPATES_IN,EVT-0338,1169,1169000,0.95,主体,,
601633,PARTICIPATES_IN,EVT-0339,1169,1169001,0.9,主体,,
601633,PARTICIPATES_IN,EVT-0340,1169,1169001,0.9,主体,,
601633,PARTICIPATES_IN,EVT-0552,1261,1261001,0.9,主体,,
601633,PARTICIPATES_IN,EVT-0553,1261,1261000,0.9,主体,,
601633,PARTICIPATES_IN,EVT-0694,1327,1327003,0.95,主体,,
601633,PARTICIPATES_IN,EVT-0695,1327,1327004,0.95,主体,,
601633,PARTICIPATES_IN,EVT-0696,1327,1327006,0.95,主体,,
601633,PARTICIPATES_IN,EVT-0808,1375,1375000,0.95,主体,,
601633,PARTICIPATES_IN,EVT-0809,1375,1375001,0.95,主体,,
601633,PARTICIPATES_IN,EVT-1256,2015,2015000,0.95,主体,,
601633,PARTICIPATES_IN,EVT-1257,2015,2015001,0.9,主体,,
601633,PARTICIPATES_IN,EVT-1258,2015,2015001,0.9,主体,,
601633,PARTICIPATES_IN,EVT-1259,2015,2015001,0.9,主体,,
601668,HAS_EXECUTIVE,PER-0169,1390,1390018,0.9,,,
601668,HAS_EXECUTIVE,PER-0372,1390,1390018,0.85,,,
601668,HAS_EXECUTIVE,PER-0398,1089,1089000,0.9,,,
601668,PARTICIPATES_IN,EVT-0046,1024,1024000,0.95,主体,,
601668,PARTICIPATES_IN,EVT-0153,1075,1075000,0.9,主体,,
601668,PARTICIPATES_IN,EVT-0183,1089,1089000,0.9,主体,,
601668,PARTICIPATES_IN,EVT-0184,1089,1089000,0.9,主体,,
601668,PARTICIPATES_IN,EVT-0337,1168,1168000,0.9,主体,,
601668,PARTICIPATES_IN,EVT-0580,1277,1277000,0.9,主体,,
601668,PARTICIPATES_IN,EVT-0581,1277,1277000,0.9,主体,,
601668,PARTICIPATES_IN,EVT-0582,1277,1277000,0.9,主体,,
601668,PARTICIPATES_IN,EVT-0583,1277,1277000,0.9,主体,,
601668,PARTICIPATES_IN,EVT-0692,1326,1326000,0.95,主体,,
601668,PARTICIPATES_IN,EVT-0693,1326,1326000,0.95,主体,,
601668,PARTICIPATES_IN,EVT-0693,1326,1326001,0.85,涉及方,,
601668,PARTICIPATES_IN,EVT-0842,1390,1390018,0.95,主体,,
601668,PARTICIPATES_IN,EVT-0843,1390,1390005,0.9,主体,,
601668,PARTICIPATES_IN,EVT-0844,1390,1390004,0.9,主体,,
601668,PARTICIPATES_IN,EVT-0918,1429,1429000,0.9,合作方,,
601727,PARTICIPATES_IN,EVT-0074,1039,1039000,0.9,主体,,
601727,PARTICIPATES_IN,EVT-0075,1039,1039001,0.9,主体,,
601727,PARTICIPATES_IN,EVT-0076,1039,1039001,0.9,主体,,
601727,PARTICIPATES_IN,EVT-0077,1039,1039001,0.9,主体,,
601727,PARTICIPATES_IN,EVT-0219,1108,1108000,0.9,主体,,
601727,PARTICIPATES_IN,EVT-0220,1108,1108000,0.9,主体,,
601727,PARTICIPATES_IN,EVT-0221,1108,1108001,0.9,主体,,
601727,PARTICIPATES_IN,EVT-0222,1108,1108002,0.9,主体,,
601727,PARTICIPATES_IN,EVT-0239,1121,1121000,0.9,主体,,
601727,PARTICIPATES_IN,EVT-0240,1121,1121000,0.9,主体,,
601727,PARTICIPATES_IN,EVT-0423,1201,1201000,0.95,主体,,
601727,PARTICIPATES_IN,EVT-0423,1201,1201000,0.85,涉及方,,
601727,PARTICIPATES_IN,EVT-0424,1201,1201001,0.9,主体,,
601727,PARTICIPATES_IN,EVT-0658,1312,1312000,0.9,主体,,
601727,PARTICIPATES_IN,EVT-0659,1312,1312002,0.9,主体,,
601727,PARTICIPATES_IN,EVT-0660,1312,1312002,0.9,主体,,
601727,PARTICIPATES_IN,EVT-0826,1381,1381002,0.95,主体,,
601899,HAS_EXECUTIVE,PER-0072,1033,1033005,0.9,,,
601899,PARTICIPATES_IN,EVT-0061,1033,1033001,0.9,主体,,
601899,PARTICIPATES_IN,EVT-0062,1033,1033002,0.9,主体,,
601899,PARTICIPATES_IN,EVT-0064,1034,1034001,0.9,主体,,
601899,PARTICIPATES_IN,EVT-0192,1092,1092000,0.9,主体,,
601899,PARTICIPATES_IN,EVT-0287,1145,1145000,0.9,主体,,
601899,PARTICIPATES_IN,EVT-0403,1192,1192001,0.9,主体,,
601899,PARTICIPATES_IN,EVT-0404,1192,1192001,0.9,主体,,
601899,PARTICIPATES_IN,EVT-0405,1192,1192001,0.9,主体,,
601899,PARTICIPATES_IN,EVT-0406,1192,1192002,0.9,主体,,
601899,PARTICIPATES_IN,EVT-0654,1311,1311001,0.95,主体,,
601899,PARTICIPATES_IN,EVT-0655,1311,1311002,0.9,主体,,
601899,PARTICIPATES_IN,EVT-0656,1311,1311003,0.9,主体,,
601899,PARTICIPATES_IN,EVT-0657,1311,1311003,0.9,主体,,
601899,PARTICIPATES_IN,EVT-0798,1370,1370004,0.9,主体,,
601899,PARTICIPATES_IN,EVT-0799,1370,1370004,0.9,主体,,
601899,PARTICIPATES_IN,EVT-0800,1370,1370005,0.9,主体,,
601899,PARTICIPATES_IN,EVT-0801,1370,1370006,0.9,主体,,
601899,PARTICIPATES_IN,EVT-1293,2026,2026003,0.9,涉及方,,
603087,HAS_EXECUTIVE,PER-0285,2059,2059000,0.92,,,
603087,HAS_EXECUTIVE,PER-0394,2061,2061004,0.9,,,
603087,PARTICIPATES_IN,EVT-0888,1412,1412000,0.95,主体,,
603087,PARTICIPATES_IN,EVT-0889,1412,1412003,0.9,主体,,
603087,PARTICIPATES_IN,EVT-0931,1437,1437000,0.95,主体,,
603087,PARTICIPATES_IN,EVT-0932,1437,1437001,0.9,主体,,
603087,PARTICIPATES_IN,EVT-0933,1437,1437002,0.9,主体,,
603087,PARTICIPATES_IN,EVT-0938,1441,1441000,0.9,主体,,
603087,PARTICIPATES_IN,EVT-0939,1441,1441003,0.85,主体,,
603087,PARTICIPATES_IN,EVT-1137,1546,1546000,0.95,主体,,
603087,PARTICIPATES_IN,EVT-1171,1567,1567000,0.95,主体,,
603087,PARTICIPATES_IN,EVT-1206,1587,1587000,0.95,主体,,
603087,PARTICIPATES_IN,EVT-1207,1567,1567002,0.8,主体,,
603087,PARTICIPATES_IN,EVT-1207,1587,1587002,0.9,主体,,
603087,PARTICIPATES_IN,EVT-1381,2059,2059004,0.93,主体,,
603087,PARTICIPATES_IN,EVT-1453,2085,2085001,0.9,涉及方,,
603163,PARTICIPATES_IN,EVT-1079,1515,1515002,0.92,主体,,
603163,PARTICIPATES_IN,EVT-1135,1544,1544006,0.9,主体,,
603163,PARTICIPATES_IN,EVT-1181,1573,1573001,0.8,主体,,
603288,BELONGS_TO,IND-0083,2016,2016000,0.85,,,
603288,HAS_EXECUTIVE,PER-0198,1061,1061002,0.85,,,
603288,HAS_EXECUTIVE,PER-0242,1061,1061002,0.85,,,
603288,HAS_EXECUTIVE,PER-0299,1363,1363000,0.9,,,
603288,HAS_EXECUTIVE,PER-0304,1061,1061002,0.9,,,
603288,PARTICIPATES_IN,EVT-0120,1058,1058001,0.95,主体,,
603288,PARTICIPATES_IN,EVT-0121,1058,1058002,0.95,主体,,
603288,PARTICIPATES_IN,EVT-0125,1061,1061000,0.95,主体,,
603288,PARTICIPATES_IN,EVT-0126,1061,1061001,0.9,主体,,
603288,PARTICIPATES_IN,EVT-0533,1250,1250002,0.95,主体,,
603288,PARTICIPATES_IN,EVT-0534,1250,1250002,0.9,主体,,
603288,PARTICIPATES_IN,EVT-0535,1250,1250004,0.95,主体,,
603288,PARTICIPATES_IN,EVT-0536,1250,1250006,0.95,主体,,
603288,PARTICIPATES_IN,EVT-0640,1304,1304002,0.9,主体,,
603288,PARTICIPATES_IN,EVT-0778,1304,1304000,0.9,主体,,
603288,PARTICIPATES_IN,EVT-0778,1363,1363000,0.9,主体,,
603288,PARTICIPATES_IN,EVT-0779,1363,1363000,0.9,主体,,
603288,PARTICIPATES_IN,EVT-0780,1363,1363000,0.9,主体,,
603288,PARTICIPATES_IN,EVT-1260,2016,2016000,0.95,主体,,
603288,PARTICIPATES_IN,EVT-1261,2016,2016000,0.9,主体,,
603288,PARTICIPATES_IN,EVT-1262,2016,2016001,0.9,主体,,
603288,PARTICIPATES_IN,EVT-1263,2016,2016002,0.9,主体,,
603856,PARTICIPATES_IN,EVT-0944,1445,1445000,0.9,主体,,
603856,PARTICIPATES_IN,EVT-0945,1445,1445001,0.9,主体,,
603856,PARTICIPATES_IN,EVT-0946,1445,1445001,0.9,主体,,
603856,PARTICIPATES_IN,EVT-0999,1474,1474001,0.95,主体,,
603856,PARTICIPATES_IN,EVT-1047,1500,1500002,0.95,主体,,
603856,PARTICIPATES_IN,EVT-1087,1520,1520000,0.95,主体,,
603856,PARTICIPATES_IN,EVT-1434,2079,2079000,0.85,涉及方,,
603856,PARTICIPATES_IN,EVT-1466,2090,2090000,0.95,主体,,
603856,SUPPLIES,600309,1500,1500003,0.9,,,
605287,BELONGS_TO,IND-0045,2070,2070000,0.9,,,
605287,PARTICIPATES_IN,EVT-1195,1580,1580000,0.9,主体,,
605287,PARTICIPATES_IN,EVT-1411,2070,2070000,0.9,主体,,
688485,HAS_EXECUTIVE,PER-0180,1455,1455000,0.95,,,
688485,PARTICIPATES_IN,EVT-0958,1454,1454001,0.95,主体,,
688485,PARTICIPATES_IN,EVT-0960,1455,1455000,0.95,主体,,
688485,PARTICIPATES_IN,EVT-0961,1455,1455011,0.9,主体,,
688485,PARTICIPATES_IN,EVT-1176,1571,1571005,0.9,主体,,
688485,PARTICIPATES_IN,EVT-1177,1571,1571009,0.9,主体,,
688485,PARTICIPATES_IN,EVT-1178,1571,1571009,0.9,主体,,
688485,PARTICIPATES_IN,EVT-1179,1572,1572000,0.95,主体,,
688485,PARTICIPATES_IN,EVT-1180,1572,1572000,0.95,主体,,
688506,PARTICIPATES_IN,EVT-0902,1422,1422000,0.95,主体,,
688506,PARTICIPATES_IN,EVT-0903,1422,1422001,0.9,主体,,
688506,PARTICIPATES_IN,EVT-0920,1430,1430001,0.95,主体,,
688506,PARTICIPATES_IN,EVT-0921,1430,1430002,0.9,主体,,
688506,PARTICIPATES_IN,EVT-0922,1430,1430002,0.9,主体,,
688506,PARTICIPATES_IN,EVT-0980,1466,1466000,0.9,主体,,
688506,PARTICIPATES_IN,EVT-0981,1466,1466001,0.9,主体,,
688506,PARTICIPATES_IN,EVT-0982,1466,1466001,0.9,主体,,
688506,PARTICIPATES_IN,EVT-1067,1510,1510000,0.95,主体,,
688506,PARTICIPATES_IN,EVT-1068,1510,1510001,0.9,主体,,
688506,PARTICIPATES_IN,EVT-1102,1530,1530000,0.95,主体,,
688506,PARTICIPATES_IN,EVT-1103,1530,1530002,0.8,主体,,
688506,PARTICIPATES_IN,EVT-1104,1530,1530002,0.8,主体,,
688506,PARTICIPATES_IN,EVT-1193,1579,1579000,0.95,主体,,
688506,PARTICIPATES_IN,EVT-1194,1579,1579002,0.9,主体,,
688506,PARTICIPATES_IN,EVT-1360,2052,2052001,0.9,主体,,
688506,PARTICIPATES_IN,EVT-1504,2104,2104001,0.9,主体,,
688981,BELONGS_TO,IND-0092,1219,1219004,0.85,,,
688981,BELONGS_TO,IND-0093,1144,1144000,0.9,,,
688981,PARTICIPATES_IN,EVT-0156,1077,1077000,0.9,主体,,
688981,PARTICIPATES_IN,EVT-0157,1077,1077006,0.9,主体,,
688981,PARTICIPATES_IN,EVT-0158,1077,1077000,0.9,主体,,
688981,PARTICIPATES_IN,EVT-0159,1077,1077008,0.9,主体,,
688981,PARTICIPATES_IN,EVT-0283,1144,1144000,0.95,主体,,
688981,PARTICIPATES_IN,EVT-0284,1144,1144001,0.95,主体,,
688981,PARTICIPATES_IN,EVT-0285,1144,1144003,0.95,主体,,
688981,PARTICIPATES_IN,EVT-0286,1144,1144006,0.9,主体,,
688981,PARTICIPATES_IN,EVT-0466,1219,1219002,0.95,主体,,
688981,PARTICIPATES_IN,EVT-0467,1219,1219002,0.85,主体,,
688981,PARTICIPATES_IN,EVT-0468,1219,1219003,0.8,主体,,
688981,PARTICIPATES_IN,EVT-0576,1275,1275000,0.9,主体,,
688981,PARTICIPATES_IN,EVT-0577,1275,1275000,0.9,主体,,
688981,PARTICIPATES_IN,EVT-0597,1284,1284000,0.95,主体,,
688981,PARTICIPATES_IN,EVT-0598,1284,1284005,0.9,主体,,
688981,PARTICIPATES_IN,EVT-0743,1348,1348001,0.9,主体,,
688981,PARTICIPATES_IN,EVT-0756,1356,1356021,0.92,主体,,
688981,PARTICIPATES_IN,EVT-0757,1356,1356022,0.9,主体,,
688981,PARTICIPATES_IN,EVT-0758,1356,1356022,0.9,主体,,
688981,PARTICIPATES_IN,EVT-1345,2047,2047001,0.8,涉及方,,
688981,PARTICIPATES_IN,EVT-1492,2100,2100012,0.9,主体,,
920019,PARTICIPATES_IN,EVT-1143,1549,1549000,0.95,主体,,
920019,PARTICIPATES_IN,EVT-1151,1554,1554000,0.95,主体,,
920019,PARTICIPATES_IN,EVT-1151,1554,1554002,0.85,涉及方,,
EVT-0001,EVIDENCED_BY,1001,,,,,,
EVT-0001,RELATED_TO,POL-0003,1001,1001000,0.85,,,
EVT-0002,EVIDENCED_BY,1001,,,,,,
EVT-0003,EVIDENCED_BY,1004,,,,,,
EVT-0004,EVIDENCED_BY,1004,,,,,,
EVT-0005,EVIDENCED_BY,1004,,,,,,
EVT-0006,EVIDENCED_BY,1004,,,,,,
EVT-0007,EVIDENCED_BY,1005,,,,,,
EVT-0007,ISSUED_BY,INST-0073,1005,1005000,0.9,,,
EVT-0008,EVIDENCED_BY,1005,,,,,,
EVT-0009,EVIDENCED_BY,1006,,,,,,
EVT-0010,EVIDENCED_BY,1006,,,,,,
EVT-0011,EVIDENCED_BY,1006,,,,,,
EVT-0012,EVIDENCED_BY,1007,,,,,,
EVT-0013,EVIDENCED_BY,1007,,,,,,
EVT-0014,EVIDENCED_BY,1007,,,,,,
EVT-0015,EVIDENCED_BY,1008,,,,,,
EVT-0016,EVIDENCED_BY,1008,,,,,,
EVT-0017,EVIDENCED_BY,1008,,,,,,
EVT-0018,EVIDENCED_BY,1010,,,,,,
EVT-0019,EVIDENCED_BY,1010,,,,,,
EVT-0020,EVIDENCED_BY,1012,,,,,,
EVT-0020,ISSUED_BY,INST-0190,1012,1012000,0.95,,,
EVT-0021,EVIDENCED_BY,1012,,,,,,
EVT-0022,EVIDENCED_BY,1013,,,,,,
EVT-0023,EVIDENCED_BY,1013,,,,,,
EVT-0024,EVIDENCED_BY,1013,,,,,,
EVT-0025,EVIDENCED_BY,1013,,,,,,
EVT-0026,EVIDENCED_BY,1014,,,,,,
EVT-0027,EVIDENCED_BY,1014,,,,,,
EVT-0028,EVIDENCED_BY,1014,,,,,,
EVT-0029,EVIDENCED_BY,1015,,,,,,
EVT-0029,ISSUED_BY,INST-0281,1015,1015000,0.8,,,
EVT-0030,EVIDENCED_BY,1015,,,,,,
EVT-0031,EVIDENCED_BY,1015,,,,,,
EVT-0032,EVIDENCED_BY,1016,,,,,,
EVT-0033,EVIDENCED_BY,1016,,,,,,
EVT-0034,EVIDENCED_BY,1016,,,,,,
EVT-0035,EVIDENCED_BY,1016,,,,,,
EVT-0036,EVIDENCED_BY,1018,,,,,,
EVT-0037,EVIDENCED_BY,1018,,,,,,
EVT-0038,EVIDENCED_BY,1019,,,,,,
EVT-0039,EVIDENCED_BY,1019,,,,,,
EVT-0040,EVIDENCED_BY,1019,,,,,,
EVT-0041,EVIDENCED_BY,1021,,,,,,
EVT-0042,EVIDENCED_BY,1022,,,,,,
EVT-0043,EVIDENCED_BY,1022,,,,,,
EVT-0044,EVIDENCED_BY,1022,,,,,,
EVT-0045,EVIDENCED_BY,1023,,,,,,
EVT-0046,EVIDENCED_BY,1024,,,,,,
EVT-0047,EVIDENCED_BY,1025,,,,,,
EVT-0048,EVIDENCED_BY,1025,,,,,,
EVT-0049,EVIDENCED_BY,1025,,,,,,
EVT-0050,EVIDENCED_BY,1026,,,,,,
EVT-0051,EVIDENCED_BY,1027,,,,,,
EVT-0052,EVIDENCED_BY,1027,,,,,,
EVT-0053,EVIDENCED_BY,1030,,,,,,
EVT-0054,EVIDENCED_BY,1030,,,,,,
EVT-0055,EVIDENCED_BY,1030,,,,,,
EVT-0056,EVIDENCED_BY,1031,,,,,,
EVT-0057,EVIDENCED_BY,1031,,,,,,
EVT-0058,EVIDENCED_BY,1032,,,,,,
EVT-0059,EVIDENCED_BY,1032,,,,,,
EVT-0060,EVIDENCED_BY,1033,,,,,,
EVT-0061,EVIDENCED_BY,1033,,,,,,
EVT-0062,EVIDENCED_BY,1033,,,,,,
EVT-0063,EVIDENCED_BY,1034,,,,,,
EVT-0064,EVIDENCED_BY,1034,,,,,,
EVT-0065,EVIDENCED_BY,1035,,,,,,
EVT-0066,EVIDENCED_BY,1035,,,,,,
EVT-0067,EVIDENCED_BY,1036,,,,,,
EVT-0068,EVIDENCED_BY,1036,,,,,,
EVT-0069,EVIDENCED_BY,1036,,,,,,
EVT-0070,EVIDENCED_BY,1036,,,,,,
EVT-0071,EVIDENCED_BY,1037,,,,,,
EVT-0071,ISSUED_BY,INST-0324,1037,1037019,0.8,,,
EVT-0072,EVIDENCED_BY,1038,,,,,,
EVT-0073,EVIDENCED_BY,1038,,,,,,
EVT-0074,EVIDENCED_BY,1039,,,,,,
EVT-0075,EVIDENCED_BY,1039,,,,,,
EVT-0076,EVIDENCED_BY,1039,,,,,,
EVT-0077,EVIDENCED_BY,1039,,,,,,
EVT-0078,EVIDENCED_BY,1040,,,,,,
EVT-0079,EVIDENCED_BY,1041,,,,,,
EVT-0080,EVIDENCED_BY,1041,,,,,,
EVT-0081,EVIDENCED_BY,1041,,,,,,
EVT-0082,EVIDENCED_BY,1042,,,,,,
EVT-0083,EVIDENCED_BY,1042,,,,,,
EVT-0084,EVIDENCED_BY,1043,,,,,,
EVT-0084,ISSUED_BY,INST-0067,1043,1043000,0.95,,,
EVT-0085,EVIDENCED_BY,1043,,,,,,
EVT-0086,EVIDENCED_BY,1044,,,,,,
EVT-0087,EVIDENCED_BY,1044,,,,,,
EVT-0088,EVIDENCED_BY,1044,,,,,,
EVT-0089,EVIDENCED_BY,1044,,,,,,
EVT-0089,EVIDENCED_BY,1045,,,,,,
EVT-0089,RELATED_TO,POL-0071,1044,1044013,0.85,,,
EVT-0090,EVIDENCED_BY,1045,,,,,,
EVT-0091,EVIDENCED_BY,1046,,,,,,
EVT-0092,EVIDENCED_BY,1046,,,,,,
EVT-0093,EVIDENCED_BY,1047,,,,,,
EVT-0094,EVIDENCED_BY,1047,,,,,,
EVT-0095,EVIDENCED_BY,1048,,,,,,
EVT-0096,EVIDENCED_BY,1048,,,,,,
EVT-0097,EVIDENCED_BY,1048,,,,,,
EVT-0098,EVIDENCED_BY,1048,,,,,,
EVT-0099,EVIDENCED_BY,1049,,,,,,
EVT-0100,EVIDENCED_BY,1049,,,,,,
EVT-0101,EVIDENCED_BY,1049,,,,,,
EVT-0102,EVIDENCED_BY,1049,,,,,,
EVT-0103,EVIDENCED_BY,1050,,,,,,
EVT-0104,EVIDENCED_BY,1050,,,,,,
EVT-0105,EVIDENCED_BY,1050,,,,,,
EVT-0106,EVIDENCED_BY,1050,,,,,,
EVT-0107,EVIDENCED_BY,1052,,,,,,
EVT-0108,EVIDENCED_BY,1052,,,,,,
EVT-0109,EVIDENCED_BY,1052,,,,,,
EVT-0110,EVIDENCED_BY,1053,,,,,,
EVT-0111,EVIDENCED_BY,1053,,,,,,
EVT-0112,EVIDENCED_BY,1054,,,,,,
EVT-0112,RELATED_TO,POL-0069,1054,1054000,0.85,,,
EVT-0113,EVIDENCED_BY,1054,,,,,,
EVT-0114,EVIDENCED_BY,1054,,,,,,
EVT-0115,EVIDENCED_BY,1055,,,,,,
EVT-0116,EVIDENCED_BY,1056,,,,,,
EVT-0116,EVIDENCED_BY,1057,,,,,,
EVT-0117,EVIDENCED_BY,1057,,,,,,
EVT-0118,EVIDENCED_BY,1057,,,,,,
EVT-0119,EVIDENCED_BY,1057,,,,,,
EVT-0120,EVIDENCED_BY,1058,,,,,,
EVT-0121,EVIDENCED_BY,1058,,,,,,
EVT-0122,EVIDENCED_BY,1059,,,,,,
EVT-0123,EVIDENCED_BY,1059,,,,,,
EVT-0123,RELATED_TO,POL-0106,1059,1059007,0.85,,,
EVT-0124,EVIDENCED_BY,1059,,,,,,
EVT-0125,EVIDENCED_BY,1061,,,,,,
EVT-0126,EVIDENCED_BY,1061,,,,,,
EVT-0127,EVIDENCED_BY,1062,,,,,,
EVT-0128,EVIDENCED_BY,1063,,,,,,
EVT-0129,EVIDENCED_BY,1063,,,,,,
EVT-0130,EVIDENCED_BY,1063,,,,,,
EVT-0131,EVIDENCED_BY,1065,,,,,,
EVT-0132,EVIDENCED_BY,1065,,,,,,
EVT-0133,EVIDENCED_BY,1065,,,,,,
EVT-0134,EVIDENCED_BY,1065,,,,,,
EVT-0135,EVIDENCED_BY,1066,,,,,,
EVT-0136,EVIDENCED_BY,1066,,,,,,
EVT-0137,EVIDENCED_BY,1067,,,,,,
EVT-0138,EVIDENCED_BY,1068,,,,,,
EVT-0139,EVIDENCED_BY,1069,,,,,,
EVT-0140,EVIDENCED_BY,1069,,,,,,
EVT-0141,EVIDENCED_BY,1069,,,,,,
EVT-0141,ISSUED_BY,INST-0176,1069,1069001,0.88,,,
EVT-0142,EVIDENCED_BY,1069,,,,,,
EVT-0143,EVIDENCED_BY,1070,,,,,,
EVT-0144,EVIDENCED_BY,1070,,,,,,
EVT-0145,EVIDENCED_BY,1071,,,,,,
EVT-0146,EVIDENCED_BY,1071,,,,,,
EVT-0147,EVIDENCED_BY,1071,,,,,,
EVT-0147,RELATED_TO,POL-0072,1071,1071004,0.85,,,
EVT-0148,EVIDENCED_BY,1072,,,,,,
EVT-0149,EVIDENCED_BY,1072,,,,,,
EVT-0150,EVIDENCED_BY,1072,,,,,,
EVT-0151,EVIDENCED_BY,1073,,,,,,
EVT-0152,EVIDENCED_BY,1073,,,,,,
EVT-0153,EVIDENCED_BY,1075,,,,,,
EVT-0154,EVIDENCED_BY,1076,,,,,,
EVT-0154,ISSUED_BY,INST-0190,1076,1076000,0.95,,,
EVT-0155,EVIDENCED_BY,1076,,,,,,
EVT-0156,EVIDENCED_BY,1077,,,,,,
EVT-0157,EVIDENCED_BY,1077,,,,,,
EVT-0158,EVIDENCED_BY,1077,,,,,,
EVT-0159,EVIDENCED_BY,1077,,,,,,
EVT-0160,EVIDENCED_BY,1078,,,,,,
EVT-0161,EVIDENCED_BY,1078,,,,,,
EVT-0161,ISSUED_BY,INST-0190,1078,1078000,0.9,,,
EVT-0162,EVIDENCED_BY,1079,,,,,,
EVT-0163,EVIDENCED_BY,1079,,,,,,
EVT-0164,EVIDENCED_BY,1080,,,,,,
EVT-0165,EVIDENCED_BY,1081,,,,,,
EVT-0166,EVIDENCED_BY,1082,,,,,,
EVT-0167,EVIDENCED_BY,1082,,,,,,
EVT-0168,EVIDENCED_BY,1083,,,,,,
EVT-0168,RELATED_TO,POL-0021,1083,1083003,0.85,,,
EVT-0169,EVIDENCED_BY,1083,,,,,,
EVT-0170,EVIDENCED_BY,1083,,,,,,
EVT-0171,EVIDENCED_BY,1084,,,,,,
EVT-0172,EVIDENCED_BY,1084,,,,,,
EVT-0173,EVIDENCED_BY,1085,,,,,,
EVT-0174,EVIDENCED_BY,1085,,,,,,
EVT-0175,EVIDENCED_BY,1086,,,,,,
EVT-0176,EVIDENCED_BY,1086,,,,,,
EVT-0177,EVIDENCED_BY,1086,,,,,,
EVT-0178,EVIDENCED_BY,1086,,,,,,
EVT-0179,EVIDENCED_BY,1087,,,,,,
EVT-0180,EVIDENCED_BY,1087,,,,,,
EVT-0181,EVIDENCED_BY,1088,,,,,,
EVT-0182,EVIDENCED_BY,1088,,,,,,
EVT-0183,EVIDENCED_BY,1089,,,,,,
EVT-0184,EVIDENCED_BY,1089,,,,,,
EVT-0185,EVIDENCED_BY,1090,,,,,,
EVT-0186,EVIDENCED_BY,1090,,,,,,
EVT-0187,EVIDENCED_BY,1090,,,,,,
EVT-0188,EVIDENCED_BY,1090,,,,,,
EVT-0189,EVIDENCED_BY,1091,,,,,,
EVT-0190,EVIDENCED_BY,1091,,,,,,
EVT-0191,EVIDENCED_BY,1091,,,,,,
EVT-0192,EVIDENCED_BY,1092,,,,,,
EVT-0193,EVIDENCED_BY,1093,,,,,,
EVT-0194,EVIDENCED_BY,1093,,,,,,
EVT-0195,EVIDENCED_BY,1094,,,,,,
EVT-0196,EVIDENCED_BY,1094,,,,,,
EVT-0196,RELATED_TO,POL-0063,1094,1094000,0.9,,,
EVT-0197,EVIDENCED_BY,1095,,,,,,
EVT-0198,EVIDENCED_BY,1095,,,,,,
EVT-0199,EVIDENCED_BY,1095,,,,,,
EVT-0200,EVIDENCED_BY,1096,,,,,,
EVT-0201,EVIDENCED_BY,1096,,,,,,
EVT-0202,EVIDENCED_BY,1097,,,,,,
EVT-0203,EVIDENCED_BY,1097,,,,,,
EVT-0204,EVIDENCED_BY,1098,,,,,,
EVT-0205,EVIDENCED_BY,1098,,,,,,
EVT-0205,RELATED_TO,POL-0021,1098,1098001,0.9,,,
EVT-0206,EVIDENCED_BY,1099,,,,,,
EVT-0207,EVIDENCED_BY,1099,,,,,,
EVT-0207,ISSUED_BY,INST-0368,1099,1099001,0.9,,,
EVT-0208,EVIDENCED_BY,1100,,,,,,
EVT-0208,RELATED_TO,POL-0020,1100,1100002,0.9,,,
EVT-0209,EVIDENCED_BY,1101,,,,,,
EVT-0210,EVIDENCED_BY,1101,,,,,,
EVT-0210,ISSUED_BY,INST-0318,1101,1101002,0.9,,,
EVT-0211,EVIDENCED_BY,1018,,,,,,
EVT-0211,EVIDENCED_BY,1103,,,,,,
EVT-0212,EVIDENCED_BY,1018,,,,,,
EVT-0212,EVIDENCED_BY,1103,,,,,,
EVT-0213,EVIDENCED_BY,1103,,,,,,
EVT-0214,EVIDENCED_BY,1104,,,,,,
EVT-0215,EVIDENCED_BY,1104,,,,,,
EVT-0216,EVIDENCED_BY,1106,,,,,,
EVT-0217,EVIDENCED_BY,1106,,,,,,
EVT-0218,EVIDENCED_BY,1106,,,,,,
EVT-0219,EVIDENCED_BY,1108,,,,,,
EVT-0220,EVIDENCED_BY,1108,,,,,,
EVT-0221,EVIDENCED_BY,1108,,,,,,
EVT-0222,EVIDENCED_BY,1108,,,,,,
EVT-0223,EVIDENCED_BY,1109,,,,,,
EVT-0224,EVIDENCED_BY,1109,,,,,,
EVT-0225,EVIDENCED_BY,1109,,,,,,
EVT-0226,EVIDENCED_BY,1112,,,,,,
EVT-0227,EVIDENCED_BY,1112,,,,,,
EVT-0228,EVIDENCED_BY,1113,,,,,,
EVT-0229,EVIDENCED_BY,1114,,,,,,
EVT-0229,ISSUED_BY,INST-0020,1114,1114002,0.75,,,
EVT-0229,RELATED_TO,POL-0020,1114,1114002,0.8,,,
EVT-0230,EVIDENCED_BY,1114,,,,,,
EVT-0231,EVIDENCED_BY,1118,,,,,,
EVT-0232,EVIDENCED_BY,1119,,,,,,
EVT-0232,RELATED_TO,POL-0134,1119,1119001,0.9,,,
EVT-0233,EVIDENCED_BY,1119,,,,,,
EVT-0233,RELATED_TO,POL-0140,1119,1119002,0.9,,,
EVT-0234,EVIDENCED_BY,1119,,,,,,
EVT-0234,RELATED_TO,POL-0078,1119,1119002,0.9,,,
EVT-0235,EVIDENCED_BY,1119,,,,,,
EVT-0236,EVIDENCED_BY,1120,,,,,,
EVT-0237,EVIDENCED_BY,1120,,,,,,
EVT-0238,EVIDENCED_BY,1120,,,,,,
EVT-0239,EVIDENCED_BY,1121,,,,,,
EVT-0240,EVIDENCED_BY,1121,,,,,,
EVT-0241,EVIDENCED_BY,1122,,,,,,
EVT-0241,RELATED_TO,POL-0052,1122,1122002,0.8,,,
EVT-0242,EVIDENCED_BY,1122,,,,,,
EVT-0243,EVIDENCED_BY,1122,,,,,,
EVT-0244,EVIDENCED_BY,1123,,,,,,
EVT-0245,EVIDENCED_BY,1124,,,,,,
EVT-0246,EVIDENCED_BY,1124,,,,,,
EVT-0247,EVIDENCED_BY,1124,,,,,,
EVT-0248,EVIDENCED_BY,1124,,,,,,
EVT-0249,EVIDENCED_BY,1125,,,,,,
EVT-0250,EVIDENCED_BY,1126,,,,,,
EVT-0251,EVIDENCED_BY,1126,,,,,,
EVT-0252,EVIDENCED_BY,1127,,,,,,
EVT-0253,EVIDENCED_BY,1127,,,,,,
EVT-0254,EVIDENCED_BY,1127,,,,,,
EVT-0255,EVIDENCED_BY,1040,,,,,,
EVT-0255,EVIDENCED_BY,1127,,,,,,
EVT-0256,EVIDENCED_BY,1128,,,,,,
EVT-0257,EVIDENCED_BY,1128,,,,,,
EVT-0258,EVIDENCED_BY,1128,,,,,,
EVT-0259,EVIDENCED_BY,1129,,,,,,
EVT-0259,RELATED_TO,POL-0143,1129,1129001,0.88,,,
EVT-0260,EVIDENCED_BY,1129,,,,,,
EVT-0261,EVIDENCED_BY,1129,,,,,,
EVT-0262,EVIDENCED_BY,1130,,,,,,
EVT-0262,ISSUED_BY,INST-0072,1130,1130000,0.9,,,
EVT-0263,EVIDENCED_BY,1130,,,,,,
EVT-0263,RELATED_TO,POL-0052,1130,1130019,0.8,,,
EVT-0264,EVIDENCED_BY,1131,,,,,,
EVT-0265,EVIDENCED_BY,1131,,,,,,
EVT-0266,EVIDENCED_BY,1134,,,,,,
EVT-0267,EVIDENCED_BY,1135,,,,,,
EVT-0268,EVIDENCED_BY,1137,,,,,,
EVT-0269,EVIDENCED_BY,1137,,,,,,
EVT-0270,EVIDENCED_BY,1138,,,,,,
EVT-0271,EVIDENCED_BY,1138,,,,,,
EVT-0272,EVIDENCED_BY,1139,,,,,,
EVT-0273,EVIDENCED_BY,1140,,,,,,
EVT-0274,EVIDENCED_BY,1141,,,,,,
EVT-0275,EVIDENCED_BY,1141,,,,,,
EVT-0276,EVIDENCED_BY,1142,,,,,,
EVT-0277,EVIDENCED_BY,1142,,,,,,
EVT-0278,EVIDENCED_BY,1142,,,,,,
EVT-0279,EVIDENCED_BY,1142,,,,,,
EVT-0280,EVIDENCED_BY,1143,,,,,,
EVT-0280,RELATED_TO,POL-0067,1143,1143003,0.9,,,
EVT-0281,EVIDENCED_BY,1143,,,,,,
EVT-0282,EVIDENCED_BY,1143,,,,,,
EVT-0283,EVIDENCED_BY,1144,,,,,,
EVT-0283,RELATED_TO,POL-0006,1144,1144000,0.9,,,
EVT-0284,EVIDENCED_BY,1144,,,,,,
EVT-0285,EVIDENCED_BY,1144,,,,,,
EVT-0286,EVIDENCED_BY,1144,,,,,,
EVT-0287,EVIDENCED_BY,1145,,,,,,
EVT-0288,EVIDENCED_BY,1147,,,,,,
EVT-0289,EVIDENCED_BY,1147,,,,,,
EVT-0290,EVIDENCED_BY,1148,,,,,,
EVT-0291,EVIDENCED_BY,1148,,,,,,
EVT-0292,EVIDENCED_BY,1148,,,,,,
EVT-0293,EVIDENCED_BY,1149,,,,,,
EVT-0294,EVIDENCED_BY,1149,,,,,,
EVT-0295,EVIDENCED_BY,1150,,,,,,
EVT-0296,EVIDENCED_BY,1151,,,,,,
EVT-0297,EVIDENCED_BY,1151,,,,,,
EVT-0298,EVIDENCED_BY,1151,,,,,,
EVT-0299,EVIDENCED_BY,1151,,,,,,
EVT-0300,EVIDENCED_BY,1152,,,,,,
EVT-0301,EVIDENCED_BY,1152,,,,,,
EVT-0302,EVIDENCED_BY,1152,,,,,,
EVT-0303,EVIDENCED_BY,1153,,,,,,
EVT-0304,EVIDENCED_BY,1153,,,,,,
EVT-0305,EVIDENCED_BY,1154,,,,,,
EVT-0306,EVIDENCED_BY,1154,,,,,,
EVT-0307,EVIDENCED_BY,1154,,,,,,
EVT-0308,EVIDENCED_BY,1155,,,,,,
EVT-0309,EVIDENCED_BY,1155,,,,,,
EVT-0310,EVIDENCED_BY,1155,,,,,,
EVT-0311,EVIDENCED_BY,1157,,,,,,
EVT-0312,EVIDENCED_BY,1157,,,,,,
EVT-0312,RELATED_TO,POL-0047,1157,1157000,0.85,,,
EVT-0313,EVIDENCED_BY,1157,,,,,,
EVT-0314,EVIDENCED_BY,1158,,,,,,
EVT-0315,EVIDENCED_BY,1158,,,,,,
EVT-0316,EVIDENCED_BY,1158,,,,,,
EVT-0317,EVIDENCED_BY,1159,,,,,,
EVT-0318,EVIDENCED_BY,1159,,,,,,
EVT-0319,EVIDENCED_BY,1159,,,,,,
EVT-0320,EVIDENCED_BY,1159,,,,,,
EVT-0321,EVIDENCED_BY,1160,,,,,,
EVT-0322,EVIDENCED_BY,1160,,,,,,
EVT-0323,EVIDENCED_BY,1161,,,,,,
EVT-0324,EVIDENCED_BY,1161,,,,,,
EVT-0325,EVIDENCED_BY,1161,,,,,,
EVT-0326,EVIDENCED_BY,1162,,,,,,
EVT-0327,EVIDENCED_BY,1162,,,,,,
EVT-0328,EVIDENCED_BY,1162,,,,,,
EVT-0329,EVIDENCED_BY,1162,,,,,,
EVT-0330,EVIDENCED_BY,1163,,,,,,
EVT-0331,EVIDENCED_BY,1021,,,,,,
EVT-0331,EVIDENCED_BY,1163,,,,,,
EVT-0331,ISSUED_BY,INST-0073,1021,1021000,0.95,,,
EVT-0331,ISSUED_BY,INST-0073,1163,1163000,0.9,,,
EVT-0332,EVIDENCED_BY,1163,,,,,,
EVT-0333,EVIDENCED_BY,1164,,,,,,
EVT-0334,EVIDENCED_BY,1164,,,,,,
EVT-0335,EVIDENCED_BY,1167,,,,,,
EVT-0336,EVIDENCED_BY,1167,,,,,,
EVT-0337,EVIDENCED_BY,1168,,,,,,
EVT-0338,EVIDENCED_BY,1169,,,,,,
EVT-0339,EVIDENCED_BY,1169,,,,,,
EVT-0340,EVIDENCED_BY,1169,,,,,,
EVT-0341,EVIDENCED_BY,1170,,,,,,
EVT-0342,EVIDENCED_BY,1170,,,,,,
EVT-0343,EVIDENCED_BY,1170,,,,,,
EVT-0343,ISSUED_BY,INST-0190,1170,1170001,0.9,,,
EVT-0344,EVIDENCED_BY,1170,,,,,,
EVT-0345,EVIDENCED_BY,1171,,,,,,
EVT-0346,EVIDENCED_BY,1171,,,,,,
EVT-0346,RELATED_TO,POL-0052,1171,1171016,0.85,,,
EVT-0347,EVIDENCED_BY,1171,,,,,,
EVT-0347,RELATED_TO,POL-0145,1171,1171016,0.85,,,
EVT-0348,EVIDENCED_BY,1172,,,,,,
EVT-0349,EVIDENCED_BY,1172,,,,,,
EVT-0350,EVIDENCED_BY,1172,,,,,,
EVT-0351,EVIDENCED_BY,1172,,,,,,
EVT-0352,EVIDENCED_BY,1173,,,,,,
EVT-0353,EVIDENCED_BY,1173,,,,,,
EVT-0354,EVIDENCED_BY,1173,,,,,,
EVT-0355,EVIDENCED_BY,1173,,,,,,
EVT-0356,EVIDENCED_BY,1174,,,,,,
EVT-0357,EVIDENCED_BY,1174,,,,,,
EVT-0358,EVIDENCED_BY,1174,,,,,,
EVT-0359,EVIDENCED_BY,1174,,,,,,
EVT-0360,EVIDENCED_BY,1175,,,,,,
EVT-0361,EVIDENCED_BY,1175,,,,,,
EVT-0362,EVIDENCED_BY,1176,,,,,,
EVT-0363,EVIDENCED_BY,1176,,,,,,
EVT-0363,RELATED_TO,POL-0071,1176,1176001,0.85,,,
EVT-0364,EVIDENCED_BY,1176,,,,,,
EVT-0365,EVIDENCED_BY,1177,,,,,,
EVT-0366,EVIDENCED_BY,1177,,,,,,
EVT-0367,EVIDENCED_BY,1178,,,,,,
EVT-0368,EVIDENCED_BY,1178,,,,,,
EVT-0369,EVIDENCED_BY,1179,,,,,,
EVT-0370,EVIDENCED_BY,1179,,,,,,
EVT-0371,EVIDENCED_BY,1179,,,,,,
EVT-0372,EVIDENCED_BY,1180,,,,,,
EVT-0373,EVIDENCED_BY,1180,,,,,,
EVT-0374,EVIDENCED_BY,1180,,,,,,
EVT-0375,EVIDENCED_BY,1181,,,,,,
EVT-0375,ISSUED_BY,INST-0337,1181,1181000,0.9,,,
EVT-0376,EVIDENCED_BY,1181,,,,,,
EVT-0376,ISSUED_BY,INST-0337,1181,1181001,0.9,,,
EVT-0377,EVIDENCED_BY,1181,,,,,,
EVT-0377,RELATED_TO,POL-0048,1181,1181001,0.9,,,
EVT-0377,RELATED_TO,POL-0051,1181,1181001,0.9,,,
EVT-0378,EVIDENCED_BY,1182,,,,,,
EVT-0379,EVIDENCED_BY,1182,,,,,,
EVT-0380,EVIDENCED_BY,1182,,,,,,
EVT-0381,EVIDENCED_BY,1182,,,,,,
EVT-0381,ISSUED_BY,INST-0126,1182,1182010,0.9,,,
EVT-0381,RELATED_TO,POL-0099,1182,1182009,0.9,,,
EVT-0382,EVIDENCED_BY,1183,,,,,,
EVT-0383,EVIDENCED_BY,1183,,,,,,
EVT-0383,ISSUED_BY,INST-0073,1183,1183000,0.9,,,
EVT-0384,EVIDENCED_BY,1184,,,,,,
EVT-0385,EVIDENCED_BY,1184,,,,,,
EVT-0386,EVIDENCED_BY,1185,,,,,,
EVT-0387,EVIDENCED_BY,1185,,,,,,
EVT-0388,EVIDENCED_BY,1186,,,,,,
EVT-0389,EVIDENCED_BY,1186,,,,,,
EVT-0390,EVIDENCED_BY,1187,,,,,,
EVT-0391,EVIDENCED_BY,1188,,,,,,
EVT-0391,ISSUED_BY,INST-0067,1188,1188000,0.95,,,
EVT-0392,EVIDENCED_BY,1188,,,,,,
EVT-0393,EVIDENCED_BY,1188,,,,,,
EVT-0394,EVIDENCED_BY,1188,,,,,,
EVT-0395,EVIDENCED_BY,1189,,,,,,
EVT-0395,RELATED_TO,POL-0018,1189,1189001,0.85,,,
EVT-0395,RELATED_TO,POL-0066,1189,1189002,0.83,,,
EVT-0396,EVIDENCED_BY,1189,,,,,,
EVT-0397,EVIDENCED_BY,1189,,,,,,
EVT-0398,EVIDENCED_BY,1190,,,,,,
EVT-0399,EVIDENCED_BY,1190,,,,,,
EVT-0400,EVIDENCED_BY,1191,,,,,,
EVT-0401,EVIDENCED_BY,1191,,,,,,
EVT-0402,EVIDENCED_BY,1191,,,,,,
EVT-0403,EVIDENCED_BY,1192,,,,,,
EVT-0404,EVIDENCED_BY,1192,,,,,,
EVT-0405,EVIDENCED_BY,1192,,,,,,
EVT-0406,EVIDENCED_BY,1192,,,,,,
EVT-0407,EVIDENCED_BY,1193,,,,,,
EVT-0408,EVIDENCED_BY,1193,,,,,,
EVT-0409,EVIDENCED_BY,1194,,,,,,
EVT-0410,EVIDENCED_BY,1194,,,,,,
EVT-0411,EVIDENCED_BY,1195,,,,,,
EVT-0411,ISSUED_BY,INST-0073,1195,1195001,0.9,,,
EVT-0412,EVIDENCED_BY,1195,,,,,,
EVT-0413,EVIDENCED_BY,1195,,,,,,
EVT-0414,EVIDENCED_BY,1196,,,,,,
EVT-0415,EVIDENCED_BY,1197,,,,,,
EVT-0416,EVIDENCED_BY,1197,,,,,,
EVT-0417,EVIDENCED_BY,1197,,,,,,
EVT-0418,EVIDENCED_BY,1197,,,,,,
EVT-0419,EVIDENCED_BY,1198,,,,,,
EVT-0420,EVIDENCED_BY,1198,,,,,,
EVT-0421,EVIDENCED_BY,1199,,,,,,
EVT-0421,RELATED_TO,POL-0064,1199,1199000,0.8,,,
EVT-0422,EVIDENCED_BY,1200,,,,,,
EVT-0422,ISSUED_BY,INST-0190,1200,1200000,0.9,,,
EVT-0423,EVIDENCED_BY,1201,,,,,,
EVT-0424,EVIDENCED_BY,1201,,,,,,
EVT-0424,ISSUED_BY,INST-0172,1201,1201001,0.9,,,
EVT-0425,EVIDENCED_BY,1201,,,,,,
EVT-0426,EVIDENCED_BY,1202,,,,,,
EVT-0427,EVIDENCED_BY,1202,,,,,,
EVT-0428,EVIDENCED_BY,1202,,,,,,
EVT-0429,EVIDENCED_BY,1202,,,,,,
EVT-0430,EVIDENCED_BY,1203,,,,,,
EVT-0431,EVIDENCED_BY,1204,,,,,,
EVT-0432,EVIDENCED_BY,1204,,,,,,
EVT-0433,EVIDENCED_BY,1204,,,,,,
EVT-0434,EVIDENCED_BY,1204,,,,,,
EVT-0435,EVIDENCED_BY,1205,,,,,,
EVT-0436,EVIDENCED_BY,1205,,,,,,
EVT-0437,EVIDENCED_BY,1205,,,,,,
EVT-0438,EVIDENCED_BY,1206,,,,,,
EVT-0439,EVIDENCED_BY,1207,,,,,,
EVT-0439,RELATED_TO,POL-0020,1207,1207002,0.9,,,
EVT-0440,EVIDENCED_BY,1208,,,,,,
EVT-0441,EVIDENCED_BY,1209,,,,,,
EVT-0442,EVIDENCED_BY,1209,,,,,,
EVT-0443,EVIDENCED_BY,1209,,,,,,
EVT-0444,EVIDENCED_BY,1209,,,,,,
EVT-0445,EVIDENCED_BY,1210,,,,,,
EVT-0446,EVIDENCED_BY,1210,,,,,,
EVT-0447,EVIDENCED_BY,1211,,,,,,
EVT-0447,ISSUED_BY,INST-0067,1211,1211000,0.95,,,
EVT-0448,EVIDENCED_BY,1211,,,,,,
EVT-0449,EVIDENCED_BY,1211,,,,,,
EVT-0450,EVIDENCED_BY,1212,,,,,,
EVT-0451,EVIDENCED_BY,1212,,,,,,
EVT-0452,EVIDENCED_BY,1212,,,,,,
EVT-0453,EVIDENCED_BY,1213,,,,,,
EVT-0454,EVIDENCED_BY,1214,,,,,,
EVT-0454,ISSUED_BY,INST-0337,1214,1214000,0.95,,,
EVT-0455,EVIDENCED_BY,1214,,,,,,
EVT-0455,ISSUED_BY,INST-0337,1214,1214001,0.95,,,
EVT-0456,EVIDENCED_BY,1214,,,,,,
EVT-0456,RELATED_TO,POL-0050,1214,1214001,0.9,,,
EVT-0456,RELATED_TO,POL-0051,1214,1214001,0.9,,,
EVT-0457,EVIDENCED_BY,1215,,,,,,
EVT-0458,EVIDENCED_BY,1215,,,,,,
EVT-0459,EVIDENCED_BY,1215,,,,,,
EVT-0460,EVIDENCED_BY,1216,,,,,,
EVT-0461,EVIDENCED_BY,1216,,,,,,
EVT-0462,EVIDENCED_BY,1216,,,,,,
EVT-0463,EVIDENCED_BY,1217,,,,,,
EVT-0464,EVIDENCED_BY,1218,,,,,,
EVT-0464,RELATED_TO,POL-0068,1218,1218001,0.8,,,
EVT-0465,EVIDENCED_BY,1218,,,,,,
EVT-0466,EVIDENCED_BY,1219,,,,,,
EVT-0467,EVIDENCED_BY,1219,,,,,,
EVT-0468,EVIDENCED_BY,1219,,,,,,
EVT-0469,EVIDENCED_BY,1220,,,,,,
EVT-0470,EVIDENCED_BY,1220,,,,,,
EVT-0471,EVIDENCED_BY,1222,,,,,,
EVT-0472,EVIDENCED_BY,1223,,,,,,
EVT-0473,EVIDENCED_BY,1224,,,,,,
EVT-0474,EVIDENCED_BY,1224,,,,,,
EVT-0475,EVIDENCED_BY,1224,,,,,,
EVT-0476,EVIDENCED_BY,1224,,,,,,
EVT-0477,EVIDENCED_BY,1225,,,,,,
EVT-0478,EVIDENCED_BY,1225,,,,,,
EVT-0479,EVIDENCED_BY,1225,,,,,,
EVT-0480,EVIDENCED_BY,1226,,,,,,
EVT-0481,EVIDENCED_BY,1226,,,,,,
EVT-0482,EVIDENCED_BY,1227,,,,,,
EVT-0483,EVIDENCED_BY,1228,,,,,,
EVT-0484,EVIDENCED_BY,1228,,,,,,
EVT-0485,EVIDENCED_BY,1229,,,,,,
EVT-0486,EVIDENCED_BY,1229,,,,,,
EVT-0487,EVIDENCED_BY,1229,,,,,,
EVT-0488,EVIDENCED_BY,1230,,,,,,
EVT-0489,EVIDENCED_BY,1230,,,,,,
EVT-0490,EVIDENCED_BY,1231,,,,,,
EVT-0491,EVIDENCED_BY,1231,,,,,,
EVT-0492,EVIDENCED_BY,1231,,,,,,
EVT-0493,EVIDENCED_BY,1232,,,,,,
EVT-0494,EVIDENCED_BY,1232,,,,,,
EVT-0495,EVIDENCED_BY,1232,,,,,,
EVT-0496,EVIDENCED_BY,1233,,,,,,
EVT-0497,EVIDENCED_BY,1233,,,,,,
EVT-0498,EVIDENCED_BY,1233,,,,,,
EVT-0499,EVIDENCED_BY,1234,,,,,,
EVT-0500,EVIDENCED_BY,1235,,,,,,
EVT-0501,EVIDENCED_BY,1236,,,,,,
EVT-0502,EVIDENCED_BY,1236,,,,,,
EVT-0503,EVIDENCED_BY,1236,,,,,,
EVT-0504,EVIDENCED_BY,1237,,,,,,
EVT-0505,EVIDENCED_BY,1237,,,,,,
EVT-0506,EVIDENCED_BY,1237,,,,,,
EVT-0507,EVIDENCED_BY,1237,,,,,,
EVT-0508,EVIDENCED_BY,1238,,,,,,
EVT-0509,EVIDENCED_BY,1239,,,,,,
EVT-0510,EVIDENCED_BY,1027,,,,,,
EVT-0510,EVIDENCED_BY,1239,,,,,,
EVT-0511,EVIDENCED_BY,1027,,,,,,
EVT-0511,EVIDENCED_BY,1239,,,,,,
EVT-0511,RELATED_TO,POL-0071,1239,1239001,0.85,,,
EVT-0512,EVIDENCED_BY,1241,,,,,,
EVT-0513,EVIDENCED_BY,1241,,,,,,
EVT-0514,EVIDENCED_BY,1241,,,,,,
EVT-0515,EVIDENCED_BY,1242,,,,,,
EVT-0516,EVIDENCED_BY,1242,,,,,,
EVT-0517,EVIDENCED_BY,1243,,,,,,
EVT-0518,EVIDENCED_BY,1243,,,,,,
EVT-0519,EVIDENCED_BY,1243,,,,,,
EVT-0520,EVIDENCED_BY,1244,,,,,,
EVT-0521,EVIDENCED_BY,1245,,,,,,
EVT-0522,EVIDENCED_BY,1245,,,,,,
EVT-0523,EVIDENCED_BY,1246,,,,,,
EVT-0524,EVIDENCED_BY,1247,,,,,,
EVT-0525,EVIDENCED_BY,1247,,,,,,
EVT-0526,EVIDENCED_BY,1247,,,,,,
EVT-0527,EVIDENCED_BY,1248,,,,,,
EVT-0528,EVIDENCED_BY,1248,,,,,,
EVT-0529,EVIDENCED_BY,1248,,,,,,
EVT-0530,EVIDENCED_BY,1249,,,,,,
EVT-0531,EVIDENCED_BY,1249,,,,,,
EVT-0532,EVIDENCED_BY,1249,,,,,,
EVT-0532,RELATED_TO,POL-0020,1249,1249001,0.8,,,
EVT-0533,EVIDENCED_BY,1250,,,,,,
EVT-0534,EVIDENCED_BY,1250,,,,,,
EVT-0535,EVIDENCED_BY,1250,,,,,,
EVT-0536,EVIDENCED_BY,1250,,,,,,
EVT-0537,EVIDENCED_BY,1251,,,,,,
EVT-0538,EVIDENCED_BY,1251,,,,,,
EVT-0539,EVIDENCED_BY,1252,,,,,,
EVT-0540,EVIDENCED_BY,1252,,,,,,
EVT-0541,EVIDENCED_BY,1255,,,,,,
EVT-0542,EVIDENCED_BY,1257,,,,,,
EVT-0543,EVIDENCED_BY,1257,,,,,,
EVT-0544,EVIDENCED_BY,1257,,,,,,
EVT-0545,EVIDENCED_BY,1257,,,,,,
EVT-0546,EVIDENCED_BY,1258,,,,,,
EVT-0547,EVIDENCED_BY,1258,,,,,,
EVT-0547,RELATED_TO,POL-0087,1258,1258001,0.9,,,
EVT-0548,EVIDENCED_BY,1258,,,,,,
EVT-0549,EVIDENCED_BY,1259,,,,,,
EVT-0550,EVIDENCED_BY,1259,,,,,,
EVT-0551,EVIDENCED_BY,1259,,,,,,
EVT-0551,RELATED_TO,POL-0020,1259,1259002,0.7,,,
EVT-0552,EVIDENCED_BY,1261,,,,,,
EVT-0553,EVIDENCED_BY,1261,,,,,,
EVT-0554,EVIDENCED_BY,1262,,,,,,
EVT-0555,EVIDENCED_BY,1234,,,,,,
EVT-0555,EVIDENCED_BY,1263,,,,,,
EVT-0556,EVIDENCED_BY,1264,,,,,,
EVT-0557,EVIDENCED_BY,1264,,,,,,
EVT-0558,EVIDENCED_BY,1265,,,,,,
EVT-0559,EVIDENCED_BY,1265,,,,,,
EVT-0559,RELATED_TO,POL-0022,1265,1265002,0.8,,,
EVT-0560,EVIDENCED_BY,1266,,,,,,
EVT-0561,EVIDENCED_BY,1266,,,,,,
EVT-0562,EVIDENCED_BY,1266,,,,,,
EVT-0563,EVIDENCED_BY,1267,,,,,,
EVT-0564,EVIDENCED_BY,1268,,,,,,
EVT-0565,EVIDENCED_BY,1268,,,,,,
EVT-0566,EVIDENCED_BY,1269,,,,,,
EVT-0567,EVIDENCED_BY,1269,,,,,,
EVT-0568,EVIDENCED_BY,1270,,,,,,
EVT-0569,EVIDENCED_BY,1271,,,,,,
EVT-0570,EVIDENCED_BY,1272,,,,,,
EVT-0571,EVIDENCED_BY,1272,,,,,,
EVT-0572,EVIDENCED_BY,1273,,,,,,
EVT-0573,EVIDENCED_BY,1273,,,,,,
EVT-0574,EVIDENCED_BY,1274,,,,,,
EVT-0574,RELATED_TO,POL-0146,1274,1274000,0.6,,,
EVT-0575,EVIDENCED_BY,1274,,,,,,
EVT-0576,EVIDENCED_BY,1275,,,,,,
EVT-0577,EVIDENCED_BY,1275,,,,,,
EVT-0578,EVIDENCED_BY,1276,,,,,,
EVT-0579,EVIDENCED_BY,1276,,,,,,
EVT-0580,EVIDENCED_BY,1277,,,,,,
EVT-0581,EVIDENCED_BY,1277,,,,,,
EVT-0582,EVIDENCED_BY,1277,,,,,,
EVT-0583,EVIDENCED_BY,1277,,,,,,
EVT-0584,EVIDENCED_BY,1278,,,,,,
EVT-0584,ISSUED_BY,INST-0190,1278,1278000,0.9,,,
EVT-0585,EVIDENCED_BY,1100,,,,,,
EVT-0585,EVIDENCED_BY,1207,,,,,,
EVT-0585,EVIDENCED_BY,1279,,,,,,
EVT-0586,EVIDENCED_BY,1279,,,,,,
EVT-0586,RELATED_TO,POL-0020,1279,1279003,0.8,,,
EVT-0587,EVIDENCED_BY,1280,,,,,,
EVT-0588,EVIDENCED_BY,1280,,,,,,
EVT-0589,EVIDENCED_BY,1280,,,,,,
EVT-0590,EVIDENCED_BY,1281,,,,,,
EVT-0590,ISSUED_BY,INST-0067,1281,1281000,0.9,,,
EVT-0591,EVIDENCED_BY,1281,,,,,,
EVT-0591,RELATED_TO,POL-0065,1281,1281001,0.75,,,
EVT-0592,EVIDENCED_BY,1282,,,,,,
EVT-0593,EVIDENCED_BY,1282,,,,,,
EVT-0594,EVIDENCED_BY,1283,,,,,,
EVT-0595,EVIDENCED_BY,1283,,,,,,
EVT-0596,EVIDENCED_BY,1283,,,,,,
EVT-0597,EVIDENCED_BY,1284,,,,,,
EVT-0598,EVIDENCED_BY,1284,,,,,,
EVT-0599,EVIDENCED_BY,1284,,,,,,
EVT-0600,EVIDENCED_BY,1285,,,,,,
EVT-0601,EVIDENCED_BY,1285,,,,,,
EVT-0602,EVIDENCED_BY,1285,,,,,,
EVT-0603,EVIDENCED_BY,1285,,,,,,
EVT-0604,EVIDENCED_BY,1286,,,,,,
EVT-0605,EVIDENCED_BY,1286,,,,,,
EVT-0606,EVIDENCED_BY,1287,,,,,,
EVT-0606,RELATED_TO,POL-0020,1287,1287002,0.7,,,
EVT-0607,EVIDENCED_BY,1288,,,,,,
EVT-0608,EVIDENCED_BY,1288,,,,,,
EVT-0608,RELATED_TO,POL-0138,1288,1288003,0.7,,,
EVT-0609,EVIDENCED_BY,1289,,,,,,
EVT-0610,EVIDENCED_BY,1289,,,,,,
EVT-0611,EVIDENCED_BY,1290,,,,,,
EVT-0612,EVIDENCED_BY,1290,,,,,,
EVT-0613,EVIDENCED_BY,1290,,,,,,
EVT-0614,EVIDENCED_BY,1291,,,,,,
EVT-0615,EVIDENCED_BY,1292,,,,,,
EVT-0616,EVIDENCED_BY,1292,,,,,,
EVT-0617,EVIDENCED_BY,1292,,,,,,
EVT-0617,RELATED_TO,POL-0020,1292,1292001,0.75,,,
EVT-0618,EVIDENCED_BY,1293,,,,,,
EVT-0619,EVIDENCED_BY,1244,,,,,,
EVT-0619,EVIDENCED_BY,1294,,,,,,
EVT-0620,EVIDENCED_BY,1294,,,,,,
EVT-0621,EVIDENCED_BY,1244,,,,,,
EVT-0621,EVIDENCED_BY,1294,,,,,,
EVT-0622,EVIDENCED_BY,1295,,,,,,
EVT-0622,RELATED_TO,POL-0007,1295,1295000,0.9,,,
EVT-0623,EVIDENCED_BY,1296,,,,,,
EVT-0624,EVIDENCED_BY,1296,,,,,,
EVT-0625,EVIDENCED_BY,1297,,,,,,
EVT-0626,EVIDENCED_BY,1297,,,,,,
EVT-0627,EVIDENCED_BY,1297,,,,,,
EVT-0628,EVIDENCED_BY,1298,,,,,,
EVT-0629,EVIDENCED_BY,1298,,,,,,
EVT-0630,EVIDENCED_BY,1299,,,,,,
EVT-0631,EVIDENCED_BY,1299,,,,,,
EVT-0632,EVIDENCED_BY,1301,,,,,,
EVT-0633,EVIDENCED_BY,1301,,,,,,
EVT-0634,EVIDENCED_BY,1301,,,,,,
EVT-0635,EVIDENCED_BY,1301,,,,,,
EVT-0636,EVIDENCED_BY,1302,,,,,,
EVT-0637,EVIDENCED_BY,1302,,,,,,
EVT-0638,EVIDENCED_BY,1302,,,,,,
EVT-0639,EVIDENCED_BY,1303,,,,,,
EVT-0640,EVIDENCED_BY,1304,,,,,,
EVT-0641,EVIDENCED_BY,1305,,,,,,
EVT-0642,EVIDENCED_BY,1306,,,,,,
EVT-0643,EVIDENCED_BY,1306,,,,,,
EVT-0644,EVIDENCED_BY,1306,,,,,,
EVT-0645,EVIDENCED_BY,1307,,,,,,
EVT-0646,EVIDENCED_BY,1307,,,,,,
EVT-0647,EVIDENCED_BY,1308,,,,,,
EVT-0648,EVIDENCED_BY,1308,,,,,,
EVT-0649,EVIDENCED_BY,1308,,,,,,
EVT-0649,ISSUED_BY,INST-0369,1308,1308002,0.85,,,
EVT-0650,EVIDENCED_BY,1308,,,,,,
EVT-0651,EVIDENCED_BY,1309,,,,,,
EVT-0652,EVIDENCED_BY,1309,,,,,,
EVT-0652,ISSUED_BY,INST-0337,1309,1309001,0.9,,,
EVT-0653,EVIDENCED_BY,1310,,,,,,
EVT-0654,EVIDENCED_BY,1311,,,,,,
EVT-0655,EVIDENCED_BY,1311,,,,,,
EVT-0656,EVIDENCED_BY,1311,,,,,,
EVT-0657,EVIDENCED_BY,1311,,,,,,
EVT-0658,EVIDENCED_BY,1312,,,,,,
EVT-0659,EVIDENCED_BY,1312,,,,,,
EVT-0660,EVIDENCED_BY,1312,,,,,,
EVT-0661,EVIDENCED_BY,1063,,,,,,
EVT-0661,EVIDENCED_BY,1313,,,,,,
EVT-0662,EVIDENCED_BY,1313,,,,,,
EVT-0663,EVIDENCED_BY,1313,,,,,,
EVT-0664,EVIDENCED_BY,1314,,,,,,
EVT-0665,EVIDENCED_BY,1314,,,,,,
EVT-0666,EVIDENCED_BY,1314,,,,,,
EVT-0667,EVIDENCED_BY,1315,,,,,,
EVT-0667,ISSUED_BY,INST-0313,1315,1315000,0.95,,,
EVT-0668,EVIDENCED_BY,1315,,,,,,
EVT-0669,EVIDENCED_BY,1316,,,,,,
EVT-0670,EVIDENCED_BY,1316,,,,,,
EVT-0671,EVIDENCED_BY,1316,,,,,,
EVT-0672,EVIDENCED_BY,1316,,,,,,
EVT-0673,EVIDENCED_BY,1317,,,,,,
EVT-0674,EVIDENCED_BY,1317,,,,,,
EVT-0675,EVIDENCED_BY,1318,,,,,,
EVT-0676,EVIDENCED_BY,1318,,,,,,
EVT-0677,EVIDENCED_BY,1319,,,,,,
EVT-0678,EVIDENCED_BY,1319,,,,,,
EVT-0679,EVIDENCED_BY,1320,,,,,,
EVT-0680,EVIDENCED_BY,1320,,,,,,
EVT-0681,EVIDENCED_BY,1320,,,,,,
EVT-0682,EVIDENCED_BY,1320,,,,,,
EVT-0683,EVIDENCED_BY,1321,,,,,,
EVT-0684,EVIDENCED_BY,1321,,,,,,
EVT-0684,ISSUED_BY,INST-0020,1321,1321001,0.8,,,
EVT-0685,EVIDENCED_BY,1322,,,,,,
EVT-0686,EVIDENCED_BY,1322,,,,,,
EVT-0687,EVIDENCED_BY,1323,,,,,,
EVT-0688,EVIDENCED_BY,1323,,,,,,
EVT-0689,EVIDENCED_BY,1325,,,,,,
EVT-0690,EVIDENCED_BY,1325,,,,,,
EVT-0691,EVIDENCED_BY,1292,,,,,,
EVT-0691,EVIDENCED_BY,1325,,,,,,
EVT-0692,EVIDENCED_BY,1326,,,,,,
EVT-0693,EVIDENCED_BY,1326,,,,,,
EVT-0693,RELATED_TO,POL-0075,1326,1326002,0.85,,,
EVT-0694,EVIDENCED_BY,1327,,,,,,
EVT-0695,EVIDENCED_BY,1327,,,,,,
EVT-0696,EVIDENCED_BY,1327,,,,,,
EVT-0696,RELATED_TO,POL-0003,1327,1327004,0.9,,,
EVT-0696,RELATED_TO,POL-0004,1327,1327004,0.9,,,
EVT-0697,EVIDENCED_BY,1328,,,,,,
EVT-0698,EVIDENCED_BY,1328,,,,,,
EVT-0699,EVIDENCED_BY,1329,,,,,,
EVT-0700,EVIDENCED_BY,1329,,,,,,
EVT-0701,EVIDENCED_BY,1330,,,,,,
EVT-0702,EVIDENCED_BY,1330,,,,,,
EVT-0703,EVIDENCED_BY,1330,,,,,,
EVT-0704,EVIDENCED_BY,1331,,,,,,
EVT-0705,EVIDENCED_BY,1331,,,,,,
EVT-0706,EVIDENCED_BY,1332,,,,,,
EVT-0707,EVIDENCED_BY,1332,,,,,,
EVT-0707,ISSUED_BY,INST-0060,1332,1332002,0.75,,,
EVT-0708,EVIDENCED_BY,1052,,,,,,
EVT-0708,EVIDENCED_BY,1334,,,,,,
EVT-0709,EVIDENCED_BY,1334,,,,,,
EVT-0710,EVIDENCED_BY,1334,,,,,,
EVT-0711,EVIDENCED_BY,1335,,,,,,
EVT-0712,EVIDENCED_BY,1335,,,,,,
EVT-0713,EVIDENCED_BY,1335,,,,,,
EVT-0714,EVIDENCED_BY,1289,,,,,,
EVT-0714,EVIDENCED_BY,1336,,,,,,
EVT-0715,EVIDENCED_BY,1336,,,,,,
EVT-0716,EVIDENCED_BY,1337,,,,,,
EVT-0717,EVIDENCED_BY,1337,,,,,,
EVT-0718,EVIDENCED_BY,1337,,,,,,
EVT-0719,EVIDENCED_BY,1337,,,,,,
EVT-0720,EVIDENCED_BY,1338,,,,,,
EVT-0721,EVIDENCED_BY,1338,,,,,,
EVT-0722,EVIDENCED_BY,1339,,,,,,
EVT-0723,EVIDENCED_BY,1339,,,,,,
EVT-0724,EVIDENCED_BY,1340,,,,,,
EVT-0725,EVIDENCED_BY,1340,,,,,,
EVT-0726,EVIDENCED_BY,1340,,,,,,
EVT-0726,ISSUED_BY,INST-0066,1340,1340001,0.9,,,
EVT-0727,EVIDENCED_BY,1341,,,,,,
EVT-0728,EVIDENCED_BY,1341,,,,,,
EVT-0729,EVIDENCED_BY,1342,,,,,,
EVT-0730,EVIDENCED_BY,1342,,,,,,
EVT-0731,EVIDENCED_BY,1344,,,,,,
EVT-0732,EVIDENCED_BY,1344,,,,,,
EVT-0733,EVIDENCED_BY,1344,,,,,,
EVT-0734,EVIDENCED_BY,1344,,,,,,
EVT-0735,EVIDENCED_BY,1345,,,,,,
EVT-0736,EVIDENCED_BY,1345,,,,,,
EVT-0737,EVIDENCED_BY,1345,,,,,,
EVT-0738,EVIDENCED_BY,1346,,,,,,
EVT-0739,EVIDENCED_BY,1346,,,,,,
EVT-0740,EVIDENCED_BY,1347,,,,,,
EVT-0741,EVIDENCED_BY,1347,,,,,,
EVT-0742,EVIDENCED_BY,1348,,,,,,
EVT-0742,ISSUED_BY,INST-0319,1348,1348000,0.95,,,
EVT-0743,EVIDENCED_BY,1348,,,,,,
EVT-0743,RELATED_TO,POL-0030,1348,1348001,0.85,,,
EVT-0743,RELATED_TO,POL-0096,1348,1348001,0.85,,,
EVT-0743,RELATED_TO,POL-0152,1348,1348001,0.85,,,
EVT-0744,EVIDENCED_BY,1349,,,,,,
EVT-0745,EVIDENCED_BY,1349,,,,,,
EVT-0746,EVIDENCED_BY,1350,,,,,,
EVT-0747,EVIDENCED_BY,1350,,,,,,
EVT-0748,EVIDENCED_BY,1351,,,,,,
EVT-0749,EVIDENCED_BY,1351,,,,,,
EVT-0750,EVIDENCED_BY,1352,,,,,,
EVT-0751,EVIDENCED_BY,1353,,,,,,
EVT-0752,EVIDENCED_BY,1354,,,,,,
EVT-0753,EVIDENCED_BY,1354,,,,,,
EVT-0754,EVIDENCED_BY,1354,,,,,,
EVT-0755,EVIDENCED_BY,1355,,,,,,
EVT-0755,ISSUED_BY,INST-0190,1355,1355000,0.95,,,
EVT-0756,EVIDENCED_BY,1356,,,,,,
EVT-0757,EVIDENCED_BY,1356,,,,,,
EVT-0758,EVIDENCED_BY,1356,,,,,,
EVT-0759,EVIDENCED_BY,1356,,,,,,
EVT-0759,ISSUED_BY,INST-0067,1356,1356023,0.9,,,
EVT-0760,EVIDENCED_BY,1357,,,,,,
EVT-0760,RELATED_TO,POL-0005,1357,1357012,0.8,,,
EVT-0761,EVIDENCED_BY,1357,,,,,,
EVT-0762,EVIDENCED_BY,1358,,,,,,
EVT-0762,RELATED_TO,POL-0067,1358,1358000,0.85,,,
EVT-0763,EVIDENCED_BY,1358,,,,,,
EVT-0764,EVIDENCED_BY,1358,,,,,,
EVT-0765,EVIDENCED_BY,1359,,,,,,
EVT-0766,EVIDENCED_BY,1359,,,,,,
EVT-0767,EVIDENCED_BY,1359,,,,,,
EVT-0768,EVIDENCED_BY,1360,,,,,,
EVT-0769,EVIDENCED_BY,1360,,,,,,
EVT-0770,EVIDENCED_BY,1361,,,,,,
EVT-0771,EVIDENCED_BY,1361,,,,,,
EVT-0771,RELATED_TO,POL-0135,1361,1361002,0.9,,,
EVT-0772,EVIDENCED_BY,1361,,,,,,
EVT-0773,EVIDENCED_BY,1361,,,,,,
EVT-0774,EVIDENCED_BY,1362,,,,,,
EVT-0775,EVIDENCED_BY,1362,,,,,,
EVT-0776,EVIDENCED_BY,1362,,,,,,
EVT-0777,EVIDENCED_BY,1362,,,,,,
EVT-0778,EVIDENCED_BY,1304,,,,,,
EVT-0778,EVIDENCED_BY,1363,,,,,,
EVT-0779,EVIDENCED_BY,1363,,,,,,
EVT-0780,EVIDENCED_BY,1363,,,,,,
EVT-0781,EVIDENCED_BY,1364,,,,,,
EVT-0781,RELATED_TO,POL-0108,1364,1364009,0.85,,,
EVT-0782,EVIDENCED_BY,1364,,,,,,
EVT-0783,EVIDENCED_BY,1364,,,,,,
EVT-0784,EVIDENCED_BY,1364,,,,,,
EVT-0785,EVIDENCED_BY,1365,,,,,,
EVT-0786,EVIDENCED_BY,1365,,,,,,
EVT-0786,ISSUED_BY,INST-0318,1365,1365027,0.95,,,
EVT-0787,EVIDENCED_BY,1366,,,,,,
EVT-0788,EVIDENCED_BY,1366,,,,,,
EVT-0789,EVIDENCED_BY,1367,,,,,,
EVT-0789,RELATED_TO,POL-0021,1367,1367000,0.9,,,
EVT-0790,EVIDENCED_BY,1367,,,,,,
EVT-0791,EVIDENCED_BY,1368,,,,,,
EVT-0792,EVIDENCED_BY,1368,,,,,,
EVT-0793,EVIDENCED_BY,1368,,,,,,
EVT-0794,EVIDENCED_BY,1368,,,,,,
EVT-0795,EVIDENCED_BY,1369,,,,,,
EVT-0796,EVIDENCED_BY,1369,,,,,,
EVT-0797,EVIDENCED_BY,1369,,,,,,
EVT-0798,EVIDENCED_BY,1370,,,,,,
EVT-0798,RELATED_TO,POL-0020,1370,1370005,0.8,,,
EVT-0799,EVIDENCED_BY,1370,,,,,,
EVT-0800,EVIDENCED_BY,1370,,,,,,
EVT-0801,EVIDENCED_BY,1370,,,,,,
EVT-0802,EVIDENCED_BY,1371,,,,,,
EVT-0803,EVIDENCED_BY,1371,,,,,,
EVT-0804,EVIDENCED_BY,1372,,,,,,
EVT-0805,EVIDENCED_BY,1372,,,,,,
EVT-0806,EVIDENCED_BY,1373,,,,,,
EVT-0807,EVIDENCED_BY,1374,,,,,,
EVT-0808,EVIDENCED_BY,1375,,,,,,
EVT-0809,EVIDENCED_BY,1375,,,,,,
EVT-0810,EVIDENCED_BY,1375,,,,,,
EVT-0811,EVIDENCED_BY,1375,,,,,,
EVT-0811,RELATED_TO,POL-0021,1375,1375003,0.9,,,
EVT-0812,EVIDENCED_BY,1376,,,,,,
EVT-0813,EVIDENCED_BY,1376,,,,,,
EVT-0814,EVIDENCED_BY,1376,,,,,,
EVT-0815,EVIDENCED_BY,1377,,,,,,
EVT-0816,EVIDENCED_BY,1377,,,,,,
EVT-0817,EVIDENCED_BY,1377,,,,,,
EVT-0818,EVIDENCED_BY,1377,,,,,,
EVT-0819,EVIDENCED_BY,1378,,,,,,
EVT-0820,EVIDENCED_BY,1378,,,,,,
EVT-0821,EVIDENCED_BY,1379,,,,,,
EVT-0822,EVIDENCED_BY,1379,,,,,,
EVT-0823,EVIDENCED_BY,1380,,,,,,
EVT-0824,EVIDENCED_BY,1380,,,,,,
EVT-0825,EVIDENCED_BY,1381,,,,,,
EVT-0826,EVIDENCED_BY,1381,,,,,,
EVT-0827,EVIDENCED_BY,1382,,,,,,
EVT-0828,EVIDENCED_BY,1382,,,,,,
EVT-0829,EVIDENCED_BY,1383,,,,,,
EVT-0830,EVIDENCED_BY,1384,,,,,,
EVT-0831,EVIDENCED_BY,1384,,,,,,
EVT-0832,EVIDENCED_BY,1384,,,,,,
EVT-0833,EVIDENCED_BY,1385,,,,,,
EVT-0834,EVIDENCED_BY,1386,,,,,,
EVT-0835,EVIDENCED_BY,1386,,,,,,
EVT-0836,EVIDENCED_BY,1387,,,,,,
EVT-0837,EVIDENCED_BY,1387,,,,,,
EVT-0837,ISSUED_BY,INST-0362,1387,1387001,0.9,,,
EVT-0838,EVIDENCED_BY,1388,,,,,,
EVT-0839,EVIDENCED_BY,1388,,,,,,
EVT-0840,EVIDENCED_BY,1389,,,,,,
EVT-0841,EVIDENCED_BY,1389,,,,,,
EVT-0842,EVIDENCED_BY,1390,,,,,,
EVT-0843,EVIDENCED_BY,1390,,,,,,
EVT-0844,EVIDENCED_BY,1390,,,,,,
EVT-0845,EVIDENCED_BY,1391,,,,,,
EVT-0846,EVIDENCED_BY,1391,,,,,,
EVT-0847,EVIDENCED_BY,1391,,,,,,
EVT-0848,EVIDENCED_BY,1391,,,,,,
EVT-0849,EVIDENCED_BY,1392,,,,,,
EVT-0850,EVIDENCED_BY,1392,,,,,,
EVT-0851,EVIDENCED_BY,1392,,,,,,
EVT-0852,EVIDENCED_BY,1392,,,,,,
EVT-0853,EVIDENCED_BY,1393,,,,,,
EVT-0853,ISSUED_BY,INST-0188,1393,1393000,0.9,,,
EVT-0854,EVIDENCED_BY,1394,,,,,,
EVT-0855,EVIDENCED_BY,1394,,,,,,
EVT-0856,EVIDENCED_BY,1394,,,,,,
EVT-0857,EVIDENCED_BY,1395,,,,,,
EVT-0858,EVIDENCED_BY,1396,,,,,,
EVT-0858,ISSUED_BY,INST-0066,1396,1396000,0.95,,,
EVT-0859,EVIDENCED_BY,1396,,,,,,
EVT-0860,EVIDENCED_BY,1396,,,,,,
EVT-0861,EVIDENCED_BY,1397,,,,,,
EVT-0861,ISSUED_BY,INST-0067,1397,1397000,0.95,,,
EVT-0862,EVIDENCED_BY,1397,,,,,,
EVT-0863,EVIDENCED_BY,1398,,,,,,
EVT-0864,EVIDENCED_BY,1398,,,,,,
EVT-0865,EVIDENCED_BY,1399,,,,,,
EVT-0866,EVIDENCED_BY,1399,,,,,,
EVT-0867,EVIDENCED_BY,1399,,,,,,
EVT-0868,EVIDENCED_BY,1400,,,,,,
EVT-0869,EVIDENCED_BY,1401,,,,,,
EVT-0870,EVIDENCED_BY,1401,,,,,,
EVT-0871,EVIDENCED_BY,1401,,,,,,
EVT-0872,EVIDENCED_BY,1401,,,,,,
EVT-0873,EVIDENCED_BY,1402,,,,,,
EVT-0874,EVIDENCED_BY,1402,,,,,,
EVT-0875,EVIDENCED_BY,1403,,,,,,
EVT-0876,EVIDENCED_BY,1403,,,,,,
EVT-0877,EVIDENCED_BY,1404,,,,,,
EVT-0878,EVIDENCED_BY,1405,,,,,,
EVT-0879,EVIDENCED_BY,1406,,,,,,
EVT-0880,EVIDENCED_BY,1407,,,,,,
EVT-0881,EVIDENCED_BY,1407,,,,,,
EVT-0882,EVIDENCED_BY,1408,,,,,,
EVT-0883,EVIDENCED_BY,1408,,,,,,
EVT-0884,EVIDENCED_BY,1409,,,,,,
EVT-0885,EVIDENCED_BY,1410,,,,,,
EVT-0886,EVIDENCED_BY,1410,,,,,,
EVT-0887,EVIDENCED_BY,1411,,,,,,
EVT-0888,EVIDENCED_BY,1412,,,,,,
EVT-0888,RELATED_TO,POL-0040,1412,1412000,0.85,,,
EVT-0889,EVIDENCED_BY,1412,,,,,,
EVT-0890,EVIDENCED_BY,1413,,,,,,
EVT-0891,EVIDENCED_BY,1414,,,,,,
EVT-0892,EVIDENCED_BY,1415,,,,,,
EVT-0893,EVIDENCED_BY,1416,,,,,,
EVT-0894,EVIDENCED_BY,1416,,,,,,
EVT-0895,EVIDENCED_BY,1417,,,,,,
EVT-0896,EVIDENCED_BY,1417,,,,,,
EVT-0896,ISSUED_BY,INST-0037,1417,1417001,0.93,,,
EVT-0897,EVIDENCED_BY,1418,,,,,,
EVT-0898,EVIDENCED_BY,1419,,,,,,
EVT-0899,EVIDENCED_BY,1419,,,,,,
EVT-0900,EVIDENCED_BY,1420,,,,,,
EVT-0901,EVIDENCED_BY,1421,,,,,,
EVT-0901,ISSUED_BY,INST-0184,1421,1421003,0.9,,,
EVT-0902,EVIDENCED_BY,1422,,,,,,
EVT-0903,EVIDENCED_BY,1422,,,,,,
EVT-0904,EVIDENCED_BY,1423,,,,,,
EVT-0905,EVIDENCED_BY,1423,,,,,,
EVT-0906,EVIDENCED_BY,1424,,,,,,
EVT-0906,ISSUED_BY,INST-0184,1424,1424000,0.9,,,
EVT-0907,EVIDENCED_BY,1424,,,,,,
EVT-0908,EVIDENCED_BY,1424,,,,,,
EVT-0908,ISSUED_BY,INST-0184,1424,1424001,0.85,,,
EVT-0909,EVIDENCED_BY,1424,,,,,,
EVT-0910,EVIDENCED_BY,1425,,,,,,
EVT-0911,EVIDENCED_BY,1425,,,,,,
EVT-0912,EVIDENCED_BY,1426,,,,,,
EVT-0913,EVIDENCED_BY,1426,,,,,,
EVT-0914,EVIDENCED_BY,1427,,,,,,
EVT-0915,EVIDENCED_BY,1427,,,,,,
EVT-0916,EVIDENCED_BY,1428,,,,,,
EVT-0917,EVIDENCED_BY,1428,,,,,,
EVT-0918,EVIDENCED_BY,1429,,,,,,
EVT-0919,EVIDENCED_BY,1429,,,,,,
EVT-0920,EVIDENCED_BY,1430,,,,,,
EVT-0921,EVIDENCED_BY,1430,,,,,,
EVT-0922,EVIDENCED_BY,1430,,,,,,
EVT-0922,ISSUED_BY,INST-0003,1430,1430002,0.9,,,
EVT-0923,EVIDENCED_BY,1431,,,,,,
EVT-0924,EVIDENCED_BY,1432,,,,,,
EVT-0925,EVIDENCED_BY,1433,,,,,,
EVT-0926,EVIDENCED_BY,1434,,,,,,
EVT-0927,EVIDENCED_BY,1434,,,,,,
EVT-0928,EVIDENCED_BY,1435,,,,,,
EVT-0929,EVIDENCED_BY,1436,,,,,,
EVT-0930,EVIDENCED_BY,1436,,,,,,
EVT-0931,EVIDENCED_BY,1437,,,,,,
EVT-0932,EVIDENCED_BY,1437,,,,,,
EVT-0932,ISSUED_BY,INST-0184,1437,1437001,0.9,,,
EVT-0932,RELATED_TO,POL-0132,1437,1437001,0.85,,,
EVT-0933,EVIDENCED_BY,1437,,,,,,
EVT-0934,EVIDENCED_BY,1438,,,,,,
EVT-0934,RELATED_TO,POL-0079,1438,1438002,0.85,,,
EVT-0935,EVIDENCED_BY,1438,,,,,,
EVT-0935,ISSUED_BY,INST-0037,1438,1438001,0.9,,,
EVT-0936,EVIDENCED_BY,1439,,,,,,
EVT-0937,EVIDENCED_BY,1440,,,,,,
EVT-0937,ISSUED_BY,INST-0184,1440,1440000,0.95,,,
EVT-0938,EVIDENCED_BY,1441,,,,,,
EVT-0938,ISSUED_BY,INST-0184,1441,1441000,0.9,,,
EVT-0938,RELATED_TO,POL-0040,1441,1441001,0.8,,,
EVT-0939,EVIDENCED_BY,1441,,,,,,
EVT-0940,EVIDENCED_BY,1442,,,,,,
EVT-0941,EVIDENCED_BY,1442,,,,,,
EVT-0941,ISSUED_BY,INST-0184,1442,1442001,0.9,,,
EVT-0942,EVIDENCED_BY,1443,,,,,,
EVT-0943,EVIDENCED_BY,1443,,,,,,
EVT-0944,EVIDENCED_BY,1445,,,,,,
EVT-0945,EVIDENCED_BY,1445,,,,,,
EVT-0946,EVIDENCED_BY,1445,,,,,,
EVT-0947,EVIDENCED_BY,1446,,,,,,
EVT-0948,EVIDENCED_BY,1446,,,,,,
EVT-0949,EVIDENCED_BY,1447,,,,,,
EVT-0950,EVIDENCED_BY,1447,,,,,,
EVT-0950,RELATED_TO,POL-0076,1447,1447002,0.88,,,
EVT-0951,EVIDENCED_BY,1448,,,,,,
EVT-0952,EVIDENCED_BY,1448,,,,,,
EVT-0952,ISSUED_BY,INST-0184,1448,1448000,0.9,,,
EVT-0953,EVIDENCED_BY,1449,,,,,,
EVT-0954,EVIDENCED_BY,1450,,,,,,
EVT-0955,EVIDENCED_BY,1451,,,,,,
EVT-0956,EVIDENCED_BY,1452,,,,,,
EVT-0957,EVIDENCED_BY,1453,,,,,,
EVT-0958,EVIDENCED_BY,1454,,,,,,
EVT-0959,EVIDENCED_BY,1454,,,,,,
EVT-0960,EVIDENCED_BY,1455,,,,,,
EVT-0961,EVIDENCED_BY,1455,,,,,,
EVT-0962,EVIDENCED_BY,1456,,,,,,
EVT-0963,EVIDENCED_BY,1456,,,,,,
EVT-0964,EVIDENCED_BY,1457,,,,,,
EVT-0965,EVIDENCED_BY,1457,,,,,,
EVT-0965,ISSUED_BY,INST-0184,1457,1457000,0.9,,,
EVT-0966,EVIDENCED_BY,1458,,,,,,
EVT-0967,EVIDENCED_BY,1459,,,,,,
EVT-0968,EVIDENCED_BY,1459,,,,,,
EVT-0969,EVIDENCED_BY,1460,,,,,,
EVT-0970,EVIDENCED_BY,1460,,,,,,
EVT-0971,EVIDENCED_BY,1461,,,,,,
EVT-0972,EVIDENCED_BY,1462,,,,,,
EVT-0973,EVIDENCED_BY,1462,,,,,,
EVT-0974,EVIDENCED_BY,1462,,,,,,
EVT-0975,EVIDENCED_BY,1463,,,,,,
EVT-0976,EVIDENCED_BY,1463,,,,,,
EVT-0977,EVIDENCED_BY,1464,,,,,,
EVT-0977,ISSUED_BY,INST-0184,1464,1464000,0.9,,,
EVT-0978,EVIDENCED_BY,1464,,,,,,
EVT-0978,ISSUED_BY,INST-0184,1464,1464000,0.85,,,
EVT-0979,EVIDENCED_BY,1465,,,,,,
EVT-0980,EVIDENCED_BY,1466,,,,,,
EVT-0981,EVIDENCED_BY,1466,,,,,,
EVT-0982,EVIDENCED_BY,1466,,,,,,
EVT-0983,EVIDENCED_BY,1467,,,,,,
EVT-0984,EVIDENCED_BY,1467,,,,,,
EVT-0985,EVIDENCED_BY,1467,,,,,,
EVT-0986,EVIDENCED_BY,1468,,,,,,
EVT-0987,EVIDENCED_BY,1469,,,,,,
EVT-0988,EVIDENCED_BY,1469,,,,,,
EVT-0989,EVIDENCED_BY,1469,,,,,,
EVT-0990,EVIDENCED_BY,1470,,,,,,
EVT-0991,EVIDENCED_BY,1471,,,,,,
EVT-0992,EVIDENCED_BY,1471,,,,,,
EVT-0993,EVIDENCED_BY,1471,,,,,,
EVT-0994,EVIDENCED_BY,1472,,,,,,
EVT-0995,EVIDENCED_BY,1472,,,,,,
EVT-0996,EVIDENCED_BY,1473,,,,,,
EVT-0996,ISSUED_BY,INST-0006,1473,1473000,0.9,,,
EVT-0997,EVIDENCED_BY,1473,,,,,,
EVT-0998,EVIDENCED_BY,1473,,,,,,
EVT-0999,EVIDENCED_BY,1474,,,,,,
EVT-1000,EVIDENCED_BY,1475,,,,,,
EVT-1001,EVIDENCED_BY,1475,,,,,,
EVT-1002,EVIDENCED_BY,1476,,,,,,
EVT-1003,EVIDENCED_BY,1476,,,,,,
EVT-1004,EVIDENCED_BY,1477,,,,,,
EVT-1004,ISSUED_BY,INST-0322,1477,1477001,0.95,,,
EVT-1005,EVIDENCED_BY,1477,,,,,,
EVT-1006,EVIDENCED_BY,1478,,,,,,
EVT-1007,EVIDENCED_BY,1478,,,,,,
EVT-1007,ISSUED_BY,INST-0184,1478,1478000,0.9,,,
EVT-1007,RELATED_TO,POL-0040,1478,1478000,0.85,,,
EVT-1008,EVIDENCED_BY,1479,,,,,,
EVT-1008,ISSUED_BY,INST-0184,1479,1479000,0.9,,,
EVT-1009,EVIDENCED_BY,1480,,,,,,
EVT-1010,EVIDENCED_BY,1480,,,,,,
EVT-1011,EVIDENCED_BY,1481,,,,,,
EVT-1012,EVIDENCED_BY,1482,,,,,,
EVT-1013,EVIDENCED_BY,1482,,,,,,
EVT-1014,EVIDENCED_BY,1483,,,,,,
EVT-1015,EVIDENCED_BY,1483,,,,,,
EVT-1015,ISSUED_BY,INST-0184,1483,1483001,0.9,,,
EVT-1016,EVIDENCED_BY,1484,,,,,,
EVT-1017,EVIDENCED_BY,1484,,,,,,
EVT-1018,EVIDENCED_BY,1485,,,,,,
EVT-1019,EVIDENCED_BY,1485,,,,,,
EVT-1020,EVIDENCED_BY,1486,,,,,,
EVT-1021,EVIDENCED_BY,1487,,,,,,
EVT-1022,EVIDENCED_BY,1487,,,,,,
EVT-1023,EVIDENCED_BY,1488,,,,,,
EVT-1024,EVIDENCED_BY,1488,,,,,,
EVT-1024,ISSUED_BY,INST-0184,1488,1488000,0.85,,,
EVT-1025,EVIDENCED_BY,1489,,,,,,
EVT-1026,EVIDENCED_BY,1489,,,,,,
EVT-1027,EVIDENCED_BY,1489,,,,,,
EVT-1028,EVIDENCED_BY,1490,,,,,,
EVT-1029,EVIDENCED_BY,1491,,,,,,
EVT-1030,EVIDENCED_BY,1492,,,,,,
EVT-1031,EVIDENCED_BY,1492,,,,,,
EVT-1032,EVIDENCED_BY,1492,,,,,,
EVT-1033,EVIDENCED_BY,1492,,,,,,
EVT-1034,EVIDENCED_BY,1493,,,,,,
EVT-1035,EVIDENCED_BY,1493,,,,,,
EVT-1036,EVIDENCED_BY,1494,,,,,,
EVT-1037,EVIDENCED_BY,1494,,,,,,
EVT-1038,EVIDENCED_BY,1495,,,,,,
EVT-1038,ISSUED_BY,INST-0184,1495,1495000,0.9,,,
EVT-1039,EVIDENCED_BY,1496,,,,,,
EVT-1040,EVIDENCED_BY,1496,,,,,,
EVT-1041,EVIDENCED_BY,1496,,,,,,
EVT-1042,EVIDENCED_BY,1497,,,,,,
EVT-1043,EVIDENCED_BY,1497,,,,,,
EVT-1043,ISSUED_BY,INST-0184,1497,1497002,0.9,,,
EVT-1044,EVIDENCED_BY,1498,,,,,,
EVT-1045,EVIDENCED_BY,1499,,,,,,
EVT-1045,RELATED_TO,POL-0040,1499,1499001,0.7,,,
EVT-1046,EVIDENCED_BY,1499,,,,,,
EVT-1047,EVIDENCED_BY,1500,,,,,,
EVT-1048,EVIDENCED_BY,1500,,,,,,
EVT-1049,EVIDENCED_BY,1501,,,,,,
EVT-1050,EVIDENCED_BY,1501,,,,,,
EVT-1051,EVIDENCED_BY,1501,,,,,,
EVT-1052,EVIDENCED_BY,1502,,,,,,
EVT-1053,EVIDENCED_BY,1502,,,,,,
EVT-1054,EVIDENCED_BY,1503,,,,,,
EVT-1055,EVIDENCED_BY,1503,,,,,,
EVT-1056,EVIDENCED_BY,1503,,,,,,
EVT-1056,RELATED_TO,POL-0049,1503,1503006,0.85,,,
EVT-1057,EVIDENCED_BY,1503,,,,,,
EVT-1058,EVIDENCED_BY,1504,,,,,,
EVT-1059,EVIDENCED_BY,1504,,,,,,
EVT-1059,ISSUED_BY,INST-0188,1504,1504002,0.9,,,
EVT-1060,EVIDENCED_BY,1505,,,,,,
EVT-1061,EVIDENCED_BY,1505,,,,,,
EVT-1062,EVIDENCED_BY,1506,,,,,,
EVT-1063,EVIDENCED_BY,1507,,,,,,
EVT-1064,EVIDENCED_BY,1508,,,,,,
EVT-1065,EVIDENCED_BY,1508,,,,,,
EVT-1066,EVIDENCED_BY,1509,,,,,,
EVT-1067,EVIDENCED_BY,1510,,,,,,
EVT-1068,EVIDENCED_BY,1510,,,,,,
EVT-1069,EVIDENCED_BY,1510,,,,,,
EVT-1070,EVIDENCED_BY,1511,,,,,,
EVT-1071,EVIDENCED_BY,1511,,,,,,
EVT-1071,ISSUED_BY,INST-0184,1511,1511000,0.95,,,
EVT-1072,EVIDENCED_BY,1511,,,,,,
EVT-1073,EVIDENCED_BY,1512,,,,,,
EVT-1074,EVIDENCED_BY,1512,,,,,,
EVT-1074,ISSUED_BY,INST-0184,1512,1512000,0.9,,,
EVT-1075,EVIDENCED_BY,1512,,,,,,
EVT-1076,EVIDENCED_BY,1513,,,,,,
EVT-1077,EVIDENCED_BY,1513,,,,,,
EVT-1078,EVIDENCED_BY,1514,,,,,,
EVT-1079,EVIDENCED_BY,1515,,,,,,
EVT-1080,EVIDENCED_BY,1516,,,,,,
EVT-1080,RELATED_TO,POL-0040,1516,1516001,0.7,,,
EVT-1081,EVIDENCED_BY,1517,,,,,,
EVT-1082,EVIDENCED_BY,1517,,,,,,
EVT-1083,EVIDENCED_BY,1518,,,,,,
EVT-1084,EVIDENCED_BY,1518,,,,,,
EVT-1085,EVIDENCED_BY,1519,,,,,,
EVT-1086,EVIDENCED_BY,1519,,,,,,
EVT-1087,EVIDENCED_BY,1520,,,,,,
EVT-1088,EVIDENCED_BY,1521,,,,,,
EVT-1089,EVIDENCED_BY,1522,,,,,,
EVT-1089,ISSUED_BY,INST-0184,1522,1522000,0.9,,,
EVT-1090,EVIDENCED_BY,1523,,,,,,
EVT-1091,EVIDENCED_BY,1523,,,,,,
EVT-1092,EVIDENCED_BY,1524,,,,,,
EVT-1093,EVIDENCED_BY,1525,,,,,,
EVT-1094,EVIDENCED_BY,1526,,,,,,
EVT-1095,EVIDENCED_BY,1526,,,,,,
EVT-1096,EVIDENCED_BY,1527,,,,,,
EVT-1097,EVIDENCED_BY,1527,,,,,,
EVT-1098,EVIDENCED_BY,1528,,,,,,
EVT-1098,RELATED_TO,POL-0008,1528,1528000,0.85,,,
EVT-1099,EVIDENCED_BY,1529,,,,,,
EVT-1100,EVIDENCED_BY,1529,,,,,,
EVT-1101,EVIDENCED_BY,1529,,,,,,
EVT-1102,EVIDENCED_BY,1530,,,,,,
EVT-1103,EVIDENCED_BY,1530,,,,,,
EVT-1104,EVIDENCED_BY,1530,,,,,,
EVT-1105,EVIDENCED_BY,1531,,,,,,
EVT-1106,EVIDENCED_BY,1531,,,,,,
EVT-1107,EVIDENCED_BY,1531,,,,,,
EVT-1108,EVIDENCED_BY,1532,,,,,,
EVT-1109,EVIDENCED_BY,1533,,,,,,
EVT-1110,EVIDENCED_BY,1533,,,,,,
EVT-1111,EVIDENCED_BY,1534,,,,,,
EVT-1112,EVIDENCED_BY,1534,,,,,,
EVT-1112,ISSUED_BY,INST-0184,1534,1534001,0.92,,,
EVT-1113,EVIDENCED_BY,1535,,,,,,
EVT-1114,EVIDENCED_BY,1535,,,,,,
EVT-1115,EVIDENCED_BY,1536,,,,,,
EVT-1116,EVIDENCED_BY,1536,,,,,,
EVT-1117,EVIDENCED_BY,1536,,,,,,
EVT-1118,EVIDENCED_BY,1537,,,,,,
EVT-1119,EVIDENCED_BY,1537,,,,,,
EVT-1120,EVIDENCED_BY,1538,,,,,,
EVT-1121,EVIDENCED_BY,1538,,,,,,
EVT-1121,ISSUED_BY,INST-0188,1538,1538002,0.9,,,
EVT-1122,EVIDENCED_BY,1539,,,,,,
EVT-1123,EVIDENCED_BY,1539,,,,,,
EVT-1124,EVIDENCED_BY,1540,,,,,,
EVT-1125,EVIDENCED_BY,1541,,,,,,
EVT-1125,ISSUED_BY,INST-0041,1541,1541000,0.95,,,
EVT-1126,EVIDENCED_BY,1541,,,,,,
EVT-1127,EVIDENCED_BY,1541,,,,,,
EVT-1128,EVIDENCED_BY,1541,,,,,,
EVT-1128,ISSUED_BY,INST-0041,1541,1541003,0.9,,,
EVT-1129,EVIDENCED_BY,1542,,,,,,
EVT-1130,EVIDENCED_BY,1542,,,,,,
EVT-1131,EVIDENCED_BY,1543,,,,,,
EVT-1132,EVIDENCED_BY,1543,,,,,,
EVT-1133,EVIDENCED_BY,1543,,,,,,
EVT-1134,EVIDENCED_BY,1543,,,,,,
EVT-1135,EVIDENCED_BY,1544,,,,,,
EVT-1136,EVIDENCED_BY,1545,,,,,,
EVT-1137,EVIDENCED_BY,1546,,,,,,
EVT-1137,ISSUED_BY,INST-0273,1546,1546000,0.9,,,
EVT-1138,EVIDENCED_BY,1546,,,,,,
EVT-1139,EVIDENCED_BY,1547,,,,,,
EVT-1140,EVIDENCED_BY,1547,,,,,,
EVT-1141,EVIDENCED_BY,1548,,,,,,
EVT-1141,ISSUED_BY,INST-0217,1548,1548000,0.9,,,
EVT-1142,EVIDENCED_BY,1548,,,,,,
EVT-1143,EVIDENCED_BY,1549,,,,,,
EVT-1144,EVIDENCED_BY,1550,,,,,,
EVT-1145,EVIDENCED_BY,1551,,,,,,
EVT-1146,EVIDENCED_BY,1551,,,,,,
EVT-1147,EVIDENCED_BY,1552,,,,,,
EVT-1148,EVIDENCED_BY,1552,,,,,,
EVT-1149,EVIDENCED_BY,1553,,,,,,
EVT-1150,EVIDENCED_BY,1553,,,,,,
EVT-1151,EVIDENCED_BY,1554,,,,,,
EVT-1152,EVIDENCED_BY,1555,,,,,,
EVT-1152,ISSUED_BY,INST-0184,1555,1555000,0.9,,,
EVT-1153,EVIDENCED_BY,1555,,,,,,
EVT-1154,EVIDENCED_BY,1556,,,,,,
EVT-1155,EVIDENCED_BY,1556,,,,,,
EVT-1156,EVIDENCED_BY,1557,,,,,,
EVT-1157,EVIDENCED_BY,1557,,,,,,
EVT-1158,EVIDENCED_BY,1558,,,,,,
EVT-1159,EVIDENCED_BY,1558,,,,,,
EVT-1160,EVIDENCED_BY,1559,,,,,,
EVT-1160,ISSUED_BY,INST-0296,1559,1559000,0.95,,,
EVT-1161,EVIDENCED_BY,1560,,,,,,
EVT-1162,EVIDENCED_BY,1561,,,,,,
EVT-1163,EVIDENCED_BY,1562,,,,,,
EVT-1163,ISSUED_BY,INST-0184,1562,1562000,0.9,,,
EVT-1164,EVIDENCED_BY,1562,,,,,,
EVT-1164,ISSUED_BY,INST-0184,1562,1562002,0.9,,,
EVT-1165,EVIDENCED_BY,1562,,,,,,
EVT-1166,EVIDENCED_BY,1563,,,,,,
EVT-1167,EVIDENCED_BY,1563,,,,,,
EVT-1167,ISSUED_BY,INST-0185,1563,1563001,0.9,,,
EVT-1168,EVIDENCED_BY,1564,,,,,,
EVT-1169,EVIDENCED_BY,1565,,,,,,
EVT-1170,EVIDENCED_BY,1566,,,,,,
EVT-1171,EVIDENCED_BY,1567,,,,,,
EVT-1171,ISSUED_BY,INST-0273,1567,1567000,0.95,,,
EVT-1172,EVIDENCED_BY,1568,,,,,,
EVT-1173,EVIDENCED_BY,1568,,,,,,
EVT-1174,EVIDENCED_BY,1569,,,,,,
EVT-1175,EVIDENCED_BY,1570,,,,,,
EVT-1176,EVIDENCED_BY,1571,,,,,,
EVT-1177,EVIDENCED_BY,1571,,,,,,
EVT-1178,EVIDENCED_BY,1571,,,,,,
EVT-1179,EVIDENCED_BY,1572,,,,,,
EVT-1180,EVIDENCED_BY,1572,,,,,,
EVT-1181,EVIDENCED_BY,1573,,,,,,
EVT-1182,EVIDENCED_BY,1573,,,,,,
EVT-1183,EVIDENCED_BY,1574,,,,,,
EVT-1184,EVIDENCED_BY,1575,,,,,,
EVT-1185,EVIDENCED_BY,1575,,,,,,
EVT-1186,EVIDENCED_BY,1575,,,,,,
EVT-1187,EVIDENCED_BY,1576,,,,,,
EVT-1188,EVIDENCED_BY,1576,,,,,,
EVT-1189,EVIDENCED_BY,1577,,,,,,
EVT-1190,EVIDENCED_BY,1577,,,,,,
EVT-1191,EVIDENCED_BY,1577,,,,,,
EVT-1192,EVIDENCED_BY,1578,,,,,,
EVT-1193,EVIDENCED_BY,1579,,,,,,
EVT-1194,EVIDENCED_BY,1579,,,,,,
EVT-1195,EVIDENCED_BY,1580,,,,,,
EVT-1196,EVIDENCED_BY,1581,,,,,,
EVT-1197,EVIDENCED_BY,1582,,,,,,
EVT-1198,EVIDENCED_BY,1582,,,,,,
EVT-1198,RELATED_TO,POL-0040,1582,1582000,0.9,,,
EVT-1199,EVIDENCED_BY,1583,,,,,,
EVT-1200,EVIDENCED_BY,1584,,,,,,
EVT-1201,EVIDENCED_BY,1584,,,,,,
EVT-1202,EVIDENCED_BY,1585,,,,,,
EVT-1203,EVIDENCED_BY,1585,,,,,,
EVT-1204,EVIDENCED_BY,1586,,,,,,
EVT-1205,EVIDENCED_BY,1586,,,,,,
EVT-1206,EVIDENCED_BY,1587,,,,,,
EVT-1206,ISSUED_BY,INST-0348,1587,1587000,0.95,,,
EVT-1207,EVIDENCED_BY,1567,,,,,,
EVT-1207,EVIDENCED_BY,1587,,,,,,
EVT-1208,EVIDENCED_BY,1588,,,,,,
EVT-1208,RELATED_TO,POL-0042,1588,1588000,0.85,,,
EVT-1209,EVIDENCED_BY,1588,,,,,,
EVT-1209,RELATED_TO,POL-0082,1588,1588002,0.85,,,
EVT-1210,EVIDENCED_BY,1589,,,,,,
EVT-1211,EVIDENCED_BY,1589,,,,,,
EVT-1212,EVIDENCED_BY,1590,,,,,,
EVT-1213,EVIDENCED_BY,1591,,,,,,
EVT-1214,EVIDENCED_BY,1591,,,,,,
EVT-1215,EVIDENCED_BY,1591,,,,,,
EVT-1216,EVIDENCED_BY,1592,,,,,,
EVT-1217,EVIDENCED_BY,1592,,,,,,
EVT-1218,EVIDENCED_BY,1593,,,,,,
EVT-1219,EVIDENCED_BY,1593,,,,,,
EVT-1220,EVIDENCED_BY,2001,,,,,,
EVT-1221,EVIDENCED_BY,2002,,,,,,
EVT-1222,EVIDENCED_BY,2003,,,,,,
EVT-1222,RELATED_TO,POL-0143,2003,2003000,0.8,,,
EVT-1223,EVIDENCED_BY,1129,,,,,,
EVT-1223,EVIDENCED_BY,2003,,,,,,
EVT-1224,EVIDENCED_BY,2004,,,,,,
EVT-1225,EVIDENCED_BY,2004,,,,,,
EVT-1226,EVIDENCED_BY,2005,,,,,,
EVT-1227,EVIDENCED_BY,2006,,,,,,
EVT-1228,EVIDENCED_BY,2006,,,,,,
EVT-1229,EVIDENCED_BY,2006,,,,,,
EVT-1230,EVIDENCED_BY,2006,,,,,,
EVT-1231,EVIDENCED_BY,2007,,,,,,
EVT-1232,EVIDENCED_BY,2007,,,,,,
EVT-1233,EVIDENCED_BY,2007,,,,,,
EVT-1234,EVIDENCED_BY,2007,,,,,,
EVT-1235,EVIDENCED_BY,2008,,,,,,
EVT-1236,EVIDENCED_BY,2008,,,,,,
EVT-1237,EVIDENCED_BY,2009,,,,,,
EVT-1238,EVIDENCED_BY,2009,,,,,,
EVT-1238,ISSUED_BY,INST-0227,2009,2009003,0.9,,,
EVT-1238,RELATED_TO,POL-0139,2009,2009003,0.9,,,
EVT-1239,EVIDENCED_BY,2009,,,,,,
EVT-1240,EVIDENCED_BY,2010,,,,,,
EVT-1241,EVIDENCED_BY,2010,,,,,,
EVT-1242,EVIDENCED_BY,2010,,,,,,
EVT-1243,EVIDENCED_BY,2010,,,,,,
EVT-1244,EVIDENCED_BY,2011,,,,,,
EVT-1245,EVIDENCED_BY,2011,,,,,,
EVT-1246,EVIDENCED_BY,2011,,,,,,
EVT-1247,EVIDENCED_BY,2011,,,,,,
EVT-1248,EVIDENCED_BY,2012,,,,,,
EVT-1249,EVIDENCED_BY,2012,,,,,,
EVT-1250,EVIDENCED_BY,2012,,,,,,
EVT-1251,EVIDENCED_BY,2013,,,,,,
EVT-1252,EVIDENCED_BY,2013,,,,,,
EVT-1253,EVIDENCED_BY,2013,,,,,,
EVT-1254,EVIDENCED_BY,2013,,,,,,
EVT-1255,EVIDENCED_BY,2014,,,,,,
EVT-1256,EVIDENCED_BY,2015,,,,,,
EVT-1257,EVIDENCED_BY,2015,,,,,,
EVT-1258,EVIDENCED_BY,2015,,,,,,
EVT-1259,EVIDENCED_BY,2015,,,,,,
EVT-1260,EVIDENCED_BY,2016,,,,,,
EVT-1261,EVIDENCED_BY,2016,,,,,,
EVT-1262,EVIDENCED_BY,2016,,,,,,
EVT-1263,EVIDENCED_BY,2016,,,,,,
EVT-1264,EVIDENCED_BY,2017,,,,,,
EVT-1265,EVIDENCED_BY,2017,,,,,,
EVT-1266,EVIDENCED_BY,2017,,,,,,
EVT-1267,EVIDENCED_BY,2017,,,,,,
EVT-1268,EVIDENCED_BY,2018,,,,,,
EVT-1269,EVIDENCED_BY,2018,,,,,,
EVT-1270,EVIDENCED_BY,2018,,,,,,
EVT-1271,EVIDENCED_BY,2018,,,,,,
EVT-1272,EVIDENCED_BY,2019,,,,,,
EVT-1273,EVIDENCED_BY,2019,,,,,,
EVT-1274,EVIDENCED_BY,2019,,,,,,
EVT-1275,EVIDENCED_BY,2019,,,,,,
EVT-1276,EVIDENCED_BY,2020,,,,,,
EVT-1277,EVIDENCED_BY,2020,,,,,,
EVT-1278,EVIDENCED_BY,2020,,,,,,
EVT-1278,RELATED_TO,POL-0128,2020,2020000,0.88,,,
EVT-1279,EVIDENCED_BY,2021,,,,,,
EVT-1280,EVIDENCED_BY,2021,,,,,,
EVT-1281,EVIDENCED_BY,2021,,,,,,
EVT-1282,EVIDENCED_BY,2021,,,,,,
EVT-1283,EVIDENCED_BY,2022,,,,,,
EVT-1284,EVIDENCED_BY,2022,,,,,,
EVT-1285,EVIDENCED_BY,2022,,,,,,
EVT-1286,EVIDENCED_BY,2022,,,,,,
EVT-1287,EVIDENCED_BY,2023,,,,,,
EVT-1288,EVIDENCED_BY,2024,,,,,,
EVT-1289,EVIDENCED_BY,2025,,,,,,
EVT-1289,ISSUED_BY,INST-0053,2025,2025000,0.9,,,
EVT-1289,RELATED_TO,POL-0104,2025,2025000,0.9,,,
EVT-1290,EVIDENCED_BY,2025,,,,,,
EVT-1291,EVIDENCED_BY,2025,,,,,,
EVT-1292,EVIDENCED_BY,2025,,,,,,
EVT-1293,EVIDENCED_BY,2026,,,,,,
EVT-1294,EVIDENCED_BY,2026,,,,,,
EVT-1295,EVIDENCED_BY,2026,,,,,,
EVT-1296,EVIDENCED_BY,2027,,,,,,
EVT-1297,EVIDENCED_BY,2027,,,,,,
EVT-1298,EVIDENCED_BY,2028,,,,,,
EVT-1298,ISSUED_BY,INST-0011,2028,2028000,0.9,,,
EVT-1299,EVIDENCED_BY,2028,,,,,,
EVT-1299,ISSUED_BY,INST-0011,2028,2028001,0.9,,,
EVT-1300,EVIDENCED_BY,2029,,,,,,
EVT-1301,EVIDENCED_BY,2029,,,,,,
EVT-1302,EVIDENCED_BY,2029,,,,,,
EVT-1303,EVIDENCED_BY,2030,,,,,,
EVT-1304,EVIDENCED_BY,2030,,,,,,
EVT-1305,EVIDENCED_BY,2031,,,,,,
EVT-1306,EVIDENCED_BY,2031,,,,,,
EVT-1307,EVIDENCED_BY,2031,,,,,,
EVT-1308,EVIDENCED_BY,2032,,,,,,
EVT-1309,EVIDENCED_BY,2034,,,,,,
EVT-1310,EVIDENCED_BY,2034,,,,,,
EVT-1310,ISSUED_BY,INST-0166,2034,2034000,0.9,,,
EVT-1310,ISSUED_BY,INST-0219,2034,2034000,0.9,,,
EVT-1310,RELATED_TO,POL-0032,2034,2034000,0.9,,,
EVT-1311,EVIDENCED_BY,2034,,,,,,
EVT-1311,ISSUED_BY,INST-0168,2034,2034000,0.9,,,
EVT-1311,RELATED_TO,POL-0046,2034,2034000,0.9,,,
EVT-1312,EVIDENCED_BY,2035,,,,,,
EVT-1312,ISSUED_BY,INST-0102,2035,2035000,0.9,,,
EVT-1313,EVIDENCED_BY,2036,,,,,,
EVT-1314,EVIDENCED_BY,2036,,,,,,
EVT-1315,EVIDENCED_BY,2037,,,,,,
EVT-1316,EVIDENCED_BY,2037,,,,,,
EVT-1317,EVIDENCED_BY,2037,,,,,,
EVT-1318,EVIDENCED_BY,2038,,,,,,
EVT-1319,EVIDENCED_BY,2038,,,,,,
EVT-1320,EVIDENCED_BY,2039,,,,,,
EVT-1320,RELATED_TO,POL-0001,2039,2039001,0.85,,,
EVT-1321,EVIDENCED_BY,2039,,,,,,
EVT-1322,EVIDENCED_BY,2039,,,,,,
EVT-1323,EVIDENCED_BY,2040,,,,,,
EVT-1324,EVIDENCED_BY,2040,,,,,,
EVT-1325,EVIDENCED_BY,2040,,,,,,
EVT-1326,EVIDENCED_BY,2041,,,,,,
EVT-1327,EVIDENCED_BY,2041,,,,,,
EVT-1328,EVIDENCED_BY,2041,,,,,,
EVT-1329,EVIDENCED_BY,2042,,,,,,
EVT-1330,EVIDENCED_BY,2042,,,,,,
EVT-1331,EVIDENCED_BY,2042,,,,,,
EVT-1332,EVIDENCED_BY,2042,,,,,,
EVT-1333,EVIDENCED_BY,2043,,,,,,
EVT-1334,EVIDENCED_BY,2043,,,,,,
EVT-1335,EVIDENCED_BY,2044,,,,,,
EVT-1335,ISSUED_BY,INST-0335,2044,2044000,0.9,,,
EVT-1336,EVIDENCED_BY,2044,,,,,,
EVT-1337,EVIDENCED_BY,2045,,,,,,
EVT-1337,ISSUED_BY,INST-0044,2045,2045000,0.95,,,
EVT-1337,RELATED_TO,POL-0147,2045,2045000,0.9,,,
EVT-1338,EVIDENCED_BY,2045,,,,,,
EVT-1338,ISSUED_BY,INST-0044,2045,2045001,0.95,,,
EVT-1338,RELATED_TO,POL-0147,2045,2045000,0.9,,,
EVT-1339,EVIDENCED_BY,2046,,,,,,
EVT-1340,EVIDENCED_BY,2046,,,,,,
EVT-1340,ISSUED_BY,INST-0203,2046,2046001,0.85,,,
EVT-1341,EVIDENCED_BY,2046,,,,,,
EVT-1342,EVIDENCED_BY,2046,,,,,,
EVT-1343,EVIDENCED_BY,2047,,,,,,
EVT-1344,EVIDENCED_BY,2047,,,,,,
EVT-1345,EVIDENCED_BY,2047,,,,,,
EVT-1346,EVIDENCED_BY,2047,,,,,,
EVT-1347,EVIDENCED_BY,2048,,,,,,
EVT-1348,EVIDENCED_BY,2048,,,,,,
EVT-1348,RELATED_TO,POL-0131,2048,2048004,0.9,,,
EVT-1349,EVIDENCED_BY,2048,,,,,,
EVT-1349,RELATED_TO,POL-0141,2048,2048006,0.9,,,
EVT-1350,EVIDENCED_BY,2048,,,,,,
EVT-1351,EVIDENCED_BY,2049,,,,,,
EVT-1352,EVIDENCED_BY,2049,,,,,,
EVT-1352,ISSUED_BY,INST-0259,2049,2049002,0.9,,,
EVT-1353,EVIDENCED_BY,2049,,,,,,
EVT-1353,ISSUED_BY,INST-0174,2049,2049007,0.9,,,
EVT-1354,EVIDENCED_BY,2050,,,,,,
EVT-1355,EVIDENCED_BY,2050,,,,,,
EVT-1356,EVIDENCED_BY,2051,,,,,,
EVT-1357,EVIDENCED_BY,2051,,,,,,
EVT-1358,EVIDENCED_BY,2051,,,,,,
EVT-1359,EVIDENCED_BY,2051,,,,,,
EVT-1360,EVIDENCED_BY,2052,,,,,,
EVT-1361,EVIDENCED_BY,2052,,,,,,
EVT-1362,EVIDENCED_BY,2052,,,,,,
EVT-1363,EVIDENCED_BY,2052,,,,,,
EVT-1364,EVIDENCED_BY,2053,,,,,,
EVT-1365,EVIDENCED_BY,2053,,,,,,
EVT-1366,EVIDENCED_BY,2054,,,,,,
EVT-1366,ISSUED_BY,INST-0211,2054,2054001,0.9,,,
EVT-1367,EVIDENCED_BY,2054,,,,,,
EVT-1368,EVIDENCED_BY,2054,,,,,,
EVT-1369,EVIDENCED_BY,2054,,,,,,
EVT-1370,EVIDENCED_BY,2055,,,,,,
EVT-1371,EVIDENCED_BY,2057,,,,,,
EVT-1372,EVIDENCED_BY,2057,,,,,,
EVT-1373,EVIDENCED_BY,2057,,,,,,
EVT-1374,EVIDENCED_BY,2057,,,,,,
EVT-1375,EVIDENCED_BY,2058,,,,,,
EVT-1376,EVIDENCED_BY,2058,,,,,,
EVT-1377,EVIDENCED_BY,2058,,,,,,
EVT-1378,EVIDENCED_BY,2058,,,,,,
EVT-1379,EVIDENCED_BY,2059,,,,,,
EVT-1380,EVIDENCED_BY,2059,,,,,,
EVT-1381,EVIDENCED_BY,2059,,,,,,
EVT-1382,EVIDENCED_BY,2060,,,,,,
EVT-1382,ISSUED_BY,INST-0173,2060,2060000,0.9,,,
EVT-1382,RELATED_TO,POL-0070,2060,2060000,0.9,,,
EVT-1383,EVIDENCED_BY,2060,,,,,,
EVT-1384,EVIDENCED_BY,2060,,,,,,
EVT-1385,EVIDENCED_BY,2060,,,,,,
EVT-1386,EVIDENCED_BY,2061,,,,,,
EVT-1387,EVIDENCED_BY,2061,,,,,,
EVT-1388,EVIDENCED_BY,2061,,,,,,
EVT-1389,EVIDENCED_BY,2062,,,,,,
EVT-1390,EVIDENCED_BY,2062,,,,,,
EVT-1391,EVIDENCED_BY,2062,,,,,,
EVT-1392,EVIDENCED_BY,2062,,,,,,
EVT-1393,EVIDENCED_BY,2063,,,,,,
EVT-1394,EVIDENCED_BY,2063,,,,,,
EVT-1395,EVIDENCED_BY,2063,,,,,,
EVT-1396,EVIDENCED_BY,2063,,,,,,
EVT-1397,EVIDENCED_BY,2066,,,,,,
EVT-1397,ISSUED_BY,INST-0360,2066,2066000,0.95,,,
EVT-1397,RELATED_TO,POL-0085,2066,2066000,0.9,,,
EVT-1398,EVIDENCED_BY,2066,,,,,,
EVT-1399,EVIDENCED_BY,2066,,,,,,
EVT-1400,EVIDENCED_BY,2066,,,,,,
EVT-1401,EVIDENCED_BY,2067,,,,,,
EVT-1401,ISSUED_BY,INST-0007,2067,2067001,0.9,,,
EVT-1402,EVIDENCED_BY,2067,,,,,,
EVT-1403,EVIDENCED_BY,2067,,,,,,
EVT-1404,EVIDENCED_BY,2067,,,,,,
EVT-1405,EVIDENCED_BY,2068,,,,,,
EVT-1406,EVIDENCED_BY,2069,,,,,,
EVT-1406,ISSUED_BY,INST-0155,2069,2069000,0.9,,,
EVT-1407,EVIDENCED_BY,2069,,,,,,
EVT-1408,EVIDENCED_BY,2069,,,,,,
EVT-1409,EVIDENCED_BY,2069,,,,,,
EVT-1409,ISSUED_BY,INST-0007,2069,2069003,0.9,,,
EVT-1410,EVIDENCED_BY,2070,,,,,,
EVT-1411,EVIDENCED_BY,2070,,,,,,
EVT-1412,EVIDENCED_BY,2070,,,,,,
EVT-1413,EVIDENCED_BY,2071,,,,,,
EVT-1414,EVIDENCED_BY,2071,,,,,,
EVT-1415,EVIDENCED_BY,2072,,,,,,
EVT-1416,EVIDENCED_BY,2072,,,,,,
EVT-1417,EVIDENCED_BY,2072,,,,,,
EVT-1418,EVIDENCED_BY,2073,,,,,,
EVT-1419,EVIDENCED_BY,2073,,,,,,
EVT-1420,EVIDENCED_BY,2073,,,,,,
EVT-1421,EVIDENCED_BY,2075,,,,,,
EVT-1422,EVIDENCED_BY,2075,,,,,,
EVT-1423,EVIDENCED_BY,2075,,,,,,
EVT-1424,EVIDENCED_BY,2076,,,,,,
EVT-1425,EVIDENCED_BY,2076,,,,,,
EVT-1426,EVIDENCED_BY,2076,,,,,,
EVT-1426,ISSUED_BY,INST-0188,2076,2076003,0.9,,,
EVT-1427,EVIDENCED_BY,2076,,,,,,
EVT-1428,EVIDENCED_BY,2077,,,,,,
EVT-1429,EVIDENCED_BY,2077,,,,,,
EVT-1430,EVIDENCED_BY,2077,,,,,,
EVT-1431,EVIDENCED_BY,2077,,,,,,
EVT-1432,EVIDENCED_BY,2078,,,,,,
EVT-1433,EVIDENCED_BY,2078,,,,,,
EVT-1434,EVIDENCED_BY,2079,,,,,,
EVT-1435,EVIDENCED_BY,2079,,,,,,
EVT-1436,EVIDENCED_BY,2080,,,,,,
EVT-1437,EVIDENCED_BY,2080,,,,,,
EVT-1438,EVIDENCED_BY,2080,,,,,,
EVT-1439,EVIDENCED_BY,2080,,,,,,
EVT-1440,EVIDENCED_BY,2081,,,,,,
EVT-1441,EVIDENCED_BY,2081,,,,,,
EVT-1442,EVIDENCED_BY,2081,,,,,,
EVT-1443,EVIDENCED_BY,2082,,,,,,
EVT-1444,EVIDENCED_BY,2082,,,,,,
EVT-1444,ISSUED_BY,INST-0067,2082,2082001,0.9,,,
EVT-1445,EVIDENCED_BY,2082,,,,,,
EVT-1446,EVIDENCED_BY,2082,,,,,,
EVT-1446,ISSUED_BY,INST-0131,2082,2082003,0.85,,,
EVT-1447,EVIDENCED_BY,2083,,,,,,
EVT-1448,EVIDENCED_BY,2083,,,,,,
EVT-1448,ISSUED_BY,INST-0169,2083,2083004,0.95,,,
EVT-1448,RELATED_TO,POL-0062,2083,2083004,0.9,,,
EVT-1449,EVIDENCED_BY,2083,,,,,,
EVT-1450,EVIDENCED_BY,2083,,,,,,
EVT-1450,ISSUED_BY,INST-0171,2083,2083004,0.9,,,
EVT-1451,EVIDENCED_BY,2085,,,,,,
EVT-1452,EVIDENCED_BY,2085,,,,,,
EVT-1453,EVIDENCED_BY,2085,,,,,,
EVT-1454,EVIDENCED_BY,2085,,,,,,
EVT-1454,RELATED_TO,POL-0025,2085,2085005,0.9,,,
EVT-1455,EVIDENCED_BY,2086,,,,,,
EVT-1456,EVIDENCED_BY,2087,,,,,,
EVT-1457,EVIDENCED_BY,2087,,,,,,
EVT-1458,EVIDENCED_BY,2087,,,,,,
EVT-1459,EVIDENCED_BY,2087,,,,,,
EVT-1460,EVIDENCED_BY,2088,,,,,,
EVT-1461,EVIDENCED_BY,2088,,,,,,
EVT-1462,EVIDENCED_BY,2089,,,,,,
EVT-1463,EVIDENCED_BY,2089,,,,,,
EVT-1464,EVIDENCED_BY,2089,,,,,,
EVT-1465,EVIDENCED_BY,2089,,,,,,
EVT-1465,ISSUED_BY,INST-0173,2089,2089006,0.9,,,
EVT-1466,EVIDENCED_BY,2090,,,,,,
EVT-1467,EVIDENCED_BY,2091,,,,,,
EVT-1468,EVIDENCED_BY,2091,,,,,,
EVT-1469,EVIDENCED_BY,2092,,,,,,
EVT-1470,EVIDENCED_BY,2093,,,,,,
EVT-1470,ISSUED_BY,INST-0044,2093,2093001,0.9,,,
EVT-1471,EVIDENCED_BY,2093,,,,,,
EVT-1472,EVIDENCED_BY,2093,,,,,,
EVT-1473,EVIDENCED_BY,2094,,,,,,
EVT-1474,EVIDENCED_BY,2094,,,,,,
EVT-1475,EVIDENCED_BY,2095,,,,,,
EVT-1476,EVIDENCED_BY,2096,,,,,,
EVT-1477,EVIDENCED_BY,2096,,,,,,
EVT-1478,EVIDENCED_BY,2096,,,,,,
EVT-1479,EVIDENCED_BY,2096,,,,,,
EVT-1480,EVIDENCED_BY,2097,,,,,,
EVT-1481,EVIDENCED_BY,2097,,,,,,
EVT-1482,EVIDENCED_BY,2097,,,,,,
EVT-1482,ISSUED_BY,INST-0188,2097,2097003,0.9,,,
EVT-1483,EVIDENCED_BY,2097,,,,,,
EVT-1484,EVIDENCED_BY,2098,,,,,,
EVT-1485,EVIDENCED_BY,2098,,,,,,
EVT-1486,EVIDENCED_BY,2098,,,,,,
EVT-1487,EVIDENCED_BY,2098,,,,,,
EVT-1488,EVIDENCED_BY,2099,,,,,,
EVT-1489,EVIDENCED_BY,2099,,,,,,
EVT-1490,EVIDENCED_BY,2100,,,,,,
EVT-1491,EVIDENCED_BY,2100,,,,,,
EVT-1491,ISSUED_BY,INST-0335,2100,2100010,0.9,,,
EVT-1492,EVIDENCED_BY,2100,,,,,,
EVT-1493,EVIDENCED_BY,2100,,,,,,
EVT-1494,EVIDENCED_BY,2101,,,,,,
EVT-1494,ISSUED_BY,INST-0335,2101,2101000,0.9,,,
EVT-1495,EVIDENCED_BY,2101,,,,,,
EVT-1496,EVIDENCED_BY,2101,,,,,,
EVT-1497,EVIDENCED_BY,2101,,,,,,
EVT-1498,EVIDENCED_BY,2102,,,,,,
EVT-1499,EVIDENCED_BY,2103,,,,,,
EVT-1500,EVIDENCED_BY,2103,,,,,,
EVT-1501,EVIDENCED_BY,2103,,,,,,
EVT-1502,EVIDENCED_BY,2103,,,,,,
EVT-1503,EVIDENCED_BY,2104,,,,,,
EVT-1503,ISSUED_BY,INST-0188,2104,2104000,0.9,,,
EVT-1504,EVIDENCED_BY,2104,,,,,,
EVT-1505,EVIDENCED_BY,2104,,,,,,
EVT-1506,EVIDENCED_BY,2105,,,,,,
EVT-1507,EVIDENCED_BY,2105,,,,,,
EVT-1508,EVIDENCED_BY,2106,,,,,,
EVT-1509,EVIDENCED_BY,2106,,,,,,
EVT-1510,EVIDENCED_BY,3001,,,,,,
EVT-1510,ISSUED_BY,INST-0155,3001,3001000,0.95,,,
EVT-1510,RELATED_TO,POL-0036,3001,3001000,0.8,,,
EVT-1510,RELATED_TO,POL-0037,3001,3001000,0.9,,,
EVT-1511,EVIDENCED_BY,3001,,,,,,
EVT-1511,ISSUED_BY,INST-0155,3001,3001000,0.9,,,
EVT-1512,EVIDENCED_BY,3001,,,,,,
EVT-1513,EVIDENCED_BY,3002,,,,,,
EVT-1513,ISSUED_BY,INST-0155,3002,3002000,0.9,,,
EVT-1514,EVIDENCED_BY,3002,,,,,,
EVT-1514,RELATED_TO,POL-0153,3002,3002000,0.9,,,
EVT-1515,EVIDENCED_BY,3003,,,,,,
EVT-1515,ISSUED_BY,INST-0243,3003,3003000,0.95,,,
EVT-1515,RELATED_TO,POL-0150,3003,3003000,0.95,,,
EVT-1516,EVIDENCED_BY,3004,,,,,,
EVT-1516,ISSUED_BY,INST-0119,3004,3004000,0.95,,,
EVT-1516,ISSUED_BY,INST-0211,3004,3004000,0.95,,,
EVT-1516,RELATED_TO,POL-0035,3004,3004000,0.9,,,
EVT-1516,RELATED_TO,POL-0056,3004,3004000,0.95,,,
EVT-1516,RELATED_TO,POL-0081,3004,3004000,0.9,,,
EVT-1517,EVIDENCED_BY,3005,,,,,,
EVT-1517,ISSUED_BY,INST-0155,3005,3005000,0.9,,,
EVT-1517,RELATED_TO,POL-0114,3005,3005014,0.8,,,
EVT-1517,RELATED_TO,POL-0115,3005,3005014,0.8,,,
EVT-1518,EVIDENCED_BY,3005,,,,,,
EVT-1519,EVIDENCED_BY,3006,,,,,,
EVT-1519,ISSUED_BY,INST-0173,3006,3006000,0.95,,,
EVT-1519,ISSUED_BY,INST-0211,3006,3006000,0.95,,,
EVT-1519,RELATED_TO,POL-0121,3006,3006000,0.95,,,
EVT-1520,EVIDENCED_BY,3007,,,,,,
EVT-1520,ISSUED_BY,INST-0151,3007,3007002,0.9,,,
EVT-1521,EVIDENCED_BY,3007,,,,,,
EVT-1522,EVIDENCED_BY,3007,,,,,,
EVT-1523,EVIDENCED_BY,3008,,,,,,
EVT-1523,ISSUED_BY,INST-0337,3008,3008000,0.8,,,
EVT-1523,RELATED_TO,POL-0073,3008,3008000,0.9,,,
EVT-1524,EVIDENCED_BY,3008,,,,,,
EVT-1525,EVIDENCED_BY,3010,,,,,,
EVT-1525,ISSUED_BY,INST-0211,3010,3010000,0.95,,,
EVT-1525,RELATED_TO,POL-0010,3010,3010000,0.95,,,
EVT-1526,EVIDENCED_BY,3011,,,,,,
EVT-1526,RELATED_TO,POL-0054,3011,3011000,0.6,,,
EVT-1527,EVIDENCED_BY,3011,,,,,,
EVT-1528,EVIDENCED_BY,3011,,,,,,
EVT-1529,EVIDENCED_BY,3011,,,,,,
EVT-1530,EVIDENCED_BY,3009,,,,,,
EVT-1530,EVIDENCED_BY,3012,,,,,,
EVT-1530,ISSUED_BY,INST-0119,3009,3009000,0.95,,,
EVT-1530,ISSUED_BY,INST-0119,3012,3012000,0.95,,,
EVT-1530,RELATED_TO,POL-0058,3012,3012000,0.95,,,
EVT-1530,RELATED_TO,POL-0059,3009,3009000,0.95,,,
EVT-1531,EVIDENCED_BY,3013,,,,,,
EVT-1531,ISSUED_BY,INST-0180,3013,3013000,0.95,,,
EVT-1531,RELATED_TO,POL-0116,3013,3013000,0.95,,,
EVT-1532,EVIDENCED_BY,3014,,,,,,
EVT-1532,ISSUED_BY,INST-0211,3014,3014000,0.95,,,
EVT-1532,RELATED_TO,POL-0055,3014,3014000,0.95,,,
EVT-1533,EVIDENCED_BY,3015,,,,,,
EVT-1533,ISSUED_BY,INST-0155,3015,3015000,0.95,,,
EVT-1533,RELATED_TO,POL-0120,3015,3015000,0.95,,,
EVT-1534,EVIDENCED_BY,3015,,,,,,
EVT-1535,EVIDENCED_BY,3015,,,,,,
EVT-1535,ISSUED_BY,INST-0164,3015,3015008,0.9,,,
EVT-1536,EVIDENCED_BY,3015,,,,,,
EVT-1537,EVIDENCED_BY,3016,,,,,,
EVT-1537,ISSUED_BY,INST-0155,3016,3016000,0.95,,,
EVT-1537,RELATED_TO,POL-0053,3016,3016000,0.9,,,
EVT-1538,EVIDENCED_BY,3016,,,,,,
EVT-1539,EVIDENCED_BY,3016,,,,,,
EVT-1540,EVIDENCED_BY,3016,,,,,,
EVT-1541,EVIDENCED_BY,3017,,,,,,
EVT-1541,ISSUED_BY,INST-0155,3017,3017000,0.95,,,
EVT-1541,RELATED_TO,POL-0117,3017,3017000,0.95,,,
EVT-1542,EVIDENCED_BY,3018,,,,,,
EVT-1542,ISSUED_BY,INST-0155,3018,3018000,0.95,,,
EVT-1542,RELATED_TO,POL-0038,3018,3018000,0.9,,,
EVT-1543,EVIDENCED_BY,3018,,,,,,
EVT-1544,EVIDENCED_BY,3018,,,,,,
EVT-1545,EVIDENCED_BY,3019,,,,,,
EVT-1545,ISSUED_BY,INST-0155,3019,3019000,0.95,,,
EVT-1545,RELATED_TO,POL-0144,3019,3019000,0.9,,,
EVT-1546,EVIDENCED_BY,3019,,,,,,
EVT-1547,EVIDENCED_BY,3020,,,,,,
EVT-1547,ISSUED_BY,INST-0155,3020,3020000,0.95,,,
EVT-1547,RELATED_TO,POL-0148,3020,3020000,0.95,,,
EVT-1548,EVIDENCED_BY,3020,,,,,,
EVT-1548,ISSUED_BY,INST-0155,3020,3020000,0.9,,,
EVT-1548,RELATED_TO,POL-0148,3020,3020000,0.9,,,
EVT-1549,EVIDENCED_BY,3021,,,,,,
EVT-1549,ISSUED_BY,INST-0155,3021,3021000,0.9,,,
EVT-1549,RELATED_TO,POL-0035,3021,3021000,0.9,,,
EVT-1549,RELATED_TO,POL-0122,3021,3021000,0.9,,,
EVT-1550,EVIDENCED_BY,3021,,,,,,
EVT-1551,EVIDENCED_BY,3022,,,,,,
EVT-1551,ISSUED_BY,INST-0156,3022,3022000,0.9,,,
EVT-1551,RELATED_TO,POL-0074,3022,3022000,0.95,,,
EVT-1552,EVIDENCED_BY,3022,,,,,,
EVT-1552,ISSUED_BY,INST-0156,3022,3022004,0.9,,,
EVT-1552,RELATED_TO,POL-0088,3022,3022004,0.9,,,
EVT-1553,EVIDENCED_BY,3023,,,,,,
EVT-1553,ISSUED_BY,INST-0155,3023,3023000,0.9,,,
EVT-1553,RELATED_TO,POL-0033,3023,3023000,0.85,,,
EVT-1554,EVIDENCED_BY,3023,,,,,,
EVT-1555,EVIDENCED_BY,3023,,,,,,
EVT-1556,EVIDENCED_BY,3023,,,,,,
EVT-1557,EVIDENCED_BY,3024,,,,,,
EVT-1557,ISSUED_BY,INST-0156,3024,3024000,0.9,,,
EVT-1557,RELATED_TO,POL-0125,3024,3024000,0.9,,,
EVT-1558,EVIDENCED_BY,3025,,,,,,
EVT-1558,ISSUED_BY,INST-0155,3025,3025000,0.9,,,
EVT-1558,RELATED_TO,POL-0098,3025,3025000,0.9,,,
EVT-1559,EVIDENCED_BY,3025,,,,,,
EVT-1559,RELATED_TO,POL-0098,3025,3025003,0.8,,,
EVT-1560,EVIDENCED_BY,3026,,,,,,
EVT-1560,ISSUED_BY,INST-0155,3026,3026000,0.9,,,
EVT-1560,RELATED_TO,POL-0103,3026,3026000,0.9,,,
EVT-1561,EVIDENCED_BY,3027,,,,,,
EVT-1561,ISSUED_BY,INST-0155,3027,3027000,0.95,,,
EVT-1561,RELATED_TO,POL-0107,3027,3027000,0.95,,,
EVT-1562,EVIDENCED_BY,3027,,,,,,
EVT-1563,EVIDENCED_BY,3028,,,,,,
EVT-1563,ISSUED_BY,INST-0155,3028,3028000,0.95,,,
EVT-1563,RELATED_TO,POL-0035,3028,3028000,0.9,,,
EVT-1563,RELATED_TO,POL-0101,3028,3028000,0.95,,,
EVT-1564,EVIDENCED_BY,3028,,,,,,
EVT-1565,EVIDENCED_BY,3029,,,,,,
EVT-1565,ISSUED_BY,INST-0155,3029,3029000,0.7,,,
EVT-1565,RELATED_TO,POL-0094,3029,3029000,0.8,,,
EVT-1566,EVIDENCED_BY,3029,,,,,,
EVT-1567,EVIDENCED_BY,3029,,,,,,
EVT-1568,EVIDENCED_BY,3029,,,,,,
EVT-1569,EVIDENCED_BY,3030,,,,,,
EVT-1569,ISSUED_BY,INST-0155,3030,3030000,0.95,,,
EVT-1570,EVIDENCED_BY,3030,,,,,,
EVT-1570,RELATED_TO,POL-0109,3030,3030000,0.85,,,
EVT-1571,EVIDENCED_BY,4001,,,,,,
EVT-1571,ISSUED_BY,INST-0066,4001,4001002,0.95,,,
EVT-1571,RELATED_TO,POL-0138,4001,4001001,0.9,,,
EVT-1572,EVIDENCED_BY,4001,,,,,,
EVT-1572,ISSUED_BY,INST-0066,4001,4001002,0.95,,,
EVT-1572,RELATED_TO,POL-0137,4001,4001002,0.9,,,
EVT-1573,EVIDENCED_BY,4002,,,,,,
EVT-1574,EVIDENCED_BY,4002,,,,,,
EVT-1574,ISSUED_BY,INST-0066,4002,4002003,0.95,,,
EVT-1574,RELATED_TO,POL-0138,4002,4002002,0.85,,,
EVT-1575,EVIDENCED_BY,4003,,,,,,
EVT-1575,RELATED_TO,POL-0138,4003,4003000,0.85,,,
EVT-1576,EVIDENCED_BY,4003,,,,,,
EVT-1577,EVIDENCED_BY,4003,,,,,,
EVT-1577,ISSUED_BY,INST-0066,4003,4003002,0.95,,,
EVT-1578,EVIDENCED_BY,4004,,,,,,
EVT-1578,RELATED_TO,POL-0138,4004,4004004,0.9,,,
EVT-1579,EVIDENCED_BY,4004,,,,,,
EVT-1579,RELATED_TO,POL-0138,4004,4004004,0.9,,,
EVT-1580,EVIDENCED_BY,4004,,,,,,
EVT-1580,ISSUED_BY,INST-0066,4004,4004010,0.95,,,
EVT-1581,EVIDENCED_BY,4004,,,,,,
EVT-1581,ISSUED_BY,INST-0066,4004,4004012,0.95,,,
EVT-1581,RELATED_TO,POL-0137,4004,4004012,0.9,,,
EVT-1582,EVIDENCED_BY,4005,,,,,,
EVT-1583,EVIDENCED_BY,4005,,,,,,
EVT-1584,EVIDENCED_BY,4005,,,,,,
EVT-1584,ISSUED_BY,INST-0066,4005,4005012,0.9,,,
EVT-1584,RELATED_TO,POL-0043,4005,4005011,0.9,,,
EVT-1585,EVIDENCED_BY,4006,,,,,,
EVT-1586,EVIDENCED_BY,4006,,,,,,
EVT-1586,ISSUED_BY,INST-0066,4006,4006001,0.95,,,
EVT-1586,RELATED_TO,POL-0138,4006,4006001,0.9,,,
EVT-1587,EVIDENCED_BY,4007,,,,,,
EVT-1587,RELATED_TO,POL-0138,4007,4007001,0.9,,,
EVT-1588,EVIDENCED_BY,4007,,,,,,
EVT-1588,ISSUED_BY,INST-0066,4007,4007002,0.9,,,
EVT-1589,EVIDENCED_BY,4008,,,,,,
EVT-1589,RELATED_TO,POL-0138,4008,4008001,0.9,,,
EVT-1590,EVIDENCED_BY,4008,,,,,,
EVT-1590,ISSUED_BY,INST-0066,4008,4008001,0.95,,,
EVT-1591,EVIDENCED_BY,4009,,,,,,
EVT-1591,RELATED_TO,POL-0138,4009,4009001,0.85,,,
EVT-1592,EVIDENCED_BY,4009,,,,,,
EVT-1592,ISSUED_BY,INST-0115,4009,4009001,0.9,,,
EVT-1593,EVIDENCED_BY,4009,,,,,,
EVT-1593,ISSUED_BY,INST-0066,4009,4009002,0.95,,,
EVT-1594,EVIDENCED_BY,4010,,,,,,
EVT-1594,ISSUED_BY,INST-0066,4010,4010002,0.95,,,
EVT-1594,RELATED_TO,POL-0138,4010,4010001,0.9,,,
EVT-1595,EVIDENCED_BY,4010,,,,,,
EVT-1596,EVIDENCED_BY,4010,,,,,,
EVT-1597,EVIDENCED_BY,4011,,,,,,
EVT-1598,EVIDENCED_BY,4011,,,,,,
EVT-1599,EVIDENCED_BY,4011,,,,,,
EVT-1599,ISSUED_BY,INST-0066,4011,4011013,0.9,,,
EVT-1599,RELATED_TO,POL-0043,4011,4011000,0.9,,,
EVT-1600,EVIDENCED_BY,4012,,,,,,
EVT-1601,EVIDENCED_BY,4012,,,,,,
EVT-1601,RELATED_TO,POL-0138,4012,4012001,0.9,,,
EVT-1602,EVIDENCED_BY,4012,,,,,,
EVT-1602,ISSUED_BY,INST-0066,4012,4012002,0.9,,,
EVT-1603,EVIDENCED_BY,4013,,,,,,
EVT-1604,EVIDENCED_BY,4013,,,,,,
EVT-1604,ISSUED_BY,INST-0066,4013,4013002,0.95,,,
EVT-1604,RELATED_TO,POL-0138,4013,4013002,0.85,,,
EVT-1605,EVIDENCED_BY,4014,,,,,,
EVT-1605,ISSUED_BY,INST-0066,4014,4014003,0.95,,,
EVT-1605,RELATED_TO,POL-0138,4014,4014001,0.9,,,
EVT-1606,EVIDENCED_BY,4015,,,,,,
EVT-1606,RELATED_TO,POL-0138,4015,4015000,0.9,,,
EVT-1607,EVIDENCED_BY,4015,,,,,,
EVT-1608,EVIDENCED_BY,4015,,,,,,
EVT-1608,ISSUED_BY,INST-0066,4015,4015003,0.9,,,
EVT-1608,RELATED_TO,POL-0138,4015,4015001,0.9,,,
EVT-1609,EVIDENCED_BY,4016,,,,,,
EVT-1609,ISSUED_BY,INST-0066,4016,4016015,0.95,,,
EVT-1609,RELATED_TO,POL-0138,4016,4016014,0.9,,,
EVT-1610,EVIDENCED_BY,4016,,,,,,
EVT-1611,EVIDENCED_BY,4016,,,,,,
EVT-1612,EVIDENCED_BY,4016,,,,,,
EVT-1613,EVIDENCED_BY,4017,,,,,,
EVT-1614,EVIDENCED_BY,4017,,,,,,
EVT-1614,ISSUED_BY,INST-0066,4017,4017007,0.95,,,
EVT-1615,EVIDENCED_BY,4017,,,,,,
EVT-1615,ISSUED_BY,INST-0066,4017,4017007,0.95,,,
EVT-1616,EVIDENCED_BY,4018,,,,,,
EVT-1617,EVIDENCED_BY,4018,,,,,,
EVT-1617,ISSUED_BY,INST-0066,4018,4018008,0.9,,,
EVT-1617,RELATED_TO,POL-0043,4018,4018008,0.9,,,
EVT-1618,EVIDENCED_BY,4019,,,,,,
EVT-1619,EVIDENCED_BY,4019,,,,,,
EVT-1620,EVIDENCED_BY,4019,,,,,,
EVT-1620,ISSUED_BY,INST-0066,4019,4019007,0.9,,,
EVT-1620,RELATED_TO,POL-0138,4019,4019006,0.85,,,
EVT-1621,EVIDENCED_BY,4019,,,,,,
EVT-1621,ISSUED_BY,INST-0066,4019,4019007,0.9,,,
EVT-1622,EVIDENCED_BY,4020,,,,,,
EVT-1622,RELATED_TO,POL-0138,4020,4020001,0.9,,,
EVT-1623,EVIDENCED_BY,4020,,,,,,
EVT-1623,ISSUED_BY,INST-0066,4020,4020004,0.95,,,
EVT-1623,RELATED_TO,POL-0138,4020,4020003,0.9,,,
INST-0002,PARTICIPATES_IN,EVT-0257,1128,1128001,0.9,主体,,
INST-0003,PARTICIPATES_IN,EVT-0982,1466,1466001,0.9,监管方,,
INST-0003,PARTICIPATES_IN,EVT-1069,1510,1510001,0.85,监管方,,
INST-0007,PARTICIPATES_IN,EVT-0379,1182,1182008,0.85,涉及方,,
INST-0008,PARTICIPATES_IN,EVT-1454,2085,2085005,0.9,主体,,
INST-0009,PARTICIPATES_IN,EVT-0599,1284,1284006,0.85,主体,,
INST-0012,PARTICIPATES_IN,EVT-0737,1345,1345002,0.8,涉及方,,
INST-0013,PARTICIPATES_IN,EVT-1298,2028,2028000,0.85,涉及方,,
INST-0014,PARTICIPATES_IN,EVT-0221,1108,1108001,0.85,监管方,,
INST-0015,PARTICIPATES_IN,EVT-0388,1186,1186000,0.9,监管方,,
INST-0015,PARTICIPATES_IN,EVT-0924,1432,1432000,0.9,监管方,,
INST-0015,PARTICIPATES_IN,EVT-1061,1505,1505000,0.9,监管方,,
INST-0017,PARTICIPATES_IN,EVT-1529,3011,3011006,0.9,主体,,
INST-0018,PARTICIPATES_IN,EVT-0075,1039,1039001,0.85,涉及方,,
INST-0018,PARTICIPATES_IN,EVT-0077,1039,1039001,0.85,涉及方,,
INST-0020,PARTICIPATES_IN,EVT-0014,1007,1007002,0.8,涉及方,,
INST-0020,PARTICIPATES_IN,EVT-0104,1050,1050001,0.85,监管方,,
INST-0020,PARTICIPATES_IN,EVT-0526,1247,1247002,0.8,涉及方,,
INST-0020,PARTICIPATES_IN,EVT-0553,1261,1261005,0.85,涉及方,,
INST-0020,PARTICIPATES_IN,EVT-0819,1378,1378000,0.85,涉及方,,
INST-0020,PARTICIPATES_IN,EVT-1221,2002,2002000,0.8,涉及方,,
INST-0021,PARTICIPATES_IN,EVT-0288,1147,1147000,0.8,涉及方,,
INST-0021,PARTICIPATES_IN,EVT-0384,1184,1184000,0.8,涉及方,,
INST-0025,PARTICIPATES_IN,EVT-1343,2047,2047000,0.8,监管方,,
INST-0026,PARTICIPATES_IN,EVT-0399,1190,1190002,0.85,涉及方,,
INST-0026,PARTICIPATES_IN,EVT-0409,1194,1194001,0.8,涉及方,,
INST-0036,PARTICIPATES_IN,EVT-0335,1167,1167002,0.95,合作方,,
INST-0037,PARTICIPATES_IN,EVT-0895,1417,1417002,0.9,监管方,,
INST-0037,PARTICIPATES_IN,EVT-0934,1438,1438000,0.9,监管方,,
INST-0038,PARTICIPATES_IN,EVT-0186,1090,1090001,0.9,合作方,,
INST-0038,PARTICIPATES_IN,EVT-0187,1090,1090003,0.9,主体,,
INST-0040,PARTICIPATES_IN,EVT-0124,1059,1059003,0.85,涉及方,,
INST-0040,PARTICIPATES_IN,EVT-0182,1088,1088022,0.9,涉及方,,
INST-0040,PARTICIPATES_IN,EVT-0688,1323,1323005,0.9,涉及方,,
INST-0042,PARTICIPATES_IN,EVT-1364,2053,2053000,0.9,主体,,
INST-0043,PARTICIPATES_IN,EVT-0258,1128,1128002,0.9,主体,,
INST-0044,PARTICIPATES_IN,EVT-1527,3011,3011001,0.9,主体,,
INST-0045,PARTICIPATES_IN,EVT-1371,2057,2057000,0.85,涉及方,,
INST-0045,PARTICIPATES_IN,EVT-1378,2058,2058000,0.9,主体,,
INST-0047,PARTICIPATES_IN,EVT-1354,2050,2050000,0.9,主体,,
INST-0050,PARTICIPATES_IN,EVT-1434,2079,2079000,0.9,合作方,,
INST-0052,PARTICIPATES_IN,EVT-1158,1558,1558000,0.85,涉及方,,
INST-0058,PARTICIPATES_IN,EVT-0035,1016,1016002,0.9,合作方,,
INST-0058,PARTICIPATES_IN,EVT-0147,1071,1071003,0.9,涉及方,,
INST-0058,PARTICIPATES_IN,EVT-0190,1091,1091001,0.9,涉及方,,
INST-0058,PARTICIPATES_IN,EVT-0612,1290,1290000,0.9,涉及方,,
INST-0058,PARTICIPATES_IN,EVT-0624,1296,1296001,0.9,涉及方,,
INST-0058,PARTICIPATES_IN,EVT-0693,1326,1326001,0.85,涉及方,,
INST-0058,PARTICIPATES_IN,EVT-0705,1331,1331003,0.85,涉及方,,
INST-0058,PARTICIPATES_IN,EVT-0835,1386,1386003,0.9,涉及方,,
INST-0059,PARTICIPATES_IN,EVT-0507,1237,1237006,0.9,合作方,,
INST-0059,PARTICIPATES_IN,EVT-0542,1257,1257006,0.85,涉及方,,
INST-0059,PARTICIPATES_IN,EVT-0766,1359,1359003,0.9,合作方,,
INST-0060,PARTICIPATES_IN,EVT-0019,1010,1010001,0.8,监管方,,
INST-0063,PARTICIPATES_IN,EVT-0362,1176,1176002,0.85,涉及方,,
INST-0063,PARTICIPATES_IN,EVT-0782,1364,1364001,0.85,涉及方,,
INST-0064,PARTICIPATES_IN,EVT-0149,1072,1072006,0.85,涉及方,,
INST-0064,PARTICIPATES_IN,EVT-0156,1077,1077000,0.9,涉及方,,
INST-0064,PARTICIPATES_IN,EVT-0618,1293,1293004,0.9,涉及方,,
INST-0065,PARTICIPATES_IN,EVT-0073,1038,1038003,0.85,涉及方,,
INST-0065,PARTICIPATES_IN,EVT-0122,1059,1059001,0.85,涉及方,,
INST-0065,PARTICIPATES_IN,EVT-0181,1088,1088000,0.9,涉及方,,
INST-0065,PARTICIPATES_IN,EVT-0205,1098,1098001,0.9,涉及方,,
INST-0065,PARTICIPATES_IN,EVT-0218,1106,1106001,0.85,涉及方,,
INST-0065,PARTICIPATES_IN,EVT-0296,1151,1151000,0.9,涉及方,,
INST-0065,PARTICIPATES_IN,EVT-0297,1151,1151000,0.9,涉及方,,
INST-0065,PARTICIPATES_IN,EVT-0298,1151,1151000,0.9,涉及方,,
INST-0065,PARTICIPATES_IN,EVT-0299,1151,1151000,0.9,涉及方,,
INST-0065,PARTICIPATES_IN,EVT-0595,1283,1283005,0.9,合作方,,
INST-0065,PARTICIPATES_IN,EVT-0638,1302,1302001,0.85,涉及方,,
INST-0065,PARTICIPATES_IN,EVT-0676,1318,1318005,0.9,涉及方,,
INST-0066,PARTICIPATES_IN,EVT-0026,1014,1014001,0.9,监管方,,
INST-0066,PARTICIPATES_IN,EVT-0103,1050,1050000,0.9,监管方,,
INST-0066,PARTICIPATES_IN,EVT-0188,1090,1090007,0.9,监管方,,
INST-0066,PARTICIPATES_IN,EVT-0356,1174,1174000,0.9,监管方,,
INST-0066,PARTICIPATES_IN,EVT-0473,1224,1224000,0.9,监管方,,
INST-0069,PARTICIPATES_IN,EVT-0060,1033,1033000,0.8,合作方,,
INST-0073,PARTICIPATES_IN,EVT-0603,1285,1285005,0.85,监管方,,
INST-0074,PARTICIPATES_IN,EVT-0739,1346,1346002,0.9,合作方,,
INST-0076,PARTICIPATES_IN,EVT-1344,2047,2047001,0.9,主体,,
INST-0078,PARTICIPATES_IN,EVT-1526,3011,3011004,0.7,主体,,
INST-0083,PARTICIPATES_IN,EVT-0214,1104,1104002,0.95,主体,,
INST-0084,PARTICIPATES_IN,EVT-1235,2008,2008000,0.9,主体,,
INST-0084,PARTICIPATES_IN,EVT-1236,2008,2008001,0.9,主体,,
INST-0085,PARTICIPATES_IN,EVT-0112,1054,1054004,0.9,主体,,
INST-0085,PARTICIPATES_IN,EVT-0113,1054,1054005,0.9,主体,,
INST-0085,PARTICIPATES_IN,EVT-0114,1054,1054005,0.9,主体,,
INST-0086,PARTICIPATES_IN,EVT-1313,2036,2036001,0.9,主体,,
INST-0088,PARTICIPATES_IN,EVT-1316,2037,2037002,0.9,主体,,
INST-0088,PARTICIPATES_IN,EVT-1317,2037,2037002,0.9,主体,,
INST-0092,PARTICIPATES_IN,EVT-0900,1420,1420000,0.9,涉及方,,
INST-0092,PARTICIPATES_IN,EVT-0986,1468,1468000,0.9,涉及方,,
INST-0095,PARTICIPATES_IN,EVT-1538,3016,3016022,0.85,监管方,,
INST-0095,PARTICIPATES_IN,EVT-1539,3016,3016004,0.85,监管方,,
INST-0097,PARTICIPATES_IN,EVT-1540,3016,3016005,0.8,涉及方,,
INST-0099,PARTICIPATES_IN,EVT-1302,2029,2029003,0.9,主体,,
INST-0110,PARTICIPATES_IN,EVT-0445,1210,1210000,0.8,涉及方,,
INST-0111,PARTICIPATES_IN,EVT-0137,1067,1067000,0.8,涉及方,,
INST-0112,PARTICIPATES_IN,EVT-1323,2040,2040000,0.85,涉及方,,
INST-0120,PARTICIPATES_IN,EVT-1498,2102,2102000,0.9,主体,,
INST-0122,PARTICIPATES_IN,EVT-0065,1035,1035008,0.9,涉及方,,
INST-0124,PARTICIPATES_IN,EVT-0840,1389,1389004,0.7,涉及方,,
INST-0126,PARTICIPATES_IN,EVT-0752,1354,1354000,0.9,涉及方,,
INST-0126,PARTICIPATES_IN,EVT-0770,1361,1361007,0.9,涉及方,,
INST-0126,PARTICIPATES_IN,EVT-0962,1456,1456002,0.8,涉及方,,
INST-0127,PARTICIPATES_IN,EVT-0420,1198,1198001,0.85,涉及方,,
INST-0128,PARTICIPATES_IN,EVT-0068,1036,1036001,0.9,涉及方,,
INST-0130,PARTICIPATES_IN,EVT-0056,1031,1031000,0.9,涉及方,,
INST-0130,PARTICIPATES_IN,EVT-0058,1032,1032004,0.85,涉及方,,
INST-0132,PARTICIPATES_IN,EVT-0116,1056,1056001,0.9,涉及方,,
INST-0132,PARTICIPATES_IN,EVT-0116,1057,1057004,0.9,涉及方,,
INST-0133,PARTICIPATES_IN,EVT-0009,1006,1006005,0.85,涉及方,,
INST-0134,PARTICIPATES_IN,EVT-1355,2050,2050002,0.8,涉及方,,
INST-0135,PARTICIPATES_IN,EVT-0194,1093,1093007,0.85,涉及方,,
INST-0136,PARTICIPATES_IN,EVT-0450,1212,1212000,0.9,涉及方,,
INST-0136,PARTICIPATES_IN,EVT-0696,1327,1327010,0.9,涉及方,,
INST-0138,PARTICIPATES_IN,EVT-1358,2051,2051002,0.8,主体,,
INST-0139,PARTICIPATES_IN,EVT-1508,2106,2106002,0.9,主体,,
INST-0139,PARTICIPATES_IN,EVT-1509,2106,2106002,0.85,主体,,
INST-0143,PARTICIPATES_IN,EVT-1108,1532,1532000,0.7,监管方,,
INST-0144,PARTICIPATES_IN,EVT-1553,3023,3023000,0.85,涉及方,,
INST-0144,PARTICIPATES_IN,EVT-1562,3027,3027001,0.9,主体,,
INST-0145,PARTICIPATES_IN,EVT-1525,3010,3010000,0.85,涉及方,,
INST-0147,PARTICIPATES_IN,EVT-0955,1451,1451000,0.95,合作方,,
INST-0147,PARTICIPATES_IN,EVT-1011,1481,1481000,0.9,涉及方,,
INST-0150,PARTICIPATES_IN,EVT-0203,1097,1097000,0.8,涉及方,,
INST-0151,PARTICIPATES_IN,EVT-1558,3025,3025001,0.85,涉及方,,
INST-0154,PARTICIPATES_IN,EVT-1413,2071,2071000,0.9,主体,,
INST-0154,PARTICIPATES_IN,EVT-1416,2072,2072005,0.85,涉及方,,
INST-0155,PARTICIPATES_IN,EVT-1514,3002,3002000,0.85,主体,,
INST-0155,PARTICIPATES_IN,EVT-1523,3008,3008000,0.85,主体,,
INST-0155,PARTICIPATES_IN,EVT-1543,3018,3018000,0.9,主体,,
INST-0155,PARTICIPATES_IN,EVT-1544,3018,3018000,0.9,主体,,
INST-0156,PARTICIPATES_IN,EVT-1518,3005,3005017,0.75,主体,,
INST-0161,PARTICIPATES_IN,EVT-1562,3027,3027001,0.8,涉及方,,
INST-0164,PARTICIPATES_IN,EVT-1534,3015,3015001,0.9,主体,,
INST-0167,PARTICIPATES_IN,EVT-1555,3023,3023008,0.8,涉及方,,
INST-0173,PARTICIPATES_IN,EVT-1558,3025,3025001,0.85,涉及方,,
INST-0173,PARTICIPATES_IN,EVT-1559,3025,3025001,0.75,涉及方,,
INST-0173,PARTICIPATES_IN,EVT-1567,3029,3029001,0.85,合作方,,
INST-0175,PARTICIPATES_IN,EVT-1255,2014,2014000,0.85,合作方,,
INST-0179,PARTICIPATES_IN,EVT-1545,3019,3019000,0.9,主体,,
INST-0179,PARTICIPATES_IN,EVT-1546,3019,3019000,0.9,主体,,
INST-0179,PARTICIPATES_IN,EVT-1570,3030,3030000,0.9,主体,,
INST-0181,PARTICIPATES_IN,EVT-1550,3021,3021025,0.9,主体,,
INST-0182,PARTICIPATES_IN,EVT-1567,3029,3029001,0.85,合作方,,
INST-0183,PARTICIPATES_IN,EVT-1057,1503,1503004,0.8,监管方,,
INST-0184,PARTICIPATES_IN,EVT-0751,1353,1353000,0.9,监管方,,
INST-0184,PARTICIPATES_IN,EVT-0877,1404,1404000,0.9,监管方,,
INST-0184,PARTICIPATES_IN,EVT-0878,1405,1405000,0.9,监管方,,
INST-0184,PARTICIPATES_IN,EVT-0884,1409,1409000,0.85,监管方,,
INST-0184,PARTICIPATES_IN,EVT-0890,1413,1413000,0.9,监管方,,
INST-0184,PARTICIPATES_IN,EVT-0897,1418,1418000,0.9,监管方,,
INST-0184,PARTICIPATES_IN,EVT-0910,1425,1425000,0.9,监管方,,
INST-0184,PARTICIPATES_IN,EVT-0911,1425,1425001,0.9,监管方,,
INST-0184,PARTICIPATES_IN,EVT-0916,1428,1428000,0.9,监管方,,
INST-0184,PARTICIPATES_IN,EVT-0947,1446,1446000,0.9,监管方,,
INST-0184,PARTICIPATES_IN,EVT-0953,1449,1449000,0.95,监管方,,
INST-0184,PARTICIPATES_IN,EVT-0969,1460,1460000,0.9,监管方,,
INST-0184,PARTICIPATES_IN,EVT-0971,1461,1461000,0.9,监管方,,
INST-0184,PARTICIPATES_IN,EVT-0981,1466,1466001,0.9,监管方,,
INST-0184,PARTICIPATES_IN,EVT-1006,1478,1478000,0.95,监管方,,
INST-0184,PARTICIPATES_IN,EVT-1023,1488,1488000,0.9,监管方,,
INST-0184,PARTICIPATES_IN,EVT-1039,1496,1496000,0.9,监管方,,
INST-0184,PARTICIPATES_IN,EVT-1042,1497,1497000,0.9,监管方,,
INST-0184,PARTICIPATES_IN,EVT-1044,1498,1498000,0.9,监管方,,
INST-0184,PARTICIPATES_IN,EVT-1060,1505,1505000,0.9,监管方,,
INST-0184,PARTICIPATES_IN,EVT-1061,1505,1505000,0.9,监管方,,
INST-0184,PARTICIPATES_IN,EVT-1067,1510,1510000,0.9,监管方,,
INST-0184,PARTICIPATES_IN,EVT-1078,1514,1514000,0.9,监管方,,
INST-0184,PARTICIPATES_IN,EVT-1085,1519,1519000,0.9,监管方,,
INST-0184,PARTICIPATES_IN,EVT-1086,1519,1519001,0.85,监管方,,
INST-0184,PARTICIPATES_IN,EVT-1184,1575,1575000,0.9,监管方,,
INST-0184,PARTICIPATES_IN,EVT-1193,1579,1579001,0.9,监管方,,
INST-0184,PARTICIPATES_IN,EVT-1196,1581,1581000,0.9,监管方,,
INST-0184,PARTICIPATES_IN,EVT-1198,1582,1582000,0.9,监管方,,
INST-0184,PARTICIPATES_IN,EVT-1208,1588,1588000,0.9,监管方,,
INST-0184,PARTICIPATES_IN,EVT-1213,1591,1591000,0.9,监管方,,
INST-0185,PARTICIPATES_IN,EVT-1104,1530,1530002,0.75,监管方,,
INST-0185,PARTICIPATES_IN,EVT-1165,1562,1562002,0.85,监管方,,
INST-0186,PARTICIPATES_IN,EVT-1194,1579,1579002,0.9,监管方,,
INST-0188,PARTICIPATES_IN,EVT-0386,1185,1185000,0.9,监管方,,
INST-0188,PARTICIPATES_IN,EVT-0888,1412,1412000,0.9,监管方,,
INST-0188,PARTICIPATES_IN,EVT-1058,1504,1504000,0.9,监管方,,
INST-0188,PARTICIPATES_IN,EVT-1172,1568,1568000,0.9,监管方,,
INST-0189,PARTICIPATES_IN,EVT-1446,2082,2082003,0.8,监管方,,
INST-0190,PARTICIPATES_IN,EVT-0188,1090,1090009,0.9,监管方,,
INST-0190,PARTICIPATES_IN,EVT-0327,1162,1162003,0.8,监管方,,
INST-0192,PARTICIPATES_IN,EVT-0003,1004,1004009,0.9,涉及方,,
INST-0198,PARTICIPATES_IN,EVT-1370,2055,2055001,0.9,主体,,
INST-0199,PARTICIPATES_IN,EVT-1522,3007,3007001,0.8,涉及方,,
INST-0200,PARTICIPATES_IN,EVT-0192,1092,1092000,0.8,涉及方,,
INST-0201,PARTICIPATES_IN,EVT-0134,1065,1065011,0.9,涉及方,,
INST-0203,PARTICIPATES_IN,EVT-1333,2043,2043000,0.95,主体,,
INST-0203,PARTICIPATES_IN,EVT-1334,2043,2043000,0.9,主体,,
INST-0204,PARTICIPATES_IN,EVT-0159,1077,1077008,0.9,涉及方,,
INST-0208,PARTICIPATES_IN,EVT-0975,1463,1463000,0.8,涉及方,,
INST-0210,PARTICIPATES_IN,EVT-0948,1446,1446000,0.9,监管方,,
INST-0210,PARTICIPATES_IN,EVT-1183,1574,1574000,0.8,监管方,,
INST-0216,PARTICIPATES_IN,EVT-0873,1402,1402000,0.9,合作方,,
INST-0216,PARTICIPATES_IN,EVT-0986,1468,1468000,0.85,涉及方,,
INST-0218,PARTICIPATES_IN,EVT-1527,3011,3011001,0.9,主体,,
INST-0221,PARTICIPATES_IN,EVT-0144,1070,1070001,0.8,合作方,,
INST-0222,PARTICIPATES_IN,EVT-0572,1273,1273006,0.9,涉及方,,
INST-0224,PARTICIPATES_IN,EVT-1028,1490,1490000,0.9,监管方,,
INST-0224,PARTICIPATES_IN,EVT-1098,1528,1528000,0.8,监管方,,
INST-0225,PARTICIPATES_IN,EVT-0144,1070,1070001,0.8,合作方,,
INST-0226,PARTICIPATES_IN,EVT-1315,2037,2037000,0.9,主体,,
INST-0228,PARTICIPATES_IN,EVT-1354,2050,2050001,0.85,涉及方,,
INST-0229,PARTICIPATES_IN,EVT-1422,2075,2075003,0.85,主体,,
INST-0231,PARTICIPATES_IN,EVT-0194,1093,1093006,0.85,涉及方,,
INST-0232,PARTICIPATES_IN,EVT-0893,1416,1416000,0.9,监管方,,
INST-0235,PARTICIPATES_IN,EVT-1308,2032,2032000,0.7,主体,,
INST-0237,PARTICIPATES_IN,EVT-0153,1075,1075000,0.9,涉及方,,
INST-0240,PARTICIPATES_IN,EVT-1417,2072,2072005,0.85,涉及方,,
INST-0241,PARTICIPATES_IN,EVT-0184,1089,1089000,0.9,涉及方,,
INST-0242,PARTICIPATES_IN,EVT-1541,3017,3017000,0.9,涉及方,,
INST-0242,PARTICIPATES_IN,EVT-1564,3028,3028027,0.9,主体,,
INST-0243,PARTICIPATES_IN,EVT-1560,3026,3026001,0.85,涉及方,,
INST-0244,PARTICIPATES_IN,EVT-1236,2008,2008001,0.85,合作方,,
INST-0245,PARTICIPATES_IN,EVT-0833,1385,1385000,0.9,合作方,,
INST-0248,PARTICIPATES_IN,EVT-0945,1445,1445001,0.9,涉及方,,
INST-0249,PARTICIPATES_IN,EVT-1168,1564,1564000,0.8,涉及方,,
INST-0250,PARTICIPATES_IN,EVT-1192,1578,1578001,0.85,涉及方,,
INST-0251,PARTICIPATES_IN,EVT-0833,1385,1385000,0.9,监管方,,
INST-0252,PARTICIPATES_IN,EVT-1301,2029,2029002,0.9,主体,,
INST-0252,PARTICIPATES_IN,EVT-1324,2040,2040000,0.85,涉及方,,
INST-0252,PARTICIPATES_IN,EVT-1325,2040,2040002,0.9,涉及方,,
INST-0255,PARTICIPATES_IN,EVT-0626,1297,1297001,0.9,监管方,,
INST-0255,PARTICIPATES_IN,EVT-0627,1297,1297001,0.9,监管方,,
INST-0258,PARTICIPATES_IN,EVT-0153,1075,1075000,0.9,涉及方,,
INST-0261,PARTICIPATES_IN,EVT-0088,1044,1044007,0.85,涉及方,,
INST-0263,PARTICIPATES_IN,EVT-1567,3029,3029001,0.9,主体,,
INST-0265,PARTICIPATES_IN,EVT-0963,1456,1456001,0.8,合作方,,
INST-0268,PARTICIPATES_IN,EVT-1170,1566,1566000,0.8,监管方,,
INST-0269,PARTICIPATES_IN,EVT-0138,1068,1068000,0.9,合作方,,
INST-0270,PARTICIPATES_IN,EVT-0904,1423,1423000,0.85,监管方,,
INST-0271,PARTICIPATES_IN,EVT-0138,1068,1068000,0.9,合作方,,
INST-0274,PARTICIPATES_IN,EVT-1536,3015,3015010,0.9,主体,,
INST-0280,PARTICIPATES_IN,EVT-0138,1068,1068000,0.9,合作方,,
INST-0281,PARTICIPATES_IN,EVT-0027,1014,1014000,0.9,涉及方,,
INST-0281,PARTICIPATES_IN,EVT-0394,1188,1188001,0.85,涉及方,,
INST-0281,PARTICIPATES_IN,EVT-0450,1212,1212003,0.85,涉及方,,
INST-0281,PARTICIPATES_IN,EVT-0484,1228,1228000,0.8,监管方,,
INST-0281,PARTICIPATES_IN,EVT-0609,1289,1289001,0.7,涉及方,,
INST-0281,PARTICIPATES_IN,EVT-0795,1369,1369003,0.85,涉及方,,
INST-0281,PARTICIPATES_IN,EVT-0840,1389,1389007,0.6,涉及方,,
INST-0282,PARTICIPATES_IN,EVT-1455,2086,2086000,0.9,主体,,
INST-0282,PARTICIPATES_IN,EVT-1460,2088,2088000,0.95,主体,,
INST-0282,PARTICIPATES_IN,EVT-1461,2088,2088000,0.9,主体,,
INST-0285,PARTICIPATES_IN,EVT-0016,1008,1008001,0.8,涉及方,,
INST-0286,PARTICIPATES_IN,EVT-1106,1531,1531006,0.9,监管方,,
INST-0287,PARTICIPATES_IN,EVT-1062,1506,1506000,0.7,涉及方,,
INST-0289,PARTICIPATES_IN,EVT-0493,1232,1232000,0.9,主体,,
INST-0291,PARTICIPATES_IN,EVT-1477,2096,2096000,0.9,主体,,
INST-0292,PARTICIPATES_IN,EVT-1557,3024,3024000,0.9,主体,,
INST-0292,PARTICIPATES_IN,EVT-1569,3030,3030000,0.85,涉及方,,
INST-0300,PARTICIPATES_IN,EVT-1551,3022,3022000,0.85,受影响方,,
INST-0300,PARTICIPATES_IN,EVT-1552,3022,3022003,0.8,受影响方,,
INST-0303,PARTICIPATES_IN,EVT-0153,1075,1075000,0.9,涉及方,,
INST-0304,PARTICIPATES_IN,EVT-0356,1174,1174008,0.9,涉及方,,
INST-0305,PARTICIPATES_IN,EVT-0093,1047,1047009,0.9,涉及方,,
INST-0305,PARTICIPATES_IN,EVT-0094,1047,1047009,0.9,涉及方,,
INST-0306,PARTICIPATES_IN,EVT-0959,1454,1454010,0.85,涉及方,,
INST-0307,PARTICIPATES_IN,EVT-0165,1081,1081001,0.85,涉及方,,
INST-0308,PARTICIPATES_IN,EVT-0047,1025,1025001,0.85,涉及方,,
INST-0309,PARTICIPATES_IN,EVT-0195,1094,1094000,0.9,涉及方,,
INST-0311,PARTICIPATES_IN,EVT-1021,1487,1487000,0.8,监管方,,
INST-0312,PARTICIPATES_IN,EVT-1083,1518,1518000,0.9,监管方,,
INST-0320,PARTICIPATES_IN,EVT-1569,3030,3030000,0.85,涉及方,,
INST-0321,PARTICIPATES_IN,EVT-1354,2050,2050001,0.85,涉及方,,
INST-0321,PARTICIPATES_IN,EVT-1355,2050,2050002,0.8,涉及方,,
INST-0326,PARTICIPATES_IN,EVT-0275,1141,1141010,0.85,主体,,
INST-0327,PARTICIPATES_IN,EVT-0744,1349,1349004,0.9,涉及方,,
INST-0328,PARTICIPATES_IN,EVT-0810,1375,1375001,0.9,主体,,
INST-0329,PARTICIPATES_IN,EVT-1131,1543,1543000,0.9,合作方,,
INST-0330,PARTICIPATES_IN,EVT-0090,1045,1045001,0.9,涉及方,,
INST-0330,PARTICIPATES_IN,EVT-0842,1390,1390019,0.85,涉及方,,
INST-0331,PARTICIPATES_IN,EVT-0201,1096,1096001,0.8,监管方,,
INST-0336,PARTICIPATES_IN,EVT-1300,2029,2029002,0.9,主体,,
INST-0338,PARTICIPATES_IN,EVT-1300,2029,2029002,0.9,主体,,
INST-0338,PARTICIPATES_IN,EVT-1324,2040,2040000,0.85,涉及方,,
INST-0338,PARTICIPATES_IN,EVT-1325,2040,2040002,0.9,涉及方,,
INST-0342,PARTICIPATES_IN,EVT-1521,3007,3007002,0.8,涉及方,,
INST-0343,PARTICIPATES_IN,EVT-1524,3008,3008010,0.7,监管方,,
INST-0345,PARTICIPATES_IN,EVT-0728,1341,1341003,0.9,涉及方,,
INST-0349,PARTICIPATES_IN,EVT-1200,1584,1584005,0.85,合作方,,
INST-0351,PARTICIPATES_IN,EVT-1199,1583,1583000,0.9,合作方,,
INST-0353,PARTICIPATES_IN,EVT-0131,1065,1065000,0.9,涉及方,,
INST-0353,PARTICIPATES_IN,EVT-0135,1066,1066003,0.9,涉及方,,
INST-0356,PARTICIPATES_IN,EVT-0788,1366,1366003,0.8,涉及方,,
INST-0358,PARTICIPATES_IN,EVT-0539,1252,1252000,0.8,涉及方,,
INST-0367,PARTICIPATES_IN,EVT-0344,1170,1170001,0.85,涉及方,,
INST-0367,PARTICIPATES_IN,EVT-0674,1317,1317001,0.9,监管方,,
INST-0368,PARTICIPATES_IN,EVT-0309,1155,1155004,0.85,监管方,,
INST-0371,PARTICIPATES_IN,EVT-1063,1507,1507000,0.9,涉及方,,
PER-0005,PARTICIPATES_IN,EVT-0115,1055,1055000,0.95,主体,,
PER-0010,PARTICIPATES_IN,EVT-0991,1471,1471000,0.8,涉及方,,
PER-0020,PARTICIPATES_IN,EVT-1621,4019,4019006,0.9,主体,,
PER-0021,PARTICIPATES_IN,EVT-0647,1308,1308000,0.95,主体,,
PER-0026,PARTICIPATES_IN,EVT-0131,1065,1065005,0.9,涉及方,,
PER-0026,PARTICIPATES_IN,EVT-0135,1066,1066000,0.9,涉及方,,
PER-0027,PARTICIPATES_IN,EVT-0354,1173,1173003,0.9,涉及方,,
PER-0028,PARTICIPATES_IN,EVT-1615,4017,4017006,0.9,主体,,
PER-0029,PARTICIPATES_IN,EVT-0016,1008,1008004,0.85,涉及方,,
PER-0031,PARTICIPATES_IN,EVT-1622,4020,4020000,0.95,主体,,
PER-0032,PARTICIPATES_IN,EVT-1601,4012,4012001,0.93,主体,,
PER-0032,PARTICIPATES_IN,EVT-1602,4012,4012001,0.9,主体,,
PER-0035,PARTICIPATES_IN,EVT-0491,1231,1231000,0.9,涉及方,,
PER-0036,PARTICIPATES_IN,EVT-0058,1032,1032000,0.9,涉及方,,
PER-0038,PARTICIPATES_IN,EVT-0119,1057,1057004,0.9,涉及方,,
PER-0038,PARTICIPATES_IN,EVT-0374,1180,1180004,0.9,涉及方,,
PER-0039,PARTICIPATES_IN,EVT-0264,1131,1131001,0.9,主体,,
PER-0042,PARTICIPATES_IN,EVT-0735,1345,1345000,0.9,主体,,
PER-0044,PARTICIPATES_IN,EVT-0645,1307,1307009,0.9,涉及方,,
PER-0047,PARTICIPATES_IN,EVT-1357,2051,2051001,0.7,涉及方,,
PER-0049,PARTICIPATES_IN,EVT-0770,1361,1361001,0.9,涉及方,,
PER-0050,PARTICIPATES_IN,EVT-0314,1158,1158000,0.95,主体,,
PER-0052,PARTICIPATES_IN,EVT-1365,2053,2053001,0.9,主体,,
PER-0057,PARTICIPATES_IN,EVT-1587,4007,4007000,0.95,主体,,
PER-0057,PARTICIPATES_IN,EVT-1588,4007,4007001,0.9,涉及方,,
PER-0058,PARTICIPATES_IN,EVT-0264,1131,1131001,0.9,主体,,
PER-0061,PARTICIPATES_IN,EVT-0199,1095,1095003,0.9,涉及方,,
PER-0061,PARTICIPATES_IN,EVT-0587,1280,1280001,0.9,涉及方,,
PER-0063,PARTICIPATES_IN,EVT-1354,2050,2050000,0.9,主体,,
PER-0065,PARTICIPATES_IN,EVT-1605,4014,4014001,0.95,主体,,
PER-0065,PARTICIPATES_IN,EVT-1607,4015,4015001,0.9,主体,,
PER-0065,PARTICIPATES_IN,EVT-1608,4015,4015003,0.9,涉及方,,
PER-0067,PARTICIPATES_IN,EVT-1312,2035,2035000,0.9,涉及方,,
PER-0070,PARTICIPATES_IN,EVT-1335,2044,2044000,0.9,主体,,
PER-0073,PARTICIPATES_IN,EVT-0755,1355,1355000,0.9,涉及方,,
PER-0075,PARTICIPATES_IN,EVT-1571,4001,4001001,0.95,主体,,
PER-0075,PARTICIPATES_IN,EVT-1572,4001,4001002,0.95,主体,,
PER-0082,PARTICIPATES_IN,EVT-0460,1216,1216000,0.9,涉及方,,
PER-0083,PARTICIPATES_IN,EVT-0804,1372,1372000,0.9,主体,,
PER-0083,PARTICIPATES_IN,EVT-0805,1372,1372000,0.8,涉及方,,
PER-0090,PARTICIPATES_IN,EVT-0752,1354,1354003,0.9,涉及方,,
PER-0091,PARTICIPATES_IN,EVT-0753,1354,1354006,0.8,涉及方,,
PER-0094,PARTICIPATES_IN,EVT-1617,4018,4018008,0.9,主体,,
PER-0097,PARTICIPATES_IN,EVT-0057,1031,1031007,0.9,涉及方,,
PER-0097,PARTICIPATES_IN,EVT-0059,1032,1032003,0.9,涉及方,,
PER-0100,PARTICIPATES_IN,EVT-1617,4018,4018008,0.9,主体,,
PER-0101,PARTICIPATES_IN,EVT-0231,1118,1118000,0.95,主体,,
PER-0103,PARTICIPATES_IN,EVT-0003,1004,1004001,0.9,主体,,
PER-0104,PARTICIPATES_IN,EVT-1312,2035,2035000,0.9,涉及方,,
PER-0107,PARTICIPATES_IN,EVT-0605,1286,1286001,0.85,涉及方,,
PER-0109,PARTICIPATES_IN,EVT-1591,4009,4009000,0.95,主体,,
PER-0109,PARTICIPATES_IN,EVT-1592,4009,4009001,0.9,受影响方,,
PER-0109,PARTICIPATES_IN,EVT-1593,4009,4009002,0.95,受影响方,,
PER-0112,PARTICIPATES_IN,EVT-0264,1131,1131001,0.9,主体,,
PER-0115,PARTICIPATES_IN,EVT-1382,2060,2060000,0.9,主体,,
PER-0118,PARTICIPATES_IN,EVT-0160,1078,1078000,0.9,涉及方,,
PER-0118,PARTICIPATES_IN,EVT-0161,1078,1078000,0.9,主体,,
PER-0122,PARTICIPATES_IN,EVT-1318,2038,2038000,0.7,涉及方,,
PER-0131,PARTICIPATES_IN,EVT-0797,1369,1369008,0.9,主体,,
PER-0143,PARTICIPATES_IN,EVT-0199,1095,1095003,0.9,涉及方,,
PER-0143,PARTICIPATES_IN,EVT-0587,1280,1280001,0.9,涉及方,,
PER-0144,PARTICIPATES_IN,EVT-0154,1076,1076000,0.95,主体,,
PER-0147,PARTICIPATES_IN,EVT-0125,1061,1061002,0.9,涉及方,,
PER-0152,PARTICIPATES_IN,EVT-0009,1006,1006001,0.9,涉及方,,
PER-0156,PARTICIPATES_IN,EVT-0308,1155,1155000,0.9,涉及方,,
PER-0158,PARTICIPATES_IN,EVT-0649,1308,1308002,0.85,主体,,
PER-0158,PARTICIPATES_IN,EVT-0650,1308,1308002,0.9,涉及方,,
PER-0167,PARTICIPATES_IN,EVT-0260,1129,1129001,0.85,涉及方,,
PER-0169,PARTICIPATES_IN,EVT-0842,1390,1390018,0.9,涉及方,,
PER-0174,PARTICIPATES_IN,EVT-1621,4019,4019006,0.9,主体,,
PER-0176,PARTICIPATES_IN,EVT-0057,1031,1031007,0.9,涉及方,,
PER-0176,PARTICIPATES_IN,EVT-0059,1032,1032002,0.9,涉及方,,
PER-0178,PARTICIPATES_IN,EVT-1579,4004,4004004,0.85,涉及方,,
PER-0178,PARTICIPATES_IN,EVT-1581,4004,4004012,0.9,涉及方,,
PER-0179,PARTICIPATES_IN,EVT-0606,1287,1287000,0.9,主体,,
PER-0185,PARTICIPATES_IN,EVT-0748,1351,1351000,0.9,涉及方,,
PER-0186,PARTICIPATES_IN,EVT-0264,1131,1131001,0.9,主体,,
PER-0195,PARTICIPATES_IN,EVT-0020,1012,1012000,0.9,主体,,
PER-0195,PARTICIPATES_IN,EVT-0327,1162,1162003,0.9,主体,,
PER-0198,PARTICIPATES_IN,EVT-0125,1061,1061002,0.9,涉及方,,
PER-0205,PARTICIPATES_IN,EVT-0991,1471,1471000,0.8,涉及方,,
PER-0207,PARTICIPATES_IN,EVT-0489,1230,1230001,0.95,主体,,
PER-0208,PARTICIPATES_IN,EVT-1406,2069,2069000,0.9,主体,,
PER-0209,PARTICIPATES_IN,EVT-0768,1360,1360001,0.95,主体,,
PER-0209,PARTICIPATES_IN,EVT-0769,1360,1360000,0.9,主体,,
PER-0212,PARTICIPATES_IN,EVT-0723,1339,1339007,0.9,涉及方,,
PER-0216,PARTICIPATES_IN,EVT-1578,4004,4004004,0.9,涉及方,,
PER-0216,PARTICIPATES_IN,EVT-1581,4004,4004012,0.95,主体,,
PER-0221,PARTICIPATES_IN,EVT-0384,1184,1184002,0.9,涉及方,,
PER-0222,PARTICIPATES_IN,EVT-1571,4001,4001001,0.95,主体,,
PER-0222,PARTICIPATES_IN,EVT-1572,4001,4001002,0.95,主体,,
PER-0223,PARTICIPATES_IN,EVT-0177,1086,1086003,0.85,涉及方,,
PER-0226,PARTICIPATES_IN,EVT-0653,1310,1310000,0.9,涉及方,,
PER-0228,PARTICIPATES_IN,EVT-1574,4002,4002001,0.95,主体,,
PER-0231,PARTICIPATES_IN,EVT-0686,1322,1322000,0.9,涉及方,,
PER-0238,PARTICIPATES_IN,EVT-0871,1401,1401002,0.8,涉及方,,
PER-0241,PARTICIPATES_IN,EVT-0309,1155,1155004,0.85,涉及方,,
PER-0242,PARTICIPATES_IN,EVT-0125,1061,1061002,0.9,涉及方,,
PER-0244,PARTICIPATES_IN,EVT-1604,4013,4013001,0.95,主体,,
PER-0245,PARTICIPATES_IN,EVT-0565,1268,1268001,0.6,涉及方,,
PER-0249,PARTICIPATES_IN,EVT-1615,4017,4017006,0.9,主体,,
PER-0252,PARTICIPATES_IN,EVT-0753,1354,1354006,0.8,涉及方,,
PER-0256,PARTICIPATES_IN,EVT-0021,1012,1012001,0.9,涉及方,,
PER-0261,PARTICIPATES_IN,EVT-1621,4019,4019006,0.9,主体,,
PER-0267,PARTICIPATES_IN,EVT-0508,1238,1238000,0.9,主体,,
PER-0269,PARTICIPATES_IN,EVT-0991,1471,1471000,0.8,涉及方,,
PER-0272,PARTICIPATES_IN,EVT-0177,1086,1086001,0.9,涉及方,,
PER-0274,PARTICIPATES_IN,EVT-0164,1080,1080000,0.95,主体,,
PER-0275,PARTICIPATES_IN,EVT-0488,1230,1230001,0.95,主体,,
PER-0276,PARTICIPATES_IN,EVT-0250,1126,1126000,0.9,涉及方,,
PER-0279,PARTICIPATES_IN,EVT-0328,1162,1162003,0.9,主体,,
PER-0279,PARTICIPATES_IN,EVT-0414,1196,1196001,0.85,涉及方,,
PER-0279,PARTICIPATES_IN,EVT-0584,1278,1278000,0.95,主体,,
PER-0283,PARTICIPATES_IN,EVT-0065,1035,1035001,0.9,涉及方,,
PER-0288,PARTICIPATES_IN,EVT-1622,4020,4020000,0.95,主体,,
PER-0293,PARTICIPATES_IN,EVT-1622,4020,4020000,0.95,主体,,
PER-0301,PARTICIPATES_IN,EVT-0138,1068,1068001,0.85,涉及方,,
PER-0302,PARTICIPATES_IN,EVT-0384,1184,1184002,0.9,涉及方,,
PER-0303,PARTICIPATES_IN,EVT-0646,1307,1307014,0.9,涉及方,,
PER-0304,PARTICIPATES_IN,EVT-0125,1061,1061002,0.9,涉及方,,
PER-0309,PARTICIPATES_IN,EVT-1607,4015,4015001,0.9,主体,,
PER-0309,PARTICIPATES_IN,EVT-1608,4015,4015003,0.9,涉及方,,
PER-0310,PARTICIPATES_IN,EVT-0384,1184,1184002,0.9,涉及方,,
PER-0312,PARTICIPATES_IN,EVT-1576,4003,4003001,0.95,主体,,
PER-0312,PARTICIPATES_IN,EVT-1577,4003,4003002,0.95,主体,,
PER-0314,PARTICIPATES_IN,EVT-0807,1374,1374000,0.85,涉及方,,
PER-0315,PARTICIPATES_IN,EVT-0731,1344,1344002,0.95,涉及方,,
PER-0315,PARTICIPATES_IN,EVT-0732,1344,1344002,0.95,涉及方,,
PER-0315,PARTICIPATES_IN,EVT-0736,1345,1345001,0.9,涉及方,,
PER-0318,PARTICIPATES_IN,EVT-0384,1184,1184002,0.9,涉及方,,
PER-0326,PARTICIPATES_IN,EVT-1465,2089,2089006,0.9,主体,,
PER-0327,PARTICIPATES_IN,EVT-1503,2104,2104001,0.8,监管方,,
PER-0337,PARTICIPATES_IN,EVT-0630,1299,1299001,0.9,主体,,
PER-0337,PARTICIPATES_IN,EVT-0631,1299,1299003,0.85,主体,,
PER-0346,PARTICIPATES_IN,EVT-0260,1129,1129001,0.85,涉及方,,
PER-0352,PARTICIPATES_IN,EVT-0604,1286,1286000,0.9,涉及方,,
PER-0357,PARTICIPATES_IN,EVT-0593,1282,1282000,0.9,主体,,
PER-0359,PARTICIPATES_IN,EVT-1354,2050,2050001,0.85,涉及方,,
PER-0362,PARTICIPATES_IN,EVT-1622,4020,4020000,0.95,主体,,
PER-0362,PARTICIPATES_IN,EVT-1623,4020,4020003,0.9,受影响方,,
PER-0364,PARTICIPATES_IN,EVT-0194,1093,1093006,0.85,涉及方,,
PER-0365,PARTICIPATES_IN,EVT-0206,1099,1099000,0.9,主体,,
PER-0365,PARTICIPATES_IN,EVT-0308,1155,1155002,0.9,涉及方,,
PER-0367,PARTICIPATES_IN,EVT-0749,1351,1351001,0.9,涉及方,,
PER-0369,PARTICIPATES_IN,EVT-0592,1282,1282000,0.9,涉及方,,
PER-0372,PARTICIPATES_IN,EVT-0842,1390,1390018,0.9,涉及方,,
PER-0373,PARTICIPATES_IN,EVT-0211,1018,1018000,0.95,主体,,
PER-0373,PARTICIPATES_IN,EVT-0211,1103,1103001,0.95,主体,,
PER-0373,PARTICIPATES_IN,EVT-0614,1291,1291000,0.95,主体,,
PER-0374,PARTICIPATES_IN,EVT-0722,1339,1339006,0.9,涉及方,,
PER-0374,PARTICIPATES_IN,EVT-0820,1378,1378002,0.9,涉及方,,
PER-0377,PARTICIPATES_IN,EVT-0472,1223,1223000,0.95,主体,,
PER-0391,PARTICIPATES_IN,EVT-0648,1308,1308001,0.95,涉及方,,
PER-0396,PARTICIPATES_IN,EVT-1358,2051,2051002,0.75,涉及方,,
PER-0397,PARTICIPATES_IN,EVT-0563,1267,1267001,0.95,主体,,
PER-0397,PARTICIPATES_IN,EVT-1397,2066,2066000,0.85,涉及方,,
PER-0398,PARTICIPATES_IN,EVT-0184,1089,1089000,0.9,涉及方,,
PER-0399,PARTICIPATES_IN,EVT-0463,1217,1217002,0.9,涉及方,,
PER-0400,PARTICIPATES_IN,EVT-1275,2019,2019005,0.9,主体,,
PER-0401,PARTICIPATES_IN,EVT-1585,4006,4006000,0.95,主体,,
PER-0401,PARTICIPATES_IN,EVT-1586,4006,4006000,0.95,主体,,
PER-0404,PARTICIPATES_IN,EVT-0260,1129,1129001,0.85,涉及方,,
PER-0406,PARTICIPATES_IN,EVT-0559,1265,1265002,0.95,主体,,
PER-0409,PARTICIPATES_IN,EVT-1571,4001,4001001,0.95,主体,,
PER-0409,PARTICIPATES_IN,EVT-1572,4001,4001002,0.95,主体,,
PER-0411,PARTICIPATES_IN,EVT-0387,1185,1185001,0.9,涉及方,,
PER-0417,PARTICIPATES_IN,EVT-1582,4005,4005001,0.9,涉及方,,
PER-0418,PARTICIPATES_IN,EVT-0020,1012,1012000,0.9,主体,,
PER-0419,PARTICIPATES_IN,EVT-0264,1131,1131001,0.9,主体,,
PER-0420,PARTICIPATES_IN,EVT-1605,4014,4014001,0.95,主体,,
PER-0426,PARTICIPATES_IN,EVT-0605,1286,1286001,0.9,主体,,
PER-0428,PARTICIPATES_IN,EVT-1589,4008,4008000,0.95,主体,,
PER-0428,PARTICIPATES_IN,EVT-1590,4008,4008001,0.9,涉及方,,
PER-0430,PARTICIPATES_IN,EVT-0558,1265,1265001,0.95,主体,,
PER-0433,PARTICIPATES_IN,EVT-0991,1471,1471000,0.8,涉及方,,
PER-0435,PARTICIPATES_IN,EVT-1582,4005,4005001,0.9,涉及方,,
PER-0440,PARTICIPATES_IN,EVT-0422,1200,1200000,0.9,主体,,
PER-0441,PARTICIPATES_IN,EVT-0338,1169,1169000,0.9,涉及方,,
PER-0444,PARTICIPATES_IN,EVT-0248,1124,1124003,0.9,涉及方,,
PER-0450,PARTICIPATES_IN,EVT-0155,1076,1076000,0.9,涉及方,,
