node_id,label,name,stock_code,company_name,short_name,aliases,exchange,person_id,person_name,role_title,industry_code,industry_name,level,institution_id,institution_name,institution_type,event_id,event_type,event_name,event_time,description,confidence,policy_id,policy_name,issuer,publish_date,doc_id,title,source,url,publish_time,category
000001,Company,平安银行,000001,平安银行股份有限公司,平安银行,平安银行,深交所,,,,,,,,,,,,,,,,,,,,,,,,,
000002,Company,万科A,000002,万科企业股份有限公司,万科A,万科A,深交所,,,,,,,,,,,,,,,,,,,,,,,,,
000034,Company,神州数码,000034,神州数码集团股份有限公司,神州数码,上海神州数码有限公司,深交所,,,,,,,,,,,,,,,,,,,,,,,,,
000063,Company,中兴通讯,000063,中兴通讯（香港）有限公司,中兴通讯,中兴通讯|中兴通讯股份有限公司,深交所,,,,,,,,,,,,,,,,,,,,,,,,,
000333,Company,美的集团,000333,美的集团股份有限公司,美的集团,美的集团,深交所,,,,,,,,,,,,,,,,,,,,,,,,,
000338,Company,潍柴动力,000338,潍柴动力股份有限公司,潍柴动力,潍柴动力,深交所,,,,,,,,,,,,,,,,,,,,,,,,,
000651,Company,格力电器,000651,珠海格力电器股份有限公司,格力电器,格力电器,深交所,,,,,,,,,,,,,,,,,,,,,,,,,
000661,Company,长春高新,000661,长春高新技术产业（集团）股份有限公司,长春高新,长春高新,深交所,,,,,,,,,,,,,,,,,,,,,,,,,
000725,Company,京东方A,000725,京东方科技集团股份有限公司,京东方A,京东方A,深交所,,,,,,,,,,,,,,,,,,,,,,,,,
000792,Company,盐湖股份,000792,青海盐湖工业股份有限公司,盐湖股份,盐湖股份,深交所,,,,,,,,,,,,,,,,,,,,,,,,,
000858,Company,五粮液,000858,四川省宜宾五粮液集团财务有限公司,五粮液,五粮液|四川省宜宾五粮液酒厂有限公司|四川省宜宾五粮液集团有限公司|宜宾五粮液股份有限公司|宜宾五粮液酒类销售有限责任公司,深交所,,,,,,,,,,,,,,,,,,,,,,,,,
000963,Company,华东医药,000963,华东医药股份有限公司,华东医药,华东医药,深交所,,,,,,,,,,,,,,,,,,,,,,,,,
002022,Company,科华生物,002022,上海科华生物工程股份有限公司,科华生物,,深交所,,,,,,,,,,,,,,,,,,,,,,,,,
002051,Company,中工国际,002051,中工国际工程股份有限公司,中工国际,,深交所,,,,,,,,,,,,,,,,,,,,,,,,,
002090,Company,金智科技,002090,江苏金智科技股份有限公司,金智科技,,深交所,,,,,,,,,,,,,,,,,,,,,,,,,
002128,Company,电投能源,002128,内蒙古电投能源股份有限公司,电投能源,,深交所,,,,,,,,,,,,,,,,,,,,,,,,,
002200,Company,交投生态,002200,云南交投生态科技股份有限公司,交投生态,,深交所,,,,,,,,,,,,,,,,,,,,,,,,,
002241,Company,歌尔股份,002241,歌尔股份有限公司,歌尔股份,,深交所,,,,,,,,,,,,,,,,,,,,,,,,,
002307,Company,北新路桥,002307,新疆北新路桥集团股份有限公司,北新路桥,,深交所,,,,,,,,,,,,,,,,,,,,,,,,,
002323,Company,*ST雅博,002323,山东雅博科技股份有限公司,*ST雅博,,深交所,,,,,,,,,,,,,,,,,,,,,,,,,
002350,Company,北京科锐,002350,北京科锐集团股份有限公司,北京科锐,,深交所,,,,,,,,,,,,,,,,,,,,,,,,,
002371,Company,北方华创,002371,北京北方华创微电子装备有限公司,北方华创,北方华创|北方华创科技集团股份有限公司,深交所,,,,,,,,,,,,,,,,,,,,,,,,,
002376,Company,新北洋,002376,威海新北洋正棋机器人股份有限公司,新北洋,威海新北洋荣鑫科技股份有限公司|山东新北洋信息技术股份有限公司|新北洋,深交所,,,,,,,,,,,,,,,,,,,,,,,,,
002457,Company,青龙管业,002457,青龙管业集团股份有限公司,青龙管业,青龙管业,深交所,,,,,,,,,,,,,,,,,,,,,,,,,
002475,Company,立讯精密,002475,立讯精密工业股份有限公司,立讯精密,立讯精密,深交所,,,,,,,,,,,,,,,,,,,,,,,,,
002531,Company,天顺风能,002531,天顺风能（苏州）股份有限公司,天顺风能,,深交所,,,,,,,,,,,,,,,,,,,,,,,,,
002541,Company,鸿路钢构,002541,安徽鸿路钢结构(集团)股份有限公司,鸿路钢构,,深交所,,,,,,,,,,,,,,,,,,,,,,,,,
002586,Company,ST围海,002586,浙江省围海建设集团股份有限公司,ST围海,,深交所,,,,,,,,,,,,,,,,,,,,,,,,,
002594,Company,比亚迪,002594,比亚迪股份有限公司,比亚迪,比亚迪|比亚迪客车|比亚迪股份,深交所,,,,,,,,,,,,,,,,,,,,,,,,,
002714,Company,牧原股份,002714,牧原食品集团股份有限公司,牧原股份,,深交所,,,,,,,,,,,,,,,,,,,,,,,,,
300021,Company,大禹节水,300021,甘肃大禹节水集团水利水电工程有限责任公司,大禹节水,大禹节水集团股份有限公司,深交所,,,,,,,,,,,,,,,,,,,,,,,,,
300022,Company,吉峰科技,300022,吉峰三农科技服务股份有限公司,吉峰科技,,深交所,,,,,,,,,,,,,,,,,,,,,,,,,
300059,Company,东方财富,300059,东方财富信息股份有限公司,东方财富,东方财富|东方财富证券|东方财富证券股份有限公司,深交所,,,,,,,,,,,,,,,,,,,,,,,,,
300191,Company,潜能恒信,300191,潜能恒信蒙古勘探开发工程服务有限公司,潜能恒信,潜能恒信能源技术股份有限公司,深交所,,,,,,,,,,,,,,,,,,,,,,,,,
300209,Company,行云科技,300209,行云科技股份有限公司,行云科技,行云科技,深交所,,,,,,,,,,,,,,,,,,,,,,,,,
300265,Company,通光线缆,300265,江苏通光电子线缆股份有限公司,通光线缆,,深交所,,,,,,,,,,,,,,,,,,,,,,,,,
300274,Company,阳光电源,300274,阳光电源股份有限公司,阳光电源,阳光电源,深交所,,,,,,,,,,,,,,,,,,,,,,,,,
300351,Company,永贵电器,300351,浙江永贵电器股份有限公司,永贵电器,,深交所,,,,,,,,,,,,,,,,,,,,,,,,,
300355,Company,蒙草生态,300355,蒙草生态环境（集团）股份有限公司,蒙草生态,,深交所,,,,,,,,,,,,,,,,,,,,,,,,,
300393,Company,中来股份,300393,苏州中来光伏新材股份有限公司,中来股份,,深交所,,,,,,,,,,,,,,,,,,,,,,,,,
300436,Company,广生堂,300436,福建广生堂药业股份有限公司,广生堂,广生堂,深交所,,,,,,,,,,,,,,,,,,,,,,,,,
300504,Company,天邑股份,300504,四川天邑康和通信股份有限公司,天邑股份,,深交所,,,,,,,,,,,,,,,,,,,,,,,,,
300510,Company,金冠股份,300510,吉林省金冠电气股份有限公司,金冠股份,金冠股份,深交所,,,,,,,,,,,,,,,,,,,,,,,,,
300562,Company,乐心股份,300562,广东乐心医疗电子股份有限公司,乐心股份,乐心股份,深交所,,,,,,,,,,,,,,,,,,,,,,,,,
300571,Company,平治信息,300571,杭州平治信息技术股份有限公司,平治信息,平治信息,深交所,,,,,,,,,,,,,,,,,,,,,,,,,
300642,Company,透景生命,300642,上海透景生命科技股份有限公司,透景生命,江西透景生命科技有限公司|湖南透景生命科技有限公司,深交所,,,,,,,,,,,,,,,,,,,,,,,,,
300723,Company,一品红,300723,一品红药业集团股份有限公司,一品红,一品红|一品红制药有限公司|广州一品红制药有限公司,深交所,,,,,,,,,,,,,,,,,,,,,,,,,
300750,Company,宁德时代,300750,宁德时代新能源科技股份有限公司,宁德时代,宁德时代,深交所,,,,,,,,,,,,,,,,,,,,,,,,,
300757,Company,罗博特科,300757,罗博特科智能科技股份有限公司,罗博特科,罗博特科,深交所,,,,,,,,,,,,,,,,,,,,,,,,,
300765,Company,石药创新,300765,石药创新制药股份有限公司,石药创新,石药创新,深交所,,,,,,,,,,,,,,,,,,,,,,,,,
300854,Company,中兰环保,300854,中兰环保（香港）科技有限公司,中兰环保,中兰环保|中兰环保科技股份有限公司,深交所,,,,,,,,,,,,,,,,,,,,,,,,,
300869,Company,康泰医学,300869,康泰医学系统（秦皇岛）股份有限公司,康泰医学,,深交所,,,,,,,,,,,,,,,,,,,,,,,,,
300900,Company,广联航空,300900,广联航空工业股份有限公司,广联航空,,深交所,,,,,,,,,,,,,,,,,,,,,,,,,
301085,Company,亚康股份,301085,北京亚康万玮信息技术股份有限公司,亚康股份,亚康股份,深交所,,,,,,,,,,,,,,,,,,,,,,,,,
301235,Company,华康洁净,301235,武汉华康世纪洁净科技股份有限公司,华康洁净,,深交所,,,,,,,,,,,,,,,,,,,,,,,,,
600019,Company,宝钢股份,600019,宝山钢铁股份有限公司,宝钢股份,,上交所,,,,,,,,,,,,,,,,,,,,,,,,,
600028,Company,中国石化,600028,中国石油化工股份有限公司,中国石化,中国石化|中国石化集团公司,上交所,,,,,,,,,,,,,,,,,,,,,,,,,
600030,Company,中信证券,600030,中信证券国际有限公司,中信证券,中信证券|中信证券股份有限公司,上交所,,,,,,,,,,,,,,,,,,,,,,,,,
600031,Company,三一重工,600031,三一重工股份有限公司,三一重工,,上交所,,,,,,,,,,,,,,,,,,,,,,,,,
600036,Company,招商银行,600036,招商银行股份有限公司,招商银行,招商银行,上交所,,,,,,,,,,,,,,,,,,,,,,,,,
600048,Company,保利发展,600048,保利发展控股集团股份有限公司,保利发展,保利发展,上交所,,,,,,,,,,,,,,,,,,,,,,,,,
600062,Company,华润双鹤,600062,华润双鹤利民药业(济南)有限公司,华润双鹤,华润双鹤|华润双鹤湘中药业(湖南)有限公司|华润双鹤药业股份有限公司,上交所,,,,,,,,,,,,,,,,,,,,,,,,,
600079,Company,ST人福,600079,人福医药集团股份公司,ST人福,,上交所,,,,,,,,,,,,,,,,,,,,,,,,,
600089,Company,特变电工,600089,特变电工新疆新能源股份有限公司,特变电工,特变电工|特变电工股份有限公司,上交所,,,,,,,,,,,,,,,,,,,,,,,,,
600104,Company,上汽集团,600104,上海汽车集团股份有限公司,上汽集团,上汽集团,上交所,,,,,,,,,,,,,,,,,,,,,,,,,
600196,Company,复星医药,600196,上海复星医药（集团）股份有限公司,复星医药,上海复星医药产业发展有限公司|复星医药,上交所,,,,,,,,,,,,,,,,,,,,,,,,,
600267,Company,海正药业,600267,浙江海正药业股份有限公司,海正药业,海正药业|海正药业（杭州）有限公司,上交所,,,,,,,,,,,,,,,,,,,,,,,,,
600276,Company,恒瑞医药,600276,江苏恒瑞医药股份有限公司,恒瑞医药,恒瑞医药,上交所,,,,,,,,,,,,,,,,,,,,,,,,,
600309,Company,万华化学,600309,万华化学集团物资有限公司,万华化学,万华化学集团股份有限公司,上交所,,,,,,,,,,,,,,,,,,,,,,,,,
600406,Company,国电南瑞,600406,国电南瑞科技股份有限公司,国电南瑞,国电南瑞,上交所,,,,,,,,,,,,,,,,,,,,,,,,,
600420,Company,国药现代,600420,上海现代制药股份有限公司,国药现代,,上交所,,,,,,,,,,,,,,,,,,,,,,,,,
600438,Company,通威股份,600438,通威股份有限公司,通威股份,通威股份,上交所,,,,,,,,,,,,,,,,,,,,,,,,,
600488,Company,津药药业,600488,湖北津药药业股份有限公司,津药药业,津药药业|津药药业股份有限公司,上交所,,,,,,,,,,,,,,,,,,,,,,,,,
600519,Company,贵州茅台,600519,中国贵州茅台酒厂（集团）有限责任公司,贵州茅台,贵州茅台|贵州茅台酒厂（集团）技术开发有限公司|贵州茅台酒股份有限公司|贵州茅台集团财务有限公司,上交所,,,,,,,,,,,,,,,,,,,,,,,,,
600521,Company,华海药业,600521,华海药业欧洲责任有限公司,华海药业,华海药业|浙江华海药业股份有限公司,上交所,,,,,,,,,,,,,,,,,,,,,,,,,
600522,Company,中天科技,600522,江苏中天科技股份有限公司,中天科技,中天科技|中天科技集团有限公司,上交所,,,,,,,,,,,,,,,,,,,,,,,,,
600587,Company,新华医疗,600587,山东新华医疗器械股份有限公司,新华医疗,,上交所,,,,,,,,,,,,,,,,,,,,,,,,,
600789,Company,鲁抗医药,600789,山东鲁抗医药集团赛特有限责任公司,鲁抗医药,山东鲁抗医药股份有限公司|鲁抗医药,上交所,,,,,,,,,,,,,,,,,,,,,,,,,
600875,Company,东方电气,600875,东方电气（成都）氢能科技有限公司,东方电气,东方电气|东方电气股份有限公司|东方电气集团财务有限公司|中国东方电气集团有限公司,上交所,,,,,,,,,,,,,,,,,,,,,,,,,
600887,Company,伊利股份,600887,内蒙古伊利实业集团股份有限公司,伊利股份,伊利股份,上交所,,,,,,,,,,,,,,,,,,,,,,,,,
600900,Company,长江电力,600900,中国长江电力股份有限公司,长江电力,长江电力,上交所,,,,,,,,,,,,,,,,,,,,,,,,,
600970,Company,中材国际,600970,中国中材国际工程股份有限公司,中材国际,中材国际|中材国际建筑材料及工程公司,上交所,,,,,,,,,,,,,,,,,,,,,,,,,
601012,Company,隆基绿能,601012,隆基绿能科技股份有限公司,隆基绿能,隆基绿能,上交所,,,,,,,,,,,,,,,,,,,,,,,,,
601088,Company,中国神华,601088,中国神华能源股份有限公司,中国神华,中国神华,上交所,,,,,,,,,,,,,,,,,,,,,,,,,
601089,Company,福元医药,601089,北京福元医药股份有限公司,福元医药,,上交所,,,,,,,,,,,,,,,,,,,,,,,,,
601138,Company,工业富联,601138,富士康工业互联网股份有限公司,工业富联,工业富联,上交所,,,,,,,,,,,,,,,,,,,,,,,,,
601186,Company,中国铁建,601186,中国铁建股份有限公司,中国铁建,中国铁建|中国铁建财务有限公司,上交所,,,,,,,,,,,,,,,,,,,,,,,,,
601318,Company,中国平安,601318,中国平安保险（集团）股份有限公司－集团本级－自有资金,中国平安,中国平安|中国平安保险（集团）股份有限公司,上交所,,,,,,,,,,,,,,,,,,,,,,,,,
601390,Company,中国中铁,601390,中国中铁股份有限公司,中国中铁,中国中铁,上交所,,,,,,,,,,,,,,,,,,,,,,,,,
601398,Company,工商银行,601398,中国工商银行股份有限公司成都青龙支行,工商银行,中国工商银行股份有限公司,上交所,,,,,,,,,,,,,,,,,,,,,,,,,
601567,Company,三星电气,601567,宁波三星医疗电气股份有限公司,三星电气,,上交所,,,,,,,,,,,,,,,,,,,,,,,,,
601633,Company,长城汽车,601633,长城汽车股份有限公司,长城汽车,长城汽车,上交所,,,,,,,,,,,,,,,,,,,,,,,,,
601668,Company,中国建筑,601668,中国建筑西南勘察设计研究院有限公司,中国建筑,中国建筑股份有限公司|中国建筑集团有限公司,上交所,,,,,,,,,,,,,,,,,,,,,,,,,
601727,Company,上海电气,601727,上海电气国轩新能源科技有限公司,上海电气,上海电气集团股份有限公司|上海电气香港有限公司,上交所,,,,,,,,,,,,,,,,,,,,,,,,,
601899,Company,紫金矿业,601899,紫金矿业集团股份有限公司,紫金矿业,紫金矿业,上交所,,,,,,,,,,,,,,,,,,,,,,,,,
603087,Company,甘李药业,603087,甘李药业欧洲有限责任公司,甘李药业,甘李药业|甘李药业山东有限公司|甘李药业股份有限公司,上交所,,,,,,,,,,,,,,,,,,,,,,,,,
603163,Company,圣晖集成,603163,圣晖系统集成集团股份有限公司,圣晖集成,,上交所,,,,,,,,,,,,,,,,,,,,,,,,,
603288,Company,海天味业,603288,佛山市海天调味食品股份有限公司,海天味业,海天味业,上交所,,,,,,,,,,,,,,,,,,,,,,,,,
603856,Company,东宏股份,603856,山东东宏管业股份有限公司,东宏股份,东宏股份,上交所,,,,,,,,,,,,,,,,,,,,,,,,,
605287,Company,德才股份,605287,德才装饰股份有限公司,德才股份,德才股份,上交所,,,,,,,,,,,,,,,,,,,,,,,,,
688485,Company,九州一轨,688485,北京九州一轨环境科技股份有限公司,九州一轨,,上交所,,,,,,,,,,,,,,,,,,,,,,,,,
688506,Company,百利天恒,688506,四川百利天恒药业股份有限公司,百利天恒,百利天恒,上交所,,,,,,,,,,,,,,,,,,,,,,,,,
688981,Company,中芯国际,688981,中芯国际集成电路制造有限公司,中芯国际,中芯国际,上交所,,,,,,,,,,,,,,,,,,,,,,,,,
920019,Company,铜冠矿建,920019,铜陵有色金属集团铜冠矿山建设股份有限公司,铜冠矿建,铜冠矿建（赞比亚）有限公司,北交所,,,,,,,,,,,,,,,,,,,,,,,,,
HCONF-0001,Company,PT.ACTER INTEGRATION TECHNOLOGY INDONESIA,,,,,,,,,,,,,,,,,,,,,,,,,,,,,,
HCONF-0002,Company,PT.Hardases Abadi Indonesia,,,,,,,,,,,,,,,,,,,,,,,,,,,,,,
HCONF-0003,Company,中国中元国际工程有限公司,,,,,,,,,,,,,,,,,,,,,,,,,,,,,,
HCONF-0004,Company,中国电信股份有限公司,,,,,,,,,,,,,,,,,,,,,,,,,,,,,,
HCONF-0005,Company,中国电信集团有限公司,,,,,,,,,,,,,,,,,,,,,,,,,,,,,,
HCONF-0006,Company,中国移动通信有限公司,,,,,,,,,,,,,,,,,,,,,,,,,,,,,,
HCONF-0007,Company,中国邮政速递物流股份有限公司,,,,,,,,,,,,,,,,,,,,,,,,,,,,,,
HCONF-0008,Company,安徽元控储充新能源科技有限公司,,,,,,,,,,,,,,,,,,,,,,,,,,,,,,
HCONF-0009,Company,川环科技,,,,,,,,,,,,,,,,,,,,,,,,,,,,,,
HCONF-0010,Company,浪潮,,,,,,,,,,,,,,,,,,,,,,,,,,,,,,
HCONF-0011,Company,芜湖联飞,,,,,,,,,,,,,,,,,,,,,,,,,,,,,,
HCONF-0012,Company,贵州时代矿业有限公司,,,,,,,,,,,,,,,,,,,,,,,,,,,,,,
PER-0001,Person,丁列明,,,,,,PER-0001,丁列明,,,,,,,,,,,,,,,,,,,,,,,
PER-0002,Person,丁红岩,,,,,,PER-0002,丁红岩,,,,,,,,,,,,,,,,,,,,,,,
PER-0003,Person,丁肇邦,,,,,,PER-0003,丁肇邦,,,,,,,,,,,,,,,,,,,,,,,
PER-0004,Person,丁臻宇,,,,,,PER-0004,丁臻宇,,,,,,,,,,,,,,,,,,,,,,,
PER-0005,Person,丁迎东,,,,,,PER-0005,丁迎东,,,,,,,,,,,,,,,,,,,,,,,
PER-0006,Person,丁邦清先生,,,,,,PER-0006,丁邦清先生,,,,,,,,,,,,,,,,,,,,,,,
PER-0007,Person,严轲,,,,,,PER-0007,严轲,,,,,,,,,,,,,,,,,,,,,,,
PER-0008,Person,于保荣,,,,,,PER-0008,于保荣,,,,,,,,,,,,,,,,,,,,,,,
PER-0009,Person,于志华,,,,,,PER-0009,于志华,,,,,,,,,,,,,,,,,,,,,,,
PER-0010,Person,于海涛,,,,,,PER-0010,于海涛,,,,,,,,,,,,,,,,,,,,,,,
PER-0011,Person,付智,,,,,,PER-0011,付智,,,,,,,,,,,,,,,,,,,,,,,
PER-0012,Person,付欣,,,,,,PER-0012,付欣,,,,,,,,,,,,,,,,,,,,,,,
PER-0013,Person,付鉴,,,,,,PER-0013,付鉴,,,,,,,,,,,,,,,,,,,,,,,
PER-0014,Person,代文先生,,,,,,PER-0014,代文先生,,,,,,,,,,,,,,,,,,,,,,,
PER-0015,Person,伍雄辉,,,,,,PER-0015,伍雄辉,,,,,,,,,,,,,,,,,,,,,,,
PER-0016,Person,何华生,,,,,,PER-0016,何华生,,,,,,,,,,,,,,,,,,,,,,,
PER-0017,Person,何平,,,,,,PER-0017,何平,,,,,,,,,,,,,,,,,,,,,,,
PER-0018,Person,何康,,,,,,PER-0018,何康,,,,,,,,,,,,,,,,,,,,,,,
PER-0019,Person,何志奇,,,,,,PER-0019,何志奇,,,,,,,,,,,,,,,,,,,,,,,
PER-0020,Person,何昌坚,,,,,,PER-0020,何昌坚,,,,,,,,,,,,,,,,,,,,,,,
PER-0021,Person,何詠紫女士,,,,,,PER-0021,何詠紫女士,,,,,,,,,,,,,,,,,,,,,,,
PER-0022,Person,余丰慧,,,,,,PER-0022,余丰慧,,,,,,,,,,,,,,,,,,,,,,,
PER-0023,Person,余思明,,,,,,PER-0023,余思明,,,,,,,,,,,,,,,,,,,,,,,
PER-0024,Person,余辉,,,,,,PER-0024,余辉,,,,,,,,,,,,,,,,,,,,,,,
PER-0025,Person,侯启军,,,,,,PER-0025,侯启军,,,,,,,,,,,,,,,,,,,,,,,
PER-0026,Person,侯昭飞,,,,,,PER-0026,侯昭飞,,,,,,,,,,,,,,,,,,,,,,,
PER-0027,Person,侯琋文,,,,,,PER-0027,侯琋文,,,,,,,,,,,,,,,,,,,,,,,
PER-0028,Person,俞俊,,,,,,PER-0028,俞俊,,,,,,,,,,,,,,,,,,,,,,,
PER-0029,Person,俞宏福,,,,,,PER-0029,俞宏福,,,,,,,,,,,,,,,,,,,,,,,
PER-0030,Person,修龙,,,,,,PER-0030,修龙,,,,,,,,,,,,,,,,,,,,,,,
PER-0031,Person,全寿山,,,,,,PER-0031,全寿山,,,,,,,,,,,,,,,,,,,,,,,
PER-0032,Person,公茂江,,,,,,PER-0032,公茂江,,,,,,,,,,,,,,,,,,,,,,,
PER-0033,Person,关新平,,,,,,PER-0033,关新平,,,,,,,,,,,,,,,,,,,,,,,
PER-0034,Person,其实,,,,,,PER-0034,其实,,,,,,,,,,,,,,,,,,,,,,,
PER-0035,Person,冀光恒,,,,,,PER-0035,冀光恒,,,,,,,,,,,,,,,,,,,,,,,
PER-0036,Person,冯强,,,,,,PER-0036,冯强,,,,,,,,,,,,,,,,,,,,,,,
PER-0037,Person,冯莉琼,,,,,,PER-0037,冯莉琼,,,,,,,,,,,,,,,,,,,,,,,
PER-0038,Person,刘义,,,,,,PER-0038,刘义,,,,,,,,,,,,,,,,,,,,,,,
PER-0039,Person,刘仁越,,,,,,PER-0039,刘仁越,,,,,,,,,,,,,,,,,,,,,,,
PER-0040,Person,刘佳灵,,,,,,PER-0040,刘佳灵,,,,,,,,,,,,,,,,,,,,,,,
PER-0041,Person,刘佳灵律师,,,,,,PER-0041,刘佳灵律师,,,,,,,,,,,,,,,,,,,,,,,
PER-0042,Person,刘宝军,,,,,,PER-0042,刘宝军,,,,,,,,,,,,,,,,,,,,,,,
PER-0043,Person,刘峰,,,,,,PER-0043,刘峰,,,,,,,,,,,,,,,,,,,,,,,
PER-0044,Person,刘平,,,,,,PER-0044,刘平,,,,,,,,,,,,,,,,,,,,,,,
PER-0045,Person,刘建强,,,,,,PER-0045,刘建强,,,,,,,,,,,,,,,,,,,,,,,
PER-0046,Person,刘忠庆,,,,,,PER-0046,刘忠庆,,,,,,,,,,,,,,,,,,,,,,,
PER-0047,Person,刘有华,,,,,,PER-0047,刘有华,,,,,,,,,,,,,,,,,,,,,,,
PER-0048,Person,刘汝臣,,,,,,PER-0048,刘汝臣,,,,,,,,,,,,,,,,,,,,,,,
PER-0049,Person,刘海波,,,,,,PER-0049,刘海波,,,,,,,,,,,,,,,,,,,,,,,
PER-0050,Person,刘舒琪,,,,,,PER-0050,刘舒琪,,,,,,,,,,,,,,,,,,,,,,,
PER-0051,Person,刘训峰,,,,,,PER-0051,刘训峰,,,,,,,,,,,,,,,,,,,,,,,
PER-0052,Person,刘驹,,,,,,PER-0052,刘驹,,,,,,,,,,,,,,,,,,,,,,,
PER-0053,Person,劉珺,,,,,,PER-0053,劉珺,,,,,,,,,,,,,,,,,,,,,,,
PER-0054,Person,华立,,,,,,PER-0054,华立,,,,,,,,,,,,,,,,,,,,,,,
PER-0055,Person,单广袖,,,,,,PER-0055,单广袖,,,,,,,,,,,,,,,,,,,,,,,
PER-0056,Person,卢少明,,,,,,PER-0056,卢少明,,,,,,,,,,,,,,,,,,,,,,,
PER-0057,Person,卢润凯,,,,,,PER-0057,卢润凯,,,,,,,,,,,,,,,,,,,,,,,
PER-0058,Person,印志松,,,,,,PER-0058,印志松,,,,,,,,,,,,,,,,,,,,,,,
PER-0059,Person,史青春,,,,,,PER-0059,史青春,,,,,,,,,,,,,,,,,,,,,,,
PER-0060,Person,叶理青,,,,,,PER-0060,叶理青,,,,,,,,,,,,,,,,,,,,,,,
PER-0061,Person,叶礼德,,,,,,PER-0061,叶礼德,,,,,,,,,,,,,,,,,,,,,,,
PER-0062,Person,吕光泉,,,,,,PER-0062,吕光泉,,,,,,,,,,,,,,,,,,,,,,,
PER-0063,Person,吕建华,,,,,,PER-0063,吕建华,,,,,,,,,,,,,,,,,,,,,,,
PER-0064,Person,吴以芳,,,,,,PER-0064,吴以芳,,,,,,,,,,,,,,,,,,,,,,,
PER-0065,Person,吴凌玥,,,,,,PER-0065,吴凌玥,,,,,,,,,,,,,,,,,,,,,,,
PER-0066,Person,吴婉莹,,,,,,PER-0066,吴婉莹,,,,,,,,,,,,,,,,,,,,,,,
PER-0067,Person,吴建平,,,,,,PER-0067,吴建平,,,,,,,,,,,,,,,,,,,,,,,
PER-0068,Person,吴志攀,,,,,,PER-0068,吴志攀,,,,,,,,,,,,,,,,,,,,,,,
PER-0069,Person,吴志锋,,,,,,PER-0069,吴志锋,,,,,,,,,,,,,,,,,,,,,,,
PER-0070,Person,吴清,,,,,,PER-0070,吴清,,,,,,,,,,,,,,,,,,,,,,,
PER-0071,Person,吴磊,,,,,,PER-0071,吴磊,,,,,,,,,,,,,,,,,,,,,,,
PER-0072,Person,吴红辉,,,,,,PER-0072,吴红辉,,,,,,,,,,,,,,,,,,,,,,,
PER-0073,Person,吴雷鸣,,,,,,PER-0073,吴雷鸣,,,,,,,,,,,,,,,,,,,,,,,
PER-0074,Person,呂向陽,,,,,,PER-0074,呂向陽,,,,,,,,,,,,,,,,,,,,,,,
PER-0075,Person,周厚禄,,,,,,PER-0075,周厚禄,,,,,,,,,,,,,,,,,,,,,,,
PER-0076,Person,周天育,,,,,,PER-0076,周天育,,,,,,,,,,,,,,,,,,,,,,,
PER-0077,Person,周学东,,,,,,PER-0077,周学东,,,,,,,,,,,,,,,,,,,,,,,
PER-0078,Person,周思聪,,,,,,PER-0078,周思聪,,,,,,,,,,,,,,,,,,,,,,,
PER-0079,Person,周明笙先生,,,,,,PER-0079,周明笙先生,,,,,,,,,,,,,,,,,,,,,,,
PER-0080,Person,周毅钦,,,,,,PER-0080,周毅钦,,,,,,,,,,,,,,,,,,,,,,,
PER-0081,Person,周锦明,,,,,,PER-0081,周锦明,,,,,,,,,,,,,,,,,,,,,,,
PER-0082,Person,周雪,,,,,,PER-0082,周雪,,,,,,,,,,,,,,,,,,,,,,,
PER-0083,Person,唐飞,,,,,,PER-0083,唐飞,,,,,,,,,,,,,,,,,,,,,,,
PER-0084,Person,喻玲,,,,,,PER-0084,喻玲,,,,,,,,,,,,,,,,,,,,,,,
PER-0085,Person,夏佐全,,,,,,PER-0085,夏佐全,,,,,,,,,,,,,,,,,,,,,,,
PER-0086,Person,夏凡捷,,,,,,PER-0086,夏凡捷,,,,,,,,,,,,,,,,,,,,,,,
PER-0087,Person,姚佩,,,,,,PER-0087,姚佩,,,,,,,,,,,,,,,,,,,,,,,
PER-0088,Person,姚林龙,,,,,,PER-0088,姚林龙,,,,,,,,,,,,,,,,,,,,,,,
PER-0089,Person,姚飞,,,,,,PER-0089,姚飞,,,,,,,,,,,,,,,,,,,,,,,
PER-0090,Person,姜滨,,,,,,PER-0090,姜滨,,,,,,,,,,,,,,,,,,,,,,,
PER-0091,Person,姜龙,,,,,,PER-0091,姜龙,,,,,,,,,,,,,,,,,,,,,,,
PER-0092,Person,姬为军,,,,,,PER-0092,姬为军,,,,,,,,,,,,,,,,,,,,,,,
PER-0093,Person,孔学兵,,,,,,PER-0093,孔学兵,,,,,,,,,,,,,,,,,,,,,,,
PER-0094,Person,孙业亮,,,,,,PER-0094,孙业亮,,,,,,,,,,,,,,,,,,,,,,,
PER-0095,Person,孙力实,,,,,,PER-0095,孙力实,,,,,,,,,,,,,,,,,,,,,,,
PER-0096,Person,孙国君,,,,,,PER-0096,孙国君,,,,,,,,,,,,,,,,,,,,,,,
PER-0097,Person,孙婧,,,,,,PER-0097,孙婧,,,,,,,,,,,,,,,,,,,,,,,
PER-0098,Person,孙婷,,,,,,PER-0098,孙婷,,,,,,,,,,,,,,,,,,,,,,,
PER-0099,Person,孙承铭,,,,,,PER-0099,孙承铭,,,,,,,,,,,,,,,,,,,,,,,
PER-0100,Person,孙玉霞,,,,,,PER-0100,孙玉霞,,,,,,,,,,,,,,,,,,,,,,,
PER-0101,Person,孙璀,,,,,,PER-0101,孙璀,,,,,,,,,,,,,,,,,,,,,,,
PER-0102,Person,孙超,,,,,,PER-0102,孙超,,,,,,,,,,,,,,,,,,,,,,,
PER-0103,Person,孙飘扬,,,,,,PER-0103,孙飘扬,,,,,,,,,,,,,,,,,,,,,,,
PER-0104,Person,孟二梅,,,,,,PER-0104,孟二梅,,,,,,,,,,,,,,,,,,,,,,,
PER-0105,Person,孫飄揚,,,,,,PER-0105,孫飄揚,,,,,,,,,,,,,,,,,,,,,,,
PER-0106,Person,安淑兰,,,,,,PER-0106,安淑兰,,,,,,,,,,,,,,,,,,,,,,,
PER-0107,Person,宋金航,,,,,,PER-0107,宋金航,,,,,,,,,,,,,,,,,,,,,,,
PER-0108,Person,宋静刚,,,,,,PER-0108,宋静刚,,,,,,,,,,,,,,,,,,,,,,,
PER-0109,Person,宗建树,,,,,,PER-0109,宗建树,,,,,,,,,,,,,,,,,,,,,,,
PER-0110,Person,容三友,,,,,,PER-0110,容三友,,,,,,,,,,,,,,,,,,,,,,,
PER-0111,Person,寇光武,,,,,,PER-0111,寇光武,,,,,,,,,,,,,,,,,,,,,,,
PER-0112,Person,尹凌,,,,,,PER-0112,尹凌,,,,,,,,,,,,,,,,,,,,,,,
PER-0113,Person,屈文洲先生,,,,,,PER-0113,屈文洲先生,,,,,,,,,,,,,,,,,,,,,,,
PER-0114,Person,屠海鸣,,,,,,PER-0114,屠海鸣,,,,,,,,,,,,,,,,,,,,,,,
PER-0115,Person,岳修虎,,,,,,PER-0115,岳修虎,,,,,,,,,,,,,,,,,,,,,,,
PER-0116,Person,岳永,,,,,,PER-0116,岳永,,,,,,,,,,,,,,,,,,,,,,,
PER-0117,Person,常瑞,,,,,,PER-0117,常瑞,,,,,,,,,,,,,,,,,,,,,,,
PER-0118,Person,庄严,,,,,,PER-0118,庄严,,,,,,,,,,,,,,,,,,,,,,,
PER-0119,Person,康凤伟,,,,,,PER-0119,康凤伟,,,,,,,,,,,,,,,,,,,,,,,
PER-0120,Person,康志锋,,,,,,PER-0120,康志锋,,,,,,,,,,,,,,,,,,,,,,,
PER-0121,Person,康林松,,,,,,PER-0121,康林松,,,,,,,,,,,,,,,,,,,,,,,
PER-0122,Person,廖志明,,,,,,PER-0122,廖志明,,,,,,,,,,,,,,,,,,,,,,,
PER-0123,Person,廖林,,,,,,PER-0123,廖林,,,,,,,,,,,,,,,,,,,,,,,
PER-0124,Person,廖系民,,,,,,PER-0124,廖系民,,,,,,,,,,,,,,,,,,,,,,,
PER-0125,Person,廖翠萍,,,,,,PER-0125,廖翠萍,,,,,,,,,,,,,,,,,,,,,,,
PER-0126,Person,廖長輝先生,,,,,,PER-0126,廖長輝先生,,,,,,,,,,,,,,,,,,,,,,,
PER-0127,Person,廖静池,,,,,,PER-0127,廖静池,,,,,,,,,,,,,,,,,,,,,,,
PER-0128,Person,张俊生,,,,,,PER-0128,张俊生,,,,,,,,,,,,,,,,,,,,,,,
PER-0129,Person,张冬花,,,,,,PER-0129,张冬花,,,,,,,,,,,,,,,,,,,,,,,
PER-0130,Person,张凌之,,,,,,PER-0130,张凌之,,,,,,,,,,,,,,,,,,,,,,,
PER-0131,Person,张博,,,,,,PER-0131,张博,,,,,,,,,,,,,,,,,,,,,,,
PER-0132,Person,张启尧,,,,,,PER-0132,张启尧,,,,,,,,,,,,,,,,,,,,,,,
PER-0133,Person,张子杰,,,,,,PER-0133,张子杰,,,,,,,,,,,,,,,,,,,,,,,
PER-0134,Person,张子杰律师,,,,,,PER-0134,张子杰律师,,,,,,,,,,,,,,,,,,,,,,,
PER-0135,Person,张学福,,,,,,PER-0135,张学福,,,,,,,,,,,,,,,,,,,,,,,
PER-0136,Person,张宇生,,,,,,PER-0136,张宇生,,,,,,,,,,,,,,,,,,,,,,,
PER-0137,Person,张少峰,,,,,,PER-0137,张少峰,,,,,,,,,,,,,,,,,,,,,,,
PER-0138,Person,张峥,,,,,,PER-0138,张峥,,,,,,,,,,,,,,,,,,,,,,,
PER-0139,Person,张征,,,,,,PER-0139,张征,,,,,,,,,,,,,,,,,,,,,,,
PER-0140,Person,张承宇,,,,,,PER-0140,张承宇,,,,,,,,,,,,,,,,,,,,,,,
PER-0141,Person,张朝晖,,,,,,PER-0141,张朝晖,,,,,,,,,,,,,,,,,,,,,,,
PER-0142,Person,张杰,,,,,,PER-0142,张杰,,,,,,,,,,,,,,,,,,,,,,,
PER-0143,Person,张梦娇,,,,,,PER-0143,张梦娇,,,,,,,,,,,,,,,,,,,,,,,
PER-0144,Person,张湧,,,,,,PER-0144,张湧,,,,,,,,,,,,,,,,,,,,,,,
PER-0145,Person,张瑞雄,,,,,,PER-0145,张瑞雄,,,,,,,,,,,,,,,,,,,,,,,
PER-0146,Person,张皓,,,,,,PER-0146,张皓,,,,,,,,,,,,,,,,,,,,,,,
PER-0147,Person,张科春,,,,,,PER-0147,张科春,,,,,,,,,,,,,,,,,,,,,,,
PER-0148,Person,张翠霞,,,,,,PER-0148,张翠霞,,,,,,,,,,,,,,,,,,,,,,,
PER-0149,Person,张英杰,,,,,,PER-0149,张英杰,,,,,,,,,,,,,,,,,,,,,,,
PER-0150,Person,张蕾娣,,,,,,PER-0150,张蕾娣,,,,,,,,,,,,,,,,,,,,,,,
PER-0151,Person,张超,,,,,,PER-0151,张超,,,,,,,,,,,,,,,,,,,,,,,
PER-0152,Person,张长岩,,,,,,PER-0152,张长岩,,,,,,,,,,,,,,,,,,,,,,,
PER-0153,Person,张长征,,,,,,PER-0153,张长征,,,,,,,,,,,,,,,,,,,,,,,
PER-0154,Person,张黎群,,,,,,PER-0154,张黎群,,,,,,,,,,,,,,,,,,,,,,,
PER-0155,Person,張敏,,,,,,PER-0155,張敏,,,,,,,,,,,,,,,,,,,,,,,
PER-0156,Person,張瀟女士,,,,,,PER-0156,張瀟女士,,,,,,,,,,,,,,,,,,,,,,,
PER-0157,Person,張科春先生,,,,,,PER-0157,張科春先生,,,,,,,,,,,,,,,,,,,,,,,
PER-0158,Person,彭家文先生,,,,,,PER-0158,彭家文先生,,,,,,,,,,,,,,,,,,,,,,,
PER-0159,Person,彭长清,,,,,,PER-0159,彭长清,,,,,,,,,,,,,,,,,,,,,,,
PER-0160,Person,徐圖,,,,,,PER-0160,徐圖,,,,,,,,,,,,,,,,,,,,,,,
PER-0161,Person,徐子陽,,,,,,PER-0161,徐子陽,,,,,,,,,,,,,,,,,,,,,,,
PER-0162,Person,徐恩利,,,,,,PER-0162,徐恩利,,,,,,,,,,,,,,,,,,,,,,,
PER-0163,Person,徐至,,,,,,PER-0163,徐至,,,,,,,,,,,,,,,,,,,,,,,
PER-0164,Person,徐臻,,,,,,PER-0164,徐臻,,,,,,,,,,,,,,,,,,,,,,,
PER-0165,Person,徐近峰,,,,,,PER-0165,徐近峰,,,,,,,,,,,,,,,,,,,,,,,
PER-0166,Person,徐驰,,,,,,PER-0166,徐驰,,,,,,,,,,,,,,,,,,,,,,,
PER-0167,Person,戴和根,,,,,,PER-0167,戴和根,,,,,,,,,,,,,,,,,,,,,,,
PER-0168,Person,揭晓小,,,,,,PER-0168,揭晓小,,,,,,,,,,,,,,,,,,,,,,,
PER-0169,Person,文兵,,,,,,PER-0169,文兵,,,,,,,,,,,,,,,,,,,,,,,
PER-0170,Person,文志州先生,,,,,,PER-0170,文志州先生,,,,,,,,,,,,,,,,,,,,,,,
PER-0171,Person,方建,,,,,,PER-0171,方建,,,,,,,,,,,,,,,,,,,,,,,
PER-0172,Person,方榕,,,,,,PER-0172,方榕,,,,,,,,,,,,,,,,,,,,,,,
PER-0173,Person,方洪波,,,,,,PER-0173,方洪波,,,,,,,,,,,,,,,,,,,,,,,
PER-0174,Person,施其林,,,,,,PER-0174,施其林,,,,,,,,,,,,,,,,,,,,,,,
PER-0175,Person,施华,,,,,,PER-0175,施华,,,,,,,,,,,,,,,,,,,,,,,
PER-0176,Person,时晓东,,,,,,PER-0176,时晓东,,,,,,,,,,,,,,,,,,,,,,,
PER-0177,Person,明明,,,,,,PER-0177,明明,,,,,,,,,,,,,,,,,,,,,,,
PER-0178,Person,曹亚蕾,,,,,,PER-0178,曹亚蕾,,,,,,,,,,,,,,,,,,,,,,,
PER-0179,Person,曹仁贤,,,,,,PER-0179,曹仁贤,,,,,,,,,,,,,,,,,,,,,,,
PER-0180,Person,曹卫东,,,,,,PER-0180,曹卫东,,,,,,,,,,,,,,,,,,,,,,,
PER-0181,Person,曹志杰,,,,,,PER-0181,曹志杰,,,,,,,,,,,,,,,,,,,,,,,
PER-0182,Person,曹柳龙,,,,,,PER-0182,曹柳龙,,,,,,,,,,,,,,,,,,,,,,,
PER-0183,Person,曹治年,,,,,,PER-0183,曹治年,,,,,,,,,,,,,,,,,,,,,,,
PER-0184,Person,曹治年先生,,,,,,PER-0184,曹治年先生,,,,,,,,,,,,,,,,,,,,,,,
PER-0185,Person,曾从钦,,,,,,PER-0185,曾从钦,,,,,,,,,,,,,,,,,,,,,,,
PER-0186,Person,曾暄,,,,,,PER-0186,曾暄,,,,,,,,,,,,,,,,,,,,,,,
PER-0187,Person,曾毓群先生,,,,,,PER-0187,曾毓群先生,,,,,,,,,,,,,,,,,,,,,,,
PER-0188,Person,朱共山,,,,,,PER-0188,朱共山,,,,,,,,,,,,,,,,,,,,,,,
PER-0189,Person,朱志强,,,,,,PER-0189,朱志强,,,,,,,,,,,,,,,,,,,,,,,
PER-0190,Person,朱斌,,,,,,PER-0190,朱斌,,,,,,,,,,,,,,,,,,,,,,,
PER-0191,Person,李丹,,,,,,PER-0191,李丹,,,,,,,,,,,,,,,,,,,,,,,
PER-0192,Person,李义岭,,,,,,PER-0192,李义岭,,,,,,,,,,,,,,,,,,,,,,,
PER-0193,Person,李书福,,,,,,PER-0193,李书福,,,,,,,,,,,,,,,,,,,,,,,
PER-0194,Person,李云峰,,,,,,PER-0194,李云峰,,,,,,,,,,,,,,,,,,,,,,,
PER-0195,Person,李云贵,,,,,,PER-0195,李云贵,,,,,,,,,,,,,,,,,,,,,,,
PER-0196,Person,李伟,,,,,,PER-0196,李伟,,,,,,,,,,,,,,,,,,,,,,,
PER-0197,Person,李健,,,,,,PER-0197,李健,,,,,,,,,,,,,,,,,,,,,,,
PER-0198,Person,李军,,,,,,PER-0198,李军,,,,,,,,,,,,,,,,,,,,,,,
PER-0199,Person,李凯,,,,,,PER-0199,李凯,,,,,,,,,,,,,,,,,,,,,,,
PER-0200,Person,李喜燕,,,,,,PER-0200,李喜燕,,,,,,,,,,,,,,,,,,,,,,,
PER-0201,Person,李国平,,,,,,PER-0201,李国平,,,,,,,,,,,,,,,,,,,,,,,
PER-0202,Person,李国林,,,,,,PER-0202,李国林,,,,,,,,,,,,,,,,,,,,,,,
PER-0203,Person,李国栋,,,,,,PER-0203,李国栋,,,,,,,,,,,,,,,,,,,,,,,
PER-0204,Person,李妙娜,,,,,,PER-0204,李妙娜,,,,,,,,,,,,,,,,,,,,,,,
PER-0205,Person,李岗,,,,,,PER-0205,李岗,,,,,,,,,,,,,,,,,,,,,,,
PER-0206,Person,李崇瑛,,,,,,PER-0206,李崇瑛,,,,,,,,,,,,,,,,,,,,,,,
PER-0207,Person,李建华,,,,,,PER-0207,李建华,,,,,,,,,,,,,,,,,,,,,,,
PER-0208,Person,李强,,,,,,PER-0208,李强,,,,,,,,,,,,,,,,,,,,,,,
PER-0209,Person,李振国,,,,,,PER-0209,李振国,,,,,,,,,,,,,,,,,,,,,,,
PER-0210,Person,李新华,,,,,,PER-0210,李新华,,,,,,,,,,,,,,,,,,,,,,,
PER-0211,Person,李昊阳,,,,,,PER-0211,李昊阳,,,,,,,,,,,,,,,,,,,,,,,
PER-0212,Person,李昕,,,,,,PER-0212,李昕,,,,,,,,,,,,,,,,,,,,,,,
PER-0213,Person,李春安,,,,,,PER-0213,李春安,,,,,,,,,,,,,,,,,,,,,,,
PER-0214,Person,李春瑜,,,,,,PER-0214,李春瑜,,,,,,,,,,,,,,,,,,,,,,,
PER-0215,Person,李昱丞,,,,,,PER-0215,李昱丞,,,,,,,,,,,,,,,,,,,,,,,
PER-0216,Person,李晋,,,,,,PER-0216,李晋,,,,,,,,,,,,,,,,,,,,,,,
PER-0217,Person,李永釗,,,,,,PER-0217,李永釗,,,,,,,,,,,,,,,,,,,,,,,
PER-0218,Person,李立民,,,,,,PER-0218,李立民,,,,,,,,,,,,,,,,,,,,,,,
PER-0219,Person,李紅栓,,,,,,PER-0219,李紅栓,,,,,,,,,,,,,,,,,,,,,,,
PER-0220,Person,李红栓,,,,,,PER-0220,李红栓,,,,,,,,,,,,,,,,,,,,,,,
PER-0221,Person,李芳,,,,,,PER-0221,李芳,,,,,,,,,,,,,,,,,,,,,,,
PER-0222,Person,李萍萍,,,,,,PER-0222,李萍萍,,,,,,,,,,,,,,,,,,,,,,,
PER-0223,Person,李鋼,,,,,,PER-0223,李鋼,,,,,,,,,,,,,,,,,,,,,,,
PER-0224,Person,杨代常,,,,,,PER-0224,杨代常,,,,,,,,,,,,,,,,,,,,,,,
PER-0225,Person,杨俊坚,,,,,,PER-0225,杨俊坚,,,,,,,,,,,,,,,,,,,,,,,
PER-0226,Person,杨兆,,,,,,PER-0226,杨兆,,,,,,,,,,,,,,,,,,,,,,,
PER-0227,Person,杨宏浩,,,,,,PER-0227,杨宏浩,,,,,,,,,,,,,,,,,,,,,,,
PER-0228,Person,杨将,,,,,,PER-0228,杨将,,,,,,,,,,,,,,,,,,,,,,,
PER-0229,Person,杨建东,,,,,,PER-0229,杨建东,,,,,,,,,,,,,,,,,,,,,,,
PER-0230,Person,杨志群,,,,,,PER-0230,杨志群,,,,,,,,,,,,,,,,,,,,,,,
PER-0231,Person,杨怀景,,,,,,PER-0231,杨怀景,,,,,,,,,,,,,,,,,,,,,,,
PER-0232,Person,杨杰,,,,,,PER-0232,杨杰,,,,,,,,,,,,,,,,,,,,,,,
PER-0233,Person,杨桦,,,,,,PER-0233,杨桦,,,,,,,,,,,,,,,,,,,,,,,
PER-0234,Person,杨汉煜,,,,,,PER-0234,杨汉煜,,,,,,,,,,,,,,,,,,,,,,,
PER-0235,Person,杨瑞华,,,,,,PER-0235,杨瑞华,,,,,,,,,,,,,,,,,,,,,,,
PER-0236,Person,杨秋瑾,,,,,,PER-0236,杨秋瑾,,,,,,,,,,,,,,,,,,,,,,,
PER-0237,Person,林奂汝,,,,,,PER-0237,林奂汝,,,,,,,,,,,,,,,,,,,,,,,
PER-0238,Person,林建伟,,,,,,PER-0238,林建伟,,,,,,,,,,,,,,,,,,,,,,,
PER-0239,Person,林阳,,,,,,PER-0239,林阳,,,,,,,,,,,,,,,,,,,,,,,
PER-0240,Person,柯瑞文,,,,,,PER-0240,柯瑞文,,,,,,,,,,,,,,,,,,,,,,,
PER-0241,Person,柯瑩女士,,,,,,PER-0241,柯瑩女士,,,,,,,,,,,,,,,,,,,,,,,
PER-0242,Person,柯莹,,,,,,PER-0242,柯莹,,,,,,,,,,,,,,,,,,,,,,,
PER-0243,Person,柳玉平,,,,,,PER-0243,柳玉平,,,,,,,,,,,,,,,,,,,,,,,
PER-0244,Person,柳锡专,,,,,,PER-0244,柳锡专,,,,,,,,,,,,,,,,,,,,,,,
PER-0245,Person,梁稳根,,,,,,PER-0245,梁稳根,,,,,,,,,,,,,,,,,,,,,,,
PER-0246,Person,梁维特,,,,,,PER-0246,梁维特,,,,,,,,,,,,,,,,,,,,,,,
PER-0247,Person,楊瑞華,,,,,,PER-0247,楊瑞華,,,,,,,,,,,,,,,,,,,,,,,
PER-0248,Person,楊瑞華女士,,,,,,PER-0248,楊瑞華女士,,,,,,,,,,,,,,,,,,,,,,,
PER-0249,Person,楼佳男,,,,,,PER-0249,楼佳男,,,,,,,,,,,,,,,,,,,,,,,
PER-0250,Person,欧阳少红,,,,,,PER-0250,欧阳少红,,,,,,,,,,,,,,,,,,,,,,,
PER-0251,Person,武常岐,,,,,,PER-0251,武常岐,,,,,,,,,,,,,,,,,,,,,,,
PER-0252,Person,段会禄,,,,,,PER-0252,段会禄,,,,,,,,,,,,,,,,,,,,,,,
PER-0253,Person,段洪义,,,,,,PER-0253,段洪义,,,,,,,,,,,,,,,,,,,,,,,
PER-0254,Person,段银海,,,,,,PER-0254,段银海,,,,,,,,,,,,,,,,,,,,,,,
PER-0255,Person,段雍,,,,,,PER-0255,段雍,,,,,,,,,,,,,,,,,,,,,,,
PER-0256,Person,江朝阳,,,,,,PER-0256,江朝阳,,,,,,,,,,,,,,,,,,,,,,,
PER-0257,Person,江鹏,,,,,,PER-0257,江鹏,,,,,,,,,,,,,,,,,,,,,,,
PER-0258,Person,汤静文,,,,,,PER-0258,汤静文,,,,,,,,,,,,,,,,,,,,,,,
PER-0259,Person,汪炜,,,,,,PER-0259,汪炜,,,,,,,,,,,,,,,,,,,,,,,
PER-0260,Person,沈嘉琦,,,,,,PER-0260,沈嘉琦,,,,,,,,,,,,,,,,,,,,,,,
PER-0261,Person,沈筱敏,,,,,,PER-0261,沈筱敏,,,,,,,,,,,,,,,,,,,,,,,
PER-0262,Person,温彬,,,,,,PER-0262,温彬,,,,,,,,,,,,,,,,,,,,,,,
PER-0263,Person,潘刚,,,,,,PER-0263,潘刚,,,,,,,,,,,,,,,,,,,,,,,
PER-0264,Person,潘功胜,,,,,,PER-0264,潘功胜,,,,,,,,,,,,,,,,,,,,,,,
PER-0265,Person,潘志华,,,,,,PER-0265,潘志华,,,,,,,,,,,,,,,,,,,,,,,
PER-0266,Person,潘敏,,,,,,PER-0266,潘敏,,,,,,,,,,,,,,,,,,,,,,,
PER-0267,Person,潘静,,,,,,PER-0267,潘静,,,,,,,,,,,,,,,,,,,,,,,
PER-0268,Person,王世宏,,,,,,PER-0268,王世宏,,,,,,,,,,,,,,,,,,,,,,,
PER-0269,Person,王伟光,,,,,,PER-0269,王伟光,,,,,,,,,,,,,,,,,,,,,,,
PER-0270,Person,王俊,,,,,,PER-0270,王俊,,,,,,,,,,,,,,,,,,,,,,,
PER-0271,Person,王俊锋,,,,,,PER-0271,王俊锋,,,,,,,,,,,,,,,,,,,,,,,
PER-0272,Person,王傳福,,,,,,PER-0272,王傳福,,,,,,,,,,,,,,,,,,,,,,,
PER-0273,Person,王兴利,,,,,,PER-0273,王兴利,,,,,,,,,,,,,,,,,,,,,,,
PER-0274,Person,王兴海,,,,,,PER-0274,王兴海,,,,,,,,,,,,,,,,,,,,,,,
PER-0275,Person,王军,,,,,,PER-0275,王军,,,,,,,,,,,,,,,,,,,,,,,
PER-0276,Person,王博,,,,,,PER-0276,王博,,,,,,,,,,,,,,,,,,,,,,,
PER-0277,Person,王叶兰,,,,,,PER-0277,王叶兰,,,,,,,,,,,,,,,,,,,,,,,
PER-0278,Person,王君,,,,,,PER-0278,王君,,,,,,,,,,,,,,,,,,,,,,,
PER-0279,Person,王小青,,,,,,PER-0279,王小青,,,,,,,,,,,,,,,,,,,,,,,
PER-0280,Person,王广庆,,,,,,PER-0280,王广庆,,,,,,,,,,,,,,,,,,,,,,,
PER-0281,Person,王德成,,,,,,PER-0281,王德成,,,,,,,,,,,,,,,,,,,,,,,
PER-0282,Person,王振伟,,,,,,PER-0282,王振伟,,,,,,,,,,,,,,,,,,,,,,,
PER-0283,Person,王晓刚,,,,,,PER-0283,王晓刚,,,,,,,,,,,,,,,,,,,,,,,
PER-0284,Person,王晓秋,,,,,,PER-0284,王晓秋,,,,,,,,,,,,,,,,,,,,,,,
PER-0285,Person,王琦,,,,,,PER-0285,王琦,,,,,,,,,,,,,,,,,,,,,,,
PER-0286,Person,王琨,,,,,,PER-0286,王琨,,,,,,,,,,,,,,,,,,,,,,,
PER-0287,Person,王磊,,,,,,PER-0287,王磊,,,,,,,,,,,,,,,,,,,,,,,
PER-0288,Person,王立华,,,,,,PER-0288,王立华,,,,,,,,,,,,,,,,,,,,,,,
PER-0289,Person,王维,,,,,,PER-0289,王维,,,,,,,,,,,,,,,,,,,,,,,
PER-0290,Person,王莉,,,,,,PER-0290,王莉,,,,,,,,,,,,,,,,,,,,,,,
PER-0291,Person,王金亮,,,,,,PER-0291,王金亮,,,,,,,,,,,,,,,,,,,,,,,
PER-0292,Person,王阳阳,,,,,,PER-0292,王阳阳,,,,,,,,,,,,,,,,,,,,,,,
PER-0293,Person,班学钦,,,,,,PER-0293,班学钦,,,,,,,,,,,,,,,,,,,,,,,
PER-0294,Person,田雅娟,,,,,,PER-0294,田雅娟,,,,,,,,,,,,,,,,,,,,,,,
PER-0295,Person,白家南,,,,,,PER-0295,白家南,,,,,,,,,,,,,,,,,,,,,,,
PER-0296,Person,祝永华,,,,,,PER-0296,祝永华,,,,,,,,,,,,,,,,,,,,,,,
PER-0297,Person,秦牧原,,,,,,PER-0297,秦牧原,,,,,,,,,,,,,,,,,,,,,,,
PER-0298,Person,程忠,,,,,,PER-0298,程忠,,,,,,,,,,,,,,,,,,,,,,,
PER-0299,Person,程雪,,,,,,PER-0299,程雪,,,,,,,,,,,,,,,,,,,,,,,
PER-0300,Person,程雪女士,,,,,,PER-0300,程雪女士,,,,,,,,,,,,,,,,,,,,,,,
PER-0301,Person,穆峰,,,,,,PER-0301,穆峰,,,,,,,,,,,,,,,,,,,,,,,
PER-0302,Person,窦晓波,,,,,,PER-0302,窦晓波,,,,,,,,,,,,,,,,,,,,,,,
PER-0303,Person,章靖忠,,,,,,PER-0303,章靖忠,,,,,,,,,,,,,,,,,,,,,,,
PER-0304,Person,管江华,,,,,,PER-0304,管江华,,,,,,,,,,,,,,,,,,,,,,,
PER-0305,Person,管江華先生,,,,,,PER-0305,管江華先生,,,,,,,,,,,,,,,,,,,,,,,
PER-0306,Person,缪建民,,,,,,PER-0306,缪建民,,,,,,,,,,,,,,,,,,,,,,,
PER-0307,Person,罗乾宜,,,,,,PER-0307,罗乾宜,,,,,,,,,,,,,,,,,,,,,,,
PER-0308,Person,罗京,,,,,,PER-0308,罗京,,,,,,,,,,,,,,,,,,,,,,,
PER-0309,Person,罗征,,,,,,PER-0309,罗征,,,,,,,,,,,,,,,,,,,,,,,
PER-0310,Person,罗汉武,,,,,,PER-0310,罗汉武,,,,,,,,,,,,,,,,,,,,,,,
PER-0311,Person,罗高成,,,,,,PER-0311,罗高成,,,,,,,,,,,,,,,,,,,,,,,
PER-0312,Person,翁宇轩,,,,,,PER-0312,翁宇轩,,,,,,,,,,,,,,,,,,,,,,,
PER-0313,Person,肖云兮,,,,,,PER-0313,肖云兮,,,,,,,,,,,,,,,,,,,,,,,
PER-0314,Person,肖毅,,,,,,PER-0314,肖毅,,,,,,,,,,,,,,,,,,,,,,,
PER-0315,Person,胡望明,,,,,,PER-0315,胡望明,,,,,,,,,,,,,,,,,,,,,,,
PER-0316,Person,胡梓木,,,,,,PER-0316,胡梓木,,,,,,,,,,,,,,,,,,,,,,,
PER-0317,Person,胡蝶娜,,,,,,PER-0317,胡蝶娜,,,,,,,,,,,,,,,,,,,,,,,
PER-0318,Person,胡顺靖,,,,,,PER-0318,胡顺靖,,,,,,,,,,,,,,,,,,,,,,,
PER-0319,Person,胡麒牧,,,,,,PER-0319,胡麒牧,,,,,,,,,,,,,,,,,,,,,,,
PER-0320,Person,芮红,,,,,,PER-0320,芮红,,,,,,,,,,,,,,,,,,,,,,,
PER-0321,Person,苏党林,,,,,,PER-0321,苏党林,,,,,,,,,,,,,,,,,,,,,,,
PER-0322,Person,苏敏,,,,,,PER-0322,苏敏,,,,,,,,,,,,,,,,,,,,,,,
PER-0323,Person,范輝,,,,,,PER-0323,范輝,,,,,,,,,,,,,,,,,,,,,,,
PER-0324,Person,董峥,,,,,,PER-0324,董峥,,,,,,,,,,,,,,,,,,,,,,,
PER-0325,Person,董希淼,,,,,,PER-0325,董希淼,,,,,,,,,,,,,,,,,,,,,,,
PER-0326,Person,蒋毅,,,,,,PER-0326,蒋毅,,,,,,,,,,,,,,,,,,,,,,,
PER-0327,Person,蓝恭涛,,,,,,PER-0327,蓝恭涛,,,,,,,,,,,,,,,,,,,,,,,
PER-0328,Person,蔡方方,,,,,,PER-0328,蔡方方,,,,,,,,,,,,,,,,,,,,,,,
PER-0329,Person,蔡洪平,,,,,,PER-0329,蔡洪平,,,,,,,,,,,,,,,,,,,,,,,
PER-0330,Person,薄晓旭,,,,,,PER-0330,薄晓旭,,,,,,,,,,,,,,,,,,,,,,,
PER-0331,Person,薛宁,,,,,,PER-0331,薛宁,,,,,,,,,,,,,,,,,,,,,,,
PER-0332,Person,薛岭,,,,,,PER-0332,薛岭,,,,,,,,,,,,,,,,,,,,,,,
PER-0333,Person,薛彤彤,,,,,,PER-0333,薛彤彤,,,,,,,,,,,,,,,,,,,,,,,
PER-0334,Person,薛驰,,,,,,PER-0334,薛驰,,,,,,,,,,,,,,,,,,,,,,,
PER-0335,Person,蘇黨林,,,,,,PER-0335,蘇黨林,,,,,,,,,,,,,,,,,,,,,,,
PER-0336,Person,蘇黨林先生,,,,,,PER-0336,蘇黨林先生,,,,,,,,,,,,,,,,,,,,,,,
PER-0337,Person,虞仁荣,,,,,,PER-0337,虞仁荣,,,,,,,,,,,,,,,,,,,,,,,
PER-0338,Person,虞小荣,,,,,,PER-0338,虞小荣,,,,,,,,,,,,,,,,,,,,,,,
PER-0339,Person,虞锋,,,,,,PER-0339,虞锋,,,,,,,,,,,,,,,,,,,,,,,
PER-0340,Person,袁国强,,,,,,PER-0340,袁国强,,,,,,,,,,,,,,,,,,,,,,,
PER-0341,Person,袁媛,,,,,,PER-0341,袁媛,,,,,,,,,,,,,,,,,,,,,,,
PER-0342,Person,袁峰,,,,,,PER-0342,袁峰,,,,,,,,,,,,,,,,,,,,,,,
PER-0343,Person,袁海黎,,,,,,PER-0343,袁海黎,,,,,,,,,,,,,,,,,,,,,,,
PER-0344,Person,袁闯,,,,,,PER-0344,袁闯,,,,,,,,,,,,,,,,,,,,,,,
PER-0345,Person,裘翔,,,,,,PER-0345,裘翔,,,,,,,,,,,,,,,,,,,,,,,
PER-0346,Person,裴岷山,,,,,,PER-0346,裴岷山,,,,,,,,,,,,,,,,,,,,,,,
PER-0347,Person,覃俐橄,,,,,,PER-0347,覃俐橄,,,,,,,,,,,,,,,,,,,,,,,
PER-0348,Person,解國光,,,,,,PER-0348,解國光,,,,,,,,,,,,,,,,,,,,,,,
PER-0349,Person,謝永林,,,,,,PER-0349,謝永林,,,,,,,,,,,,,,,,,,,,,,,
PER-0350,Person,许兴仁,,,,,,PER-0350,许兴仁,,,,,,,,,,,,,,,,,,,,,,,
PER-0351,Person,谢永林,,,,,,PER-0351,谢永林,,,,,,,,,,,,,,,,,,,,,,,
PER-0352,Person,谢秋实,,,,,,PER-0352,谢秋实,,,,,,,,,,,,,,,,,,,,,,,
PER-0353,Person,费惠士,,,,,,PER-0353,费惠士,,,,,,,,,,,,,,,,,,,,,,,
PER-0354,Person,贺梦辉,,,,,,PER-0354,贺梦辉,,,,,,,,,,,,,,,,,,,,,,,
PER-0355,Person,贾健旭,,,,,,PER-0355,贾健旭,,,,,,,,,,,,,,,,,,,,,,,
PER-0356,Person,赵优,,,,,,PER-0356,赵优,,,,,,,,,,,,,,,,,,,,,,,
PER-0357,Person,赵成霞,,,,,,PER-0357,赵成霞,,,,,,,,,,,,,,,,,,,,,,,
PER-0358,Person,赵文心,,,,,,PER-0358,赵文心,,,,,,,,,,,,,,,,,,,,,,,
PER-0359,Person,赵晋平,,,,,,PER-0359,赵晋平,,,,,,,,,,,,,,,,,,,,,,,
PER-0360,Person,赵晋荣,,,,,,PER-0360,赵晋荣,,,,,,,,,,,,,,,,,,,,,,,
PER-0361,Person,赵晓娟,,,,,,PER-0361,赵晓娟,,,,,,,,,,,,,,,,,,,,,,,
PER-0362,Person,赵杨,,,,,,PER-0362,赵杨,,,,,,,,,,,,,,,,,,,,,,,
PER-0363,Person,趙國慶,,,,,,PER-0363,趙國慶,,,,,,,,,,,,,,,,,,,,,,,
PER-0364,Person,趙改,,,,,,PER-0364,趙改,,,,,,,,,,,,,,,,,,,,,,,
PER-0365,Person,趙明璟先生,,,,,,PER-0365,趙明璟先生,,,,,,,,,,,,,,,,,,,,,,,
PER-0366,Person,邓利军,,,,,,PER-0366,邓利军,,,,,,,,,,,,,,,,,,,,,,,
PER-0367,Person,邓敏,,,,,,PER-0367,邓敏,,,,,,,,,,,,,,,,,,,,,,,
PER-0368,Person,邓晓霞,,,,,,PER-0368,邓晓霞,,,,,,,,,,,,,,,,,,,,,,,
PER-0369,Person,邱向敏,,,,,,PER-0369,邱向敏,,,,,,,,,,,,,,,,,,,,,,,
PER-0370,Person,邹迎光,,,,,,PER-0370,邹迎光,,,,,,,,,,,,,,,,,,,,,,,
PER-0371,Person,郑兴义,,,,,,PER-0371,郑兴义,,,,,,,,,,,,,,,,,,,,,,,
PER-0372,Person,郑学选,,,,,,PER-0372,郑学选,,,,,,,,,,,,,,,,,,,,,,,
PER-0373,Person,郑宗强,,,,,,PER-0373,郑宗强,,,,,,,,,,,,,,,,,,,,,,,
PER-0374,Person,郑弘孟,,,,,,PER-0374,郑弘孟,,,,,,,,,,,,,,,,,,,,,,,
PER-0375,Person,郑颖,,,,,,PER-0375,郑颖,,,,,,,,,,,,,,,,,,,,,,,
PER-0376,Person,郝庆贵,,,,,,PER-0376,郝庆贵,,,,,,,,,,,,,,,,,,,,,,,
PER-0377,Person,郭川,,,,,,PER-0377,郭川,,,,,,,,,,,,,,,,,,,,,,,
PER-0378,Person,郭晓涛,,,,,,PER-0378,郭晓涛,,,,,,,,,,,,,,,,,,,,,,,
PER-0379,Person,郭曉濤,,,,,,PER-0379,郭曉濤,,,,,,,,,,,,,,,,,,,,,,,
PER-0380,Person,鄒來昌,,,,,,PER-0380,鄒來昌,,,,,,,,,,,,,,,,,,,,,,,
PER-0381,Person,鄒兆麟,,,,,,PER-0381,鄒兆麟,,,,,,,,,,,,,,,,,,,,,,,
PER-0382,Person,金春林,,,,,,PER-0382,金春林,,,,,,,,,,,,,,,,,,,,,,,
PER-0383,Person,金春燕,,,,,,PER-0383,金春燕,,,,,,,,,,,,,,,,,,,,,,,
PER-0384,Person,金梓才,,,,,,PER-0384,金梓才,,,,,,,,,,,,,,,,,,,,,,,
PER-0385,Person,錢偉倫,,,,,,PER-0385,錢偉倫,,,,,,,,,,,,,,,,,,,,,,,
PER-0386,Person,錢瑛,,,,,,PER-0386,錢瑛,,,,,,,,,,,,,,,,,,,,,,,
PER-0387,Person,錢瑛女士,,,,,,PER-0387,錢瑛女士,,,,,,,,,,,,,,,,,,,,,,,
PER-0388,Person,钱冰,,,,,,PER-0388,钱冰,,,,,,,,,,,,,,,,,,,,,,,
PER-0389,Person,钱瑛,,,,,,PER-0389,钱瑛,,,,,,,,,,,,,,,,,,,,,,,
PER-0390,Person,閻磊先生,,,,,,PER-0390,閻磊先生,,,,,,,,,,,,,,,,,,,,,,,
PER-0391,Person,關秀妍女士,,,,,,PER-0391,關秀妍女士,,,,,,,,,,,,,,,,,,,,,,,
PER-0392,Person,阮帆,,,,,,PER-0392,阮帆,,,,,,,,,,,,,,,,,,,,,,,
PER-0393,Person,陆伟,,,,,,PER-0393,陆伟,,,,,,,,,,,,,,,,,,,,,,,
PER-0394,Person,陈伟,,,,,,PER-0394,陈伟,,,,,,,,,,,,,,,,,,,,,,,
PER-0395,Person,陈侃,,,,,,PER-0395,陈侃,,,,,,,,,,,,,,,,,,,,,,,
PER-0396,Person,陈兴文,,,,,,PER-0396,陈兴文,,,,,,,,,,,,,,,,,,,,,,,
PER-0397,Person,陈刚,,,,,,PER-0397,陈刚,,,,,,,,,,,,,,,,,,,,,,,
PER-0398,Person,陈勇,,,,,,PER-0398,陈勇,,,,,,,,,,,,,,,,,,,,,,,
PER-0399,Person,陈华,,,,,,PER-0399,陈华,,,,,,,,,,,,,,,,,,,,,,,
PER-0400,Person,陈发树,,,,,,PER-0400,陈发树,,,,,,,,,,,,,,,,,,,,,,,
PER-0401,Person,陈广华,,,,,,PER-0401,陈广华,,,,,,,,,,,,,,,,,,,,,,,
PER-0402,Person,陈庚辉,,,,,,PER-0402,陈庚辉,,,,,,,,,,,,,,,,,,,,,,,
PER-0403,Person,陈志刚,,,,,,PER-0403,陈志刚,,,,,,,,,,,,,,,,,,,,,,,
PER-0404,Person,陈志明,,,,,,PER-0404,陈志明,,,,,,,,,,,,,,,,,,,,,,,
PER-0405,Person,陈忠岳,,,,,,PER-0405,陈忠岳,,,,,,,,,,,,,,,,,,,,,,,
PER-0406,Person,陈文健,,,,,,PER-0406,陈文健,,,,,,,,,,,,,,,,,,,,,,,
PER-0407,Person,陈旋,,,,,,PER-0407,陈旋,,,,,,,,,,,,,,,,,,,,,,,
PER-0408,Person,陈景河,,,,,,PER-0408,陈景河,,,,,,,,,,,,,,,,,,,,,,,
PER-0409,Person,陈欢,,,,,,PER-0409,陈欢,,,,,,,,,,,,,,,,,,,,,,,
PER-0410,Person,陈汉文,,,,,,PER-0410,陈汉文,,,,,,,,,,,,,,,,,,,,,,,
PER-0411,Person,陈海波,,,,,,PER-0411,陈海波,,,,,,,,,,,,,,,,,,,,,,,
PER-0412,Person,陈玉卿,,,,,,PER-0412,陈玉卿,,,,,,,,,,,,,,,,,,,,,,,
PER-0413,Person,陈蔚航,,,,,,PER-0413,陈蔚航,,,,,,,,,,,,,,,,,,,,,,,
PER-0414,Person,陳志明,,,,,,PER-0414,陳志明,,,,,,,,,,,,,,,,,,,,,,,
PER-0415,Person,陶铮,,,,,,PER-0415,陶铮,,,,,,,,,,,,,,,,,,,,,,,
PER-0416,Person,陶青,,,,,,PER-0416,陶青,,,,,,,,,,,,,,,,,,,,,,,
PER-0417,Person,霍耀俊,,,,,,PER-0417,霍耀俊,,,,,,,,,,,,,,,,,,,,,,,
PER-0418,Person,霍达,,,,,,PER-0418,霍达,,,,,,,,,,,,,,,,,,,,,,,
PER-0419,Person,鞠源,,,,,,PER-0419,鞠源,,,,,,,,,,,,,,,,,,,,,,,
PER-0420,Person,韩佩佩,,,,,,PER-0420,韩佩佩,,,,,,,,,,,,,,,,,,,,,,,
PER-0421,Person,项有志,,,,,,PER-0421,项有志,,,,,,,,,,,,,,,,,,,,,,,
PER-0422,Person,顾诵芬,,,,,,PER-0422,顾诵芬,,,,,,,,,,,,,,,,,,,,,,,
PER-0423,Person,首席审计官,,,,,,PER-0423,首席审计官,,,,,,,,,,,,,,,,,,,,,,,
PER-0424,Person,馬傳景,,,,,,PER-0424,馬傳景,,,,,,,,,,,,,,,,,,,,,,,
PER-0425,Person,馬明哲,,,,,,PER-0425,馬明哲,,,,,,,,,,,,,,,,,,,,,,,
PER-0426,Person,马信俊,,,,,,PER-0426,马信俊,,,,,,,,,,,,,,,,,,,,,,,
PER-0427,Person,马居东,,,,,,PER-0427,马居东,,,,,,,,,,,,,,,,,,,,,,,
PER-0428,Person,马星瑞,,,,,,PER-0428,马星瑞,,,,,,,,,,,,,,,,,,,,,,,
PER-0429,Person,马水阳,,,,,,PER-0429,马水阳,,,,,,,,,,,,,,,,,,,,,,,
PER-0430,Person,马永红,,,,,,PER-0430,马永红,,,,,,,,,,,,,,,,,,,,,,,
PER-0431,Person,马福斌,,,,,,PER-0431,马福斌,,,,,,,,,,,,,,,,,,,,,,,
PER-0432,Person,马超英,,,,,,PER-0432,马超英,,,,,,,,,,,,,,,,,,,,,,,
PER-0433,Person,马轲,,,,,,PER-0433,马轲,,,,,,,,,,,,,,,,,,,,,,,
PER-0434,Person,骆红胜,,,,,,PER-0434,骆红胜,,,,,,,,,,,,,,,,,,,,,,,
PER-0435,Person,高世茂,,,,,,PER-0435,高世茂,,,,,,,,,,,,,,,,,,,,,,,
PER-0436,Person,高曈,,,,,,PER-0436,高曈,,,,,,,,,,,,,,,,,,,,,,,
PER-0437,Person,高洪时,,,,,,PER-0437,高洪时,,,,,,,,,,,,,,,,,,,,,,,
PER-0438,Person,高祥明,,,,,,PER-0438,高祥明,,,,,,,,,,,,,,,,,,,,,,,
PER-0439,Person,高纪凡,,,,,,PER-0439,高纪凡,,,,,,,,,,,,,,,,,,,,,,,
PER-0440,Person,高鹏,,,,,,PER-0440,高鹏,,,,,,,,,,,,,,,,,,,,,,,
PER-0441,Person,魏建军,,,,,,PER-0441,魏建军,,,,,,,,,,,,,,,,,,,,,,,
PER-0442,Person,魏建軍,,,,,,PER-0442,魏建軍,,,,,,,,,,,,,,,,,,,,,,,
PER-0443,Person,魏涛,,,,,,PER-0443,魏涛,,,,,,,,,,,,,,,,,,,,,,,
PER-0444,Person,鲁雪,,,,,,PER-0444,鲁雪,,,,,,,,,,,,,,,,,,,,,,,
PER-0445,Person,黃文彪,,,,,,PER-0445,黃文彪,,,,,,,,,,,,,,,,,,,,,,,
PER-0446,Person,黄力平,,,,,,PER-0446,黄力平,,,,,,,,,,,,,,,,,,,,,,,
PER-0447,Person,黄奕松,,,,,,PER-0447,黄奕松,,,,,,,,,,,,,,,,,,,,,,,
PER-0448,Person,黄德才,,,,,,PER-0448,黄德才,,,,,,,,,,,,,,,,,,,,,,,
PER-0449,Person,黄海,,,,,,PER-0449,黄海,,,,,,,,,,,,,,,,,,,,,,,
PER-0450,Person,黄玉山,,,,,,PER-0450,黄玉山,,,,,,,,,,,,,,,,,,,,,,,
PER-0451,Person,黄维彪,,,,,,PER-0451,黄维彪,,,,,,,,,,,,,,,,,,,,,,,
PER-0452,Person,齐金钊,,,,,,PER-0452,齐金钊,,,,,,,,,,,,,,,,,,,,,,,
PER-0453,Person,龙江伟,,,,,,PER-0453,龙江伟,,,,,,,,,,,,,,,,,,,,,,,
PER-0454,Person,龚梦泽,,,,,,PER-0454,龚梦泽,,,,,,,,,,,,,,,,,,,,,,,
IND-0001,Industry,3C电子,,,,,,,,,IND-0001,3C电子,,,,,,,,,,,,,,,,,,,,
IND-0002,Industry,PEEK材料,,,,,,,,,IND-0002,PEEK材料,,,,,,,,,,,,,,,,,,,,
IND-0003,Industry,上海保险业,,,,,,,,,IND-0003,上海保险业,,,,,,,,,,,,,,,,,,,,
IND-0004,Industry,专利密集型产业,,,,,,,,,IND-0004,专利密集型产业,,,,,,,,,,,,,,,,,,,,
IND-0005,Industry,专用设备制造业,,,,,,,,,IND-0005,专用设备制造业,,,,,,,,,,,,,,,,,,,,
IND-0006,Industry,中国白酒行业,,,,,,,,,IND-0006,中国白酒行业,,,,,,,,,,,,,,,,,,,,
IND-0007,Industry,中药,,,,,,,,,IND-0007,中药,,,,,,,,,,,,,,,,,,,,
IND-0008,Industry,人工智能,,,,,,,,,IND-0008,人工智能,,,,,,,,,,,,,,,,,,,,
IND-0009,Industry,人工智能产业,,,,,,,,,IND-0009,人工智能产业,,,,,,,,,,,,,,,,,,,,
IND-0010,Industry,人工智能算力产业链,,,,,,,,,IND-0010,人工智能算力产业链,,,,,,,,,,,,,,,,,,,,
IND-0011,Industry,人形机器人,,,,,,,,,IND-0011,人形机器人,,,,,,,,,,,,,,,,,,,,
IND-0012,Industry,传媒,,,,,,,,,IND-0012,传媒,,,,,,,,,,,,,,,,,,,,
IND-0013,Industry,低空经济,,,,,,,,,IND-0013,低空经济,,,,,,,,,,,,,,,,,,,,
IND-0014,Industry,体外诊断,,,,,,,,,IND-0014,体外诊断,,,,,,,,,,,,,,,,,,,,
IND-0015,Industry,保险,,,,,,,,,IND-0015,保险,,,,,,,,,,,,,,,,,,,,
IND-0016,Industry,信用卡行业,,,,,,,,,IND-0016,信用卡行业,,,,,,,,,,,,,,,,,,,,
IND-0017,Industry,储存芯片,,,,,,,,,IND-0017,储存芯片,,,,,,,,,,,,,,,,,,,,
IND-0018,Industry,储能,,,,,,,,,IND-0018,储能,,,,,,,,,,,,,,,,,,,,
IND-0019,Industry,储能行业,,,,,,,,,IND-0019,储能行业,,,,,,,,,,,,,,,,,,,,
IND-0020,Industry,元件,,,,,,,,,IND-0020,元件,,,,,,,,,,,,,,,,,,,,
IND-0021,Industry,光伏,,,,,,,,,IND-0021,光伏,,,,,,,,,,,,,,,,,,,,
IND-0022,Industry,光伏新能源,,,,,,,,,IND-0022,光伏新能源,,,,,,,,,,,,,,,,,,,,
IND-0023,Industry,光伏行业,,,,,,,,,IND-0023,光伏行业,,,,,,,,,,,,,,,,,,,,
IND-0024,Industry,光伏钢边框,,,,,,,,,IND-0024,光伏钢边框,,,,,,,,,,,,,,,,,,,,
IND-0025,Industry,具身智能,,,,,,,,,IND-0025,具身智能,,,,,,,,,,,,,,,,,,,,
IND-0026,Industry,农业保险,,,,,,,,,IND-0026,农业保险,,,,,,,,,,,,,,,,,,,,
IND-0027,Industry,创新药,,,,,,,,,IND-0027,创新药,,,,,,,,,,,,,,,,,,,,
IND-0028,Industry,创新药板块,,,,,,,,,IND-0028,创新药板块,,,,,,,,,,,,,,,,,,,,
IND-0029,Industry,制冷、空调设备制造,,,,,,,,,IND-0029,制冷、空调设备制造,,,,,,,,,,,,,,,,,,,,
IND-0030,Industry,制造业,,,,,,,,,IND-0030,制造业,,,,,,,,,,,,,,,,,,,,
IND-0031,Industry,医药板块,,,,,,,,,IND-0031,医药板块,,,,,,,,,,,,,,,,,,,,
IND-0032,Industry,医药生物,,,,,,,,,IND-0032,医药生物,,,,,,,,,,,,,,,,,,,,
IND-0033,Industry,半导体,,,,,,,,,IND-0033,半导体,,,,,,,,,,,,,,,,,,,,
IND-0034,Industry,半导体设计业务,,,,,,,,,IND-0034,半导体设计业务,,,,,,,,,,,,,,,,,,,,
IND-0035,Industry,原料药,,,,,,,,,IND-0035,原料药,,,,,,,,,,,,,,,,,,,,
IND-0036,Industry,原料药行业,,,,,,,,,IND-0036,原料药行业,,,,,,,,,,,,,,,,,,,,
IND-0037,Industry,商业保理公司,,,,,,,,,IND-0037,商业保理公司,,,,,,,,,,,,,,,,,,,,
IND-0038,Industry,商业航天,,,,,,,,,IND-0038,商业航天,,,,,,,,,,,,,,,,,,,,
IND-0039,Industry,商业银行,,,,,,,,,IND-0039,商业银行,,,,,,,,,,,,,,,,,,,,
IND-0040,Industry,培育钻石,,,,,,,,,IND-0040,培育钻石,,,,,,,,,,,,,,,,,,,,
IND-0041,Industry,太空光伏,,,,,,,,,IND-0041,太空光伏,,,,,,,,,,,,,,,,,,,,
IND-0042,Industry,奥卡西平片,,,,,,,,,IND-0042,奥卡西平片,,,,,,,,,,,,,,,,,,,,
IND-0043,Industry,存储芯片,,,,,,,,,IND-0043,存储芯片,,,,,,,,,,,,,,,,,,,,
IND-0044,Industry,工业工程,,,,,,,,,IND-0044,工业工程,,,,,,,,,,,,,,,,,,,,
IND-0045,Industry,建筑装饰行业,,,,,,,,,IND-0045,建筑装饰行业,,,,,,,,,,,,,,,,,,,,
IND-0046,Industry,新能源,,,,,,,,,IND-0046,新能源,,,,,,,,,,,,,,,,,,,,
IND-0047,Industry,新能源产业,,,,,,,,,IND-0047,新能源产业,,,,,,,,,,,,,,,,,,,,
IND-0048,Industry,新能源汽车,,,,,,,,,IND-0048,新能源汽车,,,,,,,,,,,,,,,,,,,,
IND-0049,Industry,智能家居,,,,,,,,,IND-0049,智能家居,,,,,,,,,,,,,,,,,,,,
IND-0050,Industry,智能装备,,,,,,,,,IND-0050,智能装备,,,,,,,,,,,,,,,,,,,,
IND-0051,Industry,智能驾驶,,,,,,,,,IND-0051,智能驾驶,,,,,,,,,,,,,,,,,,,,
IND-0052,Industry,智谱AI,,,,,,,,,IND-0052,智谱AI,,,,,,,,,,,,,,,,,,,,
IND-0053,Industry,有色金属,,,,,,,,,IND-0053,有色金属,,,,,,,,,,,,,,,,,,,,
IND-0054,Industry,机器人,,,,,,,,,IND-0054,机器人,,,,,,,,,,,,,,,,,,,,
IND-0055,Industry,机械,,,,,,,,,IND-0055,机械,,,,,,,,,,,,,,,,,,,,
IND-0056,Industry,机械设备,,,,,,,,,IND-0056,机械设备,,,,,,,,,,,,,,,,,,,,
IND-0057,Industry,氟化工,,,,,,,,,IND-0057,氟化工,,,,,,,,,,,,,,,,,,,,
IND-0058,Industry,氢能产业,,,,,,,,,IND-0058,氢能产业,,,,,,,,,,,,,,,,,,,,
IND-0059,Industry,汽车芯片,,,,,,,,,IND-0059,汽车芯片,,,,,,,,,,,,,,,,,,,,
IND-0060,Industry,汽车行业,,,,,,,,,IND-0060,汽车行业,,,,,,,,,,,,,,,,,,,,
IND-0061,Industry,油气工程,,,,,,,,,IND-0061,油气工程,,,,,,,,,,,,,,,,,,,,
IND-0062,Industry,油气船舶,,,,,,,,,IND-0062,油气船舶,,,,,,,,,,,,,,,,,,,,
IND-0063,Industry,注射用GenSci136,,,,,,,,,IND-0063,注射用GenSci136,,,,,,,,,,,,,,,,,,,,
IND-0064,Industry,注射用HB0043,,,,,,,,,IND-0064,注射用HB0043,,,,,,,,,,,,,,,,,,,,
IND-0065,Industry,注射用卡瑞利珠单抗,,,,,,,,,IND-0065,注射用卡瑞利珠单抗,,,,,,,,,,,,,,,,,,,,
IND-0066,Industry,海洋能源装备,,,,,,,,,IND-0066,海洋能源装备,,,,,,,,,,,,,,,,,,,,
IND-0067,Industry,烟花爆竹行业,,,,,,,,,IND-0067,烟花爆竹行业,,,,,,,,,,,,,,,,,,,,
IND-0068,Industry,煤炭行业,,,,,,,,,IND-0068,煤炭行业,,,,,,,,,,,,,,,,,,,,
IND-0069,Industry,生物制造,,,,,,,,,IND-0069,生物制造,,,,,,,,,,,,,,,,,,,,
IND-0070,Industry,生物医药,,,,,,,,,IND-0070,生物医药,,,,,,,,,,,,,,,,,,,,
IND-0071,Industry,生物医药行业,,,,,,,,,IND-0071,生物医药行业,,,,,,,,,,,,,,,,,,,,
IND-0072,Industry,生猪生产行业,,,,,,,,,IND-0072,生猪生产行业,,,,,,,,,,,,,,,,,,,,
IND-0073,Industry,电力设备,,,,,,,,,IND-0073,电力设备,,,,,,,,,,,,,,,,,,,,
IND-0074,Industry,电力设备行业,,,,,,,,,IND-0074,电力设备行业,,,,,,,,,,,,,,,,,,,,
IND-0075,Industry,电子,,,,,,,,,IND-0075,电子,,,,,,,,,,,,,,,,,,,,
IND-0076,Industry,电子信息制造业,,,,,,,,,IND-0076,电子信息制造业,,,,,,,,,,,,,,,,,,,,
IND-0077,Industry,电子行业,,,,,,,,,IND-0077,电子行业,,,,,,,,,,,,,,,,,,,,
IND-0078,Industry,白酒Ⅱ,,,,,,,,,IND-0078,白酒Ⅱ,,,,,,,,,,,,,,,,,,,,
IND-0079,Industry,知识产权服务业,,,,,,,,,IND-0079,知识产权服务业,,,,,,,,,,,,,,,,,,,,
IND-0080,Industry,石油石化,,,,,,,,,IND-0080,石油石化,,,,,,,,,,,,,,,,,,,,
IND-0081,Industry,硬件设备,,,,,,,,,IND-0081,硬件设备,,,,,,,,,,,,,,,,,,,,
IND-0082,Industry,计算机、通信和其他电子设备制造业（C39）,,,,,,,,,IND-0082,计算机、通信和其他电子设备制造业（C39）,,,,,,,,,,,,,,,,,,,,
IND-0083,Industry,调味品,,,,,,,,,IND-0083,调味品,,,,,,,,,,,,,,,,,,,,
IND-0084,Industry,贵金属,,,,,,,,,IND-0084,贵金属,,,,,,,,,,,,,,,,,,,,
IND-0085,Industry,轨道交通,,,,,,,,,IND-0085,轨道交通,,,,,,,,,,,,,,,,,,,,
IND-0086,Industry,通信设备,,,,,,,,,IND-0086,通信设备,,,,,,,,,,,,,,,,,,,,
IND-0087,Industry,金融机具,,,,,,,,,IND-0087,金融机具,,,,,,,,,,,,,,,,,,,,
IND-0088,Industry,银行,,,,,,,,,IND-0088,银行,,,,,,,,,,,,,,,,,,,,
IND-0089,Industry,银行理财市场,,,,,,,,,IND-0089,银行理财市场,,,,,,,,,,,,,,,,,,,,
IND-0090,Industry,锂电池,,,,,,,,,IND-0090,锂电池,,,,,,,,,,,,,,,,,,,,
IND-0091,Industry,集成电路,,,,,,,,,IND-0091,集成电路,,,,,,,,,,,,,,,,,,,,
IND-0092,Industry,集成电路制造业,,,,,,,,,IND-0092,集成电路制造业,,,,,,,,,,,,,,,,,,,,
IND-0093,Industry,集成电路晶圆代工,,,,,,,,,IND-0093,集成电路晶圆代工,,,,,,,,,,,,,,,,,,,,
IND-0094,Industry,非银金融,,,,,,,,,IND-0094,非银金融,,,,,,,,,,,,,,,,,,,,
IND-0095,Industry,风电产业,,,,,,,,,IND-0095,风电产业,,,,,,,,,,,,,,,,,,,,
IND-0096,Industry,食品饮料行业,,,,,,,,,IND-0096,食品饮料行业,,,,,,,,,,,,,,,,,,,,
IND-0097,Industry,黄酒,,,,,,,,,IND-0097,黄酒,,,,,,,,,,,,,,,,,,,,
INST-0001,Institution,2023 年持股计划,,,,,,,,,,,,INST-0001,2023 年持股计划,,,,,,,,,,,,,,,,,
INST-0002,Institution,2025 年年度股东会,,,,,,,,,,,,INST-0002,2025 年年度股东会,,,,,,,,,,,,,,,,,
INST-0003,Institution,CDE,,,,,,,,,,,,INST-0003,CDE,,,,,,,,,,,,,,,,,
INST-0004,Institution,DataEye研究院,,,,,,,,,,,,INST-0004,DataEye研究院,,,,,,,,,,,,,,,,,
INST-0005,Institution,FDA,,,,,,,,,,,,INST-0005,FDA,,,,,,,,,,,,,,,,,
INST-0006,Institution,NMPA,,,,,,,,,,,,INST-0006,NMPA,,,,,,,,,,,,,,,,,
INST-0007,Institution,上交所,,,,,,,,,,,,INST-0007,上交所,,,,,,,,,,,,,,,,,
INST-0008,Institution,上海,,,,,,,,,,,,INST-0008,上海,,,,,,,,,,,,,,,,,
INST-0009,Institution,上海兰迪律师事务所,,,,,,,,,,,,INST-0009,上海兰迪律师事务所,,,,,,,,,,,,,,,,,
INST-0010,Institution,上海市保险同业公会,,,,,,,,,,,,INST-0010,上海市保险同业公会,,,,,,,,,,,,,,,,,
INST-0011,Institution,上海市委网信办,,,,,,,,,,,,INST-0011,上海市委网信办,,,,,,,,,,,,,,,,,
INST-0012,Institution,上海市方达律师事务所,,,,,,,,,,,,INST-0012,上海市方达律师事务所,,,,,,,,,,,,,,,,,
INST-0013,Institution,上海市汽车零部件行业协会,,,,,,,,,,,,INST-0013,上海市汽车零部件行业协会,,,,,,,,,,,,,,,,,
INST-0014,Institution,上海市浦东新区人民法院,,,,,,,,,,,,INST-0014,上海市浦东新区人民法院,,,,,,,,,,,,,,,,,
INST-0015,Institution,上海市药品监督管理局,,,,,,,,,,,,INST-0015,上海市药品监督管理局,,,,,,,,,,,,,,,,,
INST-0016,Institution,上海市通力律师事务所,,,,,,,,,,,,INST-0016,上海市通力律师事务所,,,,,,,,,,,,,,,,,
INST-0017,Institution,上海票据交易所,,,,,,,,,,,,INST-0017,上海票据交易所,,,,,,,,,,,,,,,,,
INST-0018,Institution,上海联合产权交易所,,,,,,,,,,,,INST-0018,上海联合产权交易所,,,,,,,,,,,,,,,,,
INST-0019,Institution,上海證券交易所,,,,,,,,,,,,INST-0019,上海證券交易所,,,,,,,,,,,,,,,,,
INST-0020,Institution,上海证券交易所,,,,,,,,,,,,INST-0020,上海证券交易所,,,,,,,,,,,,,,,,,
INST-0021,Institution,上海证券交易所上证路演中心,,,,,,,,,,,,INST-0021,上海证券交易所上证路演中心,,,,,,,,,,,,,,,,,
INST-0022,Institution,上海证券交易所信息网络有限公司,,,,,,,,,,,,INST-0022,上海证券交易所信息网络有限公司,,,,,,,,,,,,,,,,,
INST-0023,Institution,上海证监局,,,,,,,,,,,,INST-0023,上海证监局,,,,,,,,,,,,,,,,,
INST-0024,Institution,上海金融法院,,,,,,,,,,,,INST-0024,上海金融法院,,,,,,,,,,,,,,,,,
INST-0025,Institution,上海金融监管局,,,,,,,,,,,,INST-0025,上海金融监管局,,,,,,,,,,,,,,,,,
INST-0026,Institution,上证路演中心,,,,,,,,,,,,INST-0026,上证路演中心,,,,,,,,,,,,,,,,,
INST-0027,Institution,专利代理机构,,,,,,,,,,,,INST-0027,专利代理机构,,,,,,,,,,,,,,,,,
INST-0028,Institution,世界知识产权组织,,,,,,,,,,,,INST-0028,世界知识产权组织,,,,,,,,,,,,,,,,,
INST-0029,Institution,世界贸易组织,,,,,,,,,,,,INST-0029,世界贸易组织,,,,,,,,,,,,,,,,,
INST-0030,Institution,东兴证券,,,,,,,,,,,,INST-0030,东兴证券,,,,,,,,,,,,,,,,,
INST-0031,Institution,东吴证券,,,,,,,,,,,,INST-0031,东吴证券,,,,,,,,,,,,,,,,,
INST-0032,Institution,东方财富信息股份有限公司董事会,,,,,,,,,,,,INST-0032,东方财富信息股份有限公司董事会,,,,,,,,,,,,,,,,,
INST-0033,Institution,中信建投,,,,,,,,,,,,INST-0033,中信建投,,,,,,,,,,,,,,,,,
INST-0034,Institution,中信建投证券,,,,,,,,,,,,INST-0034,中信建投证券,,,,,,,,,,,,,,,,,
INST-0035,Institution,中信证券,,,,,,,,,,,,INST-0035,中信证券,,,,,,,,,,,,,,,,,
INST-0036,Institution,中信银行股份有限公司杭州分行,,,,,,,,,,,,INST-0036,中信银行股份有限公司杭州分行,,,,,,,,,,,,,,,,,
INST-0037,Institution,中华人民共和国农业农村部,,,,,,,,,,,,INST-0037,中华人民共和国农业农村部,,,,,,,,,,,,,,,,,
INST-0038,Institution,中华人民共和国财政部,,,,,,,,,,,,INST-0038,中华人民共和国财政部,,,,,,,,,,,,,,,,,
INST-0039,Institution,中原证券,,,,,,,,,,,,INST-0039,中原证券,,,,,,,,,,,,,,,,,
INST-0040,Institution,中喜会计师事务所（特殊普通合伙）,,,,,,,,,,,,INST-0040,中喜会计师事务所（特殊普通合伙）,,,,,,,,,,,,,,,,,
INST-0041,Institution,中国NMPA,,,,,,,,,,,,INST-0041,中国NMPA,,,,,,,,,,,,,,,,,
INST-0042,Institution,中国上市公司协会,,,,,,,,,,,,INST-0042,中国上市公司协会,,,,,,,,,,,,,,,,,
INST-0043,Institution,中国中铁股份有限公司董事会,,,,,,,,,,,,INST-0043,中国中铁股份有限公司董事会,,,,,,,,,,,,,,,,,
INST-0044,Institution,中国人民银行,,,,,,,,,,,,INST-0044,中国人民银行,,,,,,,,,,,,,,,,,
INST-0045,Institution,中国医药保健品进出口商会,,,,,,,,,,,,INST-0045,中国医药保健品进出口商会,,,,,,,,,,,,,,,,,
INST-0046,Institution,中国国际投资促进会,,,,,,,,,,,,INST-0046,中国国际投资促进会,,,,,,,,,,,,,,,,,
INST-0047,Institution,中国国际投资促进会开发区工作委员会,,,,,,,,,,,,INST-0047,中国国际投资促进会开发区工作委员会,,,,,,,,,,,,,,,,,
INST-0048,Institution,中国国际消费品博览会,,,,,,,,,,,,INST-0048,中国国际消费品博览会,,,,,,,,,,,,,,,,,
INST-0049,Institution,中国国际进口博览会,,,,,,,,,,,,INST-0049,中国国际进口博览会,,,,,,,,,,,,,,,,,
INST-0050,Institution,中国工商银行股份有限公司济宁分行,,,,,,,,,,,,INST-0050,中国工商银行股份有限公司济宁分行,,,,,,,,,,,,,,,,,
INST-0051,Institution,中国建筑股份有限公司董事会,,,,,,,,,,,,INST-0051,中国建筑股份有限公司董事会,,,,,,,,,,,,,,,,,
INST-0052,Institution,中国招标投标公共服务平台,,,,,,,,,,,,INST-0052,中国招标投标公共服务平台,,,,,,,,,,,,,,,,,
INST-0053,Institution,中国支付清算协会,,,,,,,,,,,,INST-0053,中国支付清算协会,,,,,,,,,,,,,,,,,
INST-0054,Institution,中国服务贸易协会,,,,,,,,,,,,INST-0054,中国服务贸易协会,,,,,,,,,,,,,,,,,
INST-0055,Institution,中国残联,,,,,,,,,,,,INST-0055,中国残联,,,,,,,,,,,,,,,,,
INST-0056,Institution,中国版权协会,,,,,,,,,,,,INST-0056,中国版权协会,,,,,,,,,,,,,,,,,
INST-0057,Institution,中国石油化工股份有限公司董事会,,,,,,,,,,,,INST-0057,中国石油化工股份有限公司董事会,,,,,,,,,,,,,,,,,
INST-0058,Institution,中国结算上海分公司,,,,,,,,,,,,INST-0058,中国结算上海分公司,,,,,,,,,,,,,,,,,
INST-0059,Institution,中国结算深圳分公司,,,,,,,,,,,,INST-0059,中国结算深圳分公司,,,,,,,,,,,,,,,,,
INST-0060,Institution,中国证券投资基金业协会,,,,,,,,,,,,INST-0060,中国证券投资基金业协会,,,,,,,,,,,,,,,,,
INST-0061,Institution,中国证券登记结算有限公司,,,,,,,,,,,,INST-0061,中国证券登记结算有限公司,,,,,,,,,,,,,,,,,
INST-0062,Institution,中国证券登记结算有限公司上海分公司,,,,,,,,,,,,INST-0062,中国证券登记结算有限公司上海分公司,,,,,,,,,,,,,,,,,
INST-0063,Institution,中国证券登记结算有限责任公司,,,,,,,,,,,,INST-0063,中国证券登记结算有限责任公司,,,,,,,,,,,,,,,,,
INST-0064,Institution,中国证券登记结算有限责任公司上海分公司,,,,,,,,,,,,INST-0064,中国证券登记结算有限责任公司上海分公司,,,,,,,,,,,,,,,,,
INST-0065,Institution,中国证券登记结算有限责任公司深圳分公司,,,,,,,,,,,,INST-0065,中国证券登记结算有限责任公司深圳分公司,,,,,,,,,,,,,,,,,
INST-0066,Institution,中国证券监督管理委员会,,,,,,,,,,,,INST-0066,中国证券监督管理委员会,,,,,,,,,,,,,,,,,
INST-0067,Institution,中国证监会,,,,,,,,,,,,INST-0067,中国证监会,,,,,,,,,,,,,,,,,
INST-0068,Institution,中国财务公司协会,,,,,,,,,,,,INST-0068,中国财务公司协会,,,,,,,,,,,,,,,,,
INST-0069,Institution,中国进出口银行,,,,,,,,,,,,INST-0069,中国进出口银行,,,,,,,,,,,,,,,,,
INST-0070,Institution,中国铁建股份有限公司董事会,,,,,,,,,,,,INST-0070,中国铁建股份有限公司董事会,,,,,,,,,,,,,,,,,
INST-0071,Institution,中国铁路乌鲁木齐局集团有限公司库尔勒铁路建设指挥部,,,,,,,,,,,,INST-0071,中国铁路乌鲁木齐局集团有限公司库尔勒铁路建设指挥部,,,,,,,,,,,,,,,,,
INST-0072,Institution,中国银监会,,,,,,,,,,,,INST-0072,中国银监会,,,,,,,,,,,,,,,,,
INST-0073,Institution,中国银行间市场交易商协会,,,,,,,,,,,,INST-0073,中国银行间市场交易商协会,,,,,,,,,,,,,,,,,
INST-0074,Institution,中国银行（香港）有限公司,,,,,,,,,,,,INST-0074,中国银行（香港）有限公司,,,,,,,,,,,,,,,,,
INST-0075,Institution,中国长江电力股份有限公司董事会,,,,,,,,,,,,INST-0075,中国长江电力股份有限公司董事会,,,,,,,,,,,,,,,,,
INST-0076,Institution,中国集成电路共保体,,,,,,,,,,,,INST-0076,中国集成电路共保体,,,,,,,,,,,,,,,,,
INST-0077,Institution,中國證監會,,,,,,,,,,,,INST-0077,中國證監會,,,,,,,,,,,,,,,,,
INST-0078,Institution,中央企业,,,,,,,,,,,,INST-0078,中央企业,,,,,,,,,,,,,,,,,
INST-0079,Institution,中审亚太会计师事务所（特殊普通合伙）,,,,,,,,,,,,INST-0079,中审亚太会计师事务所（特殊普通合伙）,,,,,,,,,,,,,,,,,
INST-0080,Institution,中汇会计师事务所（特殊普通合伙）,,,,,,,,,,,,INST-0080,中汇会计师事务所（特殊普通合伙）,,,,,,,,,,,,,,,,,
INST-0081,Institution,中泰证券,,,,,,,,,,,,INST-0081,中泰证券,,,,,,,,,,,,,,,,,
INST-0082,Institution,中科院,,,,,,,,,,,,INST-0082,中科院,,,,,,,,,,,,,,,,,
INST-0083,Institution,中证中小投资者服务中心有限责任公司,,,,,,,,,,,,INST-0083,中证中小投资者服务中心有限责任公司,,,,,,,,,,,,,,,,,
INST-0084,Institution,中证商品指数公司,,,,,,,,,,,,INST-0084,中证商品指数公司,,,,,,,,,,,,,,,,,
INST-0085,Institution,中证投服中心,,,,,,,,,,,,INST-0085,中证投服中心,,,,,,,,,,,,,,,,,
INST-0086,Institution,中证科技优势成长50策略指数,,,,,,,,,,,,INST-0086,中证科技优势成长50策略指数,,,,,,,,,,,,,,,,,
INST-0087,Institution,中证细分食品饮料产业主题指数,,,,,,,,,,,,INST-0087,中证细分食品饮料产业主题指数,,,,,,,,,,,,,,,,,
INST-0088,Institution,中证金融科技指数,,,,,,,,,,,,INST-0088,中证金融科技指数,,,,,,,,,,,,,,,,,
INST-0089,Institution,中诚信国际信用评级有限责任公司,,,,,,,,,,,,INST-0089,中诚信国际信用评级有限责任公司,,,,,,,,,,,,,,,,,
INST-0090,Institution,中金公司,,,,,,,,,,,,INST-0090,中金公司,,,,,,,,,,,,,,,,,
INST-0091,Institution,中银证券,,,,,,,,,,,,INST-0091,中银证券,,,,,,,,,,,,,,,,,
INST-0092,Institution,乌拉特后旗林业和草原局,,,,,,,,,,,,INST-0092,乌拉特后旗林业和草原局,,,,,,,,,,,,,,,,,
INST-0093,Institution,云南省公共资源交易服务平台,,,,,,,,,,,,INST-0093,云南省公共资源交易服务平台,,,,,,,,,,,,,,,,,
INST-0094,Institution,人力资源社会保障部,,,,,,,,,,,,INST-0094,人力资源社会保障部,,,,,,,,,,,,,,,,,
INST-0095,Institution,住房公积金管理中心,,,,,,,,,,,,INST-0095,住房公积金管理中心,,,,,,,,,,,,,,,,,
INST-0096,Institution,住房公积金管理委员会,,,,,,,,,,,,INST-0096,住房公积金管理委员会,,,,,,,,,,,,,,,,,
INST-0097,Institution,住房城乡建设主管部门,,,,,,,,,,,,INST-0097,住房城乡建设主管部门,,,,,,,,,,,,,,,,,
INST-0098,Institution,住房城乡建设部,,,,,,,,,,,,INST-0098,住房城乡建设部,,,,,,,,,,,,,,,,,
INST-0099,Institution,信达澳亚基金,,,,,,,,,,,,INST-0099,信达澳亚基金,,,,,,,,,,,,,,,,,
INST-0100,Institution,倫敦證券交易所,,,,,,,,,,,,INST-0100,倫敦證券交易所,,,,,,,,,,,,,,,,,
INST-0101,Institution,光大证券,,,,,,,,,,,,INST-0101,光大证券,,,,,,,,,,,,,,,,,
INST-0102,Institution,党中央,,,,,,,,,,,,INST-0102,党中央,,,,,,,,,,,,,,,,,
INST-0103,Institution,党委,,,,,,,,,,,,INST-0103,党委,,,,,,,,,,,,,,,,,
INST-0104,Institution,全国公共资源交易平台(山东省·济南市),,,,,,,,,,,,INST-0104,全国公共资源交易平台(山东省·济南市),,,,,,,,,,,,,,,,,
INST-0105,Institution,全国公共资源交易平台（广西壮族自治区）,,,,,,,,,,,,INST-0105,全国公共资源交易平台（广西壮族自治区）,,,,,,,,,,,,,,,,,
INST-0106,Institution,全国社保基金一一四组合,,,,,,,,,,,,INST-0106,全国社保基金一一四组合,,,,,,,,,,,,,,,,,
INST-0107,Institution,全国社保基金一零三组合,,,,,,,,,,,,INST-0107,全国社保基金一零三组合,,,,,,,,,,,,,,,,,
INST-0108,Institution,全国违约拖欠中小企业款项投诉平台,,,,,,,,,,,,INST-0108,全国违约拖欠中小企业款项投诉平台,,,,,,,,,,,,,,,,,
INST-0109,Institution,全国银行间同业拆借中心,,,,,,,,,,,,INST-0109,全国银行间同业拆借中心,,,,,,,,,,,,,,,,,
INST-0110,Institution,全景投资者关系互动平台,,,,,,,,,,,,INST-0110,全景投资者关系互动平台,,,,,,,,,,,,,,,,,
INST-0111,Institution,全景网,,,,,,,,,,,,INST-0111,全景网,,,,,,,,,,,,,,,,,
INST-0112,Institution,公募排排网,,,,,,,,,,,,INST-0112,公募排排网,,,,,,,,,,,,,,,,,
INST-0113,Institution,公司党委,,,,,,,,,,,,INST-0113,公司党委,,,,,,,,,,,,,,,,,
INST-0114,Institution,公司回购专用证券账户,,,,,,,,,,,,INST-0114,公司回购专用证券账户,,,,,,,,,,,,,,,,,
INST-0115,Institution,公安机关,,,,,,,,,,,,INST-0115,公安机关,,,,,,,,,,,,,,,,,
INST-0116,Institution,兴业基金,,,,,,,,,,,,INST-0116,兴业基金,,,,,,,,,,,,,,,,,
INST-0117,Institution,兴业研究,,,,,,,,,,,,INST-0117,兴业研究,,,,,,,,,,,,,,,,,
INST-0118,Institution,兴业证券,,,,,,,,,,,,INST-0118,兴业证券,,,,,,,,,,,,,,,,,
INST-0119,Institution,农业农村部,,,,,,,,,,,,INST-0119,农业农村部,,,,,,,,,,,,,,,,,
INST-0120,Institution,创业板新能源ETF华泰柏瑞（159069）,,,,,,,,,,,,INST-0120,创业板新能源ETF华泰柏瑞（159069）,,,,,,,,,,,,,,,,,
INST-0121,Institution,创业板新能源指数,,,,,,,,,,,,INST-0121,创业板新能源指数,,,,,,,,,,,,,,,,,
INST-0122,Institution,北京天驰君泰律师事务所,,,,,,,,,,,,INST-0122,北京天驰君泰律师事务所,,,,,,,,,,,,,,,,,
INST-0123,Institution,北京市中伦（上海）律师事务所,,,,,,,,,,,,INST-0123,北京市中伦（上海）律师事务所,,,,,,,,,,,,,,,,,
INST-0124,Institution,北京市君合（深圳）律师事务所,,,,,,,,,,,,INST-0124,北京市君合（深圳）律师事务所,,,,,,,,,,,,,,,,,
INST-0125,Institution,北京市嘉源律师事务所,,,,,,,,,,,,INST-0125,北京市嘉源律师事务所,,,,,,,,,,,,,,,,,
INST-0126,Institution,北京市天元律师事务所,,,,,,,,,,,,INST-0126,北京市天元律师事务所,,,,,,,,,,,,,,,,,
INST-0127,Institution,北京市市场监督管理局,,,,,,,,,,,,INST-0127,北京市市场监督管理局,,,,,,,,,,,,,,,,,
INST-0128,Institution,北京市汉坤（深圳）律师事务所,,,,,,,,,,,,INST-0128,北京市汉坤（深圳）律师事务所,,,,,,,,,,,,,,,,,
INST-0129,Institution,北京市环球律师事务所上海分所,,,,,,,,,,,,INST-0129,北京市环球律师事务所上海分所,,,,,,,,,,,,,,,,,
INST-0130,Institution,北京市竞天公诚律师事务所,,,,,,,,,,,,INST-0130,北京市竞天公诚律师事务所,,,,,,,,,,,,,,,,,
INST-0131,Institution,北京市药监局,,,,,,,,,,,,INST-0131,北京市药监局,,,,,,,,,,,,,,,,,
INST-0132,Institution,北京市通商律师事务所,,,,,,,,,,,,INST-0132,北京市通商律师事务所,,,,,,,,,,,,,,,,,
INST-0133,Institution,北京市金杜律师事务所,,,,,,,,,,,,INST-0133,北京市金杜律师事务所,,,,,,,,,,,,,,,,,
INST-0134,Institution,北京经济技术开发区,,,,,,,,,,,,INST-0134,北京经济技术开发区,,,,,,,,,,,,,,,,,
INST-0135,Institution,北京金誠同達律師事務所,,,,,,,,,,,,INST-0135,北京金誠同達律師事務所,,,,,,,,,,,,,,,,,
INST-0136,Institution,北京金诚同达律师事务所,,,,,,,,,,,,INST-0136,北京金诚同达律师事务所,,,,,,,,,,,,,,,,,
INST-0137,Institution,医疗健康专业委员会,,,,,,,,,,,,INST-0137,医疗健康专业委员会,,,,,,,,,,,,,,,,,
INST-0138,Institution,医药魔方,,,,,,,,,,,,INST-0138,医药魔方,,,,,,,,,,,,,,,,,
INST-0139,Institution,华泰柏瑞基金,,,,,,,,,,,,INST-0139,华泰柏瑞基金,,,,,,,,,,,,,,,,,
INST-0140,Institution,华泰证券,,,,,,,,,,,,INST-0140,华泰证券,,,,,,,,,,,,,,,,,
INST-0141,Institution,华源证券,,,,,,,,,,,,INST-0141,华源证券,,,,,,,,,,,,,,,,,
INST-0142,Institution,华福证券,,,,,,,,,,,,INST-0142,华福证券,,,,,,,,,,,,,,,,,
INST-0143,Institution,南德认证检测（中国）有限公司,,,,,,,,,,,,INST-0143,南德认证检测（中国）有限公司,,,,,,,,,,,,,,,,,
INST-0144,Institution,各省、自治区、直辖市人民政府,,,,,,,,,,,,INST-0144,各省、自治区、直辖市人民政府,,,,,,,,,,,,,,,,,
INST-0145,Institution,各省、自治区、直辖市及新疆生产建设兵团工业和信息化主管部门,,,,,,,,,,,,INST-0145,各省、自治区、直辖市及新疆生产建设兵团工业和信息化主管部门,,,,,,,,,,,,,,,,,
INST-0146,Institution,合格境外机构投资者（QFII）,,,,,,,,,,,,INST-0146,合格境外机构投资者（QFII）,,,,,,,,,,,,,,,,,
INST-0147,Institution,合江县人民医院,,,,,,,,,,,,INST-0147,合江县人民医院,,,,,,,,,,,,,,,,,
INST-0148,Institution,同花顺,,,,,,,,,,,,INST-0148,同花顺,,,,,,,,,,,,,,,,,
INST-0149,Institution,和信会计师事务所（特殊普通合伙）,,,,,,,,,,,,INST-0149,和信会计师事务所（特殊普通合伙）,,,,,,,,,,,,,,,,,
INST-0150,Institution,商业银行,,,,,,,,,,,,INST-0150,商业银行,,,,,,,,,,,,,,,,,
INST-0151,Institution,商务部,,,,,,,,,,,,INST-0151,商务部,,,,,,,,,,,,,,,,,
INST-0152,Institution,嘉实基金,,,,,,,,,,,,INST-0152,嘉实基金,,,,,,,,,,,,,,,,,
INST-0153,Institution,国企指数,,,,,,,,,,,,INST-0153,国企指数,,,,,,,,,,,,,,,,,
INST-0154,Institution,国信证券,,,,,,,,,,,,INST-0154,国信证券,,,,,,,,,,,,,,,,,
INST-0155,Institution,国务院,,,,,,,,,,,,INST-0155,国务院,,,,,,,,,,,,,,,,,
INST-0156,Institution,国务院办公厅,,,,,,,,,,,,INST-0156,国务院办公厅,,,,,,,,,,,,,,,,,
INST-0157,Institution,国务院发展研究中心对外经济研究部,,,,,,,,,,,,INST-0157,国务院发展研究中心对外经济研究部,,,,,,,,,,,,,,,,,
INST-0158,Institution,国务院国有资产监督管理委员会,,,,,,,,,,,,INST-0158,国务院国有资产监督管理委员会,,,,,,,,,,,,,,,,,
INST-0159,Institution,国务院国资委,,,,,,,,,,,,INST-0159,国务院国资委,,,,,,,,,,,,,,,,,
INST-0160,Institution,国务院安全生产委员会,,,,,,,,,,,,INST-0160,国务院安全生产委员会,,,,,,,,,,,,,,,,,
INST-0161,Institution,国务院残疾人工作委员会,,,,,,,,,,,,INST-0161,国务院残疾人工作委员会,,,,,,,,,,,,,,,,,
INST-0162,Institution,国务院法治部门,,,,,,,,,,,,INST-0162,国务院法治部门,,,,,,,,,,,,,,,,,
INST-0163,Institution,国务院知识产权行政部门,,,,,,,,,,,,INST-0163,国务院知识产权行政部门,,,,,,,,,,,,,,,,,
INST-0164,Institution,国务院能源主管部门,,,,,,,,,,,,INST-0164,国务院能源主管部门,,,,,,,,,,,,,,,,,
INST-0165,Institution,国务院银行业监督管理机构,,,,,,,,,,,,INST-0165,国务院银行业监督管理机构,,,,,,,,,,,,,,,,,
INST-0166,Institution,国家中医药局,,,,,,,,,,,,INST-0166,国家中医药局,,,,,,,,,,,,,,,,,
INST-0167,Institution,国家全民健身信息服务平台,,,,,,,,,,,,INST-0167,国家全民健身信息服务平台,,,,,,,,,,,,,,,,,
INST-0168,Institution,国家医保局,,,,,,,,,,,,INST-0168,国家医保局,,,,,,,,,,,,,,,,,
INST-0169,Institution,国家医疗保障局,,,,,,,,,,,,INST-0169,国家医疗保障局,,,,,,,,,,,,,,,,,
INST-0170,Institution,国家卫生健康委,,,,,,,,,,,,INST-0170,国家卫生健康委,,,,,,,,,,,,,,,,,
INST-0171,Institution,国家卫生健康委员会,,,,,,,,,,,,INST-0171,国家卫生健康委员会,,,,,,,,,,,,,,,,,
INST-0172,Institution,国家发展和改革委员会,,,,,,,,,,,,INST-0172,国家发展和改革委员会,,,,,,,,,,,,,,,,,
INST-0173,Institution,国家发展改革委,,,,,,,,,,,,INST-0173,国家发展改革委,,,,,,,,,,,,,,,,,
INST-0174,Institution,国家发改委,,,,,,,,,,,,INST-0174,国家发改委,,,,,,,,,,,,,,,,,
INST-0175,Institution,国家大剧院,,,,,,,,,,,,INST-0175,国家大剧院,,,,,,,,,,,,,,,,,
INST-0176,Institution,国家市场监督管理总局,,,,,,,,,,,,INST-0176,国家市场监督管理总局,,,,,,,,,,,,,,,,,
INST-0177,Institution,国家开放大学,,,,,,,,,,,,INST-0177,国家开放大学,,,,,,,,,,,,,,,,,
INST-0178,Institution,国家文物局,,,,,,,,,,,,INST-0178,国家文物局,,,,,,,,,,,,,,,,,
INST-0179,Institution,国家林草局,,,,,,,,,,,,INST-0179,国家林草局,,,,,,,,,,,,,,,,,
INST-0180,Institution,国家版权局,,,,,,,,,,,,INST-0180,国家版权局,,,,,,,,,,,,,,,,,
INST-0181,Institution,国家知识产权局,,,,,,,,,,,,INST-0181,国家知识产权局,,,,,,,,,,,,,,,,,
INST-0182,Institution,国家能源局,,,,,,,,,,,,INST-0182,国家能源局,,,,,,,,,,,,,,,,,
INST-0183,Institution,国家自然资源部,,,,,,,,,,,,INST-0183,国家自然资源部,,,,,,,,,,,,,,,,,
INST-0184,Institution,国家药品监督管理局,,,,,,,,,,,,INST-0184,国家药品监督管理局,,,,,,,,,,,,,,,,,
INST-0185,Institution,国家药品监督管理局药品审评中心,,,,,,,,,,,,INST-0185,国家药品监督管理局药品审评中心,,,,,,,,,,,,,,,,,
INST-0186,Institution,国家药品监督管理局药品审评中心（CDE）,,,,,,,,,,,,INST-0186,国家药品监督管理局药品审评中心（CDE）,,,,,,,,,,,,,,,,,
INST-0187,Institution,国家药品监督管理局（NMPA）,,,,,,,,,,,,INST-0187,国家药品监督管理局（NMPA）,,,,,,,,,,,,,,,,,
INST-0188,Institution,国家药监局,,,,,,,,,,,,INST-0188,国家药监局,,,,,,,,,,,,,,,,,
INST-0189,Institution,国家药监局药品审评中心,,,,,,,,,,,,INST-0189,国家药监局药品审评中心,,,,,,,,,,,,,,,,,
INST-0190,Institution,国家金融监督管理总局,,,,,,,,,,,,INST-0190,国家金融监督管理总局,,,,,,,,,,,,,,,,,
INST-0191,Institution,国投瑞银基金,,,,,,,,,,,,INST-0191,国投瑞银基金,,,,,,,,,,,,,,,,,
INST-0192,Institution,国浩律师（南京）事务所,,,,,,,,,,,,INST-0192,国浩律师（南京）事务所,,,,,,,,,,,,,,,,,
INST-0193,Institution,国海证券,,,,,,,,,,,,INST-0193,国海证券,,,,,,,,,,,,,,,,,
INST-0194,Institution,国盛证券,,,,,,,,,,,,INST-0194,国盛证券,,,,,,,,,,,,,,,,,
INST-0195,Institution,国联安基金,,,,,,,,,,,,INST-0195,国联安基金,,,,,,,,,,,,,,,,,
INST-0196,Institution,国际糖尿病联盟,,,,,,,,,,,,INST-0196,国际糖尿病联盟,,,,,,,,,,,,,,,,,
INST-0197,Institution,国际糖尿病联盟（IDF）,,,,,,,,,,,,INST-0197,国际糖尿病联盟（IDF）,,,,,,,,,,,,,,,,,
INST-0198,Institution,国际肺癌研究协会,,,,,,,,,,,,INST-0198,国际肺癌研究协会,,,,,,,,,,,,,,,,,
INST-0199,Institution,基础电信企业,,,,,,,,,,,,INST-0199,基础电信企业,,,,,,,,,,,,,,,,,
INST-0200,Institution,墨竹工卡县人民政府,,,,,,,,,,,,INST-0200,墨竹工卡县人民政府,,,,,,,,,,,,,,,,,
INST-0201,Institution,天职国际会计师事务所,,,,,,,,,,,,INST-0201,天职国际会计师事务所,,,,,,,,,,,,,,,,,
INST-0202,Institution,太平人寿保险有限公司,,,,,,,,,,,,INST-0202,太平人寿保险有限公司,,,,,,,,,,,,,,,,,
INST-0203,Institution,央行,,,,,,,,,,,,INST-0203,央行,,,,,,,,,,,,,,,,,
INST-0204,Institution,安永华明会计师事务所（特殊普通合伙）,,,,,,,,,,,,INST-0204,安永华明会计师事务所（特殊普通合伙）,,,,,,,,,,,,,,,,,
INST-0205,Institution,审计委员会,,,,,,,,,,,,INST-0205,审计委员会,,,,,,,,,,,,,,,,,
INST-0206,Institution,审计机关,,,,,,,,,,,,INST-0206,审计机关,,,,,,,,,,,,,,,,,
INST-0207,Institution,审计署,,,,,,,,,,,,INST-0207,审计署,,,,,,,,,,,,,,,,,
INST-0208,Institution,宿迁市宿城区人民政府,,,,,,,,,,,,INST-0208,宿迁市宿城区人民政府,,,,,,,,,,,,,,,,,
INST-0209,Institution,富士康工业互联网股份有限公司董事会,,,,,,,,,,,,INST-0209,富士康工业互联网股份有限公司董事会,,,,,,,,,,,,,,,,,
INST-0210,Institution,山东省药品监督管理局,,,,,,,,,,,,INST-0210,山东省药品监督管理局,,,,,,,,,,,,,,,,,
INST-0211,Institution,工业和信息化部,,,,,,,,,,,,INST-0211,工业和信息化部,,,,,,,,,,,,,,,,,
INST-0212,Institution,工信部,,,,,,,,,,,,INST-0212,工信部,,,,,,,,,,,,,,,,,
INST-0213,Institution,工银瑞信基金,,,,,,,,,,,,INST-0213,工银瑞信基金,,,,,,,,,,,,,,,,,
INST-0214,Institution,巨潮资讯网,,,,,,,,,,,,INST-0214,巨潮资讯网,,,,,,,,,,,,,,,,,
INST-0215,Institution,巨潮资讯网（http://www.cninfo.com.cn）,,,,,,,,,,,,INST-0215,巨潮资讯网（http://www.cninfo.com.cn）,,,,,,,,,,,,,,,,,
INST-0216,Institution,巴彦淖尔市林业和草原局,,,,,,,,,,,,INST-0216,巴彦淖尔市林业和草原局,,,,,,,,,,,,,,,,,
INST-0217,Institution,巴西卫生监督局,,,,,,,,,,,,INST-0217,巴西卫生监督局,,,,,,,,,,,,,,,,,
INST-0218,Institution,市场监管总局,,,,,,,,,,,,INST-0218,市场监管总局,,,,,,,,,,,,,,,,,
INST-0219,Institution,市场监管总局（国家标准委）,,,,,,,,,,,,INST-0219,市场监管总局（国家标准委）,,,,,,,,,,,,,,,,,
INST-0220,Institution,平安银行股份有限公司董事会,,,,,,,,,,,,INST-0220,平安银行股份有限公司董事会,,,,,,,,,,,,,,,,,
INST-0221,Institution,广东上市公司协会,,,,,,,,,,,,INST-0221,广东上市公司协会,,,,,,,,,,,,,,,,,
INST-0222,Institution,广东信达律师事务所,,,,,,,,,,,,INST-0222,广东信达律师事务所,,,,,,,,,,,,,,,,,
INST-0223,Institution,广东省农垦总局,,,,,,,,,,,,INST-0223,广东省农垦总局,,,,,,,,,,,,,,,,,
INST-0224,Institution,广东省药品监督管理局,,,,,,,,,,,,INST-0224,广东省药品监督管理局,,,,,,,,,,,,,,,,,
INST-0225,Institution,广东证监局,,,,,,,,,,,,INST-0225,广东证监局,,,,,,,,,,,,,,,,,
INST-0226,Institution,广发基金,,,,,,,,,,,,INST-0226,广发基金,,,,,,,,,,,,,,,,,
INST-0227,Institution,广州市海珠区,,,,,,,,,,,,INST-0227,广州市海珠区,,,,,,,,,,,,,,,,,
INST-0228,Institution,广州经开区,,,,,,,,,,,,INST-0228,广州经开区,,,,,,,,,,,,,,,,,
INST-0229,Institution,开源证券,,,,,,,,,,,,INST-0229,开源证券,,,,,,,,,,,,,,,,,
INST-0230,Institution,弗若斯特沙利文,,,,,,,,,,,,INST-0230,弗若斯特沙利文,,,,,,,,,,,,,,,,,
INST-0231,Institution,德勤華永會計師事務所（特殊普通合夥）,,,,,,,,,,,,INST-0231,德勤華永會計師事務所（特殊普通合夥）,,,,,,,,,,,,,,,,,
INST-0232,Institution,德国联邦药品和医疗器械管理局,,,,,,,,,,,,INST-0232,德国联邦药品和医疗器械管理局,,,,,,,,,,,,,,,,,
INST-0233,Institution,总经理办公会,,,,,,,,,,,,INST-0233,总经理办公会,,,,,,,,,,,,,,,,,
INST-0234,Institution,恒生前海基金,,,,,,,,,,,,INST-0234,恒生前海基金,,,,,,,,,,,,,,,,,
INST-0235,Institution,恒生指数,,,,,,,,,,,,INST-0235,恒生指数,,,,,,,,,,,,,,,,,
INST-0236,Institution,恒生科技指数,,,,,,,,,,,,INST-0236,恒生科技指数,,,,,,,,,,,,,,,,,
INST-0237,Institution,惠誉国际信用评级有限公司,,,,,,,,,,,,INST-0237,惠誉国际信用评级有限公司,,,,,,,,,,,,,,,,,
INST-0238,Institution,成都产业投资集团招标采购管理平台,,,,,,,,,,,,INST-0238,成都产业投资集团招标采购管理平台,,,,,,,,,,,,,,,,,
INST-0239,Institution,扬州信保担保公司,,,,,,,,,,,,INST-0239,扬州信保担保公司,,,,,,,,,,,,,,,,,
INST-0240,Institution,招商证券,,,,,,,,,,,,INST-0240,招商证券,,,,,,,,,,,,,,,,,
INST-0241,Institution,提名委员会,,,,,,,,,,,,INST-0241,提名委员会,,,,,,,,,,,,,,,,,
INST-0242,Institution,教育部,,,,,,,,,,,,INST-0242,教育部,,,,,,,,,,,,,,,,,
INST-0243,Institution,文化和旅游部,,,,,,,,,,,,INST-0243,文化和旅游部,,,,,,,,,,,,,,,,,
INST-0244,Institution,新华财经,,,,,,,,,,,,INST-0244,新华财经,,,,,,,,,,,,,,,,,
INST-0245,Institution,新疆上市公司协会,,,,,,,,,,,,INST-0245,新疆上市公司协会,,,,,,,,,,,,,,,,,
INST-0246,Institution,新疆公共资源交易网,,,,,,,,,,,,INST-0246,新疆公共资源交易网,,,,,,,,,,,,,,,,,
INST-0247,Institution,新疆天阳律师事务所,,,,,,,,,,,,INST-0247,新疆天阳律师事务所,,,,,,,,,,,,,,,,,
INST-0248,Institution,新疆水发集团电子招标采购平台,,,,,,,,,,,,INST-0248,新疆水发集团电子招标采购平台,,,,,,,,,,,,,,,,,
INST-0249,Institution,新疆生产建设兵团第五师交通运输事业发展中心,,,,,,,,,,,,INST-0249,新疆生产建设兵团第五师交通运输事业发展中心,,,,,,,,,,,,,,,,,
INST-0250,Institution,新疆维吾尔自治区阿克苏地区林业和草原局,,,,,,,,,,,,INST-0250,新疆维吾尔自治区阿克苏地区林业和草原局,,,,,,,,,,,,,,,,,
INST-0251,Institution,新疆证监局,,,,,,,,,,,,INST-0251,新疆证监局,,,,,,,,,,,,,,,,,
INST-0252,Institution,易方达基金,,,,,,,,,,,,INST-0252,易方达基金,,,,,,,,,,,,,,,,,
INST-0253,Institution,星石投资,,,,,,,,,,,,INST-0253,星石投资,,,,,,,,,,,,,,,,,
INST-0254,Institution,普华永道中天会计师事务所（特殊普通合伙）,,,,,,,,,,,,INST-0254,普华永道中天会计师事务所（特殊普通合伙）,,,,,,,,,,,,,,,,,
INST-0255,Institution,来宾中院,,,,,,,,,,,,INST-0255,来宾中院,,,,,,,,,,,,,,,,,
INST-0256,Institution,枣庄市国资委,,,,,,,,,,,,INST-0256,枣庄市国资委,,,,,,,,,,,,,,,,,
INST-0257,Institution,枣庄市财政局,,,,,,,,,,,,INST-0257,枣庄市财政局,,,,,,,,,,,,,,,,,
INST-0258,Institution,标普全球评级,,,,,,,,,,,,INST-0258,标普全球评级,,,,,,,,,,,,,,,,,
INST-0259,Institution,欧盟,,,,,,,,,,,,INST-0259,欧盟,,,,,,,,,,,,,,,,,
INST-0260,Institution,武汉市新洲区人民医院,,,,,,,,,,,,INST-0260,武汉市新洲区人民医院,,,,,,,,,,,,,,,,,
INST-0261,Institution,毕马威华振会计师事务所（特殊普通合伙）,,,,,,,,,,,,INST-0261,毕马威华振会计师事务所（特殊普通合伙）,,,,,,,,,,,,,,,,,
INST-0262,Institution,民政部,,,,,,,,,,,,INST-0262,民政部,,,,,,,,,,,,,,,,,
INST-0263,Institution,水利部,,,,,,,,,,,,INST-0263,水利部,,,,,,,,,,,,,,,,,
INST-0264,Institution,汇添富基金,,,,,,,,,,,,INST-0264,汇添富基金,,,,,,,,,,,,,,,,,
INST-0265,Institution,"江律师事务所（Kong & Co., Solicitors）",,,,,,,,,,,,INST-0265,"江律师事务所（Kong & Co., Solicitors）",,,,,,,,,,,,,,,,,
INST-0266,Institution,江西省公共资源交易中心,,,,,,,,,,,,INST-0266,江西省公共资源交易中心,,,,,,,,,,,,,,,,,
INST-0267,Institution,江西省公共资源数智交易平台,,,,,,,,,,,,INST-0267,江西省公共资源数智交易平台,,,,,,,,,,,,,,,,,
INST-0268,Institution,江西省药品监督管理局,,,,,,,,,,,,INST-0268,江西省药品监督管理局,,,,,,,,,,,,,,,,,
INST-0269,Institution,河北上市公司协会,,,,,,,,,,,,INST-0269,河北上市公司协会,,,,,,,,,,,,,,,,,
INST-0270,Institution,河北省药品监督管理局,,,,,,,,,,,,INST-0270,河北省药品监督管理局,,,,,,,,,,,,,,,,,
INST-0271,Institution,河北资本市场之家,,,,,,,,,,,,INST-0271,河北资本市场之家,,,,,,,,,,,,,,,,,
INST-0272,Institution,泸州市政务服务和公共资源交易中心,,,,,,,,,,,,INST-0272,泸州市政务服务和公共资源交易中心,,,,,,,,,,,,,,,,,
INST-0273,Institution,洪都拉斯国家药品监督管理局,,,,,,,,,,,,INST-0273,洪都拉斯国家药品监督管理局,,,,,,,,,,,,,,,,,
INST-0274,Institution,派出能源监管机构,,,,,,,,,,,,INST-0274,派出能源监管机构,,,,,,,,,,,,,,,,,
INST-0275,Institution,浙商证券,,,,,,,,,,,,INST-0275,浙商证券,,,,,,,,,,,,,,,,,
INST-0276,Institution,浙江省交通投资集团有限公司招标采购管理中心,,,,,,,,,,,,INST-0276,浙江省交通投资集团有限公司招标采购管理中心,,,,,,,,,,,,,,,,,
INST-0277,Institution,浙江省人民政府国有资产监督管理委员会,,,,,,,,,,,,INST-0277,浙江省人民政府国有资产监督管理委员会,,,,,,,,,,,,,,,,,
INST-0278,Institution,淡水泉投资,,,,,,,,,,,,INST-0278,淡水泉投资,,,,,,,,,,,,,,,,,
INST-0279,Institution,深交所,,,,,,,,,,,,INST-0279,深交所,,,,,,,,,,,,,,,,,
INST-0280,Institution,深圳市全景网络有限公司,,,,,,,,,,,,INST-0280,深圳市全景网络有限公司,,,,,,,,,,,,,,,,,
INST-0281,Institution,深圳证券交易所,,,,,,,,,,,,INST-0281,深圳证券交易所,,,,,,,,,,,,,,,,,
INST-0282,Institution,深圳证券信息有限公司,,,,,,,,,,,,INST-0282,深圳证券信息有限公司,,,,,,,,,,,,,,,,,
INST-0283,Institution,清华大学,,,,,,,,,,,,INST-0283,清华大学,,,,,,,,,,,,,,,,,
INST-0284,Institution,渤海国际信托股份有限公司,,,,,,,,,,,,INST-0284,渤海国际信托股份有限公司,,,,,,,,,,,,,,,,,
INST-0285,Institution,湖南启元律师事务所,,,,,,,,,,,,INST-0285,湖南启元律师事务所,,,,,,,,,,,,,,,,,
INST-0286,Institution,湖南省药品监督管理局,,,,,,,,,,,,INST-0286,湖南省药品监督管理局,,,,,,,,,,,,,,,,,
INST-0287,Institution,湖南麓骏律师事务所,,,,,,,,,,,,INST-0287,湖南麓骏律师事务所,,,,,,,,,,,,,,,,,
INST-0288,Institution,潍柴动力股份有限公司董事会,,,,,,,,,,,,INST-0288,潍柴动力股份有限公司董事会,,,,,,,,,,,,,,,,,
INST-0289,Institution,特变电工股份有限公司董事会,,,,,,,,,,,,INST-0289,特变电工股份有限公司董事会,,,,,,,,,,,,,,,,,
INST-0290,Institution,瑞银财富管理投资总监办公室,,,,,,,,,,,,INST-0290,瑞银财富管理投资总监办公室,,,,,,,,,,,,,,,,,
INST-0291,Institution,瑞银集团,,,,,,,,,,,,INST-0291,瑞银集团,,,,,,,,,,,,,,,,,
INST-0292,Institution,生态环境部,,,,,,,,,,,,INST-0292,生态环境部,,,,,,,,,,,,,,,,,
INST-0293,Institution,申万宏源,,,,,,,,,,,,INST-0293,申万宏源,,,,,,,,,,,,,,,,,
INST-0294,Institution,电力企业,,,,,,,,,,,,INST-0294,电力企业,,,,,,,,,,,,,,,,,
INST-0295,Institution,电力调度机构,,,,,,,,,,,,INST-0295,电力调度机构,,,,,,,,,,,,,,,,,
INST-0296,Institution,白俄罗斯共和国卫生部,,,,,,,,,,,,INST-0296,白俄罗斯共和国卫生部,,,,,,,,,,,,,,,,,
INST-0297,Institution,省信保集团,,,,,,,,,,,,INST-0297,省信保集团,,,,,,,,,,,,,,,,,
INST-0298,Institution,省科担公司,,,,,,,,,,,,INST-0298,省科担公司,,,,,,,,,,,,,,,,,
INST-0299,Institution,省级人民政府,,,,,,,,,,,,INST-0299,省级人民政府,,,,,,,,,,,,,,,,,
INST-0300,Institution,省部级行政机关,,,,,,,,,,,,INST-0300,省部级行政机关,,,,,,,,,,,,,,,,,
INST-0301,Institution,福建至理律师事务所,,,,,,,,,,,,INST-0301,福建至理律师事务所,,,,,,,,,,,,,,,,,
INST-0302,Institution,稽核监察部,,,,,,,,,,,,INST-0302,稽核监察部,,,,,,,,,,,,,,,,,
INST-0303,Institution,穆迪投资者服务公司,,,,,,,,,,,,INST-0303,穆迪投资者服务公司,,,,,,,,,,,,,,,,,
INST-0304,Institution,立信会计师事务所（特殊普通合伙）,,,,,,,,,,,,INST-0304,立信会计师事务所（特殊普通合伙）,,,,,,,,,,,,,,,,,
INST-0305,Institution,第七届董事会第二十一次会议,,,,,,,,,,,,INST-0305,第七届董事会第二十一次会议,,,,,,,,,,,,,,,,,
INST-0306,Institution,第三届董事会第十二次会议,,,,,,,,,,,,INST-0306,第三届董事会第十二次会议,,,,,,,,,,,,,,,,,
INST-0307,Institution,第八届董事会发展战略与ESG委员会,,,,,,,,,,,,INST-0307,第八届董事会发展战略与ESG委员会,,,,,,,,,,,,,,,,,
INST-0308,Institution,第四届董事会第二次会议,,,,,,,,,,,,INST-0308,第四届董事会第二次会议,,,,,,,,,,,,,,,,,
INST-0309,Institution,管理委员会,,,,,,,,,,,,INST-0309,管理委员会,,,,,,,,,,,,,,,,,
INST-0310,Institution,納斯達克迪拜,,,,,,,,,,,,INST-0310,納斯達克迪拜,,,,,,,,,,,,,,,,,
INST-0311,Institution,缅甸卫生部,,,,,,,,,,,,INST-0311,缅甸卫生部,,,,,,,,,,,,,,,,,
INST-0312,Institution,美国FDA,,,,,,,,,,,,INST-0312,美国FDA,,,,,,,,,,,,,,,,,
INST-0313,Institution,美国食品药品监督管理局,,,,,,,,,,,,INST-0313,美国食品药品监督管理局,,,,,,,,,,,,,,,,,
INST-0314,Institution,美国食品药品监督管理局（FDA）,,,,,,,,,,,,INST-0314,美国食品药品监督管理局（FDA）,,,,,,,,,,,,,,,,,
INST-0315,Institution,美联储,,,,,,,,,,,,INST-0315,美联储,,,,,,,,,,,,,,,,,
INST-0316,Institution,联合国,,,,,,,,,,,,INST-0316,联合国,,,,,,,,,,,,,,,,,
INST-0317,Institution,联合国教科文组织,,,,,,,,,,,,INST-0317,联合国教科文组织,,,,,,,,,,,,,,,,,
INST-0318,Institution,联合资信评估股份有限公司,,,,,,,,,,,,INST-0318,联合资信评估股份有限公司,,,,,,,,,,,,,,,,,
INST-0319,Institution,股东会,,,,,,,,,,,,INST-0319,股东会,,,,,,,,,,,,,,,,,
INST-0320,Institution,自然资源部,,,,,,,,,,,,INST-0320,自然资源部,,,,,,,,,,,,,,,,,
INST-0321,Institution,苏州工业园区,,,,,,,,,,,,INST-0321,苏州工业园区,,,,,,,,,,,,,,,,,
INST-0322,Institution,英国药品和健康产品管理局（MHRA）,,,,,,,,,,,,INST-0322,英国药品和健康产品管理局（MHRA）,,,,,,,,,,,,,,,,,
INST-0323,Institution,英國特許公司治理公會,,,,,,,,,,,,INST-0323,英國特許公司治理公會,,,,,,,,,,,,,,,,,
INST-0324,Institution,董事会,,,,,,,,,,,,INST-0324,董事会,,,,,,,,,,,,,,,,,
INST-0325,Institution,董事会办公室,,,,,,,,,,,,INST-0325,董事会办公室,,,,,,,,,,,,,,,,,
INST-0326,Institution,董事会提名薪酬考核委员会,,,,,,,,,,,,INST-0326,董事会提名薪酬考核委员会,,,,,,,,,,,,,,,,,
INST-0327,Institution,董事会薪酬与考核委员会,,,,,,,,,,,,INST-0327,董事会薪酬与考核委员会,,,,,,,,,,,,,,,,,
INST-0328,Institution,董事会薪酬委员会,,,,,,,,,,,,INST-0328,董事会薪酬委员会,,,,,,,,,,,,,,,,,
INST-0329,Institution,蒙古国矿产石油局,,,,,,,,,,,,INST-0329,蒙古国矿产石油局,,,,,,,,,,,,,,,,,
INST-0330,Institution,薪酬与考核委员会,,,,,,,,,,,,INST-0330,薪酬与考核委员会,,,,,,,,,,,,,,,,,
INST-0331,Institution,西安市市场监督管理局,,,,,,,,,,,,INST-0331,西安市市场监督管理局,,,,,,,,,,,,,,,,,
INST-0332,Institution,西部证券,,,,,,,,,,,,INST-0332,西部证券,,,,,,,,,,,,,,,,,
INST-0333,Institution,《证券日报》,,,,,,,,,,,,INST-0333,《证券日报》,,,,,,,,,,,,,,,,,
INST-0334,Institution,证券法务部(董事会办公室、审计部),,,,,,,,,,,,INST-0334,证券法务部(董事会办公室、审计部),,,,,,,,,,,,,,,,,
INST-0335,Institution,证监会,,,,,,,,,,,,INST-0335,证监会,,,,,,,,,,,,,,,,,
INST-0336,Institution,诺德基金,,,,,,,,,,,,INST-0336,诺德基金,,,,,,,,,,,,,,,,,
INST-0337,Institution,财政部,,,,,,,,,,,,INST-0337,财政部,,,,,,,,,,,,,,,,,
INST-0338,Institution,财通基金,,,,,,,,,,,,INST-0338,财通基金,,,,,,,,,,,,,,,,,
INST-0339,Institution,财通证券,,,,,,,,,,,,INST-0339,财通证券,,,,,,,,,,,,,,,,,
INST-0340,Institution,迪拜金融服務局,,,,,,,,,,,,INST-0340,迪拜金融服務局,,,,,,,,,,,,,,,,,
INST-0341,Institution,金华市中心医院,,,,,,,,,,,,INST-0341,金华市中心医院,,,,,,,,,,,,,,,,,
INST-0342,Institution,金融机构,,,,,,,,,,,,INST-0342,金融机构,,,,,,,,,,,,,,,,,
INST-0343,Institution,金融监管总局,,,,,,,,,,,,INST-0343,金融监管总局,,,,,,,,,,,,,,,,,
INST-0344,Institution,银行业监督管理机构,,,,,,,,,,,,INST-0344,银行业监督管理机构,,,,,,,,,,,,,,,,,
INST-0345,Institution,银行间市场清算所股份有限公司,,,,,,,,,,,,INST-0345,银行间市场清算所股份有限公司,,,,,,,,,,,,,,,,,
INST-0346,Institution,长江证券,,,,,,,,,,,,INST-0346,长江证券,,,,,,,,,,,,,,,,,
INST-0347,Institution,阿布达比投资局－自有资金,,,,,,,,,,,,INST-0347,阿布达比投资局－自有资金,,,,,,,,,,,,,,,,,
INST-0348,Institution,阿拉伯联合酋长国药品管理局,,,,,,,,,,,,INST-0348,阿拉伯联合酋长国药品管理局,,,,,,,,,,,,,,,,,
INST-0349,Institution,阿拉善左旗科学技术和林业草原局,,,,,,,,,,,,INST-0349,阿拉善左旗科学技术和林业草原局,,,,,,,,,,,,,,,,,
INST-0350,Institution,阿拉善左旗财政局,,,,,,,,,,,,INST-0350,阿拉善左旗财政局,,,,,,,,,,,,,,,,,
INST-0351,Institution,阿拉善高新技术产业开发区（乌斯太镇）乡村振兴办公室,,,,,,,,,,,,INST-0351,阿拉善高新技术产业开发区（乌斯太镇）乡村振兴办公室,,,,,,,,,,,,,,,,,
INST-0352,Institution,陕西巨丰投资资讯有限责任公司,,,,,,,,,,,,INST-0352,陕西巨丰投资资讯有限责任公司,,,,,,,,,,,,,,,,,
INST-0353,Institution,青海树人律师事务所,,,,,,,,,,,,INST-0353,青海树人律师事务所,,,,,,,,,,,,,,,,,
INST-0354,Institution,飞旋兄弟投资,,,,,,,,,,,,INST-0354,飞旋兄弟投资,,,,,,,,,,,,,,,,,
INST-0355,Institution,香港中央结算有限公司,,,,,,,,,,,,INST-0355,香港中央结算有限公司,,,,,,,,,,,,,,,,,
INST-0356,Institution,香港中央證券登記有限公司,,,,,,,,,,,,INST-0356,香港中央證券登記有限公司,,,,,,,,,,,,,,,,,
INST-0357,Institution,香港中央证券登记有限公司,,,,,,,,,,,,INST-0357,香港中央证券登记有限公司,,,,,,,,,,,,,,,,,
INST-0358,Institution,香港交易及結算所有限公司,,,,,,,,,,,,INST-0358,香港交易及結算所有限公司,,,,,,,,,,,,,,,,,
INST-0359,Institution,香港交易及结算所有限公司,,,,,,,,,,,,INST-0359,香港交易及结算所有限公司,,,,,,,,,,,,,,,,,
INST-0360,Institution,香港交易所,,,,,,,,,,,,INST-0360,香港交易所,,,,,,,,,,,,,,,,,
INST-0361,Institution,香港公司治理公會,,,,,,,,,,,,INST-0361,香港公司治理公會,,,,,,,,,,,,,,,,,
INST-0362,Institution,香港公司註冊處,,,,,,,,,,,,INST-0362,香港公司註冊處,,,,,,,,,,,,,,,,,
INST-0363,Institution,香港国际仲裁中心,,,,,,,,,,,,INST-0363,香港国际仲裁中心,,,,,,,,,,,,,,,,,
INST-0364,Institution,香港大學,,,,,,,,,,,,INST-0364,香港大學,,,,,,,,,,,,,,,,,
INST-0365,Institution,香港联交所,,,,,,,,,,,,INST-0365,香港联交所,,,,,,,,,,,,,,,,,
INST-0366,Institution,香港联合交易所,,,,,,,,,,,,INST-0366,香港联合交易所,,,,,,,,,,,,,,,,,
INST-0367,Institution,香港联合交易所有限公司,,,,,,,,,,,,INST-0367,香港联合交易所有限公司,,,,,,,,,,,,,,,,,
INST-0368,Institution,香港聯交所,,,,,,,,,,,,INST-0368,香港聯交所,,,,,,,,,,,,,,,,,
INST-0369,Institution,香港聯合交易所有限公司,,,,,,,,,,,,INST-0369,香港聯合交易所有限公司,,,,,,,,,,,,,,,,,
INST-0370,Institution,香港证券及期货事务监察委员会,,,,,,,,,,,,INST-0370,香港证券及期货事务监察委员会,,,,,,,,,,,,,,,,,
INST-0371,Institution,鹰潭市人民医院,,,,,,,,,,,,INST-0371,鹰潭市人民医院,,,,,,,,,,,,,,,,,
EVT-0001,Event,首次授予股票期权进入第二个行权期,,,,,,,,,,,,,,,EVT-0001,股权,首次授予股票期权进入第二个行权期,2026-01-24,公司2023年股票期权激励计划首次授予股票期权于2026年1月26日进入第二个行权期，行权期有效期为2026年9月11日至2027年1月25日。,0.95,,,,,,,,,,
EVT-0002,Event,股票期权限制行权期设定,,,,,,,,,,,,,,,EVT-0002,股权,股票期权限制行权期设定,2026-10-01,首次授予及预留授予股票期权本次限制行权期为2026年10月1日至2026年10月31日，期间全部激励对象将限制行权。,0.95,,,,,,,,,,
EVT-0003,Event,恒瑞医药2026年第一次临时股东会召开,,,,,,,,,,,,,,,EVT-0003,重大经营,恒瑞医药2026年第一次临时股东会召开,2026-09-24,江苏恒瑞医药股份有限公司召开2026年第一次临时股东会，由董事长孙飘扬主持，以现场投票和网络投票相结合方式表决。,0.95,,,,,,,,,,
EVT-0004,Event,关于提请股东会授权董事会办理2026年A股员工持股计划相关事宜的议案获审议通过,,,,,,,,,,,,,,,EVT-0004,股权,关于提请股东会授权董事会办理2026年A股员工持股计划相关事宜的议案获审议通过,2026-09-24,股东会审议通过关于提请股东会授权董事会办理公司2026年A股员工持股计划相关事宜的议案。,0.9,,,,,,,,,,
EVT-0005,Event,关于2026年H股股份计划（草案）的议案获审议通过,,,,,,,,,,,,,,,EVT-0005,股权,关于2026年H股股份计划（草案）的议案获审议通过,2026-09-24,股东会审议通过关于2026年H股股份计划（草案）的议案。,0.9,,,,,,,,,,
EVT-0006,Event,关于回购公司H股股份一般性授权的议案获审议通过,,,,,,,,,,,,,,,EVT-0006,股权,关于回购公司H股股份一般性授权的议案获审议通过,2026-09-24,股东会审议通过关于回购公司H股股份一般性授权的议案。,0.9,,,,,,,,,,
EVT-0007,Event,保利发展获准注册50亿元中期票据,,,,,,,,,,,,,,,EVT-0007,监管,保利发展获准注册50亿元中期票据,,中国银行间市场交易商协会出具《接受注册通知书》，公司获准注册中期票据，注册金额50亿元，注册额度自通知书落款之日起2年内有效。,0.9,,,,,,,,,,
EVT-0008,Event,保利发展发行2026年度第一期中期票据,,,,,,,,,,,,,,,EVT-0008,重大经营,保利发展发行2026年度第一期中期票据,2026-09-23,公司成功发行2026年度第一期中期票据（26保利发展MTN001，代码102683773），为5年期，发行总额20亿元，发行利率2.20%。,0.9,,,,,,,,,,
EVT-0009,Event,中国神华能源股份有限公司召开2026年第三次临时股东会,,,,,,,,,,,,,,,EVT-0009,重大经营,中国神华能源股份有限公司召开2026年第三次临时股东会,2026-09-23,公司召开2026年第三次临时股东会，由董事会召集、执行董事张长岩主持，会议召集召开及表决方式符合《公司法》及《公司章程》规定。,0.95,,,,,,,,,,
EVT-0010,Event,2026年中期利润分配议案获股东会审议通过,,,,,,,,,,,,,,,EVT-0010,业绩,2026年中期利润分配议案获股东会审议通过,,股东会以非累积投票方式审议通过关于中国神华能源股份有限公司2026年中期利润分配的议案。,0.95,,,,,,,,,,
EVT-0011,Event,股东会选举叶礼德、张梦娇为独立非执行董事,,,,,,,,,,,,,,,EVT-0011,重大经营,股东会选举叶礼德、张梦娇为独立非执行董事,,股东会以累积投票方式审议关于选举独立非执行董事的议案，叶礼德、张梦娇均当选。,0.9,,,,,,,,,,
EVT-0012,Event,伊利股份董事会及股东大会审议通过2023年持股计划（草案）,,,,,,,,,,,,,,,EVT-0012,股权,伊利股份董事会及股东大会审议通过2023年持股计划（草案）,2023-07-26,公司召开第十一届董事会临时会议及2023年第一次临时股东大会，审议通过《关于<内蒙古伊利实业集团股份有限公司2023年持股计划（草案）>及其摘要的议案》。,0.9,,,,,,,,,,
EVT-0013,Event,伊利股份董事会审议通过2023年持股计划（第三期）,,,,,,,,,,,,,,,EVT-0013,股权,伊利股份董事会审议通过2023年持股计划（第三期）,2026-04-28,公司召开第十一届董事会第九次会议，审议通过《公司2023年持股计划（第三期）》等议案。,0.9,,,,,,,,,,
EVT-0014,Event,伊利股份2023年持股计划（第三期）完成股票购买,,,,,,,,,,,,,,,EVT-0014,股权,伊利股份2023年持股计划（第三期）完成股票购买,2026-09-22,"截至2026年9月22日，公司通过上海证券交易所证券交易系统购买公司股票8,476,357股，成交金额224,997,098.71元，占总股本0.13%，成交均价26.5441元/股，标的股票购买已全部完成。",0.95,,,,,,,,,,
EVT-0015,Event,三一重工董事会决议召开2026年第二次临时股东会,,,,,,,,,,,,,,,EVT-0015,重大经营,三一重工董事会决议召开2026年第二次临时股东会,2026-08-28,三一重工第九届董事会第十二次会议审议通过关于召开2026年第二次临时股东会的议案，决定于2026年9月23日召开。,0.9,,,,,,,,,,
EVT-0016,Event,三一重工2026年第二次临时股东会现场会议召开,,,,,,,,,,,,,,,EVT-0016,重大经营,三一重工2026年第二次临时股东会现场会议召开,2026-09-23,本次股东会现场会议于2026年9月23日14时30分在长沙县三一产业园行政中心一号会议室召开，由副董事长俞宏福线上主持，并同时进行网络投票。,0.9,,,,,,,,,,
EVT-0017,Event,股东会审议通过设立并申请发行资产支持证券（ABS）暨关联交易的议案,,,,,,,,,,,,,,,EVT-0017,重大经营,股东会审议通过设立并申请发行资产支持证券（ABS）暨关联交易的议案,2026-09-23,本次股东会以现场投票与网络投票相结合方式审议通过《关于设立并申请发行资产支持证券（ABS）暨关联交易的议案》，关联股东未出席，不涉及回避表决。,0.85,,,,,,,,,,
EVT-0018,Event,阳光新能源与华泰宝利、华泰资管共同投资设立合伙企业,,,,,,,,,,,,,,,EVT-0018,投资并购,阳光新能源与华泰宝利、华泰资管共同投资设立合伙企业,2026-07-23,"阳光新能源作为有限合伙人与华泰宝利、华泰资管签订合伙协议，共同投资设立苏州华旭新能股权投资合伙企业（有限合伙），基金认缴出资总额100,000万元，阳光新能源认缴19,900万元，占比19.90%。",0.9,,,,,,,,,,
EVT-0019,Event,苏州华旭新能股权投资基金完成基金业协会备案,,,,,,,,,,,,,,,EVT-0019,重大经营,苏州华旭新能股权投资基金完成基金业协会备案,2026-09-22,公司收到基金管理人通知，本基金已完成中国证券投资基金业协会备案，备案编码SEX000，备案时间2026年9月22日。,0.9,,,,,,,,,,
EVT-0020,Event,李云贵、霍达招商银行董事任职资格获核准,,,,,,,,,,,,,,,EVT-0020,监管,李云贵、霍达招商银行董事任职资格获核准,2026-09-22,国家金融监督管理总局批复核准李云贵、霍达担任招商银行非执行董事的任职资格，任期自2026年9月22日起生效。,0.95,,,,,,,,,,
EVT-0021,Event,招商银行董事会专门委员会成员调整,,,,,,,,,,,,,,,EVT-0021,重大经营,招商银行董事会专门委员会成员调整,2026-09-22,自2026年9月22日起李云贵任战略与可持续发展委员会委员，霍达任风险与资本管理委员会主任委员，江朝阳不再任该委员会主任委员。,0.9,,,,,,,,,,
EVT-0022,Event,2025年度股东会审议通过授权董事会决定2026年半年度利润分配方案,,,,,,,,,,,,,,,EVT-0022,股权,2025年度股东会审议通过授权董事会决定2026年半年度利润分配方案,2026-05-13,公司2025年度股东会审议通过了授权董事会决定2026年半年度利润分配方案的议案。,0.95,,,,,,,,,,
EVT-0023,Event,第九届董事会第十四次会议审议通过2026年半年度利润分配方案,,,,,,,,,,,,,,,EVT-0023,股权,第九届董事会第十四次会议审议通过2026年半年度利润分配方案,2026-08-21,公司2026年半年度利润分配方案经2026年8月21日召开的第九届董事会第十四次会议审议通过。,0.95,,,,,,,,,,
EVT-0024,Event,公司披露《2026年半年度A股利润分配方案公告》,,,,,,,,,,,,,,,EVT-0024,股权,公司披露《2026年半年度A股利润分配方案公告》,2026-08-24,公司于2026年8月24日在上海证券交易所网站披露《2026年半年度A股利润分配方案公告》。,0.9,,,,,,,,,,
EVT-0025,Event,2026年半年度A股分红派息实施，每股派发现金红利0.105元（含税）,,,,,,,,,,,,,,,EVT-0025,股权,2026年半年度A股分红派息实施，每股派发现金红利0.105元（含税）,2026-09-29,"以股权登记日登记的总股本120,714,479,172股为基数，每股派发现金红利人民币0.105元（含税），A股股权登记日为2026/9/29，现金红利发放日为2026/9/30。",0.9,,,,,,,,,,
EVT-0026,Event,"立讯精密公开发行300,000.00万元可转换公司债券",,,,,,,,,,,,,,,EVT-0026,重大经营,"立讯精密公开发行300,000.00万元可转换公司债券",2020-11-03,"公司经证监会核准于2020年11月3日公开发行3,000.00万张可转换公司债券，发行总额300,000.00万元，期限六年。",0.9,,,,,,,,,,
EVT-0027,Event,立讯转债到期兑付及摘牌,,,,,,,,,,,,,,,EVT-0027,重大经营,立讯转债到期兑付及摘牌,2026-11-02,“立讯转债”于2026年11月2日到期，公司完成到期兑付及在深圳证券交易所摘牌工作。,0.9,,,,,,,,,,
EVT-0028,Event,立讯转债最后交易日与停止交易安排,,,,,,,,,,,,,,,EVT-0028,重大经营,立讯转债最后交易日与停止交易安排,2026-10-28,“立讯转债”最后一个交易日为2026年10月28日，自2026年10月29日起停止交易。,0.9,,,,,,,,,,
EVT-0029,Event,万科A股股票连续三个交易日收盘价涨幅偏离值累计超过20%，属交易异常波动,,,,,,,,,,,,,,,EVT-0029,监管,万科A股股票连续三个交易日收盘价涨幅偏离值累计超过20%，属交易异常波动,,万科A股连续三个交易日收盘价格涨幅偏离值累计超过20%，按深交所交易规则属股票交易异常波动。,0.9,,,,,,,,,,
EVT-0030,Event,万科披露2026年半年度报告,,,,,,,,,,,,,,,EVT-0030,业绩,万科披露2026年半年度报告,2026-08-27,公司于2026年8月27日披露2026年半年度报告，上半年营业收入701.7亿元，净亏损149.5亿元。,0.9,,,,,,,,,,
EVT-0031,Event,万科推进存量盘活、再融资与债务风险处置,,,,,,,,,,,,,,,EVT-0031,重大经营,万科推进存量盘活、再融资与债务风险处置,,公司将持续通过存量资源盘活和大宗资产交易、落实再融资和展期等举措优化资债结构、缓释偿付压力。,0.85,,,,,,,,,,
EVT-0032,Event,中国中铁2026年中期每股派发现金红利0.06374元,,,,,,,,,,,,,,,EVT-0032,股权,中国中铁2026年中期每股派发现金红利0.06374元,2026-10-08,"公司以实施前总股本24,531,310,329股为基数，每股派发现金红利0.06374元（含税）。",0.9,,,,,,,,,,
EVT-0033,Event,中国中铁控股股东现金红利由公司直接发放,,,,,,,,,,,,,,,EVT-0033,股权,中国中铁控股股东现金红利由公司直接发放,,公司控股股东中国铁路工程集团有限公司的A股现金红利由本公司直接发放。,0.9,,,,,,,,,,
EVT-0034,Event,中国中铁委托中国结算上海分公司派发无限售条件流通股红利,,,,,,,,,,,,,,,EVT-0034,股权,中国中铁委托中国结算上海分公司派发无限售条件流通股红利,2026-10-08,无限售条件流通股的红利委托中国结算上海分公司通过其资金清算系统向登记在册股东派发。,0.9,,,,,,,,,,
EVT-0035,Event,实施2026年半年度利润分配,,,,,,,,,,,,,,,EVT-0035,股权,实施2026年半年度利润分配,2026-09-28,公司以扣除回购专用证券账户持股后的总股本为基数每股派发现金红利0.153元，股权登记日为2026年9月28日。,0.95,,,,,,,,,,
EVT-0036,Event,调整回购价格上限,,,,,,,,,,,,,,,EVT-0036,股权,调整回购价格上限,2026-09-29,公司回购股份价格上限由不超过35.17元/股调整为不超过35.02元/股。,0.95,,,,,,,,,,
EVT-0037,Event,国电南瑞2026年半年度权益分派实施,,,,,,,,,,,,,,,EVT-0037,股权,国电南瑞2026年半年度权益分派实施,2026-09-29,"公司以总股本扣除回购专用证券账户股份后的7,982,729,133股为基数，每股派发现金红利0.153元（含税），股权登记日2026年9月28日，除权（息）日与现金红利发放日均为2026年9月29日。",0.95,,,,,,,,,,
EVT-0038,Event,国电南瑞董事会审议通过2026年半年度利润分配方案,,,,,,,,,,,,,,,EVT-0038,股权,国电南瑞董事会审议通过2026年半年度利润分配方案,2026-08-25,公司2025年年度股东会授权董事会在符合半年度利润分配条件时制定方案，该方案经第九届董事会第十五次会议审议通过。,0.9,,,,,,,,,,
EVT-0039,Event,国电南瑞回购股份增加，可参与利润分配股份数量相应减少,,,,,,,,,,,,,,,EVT-0039,股权,国电南瑞回购股份增加，可参与利润分配股份数量相应减少,,"方案披露日至股权登记日期间，公司回购股份由45,157,255股增至49,027,023股，可参与利润分配股份数量减少，公司维持每股分配比例不变并调整分配总额。",0.9,,,,,,,,,,
EVT-0040,Event,公司发行2026年度第七期绿色科技创新债券,,,,,,,,,,,,,,,EVT-0040,重大经营,公司发行2026年度第七期绿色科技创新债券,2026-09-21,公司成功发行2026年度第七期绿色科技创新债券，发行总额为人民币45亿元，募集资金已于2026年9月22日到账。,0.95,,,,,,,,,,
EVT-0041,Event,天天基金与光大银行上海分行继续开展合作,,,,,,,,,,,,,,,EVT-0041,重大经营,天天基金与光大银行上海分行继续开展合作,,东方财富全资子公司天天基金与中国光大银行股份有限公司上海分行继续开展合作，合作期限为一年。,0.9,,,,,,,,,,
EVT-0042,Event,东方财富为天天基金提供最高额连带责任保证担保并签署《最高额保证合同》,,,,,,,,,,,,,,,EVT-0042,重大合同,东方财富为天天基金提供最高额连带责任保证担保并签署《最高额保证合同》,,公司为天天基金提供最高额连带责任保证担保，担保的主债权最高余额为15.00亿元，近日《最高额保证合同》已完成签署。,0.9,,,,,,,,,,
EVT-0043,Event,东方财富2025年年度股东会审议通过为全资子公司提供担保的议案,,,,,,,,,,,,,,,EVT-0043,重大经营,东方财富2025年年度股东会审议通过为全资子公司提供担保的议案,2026-04-10,公司2025年年度股东会审议通过《关于为全资子公司2026年度银行授信、借款提供担保的议案》，预计为天天基金提供担保最高保证额度合计不超过200.00亿元。,0.9,,,,,,,,,,
EVT-0044,Event,平安银行发行2026年金融债券（第一期）,,,,,,,,,,,,,,,EVT-0044,重大经营,平安银行发行2026年金融债券（第一期）,2026-09-22,平安银行在全国银行间债券市场发行2026年金融债券（第一期），发行规模合计100亿元，品种为3年期固定利率附息普通金融债券，票面利率1.57%。,0.95,,,,,,,,,,
EVT-0045,Event,中国建筑公布2026年1-8月经营情况简报,,,,,,,,,,,,,,,EVT-0045,业绩,中国建筑公布2026年1-8月经营情况简报,,"中国建筑披露2026年1-8月新签合同总额28,724亿元，比上年同期下降0.3%，其中建筑业务新签合同额26,594亿元。",0.95,,,,,,,,,,
EVT-0046,Event,公司董事会审议通过股份回购议案,,,,,,,,,,,,,,,EVT-0046,股权,公司董事会审议通过股份回购议案,2026-07-27,公司于2026年7月27日召开第四届董事会第二次会议，审议通过以集中竞价交易方式回购公司股份的议案。,0.95,,,,,,,,,,
EVT-0047,Event,公司首次实施股份回购,,,,,,,,,,,,,,,EVT-0047,股权,公司首次实施股份回购,2026-08-19,2026年8月19日公司首次实施回购股份，并于8月20日披露首次回购股份情况。,0.95,,,,,,,,,,
EVT-0048,Event,公司股份回购实施完毕,,,,,,,,,,,,,,,EVT-0048,股权,公司股份回购实施完毕,,"截至本公告披露日，公司累计回购股份15,833,353股，约占总股本0.08%，回购计划达到金额下限并实施完毕。",0.95,,,,,,,,,,
EVT-0049,Event,万华化学召开2026年半年度业绩说明会,,,,,,,,,,,,,,,EVT-0049,业绩,万华化学召开2026年半年度业绩说明会,2026-09-28,万华化学计划于2026年9月28日09:00-10:00通过上证路演中心网络互动方式召开2026年半年度业绩说明会，就投资者关心的问题进行交流。,0.95,,,,,,,,,,
EVT-0050,Event,2026年员工持股计划第一次持有人会议召开,,,,,,,,,,,,,,,EVT-0050,股权,2026年员工持股计划第一次持有人会议召开,2026-07-24,公司召开2026年员工持股计划第一次持有人会议。,0.95,,,,,,,,,,
EVT-0051,Event,2026年员工持股计划尚未实施股份购买,,,,,,,,,,,,,,,EVT-0051,股权,2026年员工持股计划尚未实施股份购买,,截至本公告日，公司2026年员工持股计划尚未实施股份购买。,0.95,,,,,,,,,,
EVT-0052,Event,中工国际与乌干达输电公司签署乌干达工业园及自贸区电气化项目商务合同,,,,,,,,,,,,,,,EVT-0052,重大合同,中工国际与乌干达输电公司签署乌干达工业园及自贸区电气化项目商务合同,2019-10-15,"中工国际与乌干达输电公司签署乌干达工业园及自贸区电气化项目商务合同，合同金额22,357.03万美元，工期36个月。",0.95,,,,,,,,,,
EVT-0053,Event,双方签署商务合同补充协议，计价币种由美元变更为欧元,,,,,,,,,,,,,,,EVT-0053,重大合同,双方签署商务合同补充协议，计价币种由美元变更为欧元,2020-09-23,"公司与乌干达输电公司签署补充协议，计价币种由美元变更为欧元，金额调整为20,371.80万欧元，工期60个月。",0.95,,,,,,,,,,
EVT-0054,Event,中工国际收到项目预付款，商务合同正式生效,,,,,,,,,,,,,,,EVT-0054,重大经营,中工国际收到项目预付款，商务合同正式生效,2026-09-17,公司收到乌干达工业园及自贸区电气化项目预付款，该项目商务合同正式生效。,0.95,,,,,,,,,,
EVT-0055,Event,京东方2026年第一次临时股东会召开,,,,,,,,,,,,,,,EVT-0055,重大经营,京东方2026年第一次临时股东会召开,2026-09-17,京东方科技集团股份有限公司召开2026年第一次临时股东会，审议选举第十一届董事会非独立董事的议案。,0.95,,,,,,,,,,
EVT-0056,Event,选举第十一届董事会非独立董事,,,,,,,,,,,,,,,EVT-0056,股权,选举第十一届董事会非独立董事,2026-09-17,股东会以累积投票方式审议通过选举时晓东、孙婧为非独立董事的议案。,0.9,,,,,,,,,,
EVT-0057,Event,京东方召开2026年第一次临时股东会,,,,,,,,,,,,,,,EVT-0057,重大经营,京东方召开2026年第一次临时股东会,2026-09-17,京东方科技集团股份有限公司以现场表决与网络投票相结合的方式召开2026年第一次临时股东会，由副董事长冯强主持。,0.95,,,,,,,,,,
EVT-0058,Event,股东会审议通过选举第十一届董事会非独立董事的议案,,,,,,,,,,,,,,,EVT-0058,重大经营,股东会审议通过选举第十一届董事会非独立董事的议案,,股东会以累积投票方式表决通过关于选举公司第十一届董事会非独立董事的议案，全部候选人当选。,0.95,,,,,,,,,,
EVT-0059,Event,"坦赞赞比亚公司、坦赞坦桑尼亚公司拟向银行申请贷款不超过696,080万元",,,,,,,,,,,,,,,EVT-0059,重大经营,"坦赞赞比亚公司、坦赞坦桑尼亚公司拟向银行申请贷款不超过696,080万元",,"为推进坦赞铁路激活项目建设，两家参股公司拟分别向中国进出口银行等金融机构申请贷款，总计贷款额度不超过人民币696,080万元。",0.9,,,,,,,,,,
EVT-0060,Event,紫金矿业为两家参股公司贷款债务按5%比例提供连带责任保证,,,,,,,,,,,,,,,EVT-0060,重大经营,紫金矿业为两家参股公司贷款债务按5%比例提供连带责任保证,,"公司为两家参股公司在贷款合同项下债务按5%的比例提供连带责任保证，担保本金不超过人民币34,804万元，保证期间为债务履行期限届满之日起3年。",0.9,,,,,,,,,,
EVT-0061,Event,紫金矿业第九届董事会2026年第16次临时会议审议通过对外担保事项,,,,,,,,,,,,,,,EVT-0061,重大经营,紫金矿业第九届董事会2026年第16次临时会议审议通过对外担保事项,,上述担保事项已经公司第九届董事会2026年第16次临时会议审议通过，无需提交股东会批准。,0.9,,,,,,,,,,
EVT-0062,Event,紫金厦门股权作为有限合伙人参与投资时代深远基金,,,,,,,,,,,,,,,EVT-0062,投资并购,紫金厦门股权作为有限合伙人参与投资时代深远基金,2026-09-15,2026年9月15日紫金厦门股权与厦门溥泉、昆坤投资等合伙人签署合伙协议，以有限合伙人身份认缴出资10亿元参与投资时代深远基金，持有20.4081%认缴比例，构成与关联人共同投资的关联交易。,0.95,,,,,,,,,,
EVT-0063,Event,公司董事会审议通过本次关联交易,,,,,,,,,,,,,,,EVT-0063,重大经营,公司董事会审议通过本次关联交易,,本次关联对外投资已经公司第九届董事会2026年第15次临时会议一致审议通过，并事前经独立董事专门会议审议通过，无需提交股东会审议。,0.9,,,,,,,,,,
EVT-0064,Event,伊利股份召开2026年第一次临时股东会,,,,,,,,,,,,,,,EVT-0064,股权,伊利股份召开2026年第一次临时股东会,2026-09-16,内蒙古伊利实业集团股份有限公司于2026年9月16日在呼和浩特召开2026年第一次临时股东会，会议由董事会召集、执行董事王晓刚主持，会议无否决议案。,0.95,,,,,,,,,,
EVT-0065,Event,伊利股份股东会审议通过回购公司股份方案,,,,,,,,,,,,,,,EVT-0065,股权,伊利股份股东会审议通过回购公司股份方案,2026-09-16,股东会以非累积投票方式审议通过《关于以集中竞价交易方式回购公司股份方案的议案》全部子议案，该议案为特别决议事项，获出席会议股东所持有效表决权股份总数的2/3以上通过。,0.95,,,,,,,,,,
EVT-0066,Event,立讯精密董事会决议召集2026年第一次临时股东会,,,,,,,,,,,,,,,EVT-0066,重大经营,立讯精密董事会决议召集2026年第一次临时股东会,2026-08-24,公司第六届董事会第二十八次会议决议召集本次股东会，并通过指定信息披露媒体公告了《股东会通知》。,0.95,,,,,,,,,,
EVT-0067,Event,立讯精密2026年第一次临时股东会召开,,,,,,,,,,,,,,,EVT-0067,重大经营,立讯精密2026年第一次临时股东会召开,2026-09-16,本次股东会采用现场表决与网络投票相结合的方式召开，现场会议在广东省东莞市清溪镇北环路313号公司综合楼四楼会议室召开，完成全部会议议程。,0.95,,,,,,,,,,
EVT-0068,Event,股东会审议通过变更注册资本并修改《公司章程》的议案,,,,,,,,,,,,,,,EVT-0068,股权,股东会审议通过变更注册资本并修改《公司章程》的议案,2026-09-16,本议案属特别决议事项，经出席会议股东所持表决权三分之二以上通过，表决结果为通过。,0.95,,,,,,,,,,
EVT-0069,Event,股东会审议通过拟注册发行债券的议案,,,,,,,,,,,,,,,EVT-0069,重大经营,股东会审议通过拟注册发行债券的议案,2026-09-16,该议案经本次股东会审议表决，表决结果为通过。,0.95,,,,,,,,,,
EVT-0070,Event,平安银行制定7.0版内部审计章程,,,,,,,,,,,,,,,EVT-0070,政策,平安银行制定7.0版内部审计章程,,平安银行内部审计章程（7.0版，2026年）经董事会批准，由总行稽核监察部负责解释、修订。,0.85,,,,,,,,,,
EVT-0071,Event,平安银行2026年中期利润分配方案获董事会审议通过,,,,,,,,,,,,,,,EVT-0071,股权,平安银行2026年中期利润分配方案获董事会审议通过,2026-08-14,公司2026年半年度权益分派方案已获2026年8月14日召开的第十三届董事会第七次会议审议通过。,0.95,,,,,,,,,,
EVT-0072,Event,平安银行2026年半年度权益分派实施,,,,,,,,,,,,,,,EVT-0072,股权,平安银行2026年半年度权益分派实施,2026-09-24,"公司以总股本19,405,918,198股为基数向全体股东每10股派2.4900元现金，股权登记日2026年9月23日，除权除息日2026年9月24日。",0.9,,,,,,,,,,
EVT-0073,Event,董事会审议通过转让电气国轩47.4%股权议案,,,,,,,,,,,,,,,EVT-0073,股权,董事会审议通过转让电气国轩47.4%股权议案,2025-12-30,公司董事会审议通过转让所持上海电气国轩新能源科技有限公司47.4%股权及放弃3.6%股权优先购买权的议案。,0.92,,,,,,,,,,
EVT-0074,Event,在联交所公开挂牌转让电气国轩47.4%股权,,,,,,,,,,,,,,,EVT-0074,股权,在联交所公开挂牌转让电气国轩47.4%股权,,公司于2026年2月4日至2026年4月8日在联交所公开挂牌转让标的股权，挂牌价格为人民币1元。,0.92,,,,,,,,,,
EVT-0075,Event,与南京国轩控股签订产权交易合同,,,,,,,,,,,,,,,EVT-0075,股权,与南京国轩控股签订产权交易合同,2026-05-21,公司与受让方南京国轩控股签订《产权交易合同》，标的股权成交价格为人民币1元。,0.92,,,,,,,,,,
EVT-0076,Event,标的股权交易完成并取得产权交易凭证,,,,,,,,,,,,,,,EVT-0076,股权,标的股权交易完成并取得产权交易凭证,,《产权交易合同》生效条件达成，公司不再为电气国轩提供担保和借款，收到联交所出具的《产权交易凭证》，本次交易完成。,0.9,,,,,,,,,,
EVT-0077,Event,工商银行董事会审议通过境内优先股股息派发方案,,,,,,,,,,,,,,,EVT-0077,股权,工商银行董事会审议通过境内优先股股息派发方案,2026-08-28,本行2026年8月28日召开的董事会会议审议通过境内优先股“工行优2”本次股息派发方案。,0.9,,,,,,,,,,
EVT-0078,Event,中国神华披露2026年8月份主要运营数据,,,,,,,,,,,,,,,EVT-0078,重大经营,中国神华披露2026年8月份主要运营数据,2026-09-16,中国神华能源股份有限公司公告2026年8月份商品煤产量、煤炭销售量、运输、发电及煤化工等主要运营数据。,0.9,,,,,,,,,,
EVT-0079,Event,中国神华发行股份及支付现金购买控股股东相关资产交易完成,,,,,,,,,,,,,,,EVT-0079,投资并购,中国神华发行股份及支付现金购买控股股东相关资产交易完成,,公司发行股份及支付现金购买控股股东国家能源投资集团有限责任公司相关资产的交易已完成，自2026年4月起运营数据包含新并入资产业务量。,0.9,,,,,,,,,,
EVT-0080,Event,中国神华对上年同期主要运营数据进行追溯调整,,,,,,,,,,,,,,,EVT-0080,重大经营,中国神华对上年同期主要运营数据进行追溯调整,,为保持数据可比性，公司对上年同期主要运营数据进行追溯调整。,0.85,,,,,,,,,,
EVT-0081,Event,三一集团2020年非公开发行可交换公司债券摘牌,,,,,,,,,,,,,,,EVT-0081,股权,三一集团2020年非公开发行可交换公司债券摘牌,2026-09-14,三一集团2020年面向合格机构投资者非公开发行的可交换公司债券（20三一EB）于2026年9月14日摘牌。,0.95,,,,,,,,,,
EVT-0082,Event,三一集团完成可交换债券赎回及摘牌,,,,,,,,,,,,,,,EVT-0082,股权,三一集团完成可交换债券赎回及摘牌,2026-09-14,三一集团于2026年9月14日完成上述可交换债券的赎回及摘牌工作。,0.95,,,,,,,,,,
EVT-0083,Event,中国证监会同意中信证券向专业投资者公开发行永续次级债券注册,,,,,,,,,,,,,,,EVT-0083,监管,中国证监会同意中信证券向专业投资者公开发行永续次级债券注册,,中信证券收到中国证监会批复，同意其向专业投资者公开发行永续次级债券注册。,0.95,,,,,,,,,,
EVT-0084,Event,中信证券获准发行面值总额不超过400亿元永续次级债券,,,,,,,,,,,,,,,EVT-0084,重大经营,中信证券获准发行面值总额不超过400亿元永续次级债券,2026-09-15,据此批复，公司可以向专业投资者公开发行面值总额不超过400亿元永续次级债券，批复自同意注册之日起24个月内有效。,0.95,,,,,,,,,,
EVT-0085,Event,公司回购股份非交易过户至2025年持股计划专用证券账户,,,,,,,,,,,,,,,EVT-0085,股权,公司回购股份非交易过户至2025年持股计划专用证券账户,2025-09-23,"公司回购专用证券账户所持4,187.01万股股票于2025年9月23日至25日非交易过户至2025年经营者、骨干员工、奋斗者持股计划专用证券账户，占总股本0.77%。",0.95,,,,,,,,,,
EVT-0086,Event,2025年持股计划第一个锁定期届满,,,,,,,,,,,,,,,EVT-0086,股权,2025年持股计划第一个锁定期届满,,"2025年经营者持股计划第一个锁定期于2026年9月23日届满，可解锁比例为持股总数的40%，对应目标股票3,845,212股。",0.9,,,,,,,,,,
EVT-0087,Event,2025年持股计划第一个解锁期公司层面业绩考核目标达成,,,,,,,,,,,,,,,EVT-0087,业绩,2025年持股计划第一个解锁期公司层面业绩考核目标达成,,"公司2025年度实现营业收入144,144,965,371.68元，为2022-2024年三年营业收入平均数的115.74%，第一个解锁期公司层面业绩考核目标达成。",0.95,,,,,,,,,,
EVT-0088,Event,董事会审议通过2025年持股计划第一个锁定期届满暨解锁条件成就议案,,,,,,,,,,,,,,,EVT-0088,股权,董事会审议通过2025年持股计划第一个锁定期届满暨解锁条件成就议案,2026-09-15,2026年9月15日公司第五届董事会第十九次会议审议通过关于2025年经营者、奋斗者、骨干员工持股计划第一个锁定期届满暨解锁条件成就的议案。,0.95,,,,,,,,,,
EVT-0089,Event,公司2025年经营者持股计划第一个锁定期届满暨解锁条件成就议案获通过,,,,,,,,,,,,,,,EVT-0089,股权,公司2025年经营者持股计划第一个锁定期届满暨解锁条件成就议案获通过,2026-09-15,董事会以3票同意、0票反对、0票弃权审议通过2025年经营者持股计划第一个锁定期届满暨解锁条件成就的议案，关联董事回避表决。,0.95,,,,,,,,,,
EVT-0090,Event,青海盐湖工业股份有限公司发布2026年半年度报告,,,,,,,,,,,,,,,EVT-0090,业绩,青海盐湖工业股份有限公司发布2026年半年度报告,2026-08-26,公司于2026年8月26日发布2026年半年度报告。,0.95,,,,,,,,,,
EVT-0091,Event,公司参加中国五矿控股上市公司2026年半年度集体业绩说明会暨召开公司2026年半年度业绩说明会,,,,,,,,,,,,,,,EVT-0091,业绩,公司参加中国五矿控股上市公司2026年半年度集体业绩说明会暨召开公司2026年半年度业绩说明会,2026-09-23,根据实际控制人中国五矿统一安排，公司将于2026年9月23日下午14:30-17:00参加中国五矿控股上市公司2026年半年度集体业绩说明会暨召开公司2026年半年度业绩说明会。,0.95,,,,,,,,,,
EVT-0092,Event,公司注销2023年第一期股票期权激励计划部分股票期权,,,,,,,,,,,,,,,EVT-0092,股权,公司注销2023年第一期股票期权激励计划部分股票期权,2026-09-14,"因66名激励对象离职不再符合激励条件，公司注销其已获授但不符合行权条件的291,322份股票期权。",0.95,,,,,,,,,,
EVT-0093,Event,公司注销2023年第二期股票期权激励计划部分股票期权,,,,,,,,,,,,,,,EVT-0093,股权,公司注销2023年第二期股票期权激励计划部分股票期权,2026-09-14,"因109名激励对象离职不再符合激励条件，公司注销其已获授但不符合行权条件的241,426份股票期权。",0.95,,,,,,,,,,
EVT-0094,Event,公司董事会审议通过2023年第一期股票期权激励计划第三个行权期符合行权条件的议案,,,,,,,,,,,,,,,EVT-0094,股权,公司董事会审议通过2023年第一期股票期权激励计划第三个行权期符合行权条件的议案,2026-09-14,公司召开第七届董事会第二十一次会议，审议通过第三个行权期符合行权条件的相关议案，第三个行权期行权条件已成就。,0.95,,,,,,,,,,
EVT-0095,Event,公司2025年半导体设计业务收入238.00亿元，公司层面可行权比例为100%,,,,,,,,,,,,,,,EVT-0095,业绩,公司2025年半导体设计业务收入238.00亿元，公司层面可行权比例为100%,,经审计，公司2025年实现半导体设计业务收入238.00亿元，符合公司层面业绩考核要求，公司层面可行权比例为100%。,0.9,,,,,,,,,,
EVT-0096,Event,"公司注销66名离职激励对象已获授但尚未行权的291,322份股票期权",,,,,,,,,,,,,,,EVT-0096,股权,"公司注销66名离职激励对象已获授但尚未行权的291,322份股票期权",,"鉴于66名激励对象因离职不再符合激励条件，董事会同意注销其已获授但尚未行权的291,322份股票期权。",0.9,,,,,,,,,,
EVT-0097,Event,"2023年第一期股票期权激励计划第三个行权期拟行权2,269,777份",,,,,,,,,,,,,,,EVT-0097,股权,"2023年第一期股票期权激励计划第三个行权期拟行权2,269,777份",2026-09-14,"本次股票期权第三个行权期拟行权数量为2,269,777份，行权人数650名，行权价格77.91元/份，行权方式为自主行权。",0.9,,,,,,,,,,
EVT-0098,Event,公司向785名激励对象授予2023年第一期股票期权,,,,,,,,,,,,,,,EVT-0098,股权,公司向785名激励对象授予2023年第一期股票期权,2023-10-10,"公司以2023年10月10日为授予日，授予785名激励对象7,720,000份股票期权，授予价格为78.97元/份。",0.95,,,,,,,,,,
EVT-0099,Event,第七届董事会第二十一次会议审议通过第三个行权期符合行权条件及注销部分股票期权议案,,,,,,,,,,,,,,,EVT-0099,股权,第七届董事会第二十一次会议审议通过第三个行权期符合行权条件及注销部分股票期权议案,2026-09-14,"公司召开第七届董事会第二十一次会议，同意为符合第三个行权期行权条件的650名激励对象办理2,269,777份股票期权行权事宜。",0.92,,,,,,,,,,
EVT-0100,Event,"公司注销66名离职激励对象已获授但尚未行权的291,322份股票期权",,,,,,,,,,,,,,,EVT-0100,股权,"公司注销66名离职激励对象已获授但尚未行权的291,322份股票期权",2026-09-14,"因66名激励对象已离职不再符合激励条件，其已获授但尚未行权的291,322份股票期权由公司注销。",0.92,,,,,,,,,,
EVT-0101,Event,公司2025年半导体设计业务收入238.00亿元，达到公司层面业绩考核要求,,,,,,,,,,,,,,,EVT-0101,业绩,公司2025年半导体设计业务收入238.00亿元，达到公司层面业绩考核要求,,公司2025年实现半导体设计业务收入238.00亿元，符合公司层面业绩考核要求，公司层面可行权比例为100%。,0.9,,,,,,,,,,
EVT-0102,Event,"隆基绿能公开发行700,000.00万元可转债",,,,,,,,,,,,,,,EVT-0102,重大经营,"隆基绿能公开发行700,000.00万元可转债",2022-01-05,"经中国证券监督管理委员会核准，公司于2022年1月5日公开发行7,000万张可转债，发行总额700,000.00万元，期限6年。",0.92,,,,,,,,,,
EVT-0103,Event,“隆22转债”在上海证券交易所挂牌交易,,,,,,,,,,,,,,,EVT-0103,重大经营,“隆22转债”在上海证券交易所挂牌交易,2022-02-17,"经上海证券交易所自律监管决定书同意，公司700,000.00万元可转债于2022年2月17日起在上海证券交易所挂牌交易，债券简称“隆22转债”。",0.92,,,,,,,,,,
EVT-0104,Event,“隆22转债”转股价格向下修正为17.50元/股并生效,,,,,,,,,,,,,,,EVT-0104,重大经营,“隆22转债”转股价格向下修正为17.50元/股并生效,2025-03-11,因触发转股价格向下修正条款，经公司董事会、股东大会审议通过，“隆22转债”转股价格由58.28元/股向下修正为17.50元/股，修正后的转股价格自2025年3月11日起生效。,0.92,,,,,,,,,,
EVT-0105,Event,“隆22转债”预计满足转股价格向下修正条件,,,,,,,,,,,,,,,EVT-0105,重大经营,“隆22转债”预计满足转股价格向下修正条件,2026-09-14,自2026年9月1日起至2026年9月14日，公司股票收盘价已有十个交易日低于当期转股价格的85%，若未来二十个交易日内有五个交易日继续满足条件将触发向下修正条款。,0.9,,,,,,,,,,
EVT-0106,Event,中国石化首次实施本轮回购股份,,,,,,,,,,,,,,,EVT-0106,股权,中国石化首次实施本轮回购股份,2026-06-18,公司首次实施本轮回购股份，并于2026年6月19日披露首次回购情况。,0.95,,,,,,,,,,
EVT-0107,Event,中国石化完成本轮股份回购,,,,,,,,,,,,,,,EVT-0107,股权,中国石化完成本轮股份回购,2026-09-14,"公司完成本轮回购，实际回购A股股份104,257,050股，占总股本0.09%，均价约4.80元/股，使用资金500,016,883.90元。",0.95,,,,,,,,,,
EVT-0108,Event,中国石化注销本轮所回购全部A股股份,,,,,,,,,,,,,,,EVT-0108,股权,中国石化注销本轮所回购全部A股股份,2026-09-15,"公司将于2026年9月15日注销本轮所回购的全部A股股份104,257,050股，并相应减少注册资本。",0.95,,,,,,,,,,
EVT-0109,Event,宁德时代附属企业闽东时代参与投资厦门时代深远创业投资基金,,,,,,,,,,,,,,,EVT-0109,投资并购,宁德时代附属企业闽东时代参与投资厦门时代深远创业投资基金,2026-09-15,公司附属企业闽东时代与厦门溥泉、紫金矿业股权投资管理（厦门）有限公司等合伙人签署合伙协议，作为有限合伙人认缴出资5亿元参与投资基金。,0.95,,,,,,,,,,
EVT-0110,Event,宁德时代全资子公司宁德时代新能源产业投资有限公司持有厦门溥泉45%合伙份额,,,,,,,,,,,,,,,EVT-0110,股权,宁德时代全资子公司宁德时代新能源产业投资有限公司持有厦门溥泉45%合伙份额,,截至公告披露日，公司全资子公司宁德时代新能源产业投资有限公司作为有限合伙人之一持有厦门溥泉45%合伙份额。,0.85,,,,,,,,,,
EVT-0111,Event,中证投服中心公开征集阳光电源股东表决权,,,,,,,,,,,,,,,EVT-0111,股权,中证投服中心公开征集阳光电源股东表决权,2026-09-03,阳光电源于2026年9月3日披露公开征集表决权公告，本次征集表决权的征集人为中证投服中心。,0.9,,,,,,,,,,
EVT-0112,Event,阳光电源2026年第一次临时股东会召开并由征集人代为行使表决权,,,,,,,,,,,,,,,EVT-0112,股权,阳光电源2026年第一次临时股东会召开并由征集人代为行使表决权,2026-09-15,征集人亲自出席阳光电源2026年第一次临时股东会，按征集表决权公告披露的表决意见和授权委托书指示代表委托股东行使表决权。,0.9,,,,,,,,,,
EVT-0113,Event,本次征集表决权征集结果,,,,,,,,,,,,,,,EVT-0113,股权,本次征集表决权征集结果,,"本次征集表决权共收到1名有效股东授权文件，代表阳光电源有效表决权股份数共1,500股，约占其有表决权股份总数的0.0001%。",0.9,,,,,,,,,,
EVT-0114,Event,丁迎东因年龄原因辞去潍柴动力副总经理职务,,,,,,,,,,,,,,,EVT-0114,重大经营,丁迎东因年龄原因辞去潍柴动力副总经理职务,2026-09-14,丁迎东先生因年龄原因申请辞去公司副总经理职务，辞去该职务后将继续在公司（含控股子公司）担任其他职务。,0.95,,,,,,,,,,
EVT-0115,Event,潍柴动力召开2026年第二次临时股东会并审议通过全部议案,,,,,,,,,,,,,,,EVT-0115,重大经营,潍柴动力召开2026年第二次临时股东会并审议通过全部议案,2026-09-14,潍柴动力于2026年9月14日召开2026年第二次临时股东会，以现场与网络投票相结合方式审议7项议案，合并统计结果每项议案均获有效通过。,0.95,,,,,,,,,,
EVT-0116,Event,股东会通过与向中国重型汽车集团销售产品和提供服务相关的关联交易议案,,,,,,,,,,,,,,,EVT-0116,重大经营,股东会通过与向中国重型汽车集团销售产品和提供服务相关的关联交易议案,2026-09-14,会议审议并获通过公司及其附属公司向中国重型汽车集团有限公司及其附属（关联）公司销售产品和提供服务等关联交易的议案。,0.9,,,,,,,,,,
EVT-0117,Event,股东会通过与向陕西汽车集团销售产品和提供服务相关的关联交易议案,,,,,,,,,,,,,,,EVT-0117,重大经营,股东会通过与向陕西汽车集团销售产品和提供服务相关的关联交易议案,2026-09-14,会议审议并获通过调整公司及其附属公司向陕西汽车集团股份有限公司及其附属（关联）公司销售产品和提供服务关联交易的议案。,0.9,,,,,,,,,,
EVT-0118,Event,股东会选举刘义为公司执行董事,,,,,,,,,,,,,,,EVT-0118,重大经营,股东会选举刘义为公司执行董事,2026-09-14,会议审议通过关于选举刘义先生为公司执行董事的议案，刘义当选为公司执行董事。,0.95,,,,,,,,,,
EVT-0119,Event,公司审议通过回购A股股份方案,,,,,,,,,,,,,,,EVT-0119,股权,公司审议通过回购A股股份方案,2026-07-14,公司经董事会及2026年第二次临时股东会审议通过以集中竞价交易方式回购A股股份的方案，回购资金总额不低于10亿元且不超过20亿元。,0.95,,,,,,,,,,
EVT-0120,Event,公司披露回购A股股份进展,,,,,,,,,,,,,,,EVT-0120,股权,公司披露回购A股股份进展,2026-09-11,"截至2026年9月11日，公司累计回购A股股份13,342,301股，占总股本约0.2280%，已支付总金额459,160,081.19元。",0.95,,,,,,,,,,
EVT-0121,Event,“家园7号”员工持股计划完成股票非交易过户,,,,,,,,,,,,,,,EVT-0121,股权,“家园7号”员工持股计划完成股票非交易过户,2023-09-13,"3,658,800股公司股票以9.19元/股的价格由公司回购专用证券账户非交易过户至“家园7号”员工持股计划相关专户。",0.9,,,,,,,,,,
EVT-0122,Event,“家园7号”员工持股计划第三个锁定期届满,,,,,,,,,,,,,,,EVT-0122,股权,“家园7号”员工持股计划第三个锁定期届满,2026-09-12,“家园7号”员工持股计划第三个锁定期于2026年9月12日届满。,0.95,,,,,,,,,,
EVT-0123,Event,“家园7号”员工持股计划第三个锁定期公司层面业绩考核指标达成,,,,,,,,,,,,,,,EVT-0123,业绩,“家园7号”员工持股计划第三个锁定期公司层面业绩考核指标达成,2026-09-12,公司2025年经审计归母净利润39.40亿元，相比2023年增长262.13%，第三个锁定期公司层面业绩考核指标达成。,0.9,,,,,,,,,,
EVT-0124,Event,海天味业召开2026年半年度业绩说明会,,,,,,,,,,,,,,,EVT-0124,业绩,海天味业召开2026年半年度业绩说明会,2026-09-21,公司定于2026年9月21日13:00-14:00以网络互动方式举行2026年半年度业绩说明会。,0.95,,,,,,,,,,
EVT-0125,Event,工商银行2026年无固定期限资本债券（第四期）（债券通）发行完毕,,,,,,,,,,,,,,,EVT-0125,重大经营,工商银行2026年无固定期限资本债券（第四期）（债券通）发行完毕,2026-09-10,工商银行在全国银行间债券市场完成发行2026年无固定期限资本债券（第四期）（债券通），发行规模人民币200亿元，前5年票面利率1.86%。,0.95,,,,,,,,,,
EVT-0126,Event,中国中铁第六届董事会第二十五次会议审议通过2026年中期利润分配方案,,,,,,,,,,,,,,,EVT-0126,股权,中国中铁第六届董事会第二十五次会议审议通过2026年中期利润分配方案,2026-08-27,2026年8月27日至28日，公司召开第六届董事会第二十五次会议，审议通过2026年中期利润分配方案的议案。,0.9,,,,,,,,,,
EVT-0127,Event,中国中铁在香港联交所网站披露代扣代缴中期股息所得税及暂停H股股份过户登记公告,,,,,,,,,,,,,,,EVT-0127,股权,中国中铁在香港联交所网站披露代扣代缴中期股息所得税及暂停H股股份过户登记公告,2026-09-10,公司于2026年9月10日在香港联交所网站披露《关于代扣代缴2026年度中期股息所得税事项的公告及暂停H股股份过户登记》，明确股权登记日等时间安排。,0.9,,,,,,,,,,
EVT-0128,Event,中国中铁公布2026年中期A股利润分配预计时间安排,,,,,,,,,,,,,,,EVT-0128,股权,中国中铁公布2026年中期A股利润分配预计时间安排,2026-10-08,公司公布2026年中期A股利润分配预计时间安排，股权登记日为2026年9月30日，除息日及现金红利发放日为2026年10月8日。,0.9,,,,,,,,,,
EVT-0129,Event,盐湖股份召开2026年第二次临时股东会,,,,,,,,,,,,,,,EVT-0129,重大经营,盐湖股份召开2026年第二次临时股东会,2026-09-10,盐湖股份2026年第二次临时股东会在青海省西宁市召开，会议由董事长侯昭飞主持。,0.95,,,,,,,,,,
EVT-0130,Event,选举公司第九届董事会非独立董事的议案获表决通过,,,,,,,,,,,,,,,EVT-0130,重大经营,选举公司第九届董事会非独立董事的议案获表决通过,,本次股东会以非累积投票方式表决通过关于选举公司第九届董事会非独立董事的议案，同意股份数占有效表决权数的97.8916％。,0.9,,,,,,,,,,
EVT-0131,Event,增补公司第九届董事会独立董事的议案获表决通过,,,,,,,,,,,,,,,EVT-0131,重大经营,增补公司第九届董事会独立董事的议案获表决通过,,本次股东会以非累积投票方式表决通过关于增补公司第九届董事会独立董事的议案，同意股份数占有效表决权数的98.8492％。,0.9,,,,,,,,,,
EVT-0132,Event,续聘天职国际会计师事务所为2026年度审计机构的议案获表决通过,,,,,,,,,,,,,,,EVT-0132,重大经营,续聘天职国际会计师事务所为2026年度审计机构的议案获表决通过,,本次股东会以非累积投票方式表决通过关于续聘天职国际会计师事务所为2026年度财务报表和内部控制审计机构的议案。,0.9,,,,,,,,,,
EVT-0133,Event,股东会审议通过选举董事、修订《关联交易管理办法》及续聘审计机构等议案,,,,,,,,,,,,,,,EVT-0133,重大经营,股东会审议通过选举董事、修订《关联交易管理办法》及续聘审计机构等议案,,本次股东会四项提案均获通过，包括选举第九届董事会非独立董事、增补独立董事、修订《关联交易管理办法》及续聘天职国际会计师事务所为2026年度审计机构。,0.9,,,,,,,,,,
EVT-0134,Event,京东方举行2026年半年度业绩网上说明会,,,,,,,,,,,,,,,EVT-0134,业绩,京东方举行2026年半年度业绩网上说明会,2026-09-22,京东方将于2026年9月22日以网络远程方式在全景网举行2026年半年度业绩网上说明会，就半年度业绩、未来发展及行业情况与投资者交流。,0.9,,,,,,,,,,
EVT-0135,Event,长城汽车参加2026年河北辖区上市公司投资者网上集体接待日暨2026年半年报业绩说明会,,,,,,,,,,,,,,,EVT-0135,业绩,长城汽车参加2026年河北辖区上市公司投资者网上集体接待日暨2026年半年报业绩说明会,2026-09-16,长城汽车股份有限公司将参加由河北上市公司协会、河北资本市场之家与深圳市全景网络有限公司联合举办的2026年河北辖区上市公司投资者网上集体接待日暨2026年半年报业绩说明会，活动时间为2026年9月16日14:00-17:00，采用网络远程方式举行。,0.95,,,,,,,,,,
EVT-0136,Event,通威股份A股股票自2026年2月25日开市起停牌,,,,,,,,,,,,,,,EVT-0136,重大经营,通威股份A股股票自2026年2月25日开市起停牌,2026-02-25,经公司申请，公司A股股票自2026年2月25日开市起停牌，停牌时间不超过10个交易日。,0.9,,,,,,,,,,
EVT-0137,Event,通威股份董事会审议通过发行股份及支付现金购买资产并募集配套资金预案,,,,,,,,,,,,,,,EVT-0137,投资并购,通威股份董事会审议通过发行股份及支付现金购买资产并募集配套资金预案,2026-03-10,公司第九届董事会第七次会议审议通过了发行股份及支付现金购买资产并募集配套资金预案及相关议案。,0.9,,,,,,,,,,
EVT-0138,Event,本次交易取得经营者集中反垄断审查不予禁止决定书,,,,,,,,,,,,,,,EVT-0138,监管,本次交易取得经营者集中反垄断审查不予禁止决定书,,公司于近日取得国家市场监督管理总局关于本次交易的《经营者集中反垄断审查不予禁止决定书》。,0.88,,,,,,,,,,
EVT-0139,Event,公司预计无法在规定时间内发出召开股东会通知,,,,,,,,,,,,,,,EVT-0139,监管,公司预计无法在规定时间内发出召开股东会通知,2026-09-10,因光伏行业市场环境等发生明显变化、交易各方对具体方案条款仍有分歧，公司预计无法在2026年9月10日前发出召开股东会通知。,0.88,,,,,,,,,,
EVT-0140,Event,保利发展参加广东上市公司投资者集体接待日暨半年报业绩说明会,,,,,,,,,,,,,,,EVT-0140,业绩,保利发展参加广东上市公司投资者集体接待日暨半年报业绩说明会,2026-09-15,公司将于2026年9月15日以网络互动方式参加由广东证监局及广东上市公司协会组织的投资者集体接待日暨半年报业绩说明会。,0.9,,,,,,,,,,
EVT-0141,Event,2025年度股东会授权董事会决定2026年中期利润分配方案,,,,,,,,,,,,,,,EVT-0141,股权,2025年度股东会授权董事会决定2026年中期利润分配方案,2026-05-21,宝钢股份2025年度股东会授权董事会决定2026年中期利润分配方案。,0.9,,,,,,,,,,
EVT-0142,Event,第九届董事会第十三次会议审议通过2026年上半年度利润分配议案,,,,,,,,,,,,,,,EVT-0142,股权,第九届董事会第十三次会议审议通过2026年上半年度利润分配议案,2026-08-20,宝钢股份第九届董事会第十三次会议审议通过《关于2026年上半年度利润分配的议案》。,0.9,,,,,,,,,,
EVT-0143,Event,宝钢股份2026年上半年度权益分派实施,,,,,,,,,,,,,,,EVT-0143,股权,宝钢股份2026年上半年度权益分派实施,2026-09-16,A股每股现金红利0.13元（含税），股权登记日2026/9/15，除权（息）日及现金红利发放日2026/9/16。,0.9,,,,,,,,,,
EVT-0144,Event,宝钢股份完成A股股份回购,,,,,,,,,,,,,,,EVT-0144,股权,宝钢股份完成A股股份回购,2024-10-17,"宝钢股份完成董事会审议通过的回购方案，总计回购股份404,772,657股并存放于回购专用证券账户。",0.92,,,,,,,,,,
EVT-0145,Event,宝钢股份第四期A股限制性股票计划完成首次授予,,,,,,,,,,,,,,,EVT-0145,股权,宝钢股份第四期A股限制性股票计划完成首次授予,2026-06-09,"宝钢股份第四期A股限制性股票计划向激励对象授予合计367,989,000股限制性股票。",0.9,,,,,,,,,,
EVT-0146,Event,宝钢股份董事会审议通过2026年上半年度利润分配方案,,,,,,,,,,,,,,,EVT-0146,股权,宝钢股份董事会审议通过2026年上半年度利润分配方案,2026-08-20,宝钢股份第九届董事会第十三次会议审议通过2026年上半年度利润分配议案并披露相关公告。,0.92,,,,,,,,,,
EVT-0147,Event,召开2026年第一次临时股东会,,,,,,,,,,,,,,,EVT-0147,重大经营,召开2026年第一次临时股东会,2026-09-16,公司定于2026年9月16日以现场投票与网络投票相结合的方式召开2026年第一次临时股东会。,0.95,,,,,,,,,,
EVT-0148,Event,第六届董事会第二十八次会议审议通过相关议案,,,,,,,,,,,,,,,EVT-0148,重大经营,第六届董事会第二十八次会议审议通过相关议案,2026-08-24,公司第六届董事会第二十八次会议于2026年8月24日审议通过变更注册资本并修改《公司章程》、修订《关联交易管理办法》及拟注册发行债券等议案。,0.9,,,,,,,,,,
EVT-0149,Event,三大国际信用评级公司发布对中国建筑股份有限公司的2026年信用评级更新报告,,,,,,,,,,,,,,,EVT-0149,重大经营,三大国际信用评级公司发布对中国建筑股份有限公司的2026年信用评级更新报告,2026-09-08,穆迪、标普、惠誉三家国际信用评级公司分别发布对中国建筑股份有限公司的2026年信用评级更新报告，穆迪给予A2展望稳定，标普给予A展望负面，惠誉给予A-展望稳定。,0.9,,,,,,,,,,
EVT-0150,Event,张湧招商银行独立董事任职资格获核准,,,,,,,,,,,,,,,EVT-0150,监管,张湧招商银行独立董事任职资格获核准,2026-09-08,国家金融监督管理总局批复核准张湧担任招商银行独立非执行董事，任期自2026年9月8日起生效。,0.95,,,,,,,,,,
EVT-0151,Event,招商银行调整董事会专门委员会成员组成,,,,,,,,,,,,,,,EVT-0151,重大经营,招商银行调整董事会专门委员会成员组成,2026-09-08,自2026年9月8日起，张湧任战略与可持续发展委员会委员及薪酬与考核委员会主任委员，黄玉山任薪酬与考核委员会委员、不再任该委员会主任委员。,0.9,,,,,,,,,,
EVT-0152,Event,中芯国际完成2021年科创板限制性股票激励计划预留授予部分第四个归属期股份登记,,,,,,,,,,,,,,,EVT-0152,股权,中芯国际完成2021年科创板限制性股票激励计划预留授予部分第四个归属期股份登记,2026-09-07,公司于2026年9月7日收到中国证券登记结算有限责任公司上海分公司出具的《证券变更登记证明》，已完成本激励计划预留授予部分第四个归属期的股份登记工作。,0.9,,,,,,,,,,
EVT-0153,Event,本次限制性股票归属人数为751人,,,,,,,,,,,,,,,EVT-0153,股权,本次限制性股票归属人数为751人,2026-09-10,本次限制性股票归属人数为751人，股票来源为公司向激励对象定向发行的本公司A股普通股股票。,0.9,,,,,,,,,,
EVT-0154,Event,本次归属股票于2026年9月10日上市流通,,,,,,,,,,,,,,,EVT-0154,股权,本次归属股票于2026年9月10日上市流通,2026-09-10,"本次归属股票的上市流通日为2026年9月10日，上市流通总数为1,031,360股。",0.9,,,,,,,,,,
EVT-0155,Event,安永华明出具预留授予部分第四个归属期验资报告,,,,,,,,,,,,,,,EVT-0155,股权,安永华明出具预留授予部分第四个归属期验资报告,2026-08-28,安永华明会计师事务所（特殊普通合伙）于2026年8月28日出具验资报告，对本次归属激励对象的出资情况进行了审验。,0.9,,,,,,,,,,
EVT-0156,Event,中国平安选举第十三届董事会职工董事,,,,,,,,,,,,,,,EVT-0156,重大经营,中国平安选举第十三届董事会职工董事,2026-09-07,本公司于2026年9月7日召开职工代表大会，选举庄严女士出任第十三届董事会职工董事。,0.95,,,,,,,,,,
EVT-0157,Event,庄严出任职工董事须获国家金融监督管理总局任职资格核准,,,,,,,,,,,,,,,EVT-0157,监管,庄严出任职工董事须获国家金融监督管理总局任职资格核准,2026-09-07,庄严女士出任职工董事尚须获得国家金融监督管理总局对其董事任职资格核准后方可生效，任期与第十三届董事会任期一致。,0.92,,,,,,,,,,
EVT-0158,Event,江蘇恒瑞醫藥股份有限公司召開2026年第一次臨時股東會,,,,,,,,,,,,,,,EVT-0158,股权,江蘇恒瑞醫藥股份有限公司召開2026年第一次臨時股東會,2026-09-24,公司訂於2026年9月24日下午二時三十分在上海召開2026年第一次臨時股東會，審議並酌情批准建議採納2026年H股股份計劃等事項。,0.95,,,,,,,,,,
EVT-0159,Event,江蘇恒瑞醫藥股份有限公司暫停辦理H股股份過戶登記,,,,,,,,,,,,,,,EVT-0159,股权,江蘇恒瑞醫藥股份有限公司暫停辦理H股股份過戶登記,2026-09-21,公司自2026年9月21日至9月24日暫停辦理H股過戶登記，以確定有權出席股東會的H股股東名單。,0.95,,,,,,,,,,
EVT-0160,Event,招商银行行长助理王兴海辞任,,,,,,,,,,,,,,,EVT-0160,重大经营,招商银行行长助理王兴海辞任,2026-09-07,王兴海因工作原因提请辞去招商银行行长助理职务，辞任自2026年9月7日起生效。,0.95,,,,,,,,,,
EVT-0161,Event,中信证券董事会通过调整中信证券投资有限公司注册资本的再次授权议案,,,,,,,,,,,,,,,EVT-0161,股权,中信证券董事会通过调整中信证券投资有限公司注册资本的再次授权议案,2026-09-07,公司第八届董事会第五十四次会议以通讯表决方式一致同意《关于对调整中信证券投资有限公司注册资本进行再次授权的议案》，授权经营管理层对其注册资本金灵活调整，最高不超过人民币200亿元，有效期三十六个月。,0.95,,,,,,,,,,
EVT-0162,Event,中国石化与中国石化集团公司签订持续关联交易第八补充协议修订互供协议,,,,,,,,,,,,,,,EVT-0162,重大合同,中国石化与中国石化集团公司签订持续关联交易第八补充协议修订互供协议,2026-09-07,本公司与控股股东中国石化集团公司签订持续关联交易第八补充协议，修订互供协议项下2026及2027年度上限。,0.95,,,,,,,,,,
EVT-0163,Event,航油公司重组后成为中国石化集团公司全资附属公司,,,,,,,,,,,,,,,EVT-0163,股权,航油公司重组后成为中国石化集团公司全资附属公司,2026-07-09,2026年7月9日本次重组完成后，航油公司成为中国石化集团公司的全资附属公司。,0.95,,,,,,,,,,
EVT-0164,Event,宁德时代董事会审议通过注销部分已授予尚未行权的股票期权议案,,,,,,,,,,,,,,,EVT-0164,股权,宁德时代董事会审议通过注销部分已授予尚未行权的股票期权议案,2026-09-08,公司第四届董事会第十九次会议审议通过了关于注销部分已授予尚未行权的股票期权的议案。,0.95,,,,,,,,,,
EVT-0165,Event,"宁德时代注销2名离职激励对象已获授尚未行权的31,252份股票期权",,,,,,,,,,,,,,,EVT-0165,股权,"宁德时代注销2名离职激励对象已获授尚未行权的31,252份股票期权",,"2名获授股票期权的激励对象因离职不满足行权条件，其已获授尚未行权的31,252份股票期权由公司注销。",0.9,,,,,,,,,,
EVT-0166,Event,"宁德时代注销1名激励对象到期未行权的176,767份股票期权",,,,,,,,,,,,,,,EVT-0166,股权,"宁德时代注销1名激励对象到期未行权的176,767份股票期权",2026-09-07,"第三个行权期届满，1名激励对象当期已获授尚未行权的176,767份股票期权到期未行权，由公司注销。",0.9,,,,,,,,,,
EVT-0167,Event,牧原食品2026年8月商品猪销售情况,,,,,,,,,,,,,,,EVT-0167,业绩,牧原食品2026年8月商品猪销售情况,,2026年8月公司销售商品猪703.0万头，销售均价10.30元/公斤，销售收入92.54亿元，价格与收入同比降幅较大。,0.95,,,,,,,,,,
EVT-0168,Event,牧原肉食品2026年8月屠宰生猪,,,,,,,,,,,,,,,EVT-0168,重大经营,牧原肉食品2026年8月屠宰生猪,,2026年8月公司全资子公司牧原肉食品有限公司及其子公司屠宰生猪281.8万头。,0.95,,,,,,,,,,
EVT-0169,Event,比亞迪股份召開臨時股東會審議章程修訂、董事重選及資產池業務等事項,,,,,,,,,,,,,,,EVT-0169,重大经营,比亞迪股份召開臨時股東會審議章程修訂、董事重選及資產池業務等事項,,本公司將於二零二六年九月二十九日召開臨時股東會，考慮並酌情批准建議修訂《公司章程》、建議重選董事、選舉新董事以及建議公司及其控股子公司開展資產池業務並進行對外擔保事項。,0.95,,,,,,,,,,
EVT-0170,Event,比亞迪股份暫停辦理H股過戶登記,,,,,,,,,,,,,,,EVT-0170,股权,比亞迪股份暫停辦理H股過戶登記,,為釐定出席臨時股東會並於會上投票之權利，本公司於二零二六年九月二十四日至九月二十九日期間暫停辦理H股股份過戶手續，期間不會登記任何H股過戶。,0.95,,,,,,,,,,
EVT-0171,Event,比亞迪股份召開臨時股東會,,,,,,,,,,,,,,,EVT-0171,重大经营,比亞迪股份召開臨時股東會,,公司通告謹訂於二零二六年九月二十九日上午十時正於深圳坪山區比亞迪路3009號公司會議室舉行臨時股東會，審議修訂公司章程、董事會換屆選舉等決議案。,0.95,,,,,,,,,,
EVT-0172,Event,建議修訂《公司章程》,,,,,,,,,,,,,,,EVT-0172,重大经营,建議修訂《公司章程》,,臨時股東會以特別決議案方式考慮及批准建議修訂《公司章程》。,0.9,,,,,,,,,,
EVT-0173,Event,董事會換屆選舉,,,,,,,,,,,,,,,EVT-0173,重大经营,董事會換屆選舉,,臨時股東會以普通決議案方式審議董事會換屆選舉，包括重選王傳福為執行董事及委任多名非執行董事、獨立非執行董事。,0.9,,,,,,,,,,
EVT-0174,Event,開展資產池業務並進行對外擔保,,,,,,,,,,,,,,,EVT-0174,重大经营,開展資產池業務並進行對外擔保,,臨時股東會審議及批准建議本公司及其控股子公司開展資產池業務並進行對外擔保。,0.9,,,,,,,,,,
EVT-0175,Event,比亞迪董事會換屆選舉及董事薪酬議案,,,,,,,,,,,,,,,EVT-0175,重大经营,比亞迪董事會換屆選舉及董事薪酬議案,,臨時股東會審議重選及委任第九屆董事會成員並釐定董事薪酬。,0.9,,,,,,,,,,
EVT-0176,Event,比亞迪及控股子公司開展資產池業務並對外擔保,,,,,,,,,,,,,,,EVT-0176,重大经营,比亞迪及控股子公司開展資產池業務並對外擔保,,擬開展資產池業務並為境內控股子公司融資提供不超過人民幣500億元擔保。,0.9,,,,,,,,,,
EVT-0177,Event,歌尔股份2023年股票期权激励计划首次授予部分第三个行权期采用自主行权模式,,,,,,,,,,,,,,,EVT-0177,股权,歌尔股份2023年股票期权激励计划首次授予部分第三个行权期采用自主行权模式,2026-09-08,"公司4,506名激励对象在第三个行权期可行权股票期权5,205.9492万份，行权价格17.62元/股，采用自主行权模式，行权期限为2026年9月8日至2027年8月27日。",0.95,,,,,,,,,,
EVT-0178,Event,歌尔股份2025年净利润较2023年度增长262.13%满足第三个行权期业绩考核,,,,,,,,,,,,,,,EVT-0178,业绩,歌尔股份2025年净利润较2023年度增长262.13%满足第三个行权期业绩考核,,公司2025年经审计归属于上市公司股东的净利润为39.40亿元，较2023年度增长262.13%，满足第三个行权期公司层面业绩考核要求。,0.95,,,,,,,,,,
EVT-0179,Event,中国建筑第四届董事会第四十二次会议举行,,,,,,,,,,,,,,,EVT-0179,重大经营,中国建筑第四届董事会第四十二次会议举行,2026-09-05,中国建筑股份有限公司第四届董事会第四十二次会议于2026年9月5日以书面投票表决方式举行。,0.9,,,,,,,,,,
EVT-0180,Event,董事会审议通过陈勇不再担任中国建筑股份有限公司副总裁的议案,,,,,,,,,,,,,,,EVT-0180,重大经营,董事会审议通过陈勇不再担任中国建筑股份有限公司副总裁的议案,2026-09-05,董事会全体董事审议并一致通过《关于陈勇不再担任中国建筑股份有限公司副总裁的议案》，表决结果为7票同意、0票反对、0票弃权。,0.9,,,,,,,,,,
EVT-0181,Event,工商银行董事会审议通过签署附条件生效的股份认购协议相关议案,,,,,,,,,,,,,,,EVT-0181,重大合同,工商银行董事会审议通过签署附条件生效的股份认购协议相关议案,2026-09-06,本行董事会于2026年9月6日审议通过与财政部、中国烟草等签署附条件生效的股份认购协议相关议案。,0.95,,,,,,,,,,
EVT-0182,Event,工商银行与财政部、中国烟草等签署附条件生效的股份认购协议,,,,,,,,,,,,,,,EVT-0182,重大合同,工商银行与财政部、中国烟草等签署附条件生效的股份认购协议,2026-09-06,发行人中国工商银行与财政部、中国烟草总公司及其子公司签署附条件生效的股份认购协议。,0.95,,,,,,,,,,
EVT-0183,Event,认购人拟认购本次发行A股股票的金额确定,,,,,,,,,,,,,,,EVT-0183,股权,认购人拟认购本次发行A股股票的金额确定,,财政部拟认购金额为人民币700亿元，中国烟草拟认购100亿元，上海烟草、云南中烟、湖南中烟、湖南烟草各拟认购50亿元。,0.9,,,,,,,,,,
EVT-0184,Event,本次发行尚需股东会及监管机构批准注册,,,,,,,,,,,,,,,EVT-0184,监管,本次发行尚需股东会及监管机构批准注册,,本次发行方案尚需经本行股东会审议通过、金融监管总局批准，并经上交所审核通过、中国证监会同意注册后方可实施。,0.9,,,,,,,,,,
EVT-0185,Event,万华化学董事会审议通过2026年半年度利润分配方案,,,,,,,,,,,,,,,EVT-0185,股权,万华化学董事会审议通过2026年半年度利润分配方案,2026-08-24,公司第十届董事会2026年第二次会议审议通过本次利润分配方案，并依据股东大会授权处理2024年-2026年中期分红事宜。,0.95,,,,,,,,,,
EVT-0186,Event,万华化学实施2026年半年度现金分红,,,,,,,,,,,,,,,EVT-0186,股权,万华化学实施2026年半年度现金分红,2026-09-11,"以方案实施前总股本3,130,471,626股为基数，每股派发现金红利0.81元，共计派发现金红利2,535,682,017.06元。",0.95,,,,,,,,,,
EVT-0187,Event,万华化学2023年度股东大会审议通过未来三年股东回报规划,,,,,,,,,,,,,,,EVT-0187,股权,万华化学2023年度股东大会审议通过未来三年股东回报规划,2024-04-08,公司2023年度股东大会审议通过未来三年股东回报规划，授权董事会全权处理2024年-2026年中期分红的一切事宜。,0.9,,,,,,,,,,
EVT-0188,Event,紫金矿业更正定期报告财务报表附注3家单位名称文字错误,,,,,,,,,,,,,,,EVT-0188,监管,紫金矿业更正定期报告财务报表附注3家单位名称文字错误,,公司披露的《2026 年半年度报告》及前期公告中合并财务报表主要项目注释部分3家单位名称出现文字错误，现将出错名称予以更正。,0.85,,,,,,,,,,
EVT-0189,Event,長城汽車召開股東特別大會,,,,,,,,,,,,,,,EVT-0189,重大经营,長城汽車召開股東特別大會,2026-09-04,長城汽車於中國河北省保定市蓮池區朝陽南大街2166號本公司會議室召開股東特別大會，會議由董事會召集，以現場會議方式召開並採用現場投票及網絡投票相結合的方式表決。,0.95,,,,,,,,,,
EVT-0190,Event,股東特別大會審議通過職工董事趙改薪酬方案等決議案,,,,,,,,,,,,,,,EVT-0190,重大经营,股東特別大會審議通過職工董事趙改薪酬方案等決議案,2026-09-04,出席股東特別大會的股東以現場投票及網絡投票表決方式審議並通過所提呈的普通決議案，包括審議及批准確定第九屆董事會職工董事趙改女士薪酬方案。,0.9,,,,,,,,,,
EVT-0191,Event,伊利2023年持股计划（第三期）第二次持有人会议召开,,,,,,,,,,,,,,,EVT-0191,股权,伊利2023年持股计划（第三期）第二次持有人会议召开,2026-09-04,公司2023年持股计划（第三期）第二次持有人会议以通讯方式于2026年9月4日召开，应出席持有人396人，实际出席394人。,0.9,,,,,,,,,,
EVT-0192,Event,持有人会议审议通过《公司2023年持股计划持有人日常管理办法》,,,,,,,,,,,,,,,EVT-0192,股权,持有人会议审议通过《公司2023年持股计划持有人日常管理办法》,2026-09-04,会议审议并通过了《公司2023年持股计划持有人日常管理办法》，同意份额占比100%。,0.9,,,,,,,,,,
EVT-0193,Event,中国神华召开2026年第三次临时股东会,,,,,,,,,,,,,,,EVT-0193,重大经营,中国神华召开2026年第三次临时股东会,2026-09-23,公司定于2026年9月23日14点30分召开2026年第三次临时股东会，采用现场投票与网络投票相结合的方式。,0.95,,,,,,,,,,
EVT-0194,Event,中国神华2026年中期利润分配议案,,,,,,,,,,,,,,,EVT-0194,重大经营,中国神华2026年中期利润分配议案,,公司2026年中期利润分配以实施权益分派股权登记日登记的总股本为基数，以每股人民币0.98元（含税）派发股息，并提请股东会审议。,0.9,,,,,,,,,,
EVT-0195,Event,中国神华选举独立非执行董事议案,,,,,,,,,,,,,,,EVT-0195,重大经营,中国神华选举独立非执行董事议案,,董事会提名叶礼德、张梦娇为独立非执行董事候选人，提请股东会以累积投票方式审议选举。,0.9,,,,,,,,,,
EVT-0196,Event,隆基绿能变更注册资本并修订《公司章程》获审议通过,,,,,,,,,,,,,,,EVT-0196,股权,隆基绿能变更注册资本并修订《公司章程》获审议通过,2026-09-04,"公司董事会、股东会审议通过将注册资本由7,578,049,736元变更至7,578,066,064元并修订《公司章程》。",0.9,,,,,,,,,,
EVT-0197,Event,隆基绿能完成工商变更登记并换发营业执照,,,,,,,,,,,,,,,EVT-0197,重大经营,隆基绿能完成工商变更登记并换发营业执照,,公司完成工商变更登记及备案手续，取得西安市市场监督管理局换发的《营业执照》。,0.9,,,,,,,,,,
EVT-0198,Event,万华化学股东会审议通过使用闲置资金购买结构性存款议案,,,,,,,,,,,,,,,EVT-0198,投资并购,万华化学股东会审议通过使用闲置资金购买结构性存款议案,2026-05-12,公司2025年度股东会审议通过《关于使用闲置资金购买结构性存款的议案》，授权管理层在不超过100亿元额度内购买结构性存款，连续12个月累计发生额不超过500亿元。,0.95,,,,,,,,,,
EVT-0199,Event,万华化学购买20亿元结构性存款并到期收回本息,,,,,,,,,,,,,,,EVT-0199,投资并购,万华化学购买20亿元结构性存款并到期收回本息,2026-05-25,"公司于2026年5月25日在商业银行购买结构性存款20亿元，截至公告日该产品已到期，本金及收益已到账，实际收益9,876,252.05元。",0.95,,,,,,,,,,
EVT-0200,Event,歌尔股份董事会审议通过注销部分股票期权议案,,,,,,,,,,,,,,,EVT-0200,股权,歌尔股份董事会审议通过注销部分股票期权议案,2026-08-31,公司第七届董事会第十次会议审议通过注销2023年股票期权激励计划首次授予部分第二个行权期到期未行权股票期权及459名激励对象不具备行权条件的股票期权的议案。,0.95,,,,,,,,,,
EVT-0201,Event,合计303.456万份股票期权注销办理完毕,,,,,,,,,,,,,,,EVT-0201,股权,合计303.456万份股票期权注销办理完毕,2026-09-02,经中国证券登记结算有限责任公司深圳分公司审核确认，公司合计303.456万份股票期权注销事宜办理完毕。,0.95,,,,,,,,,,
EVT-0202,Event,趙明璟接替張瀟出任聯席公司秘書、授權代表及法律程序文件的代理人,,,,,,,,,,,,,,,EVT-0202,重大经营,趙明璟接替張瀟出任聯席公司秘書、授權代表及法律程序文件的代理人,2026-09-01,趙先生接替張瀟女士擔任本公司聯席公司秘書、授權代表及法律程序文件的代理人，自2026年9月1日起生效。,0.9,,,,,,,,,,
EVT-0203,Event,海天味業獲香港聯交所授予新豁免,,,,,,,,,,,,,,,EVT-0203,监管,海天味業獲香港聯交所授予新豁免,2026-09-01,本公司於2026年9月1日獲得香港聯交所授予豁免，新豁免期為2026年9月1日至2028年6月18日。,0.9,,,,,,,,,,
EVT-0204,Event,"截至2026年8月31日累计回购公司股份14,010,229股",,,,,,,,,,,,,,,EVT-0204,股权,"截至2026年8月31日累计回购公司股份14,010,229股",2026-08-31,"截至2026年8月31日，公司累计回购股份14,010,229股，占总股本0.07%，使用资金总额886,745,587.84元。",0.95,,,,,,,,,,
EVT-0205,Event,通威股份2026年上半年营业收入343.57亿元、净利润亏损51.19亿元,,,,,,,,,,,,,,,EVT-0205,业绩,通威股份2026年上半年营业收入343.57亿元、净利润亏损51.19亿元,2026-08-27,受光伏行业供需矛盾影响，通威股份2026年上半年营业收入343.57亿元，同比下降15.19%，归属于母公司所有者的净利润亏损51.19亿元。,0.95,,,,,,,,,,
EVT-0206,Event,联合资信维持通威股份主体及“通22转债”信用等级不变,,,,,,,,,,,,,,,EVT-0206,监管,联合资信维持通威股份主体及“通22转债”信用等级不变,,联合资信与公司取得联系了解情况并持续关注经营业绩，综合评估后决定维持上次评级结果不变，主体长期信用等级AAA、个体信用等级aaa、评级展望稳定，“通22转债”债项信用等级AAA。,0.9,,,,,,,,,,
EVT-0207,Event,董事长郑宗强提议回购公司股份,,,,,,,,,,,,,,,EVT-0207,股权,董事长郑宗强提议回购公司股份,2026-07-19,公司董事长郑宗强向董事会提议回购公司股份。,0.95,,,,,,,,,,
EVT-0208,Event,董事会审议通过集中竞价回购股份方案,,,,,,,,,,,,,,,EVT-0208,股权,董事会审议通过集中竞价回购股份方案,2026-08-14,公司召开第九届董事会第十四次会议，审议通过以集中竞价交易方式回购股份方案的议案，回购资金总额5亿元至10亿元。,0.95,,,,,,,,,,
EVT-0209,Event,披露截至2026年8月31日股份回购进展,,,,,,,,,,,,,,,EVT-0209,股权,披露截至2026年8月31日股份回购进展,2026-08-31,"截至2026年8月31日，公司以集中竞价交易方式累计回购公司股份3,869,768股，已支付总金额88,984,979.40元。",0.95,,,,,,,,,,
EVT-0210,Event,中证投服中心就提名独立董事候选人的议案公开征集表决权,,,,,,,,,,,,,,,EVT-0210,股权,中证投服中心就提名独立董事候选人的议案公开征集表决权,,中证投服中心作为征集人，仅就议案1.00《关于提名独立董事候选人的议案》向阳光电源全体股东公开征集表决权，表决意见为同意。,0.9,,,,,,,,,,
EVT-0211,Event,阳光电源召开2026年第一次临时股东会,,,,,,,,,,,,,,,EVT-0211,股权,阳光电源召开2026年第一次临时股东会,2026-09-15,阳光电源2026年第一次临时股东会于2026年9月15日14:00在合肥市高新区习友路1699号公司会议室召开，股权登记日为2026年9月8日。,0.9,,,,,,,,,,
EVT-0212,Event,美的集团2026年A股持股计划获董事会及股东会审议通过,,,,,,,,,,,,,,,EVT-0212,股权,美的集团2026年A股持股计划获董事会及股东会审议通过,2026-06-05,公司2026年A股持股计划经2026年3月30日第五届董事会第十三次会议和2026年6月5日2025年度股东会审议通过。,0.92,,,,,,,,,,
EVT-0213,Event,美的集团披露A股股份回购结果,,,,,,,,,,,,,,,EVT-0213,股权,美的集团披露A股股份回购结果,2025-12-09,"公司披露回购公司股份结果暨股份变动公告，累计回购A股股份数量为135,012,663股，支付总金额为9,999,994,748元（不含交易费用）。",0.9,,,,,,,,,,
EVT-0214,Event,2026年A股持股计划完成非交易过户,,,,,,,,,,,,,,,EVT-0214,股权,2026年A股持股计划完成非交易过户,2026-09-03,"公司回购专用证券账户所持公司股票非交易过户至“美的集团股份有限公司－2026 年A 股持股计划”证券账户，过户股份数量15,772,385股，锁定期为2026年9月3日至2028年9月2日。",0.9,,,,,,,,,,
EVT-0215,Event,公司向中国能源提供合计10亿元借款,,,,,,,,,,,,,,,EVT-0215,重大经营,公司向中国能源提供合计10亿元借款,,2019年和2020年公司向中国能源工程集团有限公司提供合计人民币10亿元的借款，后借款方归还本金100万元及部分利息。,0.9,,,,,,,,,,
EVT-0216,Event,公司与浦发机械、上海浦进签署《和解协议书》,,,,,,,,,,,,,,,EVT-0216,重大合同,公司与浦发机械、上海浦进签署《和解协议书》,2024-09-29,公司与中国浦发机械工业股份有限公司及其全资子公司上海浦进企业发展有限公司就中国能源借款本金债务偿还方案达成和解，上述诉讼已结案。,0.9,,,,,,,,,,
EVT-0217,Event,公司就中国能源剩余债务提起诉讼,,,,,,,,,,,,,,,EVT-0217,重大经营,公司就中国能源剩余债务提起诉讼,2025-08-06,2025年8月公司就中国能源借款剩余债务部分向中国能源及担保方中油国电、上海昌泰电气、中机国能工程等其他债务人追偿并提起诉讼。,0.9,,,,,,,,,,
EVT-0218,Event,公司收到诉讼一民事判决书,,,,,,,,,,,,,,,EVT-0218,重大经营,公司收到诉讼一民事判决书,,公司收到法院出具的诉讼一民事判决书，判决中国能源归还借款利息、罚息、复利及律师费损失，中油国电质押股权可优先受偿，诉讼二尚未判决。,0.9,,,,,,,,,,
EVT-0219,Event,长城汽车公布2026年8月产销数据,,,,,,,,,,,,,,,EVT-0219,业绩,长城汽车公布2026年8月产销数据,,"长城汽车股份有限公司公布2026年8月各车型产销量数据，当月总销量113,396台，同比下降1.87%。",0.9,,,,,,,,,,
EVT-0220,Event,长城汽车披露8月海外销售情况,,,,,,,,,,,,,,,EVT-0220,重大经营,长城汽车披露8月海外销售情况,2026-09-01,"长城汽车8月海外销售62,517台，1-8月累计销售415,958台。",0.9,,,,,,,,,,
EVT-0221,Event,江苏中天科技股份有限公司召开2026年半年度业绩说明会,,,,,,,,,,,,,,,EVT-0221,业绩,江苏中天科技股份有限公司召开2026年半年度业绩说明会,2026-09-10,公司以网络互动方式在上证路演中心召开2026年半年度业绩说明会，就上半年经营成果及财务指标与投资者交流。,0.95,,,,,,,,,,
EVT-0222,Event,江苏中天科技股份有限公司发布2026年半年度报告,,,,,,,,,,,,,,,EVT-0222,业绩,江苏中天科技股份有限公司发布2026年半年度报告,2026-08-28,公司已于2026年8月28日发布2026年半年度报告。,0.9,,,,,,,,,,
EVT-0223,Event,上海汽车集团股份有限公司发布2026年8月份产销快报,,,,,,,,,,,,,,,EVT-0223,业绩,上海汽车集团股份有限公司发布2026年8月份产销快报,2026-09-02,上汽集团披露2026年8月产销快报，列示上汽大众、上汽通用、上汽通用五菱等单位的产量、销量及累计同比数据。,0.95,,,,,,,,,,
EVT-0224,Event,回购期间按月披露进展的监管要求,,,,,,,,,,,,,,,EVT-0224,监管,回购期间按月披露进展的监管要求,2026-09-02,根据《上市公司股份回购规则》及上交所自律监管指引，公司在回购股份期间应在每个月的前3个交易日内公告截至上月末的回购进展情况。,0.8,,,,,,,,,,
EVT-0225,Event,公司披露截至2026年8月31日尚未回购A股股份,,,,,,,,,,,,,,,EVT-0225,股权,公司披露截至2026年8月31日尚未回购A股股份,2026-08-31,截至2026年8月31日，公司尚未回购公司A股股份。,0.95,,,,,,,,,,
EVT-0226,Event,中国中铁总会计师孙璀因退休离任,,,,,,,,,,,,,,,EVT-0226,重大经营,中国中铁总会计师孙璀因退休离任,2026-08-31,中国中铁总会计师孙璀因达到法定退休年龄辞职，辞职报告自送达董事会之日起生效，离任后不再担任公司任何职务。,0.95,,,,,,,,,,
EVT-0227,Event,宝钢股份董事会批准修订《董事会授权决策方案》,,,,,,,,,,,,,,,EVT-0227,重大经营,宝钢股份董事会批准修订《董事会授权决策方案》,2026-08-31,宝钢股份第九届董事会以书面投票表决方式召开临时董事会，批准修订《董事会授权决策方案》中董事会授权董事长、总经理决策事项。,0.9,,,,,,,,,,
EVT-0228,Event,宝钢股份董事会批准修订《负债管理制度》,,,,,,,,,,,,,,,EVT-0228,重大经营,宝钢股份董事会批准修订《负债管理制度》,2026-08-31,为加强资产负债率、债权性融资业务及委托贷款行为管控，董事会批准修订《负债管理制度》。,0.9,,,,,,,,,,
EVT-0229,Event,宝钢股份董事会批准修订《关联交易管理办法》,,,,,,,,,,,,,,,EVT-0229,重大经营,宝钢股份董事会批准修订《关联交易管理办法》,2026-08-31,为加强关联交易管理、保护公司及全体股东合法权益，董事会批准修订《关联交易管理办法》。,0.9,,,,,,,,,,
EVT-0230,Event,宝钢股份董事会批准组织实施湛江钢铁2026年捐赠项目,,,,,,,,,,,,,,,EVT-0230,重大经营,宝钢股份董事会批准组织实施湛江钢铁2026年捐赠项目,2026-08-31,董事会批准组织实施湛江钢铁2026年捐赠项目及资金分配计划，捐赠资金合计500万元，用于乡村振兴帮扶、示范村建设及公益助学等。,0.9,,,,,,,,,,
EVT-0231,Event,歌尔股份第七届董事会第十次会议审议通过首次授予部分第三个行权期行权条件成就议案,,,,,,,,,,,,,,,EVT-0231,股权,歌尔股份第七届董事会第十次会议审议通过首次授予部分第三个行权期行权条件成就议案,2026-08-31,公司召开第七届董事会第十次会议，审议通过2023年股票期权激励计划首次授予部分第三个行权期行权条件成就的议案。,0.95,,,,,,,,,,
EVT-0232,Event,歌尔股份2023年第一次临时股东大会审议通过2023年股票期权激励计划,,,,,,,,,,,,,,,EVT-0232,股权,歌尔股份2023年第一次临时股东大会审议通过2023年股票期权激励计划,2023-08-08,公司召开2023年第一次临时股东大会，审议通过本次激励计划相关议案，激励计划获得批准。,0.9,,,,,,,,,,
EVT-0233,Event,歌尔股份调整首次授予部分激励对象名单及授予数量并注销部分股票期权,,,,,,,,,,,,,,,EVT-0233,股权,歌尔股份调整首次授予部分激励对象名单及授予数量并注销部分股票期权,2026-08-31,"董事会同意首次授予部分激励对象总数由4,735人调整至4,506人，并注销部分已获授但不符合行权条件的股票期权。",0.9,,,,,,,,,,
EVT-0234,Event,上海电气董事会审议通过2026年上半年计提减值准备议案,,,,,,,,,,,,,,,EVT-0234,重大经营,上海电气董事会审议通过2026年上半年计提减值准备议案,2026-08-28,公司董事会六届八次会议审议通过《关于公司2026年上半年计提减值准备的议案》。,0.92,,,,,,,,,,
EVT-0235,Event,"上海电气2026年上半年计提减值准备减少税前利润179,073万元",,,,,,,,,,,,,,,EVT-0235,业绩,"上海电气2026年上半年计提减值准备减少税前利润179,073万元",2026-08-28,"公司2026年上半年信用减值损失103,549万元、资产减值损失75,524万元，合计减少税前利润179,073万元。",0.92,,,,,,,,,,
EVT-0236,Event,长江电力对三峡财务公司开展风险持续评估,,,,,,,,,,,,,,,EVT-0236,监管,长江电力对三峡财务公司开展风险持续评估,2026-08-28,中国长江电力股份有限公司通过核查三峡财务公司证照及2026年半年度财务报表，评估其经营资质、业务和风险状况，认为经营资质合法有效、存贷款等金融业务风险可控。,0.9,,,,,,,,,,
EVT-0237,Event,三峡财务公司2026年上半年经营情况,,,,,,,,,,,,,,,EVT-0237,业绩,三峡财务公司2026年上半年经营情况,2026-06-30,截至2026年6月30日，三峡财务公司资产规模758.76亿元，资产负债率81.26%，上半年营业总收入5.63亿元，利润总额3.79亿元，经营状况稳定。,0.9,,,,,,,,,,
EVT-0238,Event,长江电力在三峡财务公司的存贷款情况,,,,,,,,,,,,,,,EVT-0238,重大经营,长江电力在三峡财务公司的存贷款情况,2026-06-30,截至2026年6月30日，公司在三峡财务公司的存款余额为75.93亿元，贷款余额为254.39亿元，存款安全性和流动性良好。,0.9,,,,,,,,,,
EVT-0239,Event,长江电力召开2026年半年度业绩说明会,,,,,,,,,,,,,,,EVT-0239,业绩,长江电力召开2026年半年度业绩说明会,2026-09-03,中国长江电力股份有限公司拟于2026年9月3日10:00-11:00以视频会议方式召开2026年半年度业绩说明会，公司经理层参加。,0.95,,,,,,,,,,
EVT-0240,Event,董事会审议通过公司2026年半年度报告,,,,,,,,,,,,,,,EVT-0240,业绩,董事会审议通过公司2026年半年度报告,2026-08-27,公司第七届董事会第三次会议审议通过《公司2026年半年度报告》。,0.9,,,,,,,,,,
EVT-0241,Event,对江西寻乌抽水蓄能有限公司增资,,,,,,,,,,,,,,,EVT-0241,投资并购,对江西寻乌抽水蓄能有限公司增资,2026-08-27,"董事会同意将江西寻乌抽水蓄能有限公司注册资本由30,000万元增加至154,780万元，公司新增认缴63,637.80万元。",0.9,,,,,,,,,,
EVT-0242,Event,审议通过对三峡财务有限责任公司的风险持续评估报告,,,,,,,,,,,,,,,EVT-0242,监管,审议通过对三峡财务有限责任公司的风险持续评估报告,2026-08-27,董事会审议通过《关于对三峡财务有限责任公司出具风险持续评估报告的议案》。,0.85,,,,,,,,,,
EVT-0243,Event,聘任鲁雪女士为公司审计部主任,,,,,,,,,,,,,,,EVT-0243,重大经营,聘任鲁雪女士为公司审计部主任,2026-08-27,董事会同意聘任鲁雪女士为公司审计部主任。,0.9,,,,,,,,,,
EVT-0244,Event,三一重工修订董事会秘书工作制度,,,,,,,,,,,,,,,EVT-0244,重大经营,三一重工修订董事会秘书工作制度,,三一重工股份有限公司修订董事会秘书工作制度，该制度经公司董事会审议通过后生效实施。,0.55,,,,,,,,,,
EVT-0245,Event,中工国际举办2026年半年度业绩说明会,,,,,,,,,,,,,,,EVT-0245,业绩,中工国际举办2026年半年度业绩说明会,2026-09-03,中工国际工程股份有限公司将于2026年9月3日15:00-16:00通过网络远程方式举办2026年半年度业绩说明会。,0.95,,,,,,,,,,
EVT-0246,Event,中工国际就业绩说明会公开征集投资者问题,,,,,,,,,,,,,,,EVT-0246,重大经营,中工国际就业绩说明会公开征集投资者问题,2026-08-31,公司就本次业绩说明会提前向投资者公开征集问题，投资者可在2026年9月2日12:00前将问题发送至公司邮箱。,0.9,,,,,,,,,,
EVT-0247,Event,董事会审议通过《中国工商银行“十五五”时期发展规划》议案,,,,,,,,,,,,,,,EVT-0247,重大经营,董事会审议通过《中国工商银行“十五五”时期发展规划》议案,2026-08-28,本行董事会于2026年8月28日召开会议，审议通过关于“十五五”时期发展规划的议案，有效表决票13票全票同意。,0.92,,,,,,,,,,
EVT-0248,Event,董事会审议通过2026半年度报告及摘要议案,,,,,,,,,,,,,,,EVT-0248,业绩,董事会审议通过2026半年度报告及摘要议案,2026-08-28,本行董事会审议通过2026半年度报告及摘要的议案，该议案已经董事会审计委员会审议通过。,0.92,,,,,,,,,,
EVT-0249,Event,董事会审议通过2026年中期利润分配方案议案,,,,,,,,,,,,,,,EVT-0249,股权,董事会审议通过2026年中期利润分配方案议案,2026-08-28,本行董事会审议通过2026年中期利润分配方案的议案，独立董事同意，尚需提交本行股东会审议。,0.92,,,,,,,,,,
EVT-0250,Event,派发境内优先股“工行优2”股息,,,,,,,,,,,,,,,EVT-0250,股权,派发境内优先股“工行优2”股息,2026-09-24,本行于2026年9月24日派发境内优先股“工行优2”股息，票面股息率3.02%（含税），派发股息21.14亿元人民币。,0.95,,,,,,,,,,
EVT-0251,Event,中国中铁2026年中期分红方案：每10股派发现金红利0.6374元,,,,,,,,,,,,,,,EVT-0251,股权,中国中铁2026年中期分红方案：每10股派发现金红利0.6374元,2026-08-28,"公司拟向全体股东每10股派发现金红利0.6374元（含税），以总股本24,531,310,329股为基数合计拟派发现金红利1,563,625,720.37元。",0.92,,,,,,,,,,
EVT-0252,Event,2025年年度股东会审议通过利润分配方案及2026年中期分红计划并授权董事会,,,,,,,,,,,,,,,EVT-0252,股权,2025年年度股东会审议通过利润分配方案及2026年中期分红计划并授权董事会,2026-06-29,公司召开2025年年度股东会，审议通过2025年度利润分配方案及2026年中期分红计划，同意授权董事会制定并实施2026年中期分红方案。,0.9,,,,,,,,,,
EVT-0253,Event,第六届董事会第二十五次会议审议通过2026年中期利润分配方案,,,,,,,,,,,,,,,EVT-0253,股权,第六届董事会第二十五次会议审议通过2026年中期利润分配方案,2026-08-27,公司于2026年8月27日至28日召开第六届董事会第二十五次会议，以7票同意审议通过2026年中期利润分配方案议案。,0.9,,,,,,,,,,
EVT-0254,Event,董事会审议通过修订《违规经营投资责任追究实施办法》议案,,,,,,,,,,,,,,,EVT-0254,政策,董事会审议通过修订《违规经营投资责任追究实施办法》议案,2026-08-28,会议审议通过《修订<违规经营投资责任追究实施办法>的议案》，同意该实施办法修订案。,0.9,,,,,,,,,,
EVT-0255,Event,董事会审议通过对中国铁建财务有限公司风险持续评估报告议案,,,,,,,,,,,,,,,EVT-0255,重大经营,董事会审议通过对中国铁建财务有限公司风险持续评估报告议案,2026-08-28,会议审议通过《公司对中国铁建财务有限公司风险持续评估报告的议案》，关联董事回避表决。,0.88,,,,,,,,,,
EVT-0256,Event,董事会审议通过公司“十五五”总体发展战略与规划议案,,,,,,,,,,,,,,,EVT-0256,重大经营,董事会审议通过公司“十五五”总体发展战略与规划议案,2026-08-28,会议审议通过《公司“十五五”总体发展战略与规划的议案》，同意公司“十五五”总体发展战略与规划。,0.9,,,,,,,,,,
EVT-0257,Event,中国铁建财务有限公司获批开业运营,,,,,,,,,,,,,,,EVT-0257,监管,中国铁建财务有限公司获批开业运营,2012-04-18,财务公司经原中国银监会批准于2012年4月18日正式开业运营。,0.95,,,,,,,,,,
EVT-0258,Event,财务公司2026年上半年经营业绩披露,,,,,,,,,,,,,,,EVT-0258,业绩,财务公司2026年上半年经营业绩披露,2026-06-30,"截至2026年6月30日财务公司资产总额1,091.35亿元，2026年上半年实现营业收入11.98亿元，净利润5.57亿元。",0.9,,,,,,,,,,
EVT-0259,Event,中材国际召开2026年半年度业绩说明会,,,,,,,,,,,,,,,EVT-0259,业绩,中材国际召开2026年半年度业绩说明会,2026-08-28,公司于2026年8月28日以视频直播结合网络互动形式召开2026年半年度业绩说明会，管理层出席并与投资者交流。,0.95,,,,,,,,,,
EVT-0260,Event,中材国际上半年利润同比下滑,,,,,,,,,,,,,,,EVT-0260,业绩,中材国际上半年利润同比下滑,,公司本期利润总额12.54亿元，较上年同期减少31.15%，归母净利润9.34亿元，较上年同期减少34.3%，主因汇兑损失及非经常性损益减少。,0.95,,,,,,,,,,
EVT-0261,Event,上海汽车集团股份有限公司制定董事会授权管理办法,,,,,,,,,,,,,,,EVT-0261,政策,上海汽车集团股份有限公司制定董事会授权管理办法,,公司制定董事会授权管理办法，以规范董事会授权管理行为、提高经营决策效率。,0.85,,,,,,,,,,
EVT-0262,Event,公司董事会审议修订通过内幕信息知情人登记管理制度,,,,,,,,,,,,,,,EVT-0262,监管,公司董事会审议修订通过内幕信息知情人登记管理制度,2026-08-27,公司九届十二次董事会会议审议修订并通过《内幕信息知情人登记管理制度》，制度自审议通过之日起施行。,0.95,,,,,,,,,,
EVT-0263,Event,董事會決議建議修訂《公司章程》,,,,,,,,,,,,,,,EVT-0263,重大经营,董事會決議建議修訂《公司章程》,,董事會於二零二六年八月二十八日決議對《公司章程》作出建議修訂，包括修改董事會董事人數及董事會秘書任職條件及職責。,0.95,,,,,,,,,,
EVT-0264,Event,提名第九屆董事會董事候選人,,,,,,,,,,,,,,,EVT-0264,重大经营,提名第九屆董事會董事候選人,,提名委員會及董事會於二零二六年八月二十八日會議批准提名董事候選人，待臨時股東會提議重選及╱或選舉。,0.95,,,,,,,,,,
EVT-0265,Event,五粮液董事会审议通过2026年半年度报告（含摘要）,,,,,,,,,,,,,,,EVT-0265,业绩,五粮液董事会审议通过2026年半年度报告（含摘要）,2026-08-27,公司第七届董事会2026年第11次会议审议通过《2026年半年度报告（含摘要）》，同意9票。,0.9,,,,,,,,,,
EVT-0266,Event,五粮液调整501古窖池中国白酒文化圣地项目可行性研究报告,,,,,,,,,,,,,,,EVT-0266,重大经营,五粮液调整501古窖池中国白酒文化圣地项目可行性研究报告,2026-08-27,因项目投资主体、工程范围、建设规模、实施方案、业态规划等发生较大变化，公司同意调整五粮液501古窖池中国白酒文化圣地项目可行性研究报告。,0.9,,,,,,,,,,
EVT-0267,Event,奥克斯智能科技中标美国数据中心储能油变项目并签订合同,,,,,,,,,,,,,,,EVT-0267,重大合同,奥克斯智能科技中标美国数据中心储能油变项目并签订合同,,全资子公司奥克斯智能科技中标美国数据中心储能油变项目，公司作为供应商提供油浸式变压器，合同金额总计1.32亿美元，约合8.85亿人民币。,0.95,,,,,,,,,,
EVT-0268,Event,武汉华康世纪中标并签署武汉市新洲区人民医院整体外迁项目医疗专项专业分包合同,,,,,,,,,,,,,,,EVT-0268,重大合同,武汉华康世纪中标并签署武汉市新洲区人民医院整体外迁项目医疗专项专业分包合同,,"公司中标武汉市新洲区人民医院整体外迁项目EPC总承包二标段医疗专项专业分包工程，并与承包人武汉建工集团股份有限公司新洲分公司签署分包合同，暂定含税合同价5,400万元。",0.95,,,,,,,,,,
EVT-0269,Event,京东方第十一届董事会第十九次会议审议通过公司治理制度修订对照表,,,,,,,,,,,,,,,EVT-0269,重大经营,京东方第十一届董事会第十九次会议审议通过公司治理制度修订对照表,2026-08-27,公司第十一届董事会第十九次会议审议通过董事会提名薪酬考核委员会组成及议事规则、董事会秘书工作细则、董事离职管理办法的修订对照表。,0.9,,,,,,,,,,
EVT-0270,Event,董事会秘书人选及其任职资格由董事会提名薪酬考核委员会遴选、审核,,,,,,,,,,,,,,,EVT-0270,重大经营,董事会秘书人选及其任职资格由董事会提名薪酬考核委员会遴选、审核,,修订后的董事会秘书工作细则规定，董事会提名薪酬考核委员会对董事会秘书人选及其任职资格进行遴选、审核，并向董事会提出建议。,0.85,,,,,,,,,,
EVT-0271,Event,美的集团董事会审议通过《2026年半年度报告》,,,,,,,,,,,,,,,EVT-0271,业绩,美的集团董事会审议通过《2026年半年度报告》,2026-08-28,公司第五届董事会第十八次会议审议通过2026年半年度报告及其摘要（A股）及2026年中期业绩公告（H股）等文件。,0.95,,,,,,,,,,
EVT-0272,Event,美的集团董事会审议通过《2026年中期利润分配方案》,,,,,,,,,,,,,,,EVT-0272,股权,美的集团董事会审议通过《2026年中期利润分配方案》,2026-08-28,"以扣除回购专户股份后的股本总额7,448,597,984股为基数，向全体股东每10股派发现金5元（含税），合计现金分红总额3,724,298,992元。",0.95,,,,,,,,,,
EVT-0273,Event,美的集团董事会审议通过关于香港联交所联讯通相关事项的议案,,,,,,,,,,,,,,,EVT-0273,重大经营,美的集团董事会审议通过关于香港联交所联讯通相关事项的议案,2026-08-28,公司同意接纳《香港联交所联讯通条款及细则》，并授权相关人士办理联讯通账户注册、签署及提交同意书等事宜。,0.9,,,,,,,,,,
EVT-0274,Event,美的集团董事会审议通过召开2026年第一次临时股东会的议案,,,,,,,,,,,,,,,EVT-0274,重大经营,美的集团董事会审议通过召开2026年第一次临时股东会的议案,2026-08-29,董事会授权公司董事长择机确定2026年第一次临时股东会的具体召开时间及A股股权登记日、H股停止过户期间等相关时间。,0.9,,,,,,,,,,
EVT-0275,Event,美的集团2026年中期利润分配方案,,,,,,,,,,,,,,,EVT-0275,股权,美的集团2026年中期利润分配方案,,"公司拟以总股本扣除回购专户股份后的7,448,597,984股为基数，向全体股东每10股派发现金5元（含税），合计现金分红总额3,724,298,992元。",0.9,,,,,,,,,,
EVT-0276,Event,第五届董事会第十八次会议审议通过中期利润分配方案,,,,,,,,,,,,,,,EVT-0276,重大经营,第五届董事会第十八次会议审议通过中期利润分配方案,2026-08-28,公司第五届董事会第十八次会议审议通过2026年中期利润分配方案，尚待2026年第一次临时股东会审议通过后方可实施。,0.9,,,,,,,,,,
EVT-0277,Event,美的集团2026年半年度归母净利润,,,,,,,,,,,,,,,EVT-0277,业绩,美的集团2026年半年度归母净利润,,"公司2026年半年度合并报表实现的归属于上市公司股东的净利润为26,446,037,000元。",0.9,,,,,,,,,,
EVT-0278,Event,中芯国际发布2026年度“提质增效重回报”行动方案,,,,,,,,,,,,,,,EVT-0278,重大经营,中芯国际发布2026年度“提质增效重回报”行动方案,2026-03-26,公司于2026年3月26日发布《2026年度“提质增效重回报”行动方案》，并按方案开展落实工作。,0.95,,,,,,,,,,
EVT-0279,Event,中芯国际上半年实现营收386亿元，同比增长19.4%,,,,,,,,,,,,,,,EVT-0279,业绩,中芯国际上半年实现营收386亿元，同比增长19.4%,,2026年上半年公司实现营收386亿元人民币，同比增长19.4%，毛利率23.2%。,0.95,,,,,,,,,,
EVT-0280,Event,中芯国际上半年研发投入超27亿元,,,,,,,,,,,,,,,EVT-0280,重大经营,中芯国际上半年研发投入超27亿元,,2026年上半年公司研发投入超27亿元人民币，同比增长14.8%，占营业收入比例7.1%。,0.95,,,,,,,,,,
EVT-0281,Event,中芯国际修订《公司章程》等治理制度,,,,,,,,,,,,,,,EVT-0281,监管,中芯国际修订《公司章程》等治理制度,,2026年上半年公司贯彻落实A股监管法规要求，修订了《公司章程》《股东会议事规则》《董事会议事规则》等制度。,0.9,,,,,,,,,,
EVT-0282,Event,紫金矿业向西藏吉隆泥石流灾区捐赠人民币1000万元,,,,,,,,,,,,,,,EVT-0282,重大经营,紫金矿业向西藏吉隆泥石流灾区捐赠人民币1000万元,,"公司董事会同意向西藏日喀则市吉隆县吉隆口岸泥石流灾区捐赠人民币1,000万元，用于紧急救援、受灾群众安置及灾后重建。",0.9,,,,,,,,,,
EVT-0283,Event,中国神华召开2026年半年度业绩说明会,,,,,,,,,,,,,,,EVT-0283,业绩,中国神华召开2026年半年度业绩说明会,2026-09-04,公司将于2026年9月4日16:00-17:00以网络互动方式在上海证券交易所上证路演中心召开2026年半年度业绩说明会。,0.95,,,,,,,,,,
EVT-0284,Event,中国神华2026年半年度报告披露,,,,,,,,,,,,,,,EVT-0284,业绩,中国神华2026年半年度报告披露,2026-08-29,公司2026年半年度报告将于2026年8月29日披露。,0.9,,,,,,,,,,
EVT-0285,Event,董事会审议通过2026年半年度报告及摘要,,,,,,,,,,,,,,,EVT-0285,业绩,董事会审议通过2026年半年度报告及摘要,2026-08-26,公司第九届董事会第十六次会议审议通过了《江苏中天科技股份有限公司2026 年半年度报告及摘要》。,0.9,,,,,,,,,,
EVT-0286,Event,董事会审议通过2026年半年度募集资金存放、管理与实际使用情况专项报告,,,,,,,,,,,,,,,EVT-0286,重大经营,董事会审议通过2026年半年度募集资金存放、管理与实际使用情况专项报告,2026-08-26,公司第九届董事会第十六次会议审议通过了2026年半年度募集资金存放、管理与实际使用情况的专项报告。,0.9,,,,,,,,,,
EVT-0287,Event,董事会审议通过第三期员工持股计划第一个锁定期届满暨解锁条件成就议案,,,,,,,,,,,,,,,EVT-0287,股权,董事会审议通过第三期员工持股计划第一个锁定期届满暨解锁条件成就议案,2026-08-26,公司第九届董事会薪酬与考核委员会及董事会审议通过了关于第三期员工持股计划第一个锁定期届满暨解锁条件成就的议案。,0.9,,,,,,,,,,
EVT-0288,Event,中天科技变更2亿元募集资金转投新型储能低碳智造项目,,,,,,,,,,,,,,,EVT-0288,投资并购,中天科技变更2亿元募集资金转投新型储能低碳智造项目,2026-05-21,"公司股东会审议通过将原工商业储能电站项目部分募集资金20,000.00万元变更转投新型储能低碳智造项目，实施主体为中天储能科技有限公司。",0.95,,,,,,,,,,
EVT-0289,Event,中天科技使用闲置募集资金临时补充流动资金,,,,,,,,,,,,,,,EVT-0289,重大经营,中天科技使用闲置募集资金临时补充流动资金,2026-01-15,"公司董事会审议通过使用不超过70,000.00万元闲置募集资金临时补充流动资金，截至2026年6月30日实际使用55,737.37万元。",0.95,,,,,,,,,,
EVT-0290,Event,中信股份2026年中期业绩联合发布会,,,,,,,,,,,,,,,EVT-0290,业绩,中信股份2026年中期业绩联合发布会,2026-09-04,中国中信股份有限公司将于2026年9月4日14:00-16:00在上证路演中心举办2026年中期业绩联合发布会，与旗下中信银行、中信证券、中信泰富特钢、中信金属四家上市公司共同参加。,0.95,,,,,,,,,,
EVT-0291,Event,潍柴动力完成14名原激励对象209万股限制性股票回购注销,,,,,,,,,,,,,,,EVT-0291,股权,潍柴动力完成14名原激励对象209万股限制性股票回购注销,2025-09-30,公司办理完毕2023年A股限制性股票激励计划14名原激励对象持有的209万股限制性股票回购注销手续。,0.9,,,,,,,,,,
EVT-0292,Event,潍柴动力完成34名激励对象118.42万股限制性股票回购注销,,,,,,,,,,,,,,,EVT-0292,股权,潍柴动力完成34名激励对象118.42万股限制性股票回购注销,2026-03-16,公司办理完毕激励计划34名激励对象持有的118.42万股限制性股票回购注销手续。,0.9,,,,,,,,,,
EVT-0293,Event,"潍柴动力完成回购专户50,252,475股A股股份注销",,,,,,,,,,,,,,,EVT-0293,股权,"潍柴动力完成回购专户50,252,475股A股股份注销",2026-05-26,"公司办理完毕回购专户中50,252,475股A股股份的注销手续。",0.9,,,,,,,,,,
EVT-0294,Event,"潍柴动力完成664名激励对象2,192.4万股限制性股票回购注销",,,,,,,,,,,,,,,EVT-0294,股权,"潍柴动力完成664名激励对象2,192.4万股限制性股票回购注销",2026-07-14,"公司办理完毕激励计划664名激励对象第二个解除限售期对应的2,192.4万股限制性股票回购注销手续。",0.9,,,,,,,,,,
EVT-0295,Event,"万科计提2026年半年度减值准备427,310.53万元",,,,,,,,,,,,,,,EVT-0295,业绩,"万科计提2026年半年度减值准备427,310.53万元",,"公司2026年上半年共计提或因合并范围变动增加各类减值准备合计427,310.53万元，减少归属于母公司所有者的净利润约316,424.88万元。",0.95,,,,,,,,,,
EVT-0296,Event,"万科报告期新增计提存货跌价准备393,699.20万元",,,,,,,,,,,,,,,EVT-0296,重大经营,"万科报告期新增计提存货跌价准备393,699.20万元",,"公司对开发项目进行减值测试，报告期新增计提存货跌价准备393,699.20万元，转销207,337.30万元。",0.95,,,,,,,,,,
EVT-0297,Event,"万科报告期新增计提信用损失准备34,179.07万元",,,,,,,,,,,,,,,EVT-0297,重大经营,"万科报告期新增计提信用损失准备34,179.07万元",,"公司按照会计政策新增计提信用损失准备34,179.07万元，为对应收账款和其他应收款计提的坏账准备。",0.95,,,,,,,,,,
EVT-0298,Event,万科披露《关于累计诉讼、仲裁情况的公告》（公告编号：2025-119）,,,,,,,,,,,,,,,EVT-0298,重大经营,万科披露《关于累计诉讼、仲裁情况的公告》（公告编号：2025-119）,2025-08-23,万科企业股份有限公司于2025年8月23日披露了关于累计诉讼、仲裁情况的公告，公告编号2025-119。,0.9,,,,,,,,,,
EVT-0299,Event,万科披露《关于累计诉讼、仲裁情况的公告》（公告编号：2026-036）,,,,,,,,,,,,,,,EVT-0299,重大经营,万科披露《关于累计诉讼、仲裁情况的公告》（公告编号：2026-036）,2026-04-01,公司于2026年4月1日披露了《关于累计诉讼、仲裁情况的公告》（公告编号：2026-036），即前次公告。,0.9,,,,,,,,,,
EVT-0300,Event,审议通过2026年半年度报告、摘要、财务报告和业绩公告议案,,,,,,,,,,,,,,,EVT-0300,业绩,审议通过2026年半年度报告、摘要、财务报告和业绩公告议案,2026-08-27,公司第二十一届董事会第二次会议审议通过《关于2026年半年度报告、摘要、财务报告和业绩公告的议案》，赞成11票。,0.9,,,,,,,,,,
EVT-0301,Event,审议通过2026年半年度不派息、不进行公积金转增股本议案,,,,,,,,,,,,,,,EVT-0301,业绩,审议通过2026年半年度不派息、不进行公积金转增股本议案,2026-08-27,公司2026年半年度不派发现金红利，不送红股，不进行资本公积金转增股本，议案获赞成11票通过。,0.9,,,,,,,,,,
EVT-0302,Event,审议通过计提2026年半年度减值准备议案,,,,,,,,,,,,,,,EVT-0302,业绩,审议通过计提2026年半年度减值准备议案,,"2026年上半年公司共计提或因合并范围变动而增加的各类减值准备合计427,310.53万元，转回或转销合计208,917.16万元，议案获赞成11票通过。",0.9,,,,,,,,,,
EVT-0303,Event,海天味業變更聯席公司秘書、授權代表及法律程序文件的代理人,,,,,,,,,,,,,,,EVT-0303,重大经营,海天味業變更聯席公司秘書、授權代表及法律程序文件的代理人,,張瀟辭任聯席公司秘書、授權代表及法律程序文件的代理人，趙明璟獲委任接任，自公司獲得香港聯交所授予豁免函件之日起生效。,0.9,,,,,,,,,,
EVT-0304,Event,公司就聯席公司秘書資格申請豁免嚴格遵守《聯交所上市規則》第3.28條及第8.17條,,,,,,,,,,,,,,,EVT-0304,监管,公司就聯席公司秘書資格申請豁免嚴格遵守《聯交所上市規則》第3.28條及第8.17條,,因原有豁免將於張女士離任之日被撤銷，公司已向香港聯交所申請豁免嚴格遵守《聯交所上市規則》第3.28條及第8.17條，尚待批准。,0.88,,,,,,,,,,
EVT-0305,Event,公司變更香港主要營業地點地址,,,,,,,,,,,,,,,EVT-0305,重大经营,公司變更香港主要營業地點地址,2026-08-26,公司在香港的主要營業地點地址變更為香港銅鑼灣希慎道33號利園一期19樓1901室，自2026年8月26日起生效。,0.9,,,,,,,,,,
EVT-0306,Event,伊利第十二届董事会第一次会议审议通过计提资产减值准备议案,,,,,,,,,,,,,,,EVT-0306,重大经营,伊利第十二届董事会第一次会议审议通过计提资产减值准备议案,2026-08-25,内蒙古伊利实业集团股份有限公司于2026年8月25日召开第十二届董事会第一次会议，审议通过了《公司关于计提资产减值准备的议案》。,0.95,,,,,,,,,,
EVT-0307,Event,"伊利2026年上半年计提资产减值准备246,078.19万元",,,,,,,,,,,,,,,EVT-0307,业绩,"伊利2026年上半年计提资产减值准备246,078.19万元",2026-08-25,"2026年上半年公司共计提资产减值准备246,078.19万元（未经审计），为非现金性质项目。",0.93,,,,,,,,,,
EVT-0308,Event,"伊利对澳优乳业资产组商誉计提减值154,654.49万元",,,,,,,,,,,,,,,EVT-0308,重大经营,"伊利对澳优乳业资产组商誉计提减值154,654.49万元",,"经测试，公司对澳优乳业资产组商誉计提减值154,654.49万元。",0.92,,,,,,,,,,
EVT-0309,Event,通威股份召开第九届董事会第十二次会议,,,,,,,,,,,,,,,EVT-0309,重大经营,通威股份召开第九届董事会第十二次会议,2026-08-25,通威股份有限公司以通讯表决方式召开第九届董事会第十二次会议，应出席董事9人，实际出席9人，3项议案均全票通过。,0.95,,,,,,,,,,
EVT-0310,Event,董事会审议通过2026年半年度报告及摘要,,,,,,,,,,,,,,,EVT-0310,业绩,董事会审议通过2026年半年度报告及摘要,2026-08-25,董事会审议通过了《2026 年半年度报告及半年度报告摘要》，表决结果为9票同意、0票反对、0票弃权。,0.95,,,,,,,,,,
EVT-0311,Event,董事会审议通过2026年半年度计提资产减值准备及资产报废议案,,,,,,,,,,,,,,,EVT-0311,重大经营,董事会审议通过2026年半年度计提资产减值准备及资产报废议案,2026-08-27,董事会审议通过了《关于2026 年半年度计提资产减值准备及资产报废的议案》，表决结果为9票同意、0票反对、0票弃权。,0.95,,,,,,,,,,
EVT-0312,Event,国电南瑞董事会审议通过2026年半年度报告及摘要,,,,,,,,,,,,,,,EVT-0312,业绩,国电南瑞董事会审议通过2026年半年度报告及摘要,2026-08-25,公司第九届董事会第十五次会议审议通过《关于2026年半年度报告及摘要的议案》，表决结果为10票同意、0票反对、0票弃权。,0.9,,,,,,,,,,
EVT-0313,Event,国电南瑞董事会审议通过2026年半年度利润分配方案,,,,,,,,,,,,,,,EVT-0313,重大经营,国电南瑞董事会审议通过2026年半年度利润分配方案,,公司董事会审议通过《关于2026年半年度利润分配方案的议案》，表决结果为10票同意、0票反对、0票弃权。,0.9,,,,,,,,,,
EVT-0314,Event,国电南瑞董事会审议通过在中国电力财务有限公司办理金融业务的风险持续评估报告,,,,,,,,,,,,,,,EVT-0314,重大经营,国电南瑞董事会审议通过在中国电力财务有限公司办理金融业务的风险持续评估报告,,公司董事会审议通过在中国电力财务有限公司办理金融业务的风险持续评估报告，关联董事回避表决，表决结果为4票同意。,0.9,,,,,,,,,,
EVT-0315,Event,国电南瑞及子公司向商业银行申请不超过340亿元综合授信额度,,,,,,,,,,,,,,,EVT-0315,重大经营,国电南瑞及子公司向商业银行申请不超过340亿元综合授信额度,,公司董事会审议通过向商业银行申请综合授信额度不超过人民币340亿元的议案，额度自本次董事会审议通过之日起12个月内有效。,0.9,,,,,,,,,,
EVT-0316,Event,恒瑞医药董事会审议通过回购A股股份方案,,,,,,,,,,,,,,,EVT-0316,股权,恒瑞医药董事会审议通过回购A股股份方案,2026-08-19,公司召开第十届董事会第四次会议，审议通过以集中竞价交易方式回购公司A股股份方案的议案。,0.95,,,,,,,,,,
EVT-0317,Event,恒瑞医药拟以集中竞价方式回购A股股份用于员工持股计划,,,,,,,,,,,,,,,EVT-0317,股权,恒瑞医药拟以集中竞价方式回购A股股份用于员工持股计划,,公司拟使用自有资金以集中竞价交易方式回购A股股份，资金总额不低于10亿元、不超过20亿元，回购价格不超过81.78元/股，回购股份拟用于A股员工持股计划。,0.9,,,,,,,,,,
EVT-0318,Event,董事会审议通过《关于2026年半年度报告及摘要的议案》,,,,,,,,,,,,,,,EVT-0318,业绩,董事会审议通过《关于2026年半年度报告及摘要的议案》,2026-08-26,公司第八届董事会第二次会议以9票同意通过2026年半年度报告及摘要的议案。,0.95,,,,,,,,,,
EVT-0319,Event,董事会审议通过2026年半年度募集资金存放、管理与实际使用情况专项报告的议案,,,,,,,,,,,,,,,EVT-0319,重大经营,董事会审议通过2026年半年度募集资金存放、管理与实际使用情况专项报告的议案,2026-08-26,董事会以9票同意通过2026年半年度募集资金存放、管理与实际使用情况专项报告的议案。,0.95,,,,,,,,,,
EVT-0320,Event,董事会审议通过对保利财务有限公司关联交易的风险持续评估报告的议案,,,,,,,,,,,,,,,EVT-0320,重大经营,董事会审议通过对保利财务有限公司关联交易的风险持续评估报告的议案,2026-08-26,董事会以9票同意通过关于对保利财务有限公司关联交易的风险持续评估报告的议案。,0.95,,,,,,,,,,
EVT-0321,Event,招商银行第十三届董事会第十八次会议召开并审议通过十项议案,,,,,,,,,,,,,,,EVT-0321,重大经营,招商银行第十三届董事会第十八次会议召开并审议通过十项议案,2026-08-26,招商银行以书面传签方式召开第十三届董事会第十八次会议，应参会与实际参会董事均为14名，会议审议通过十项议案。,0.95,,,,,,,,,,
EVT-0322,Event,招商银行选举李云贵为第十三届董事会副董事长,,,,,,,,,,,,,,,EVT-0322,重大经营,招商银行选举李云贵为第十三届董事会副董事长,2026-08-26,招商银行董事会审议通过议案，选举李云贵先生为招商银行第十三届董事会副董事长，其任职资格尚需报国家金融监督管理总局核准。,0.95,,,,,,,,,,
EVT-0323,Event,招商银行委任王小青为香港上市规则项下授权代表,,,,,,,,,,,,,,,EVT-0323,重大经营,招商银行委任王小青为香港上市规则项下授权代表,2026-08-26,招商银行董事会审议通过议案，同意委任王小青先生为招商银行《香港联合交易所有限公司证券上市规则》第3.05条项下之授权代表。,0.9,,,,,,,,,,
EVT-0324,Event,招商银行调整董事会专门委员会成员组成,,,,,,,,,,,,,,,EVT-0324,重大经营,招商银行调整董事会专门委员会成员组成,,招商银行董事会审议通过关于调整董事会专门委员会成员组成的议案，重新确定战略与可持续发展委员会、提名委员会等五个专门委员会的主任委员和委员。,0.9,,,,,,,,,,
EVT-0325,Event,宁德时代审议通过注册发行不超过400亿元债券议案,,,,,,,,,,,,,,,EVT-0325,重大经营,宁德时代审议通过注册发行不超过400亿元债券议案,2026-04-03,公司董事会及股东会审议通过《关于拟注册发行债券的议案》，同意注册发行不超过人民币400亿元债券。,0.9,,,,,,,,,,
EVT-0326,Event,宁德时代获中国银行间市场交易商协会接受科技创新债券注册,,,,,,,,,,,,,,,EVT-0326,监管,宁德时代获中国银行间市场交易商协会接受科技创新债券注册,2026-04-23,公司收到中国银行间市场交易商协会出具的《接受注册通知书》，同意接受公司科技创新债券注册，注册基础品种为中期票据。,0.95,,,,,,,,,,
EVT-0327,Event,宁德时代发行2026年度第六期绿色科技创新债券,,,,,,,,,,,,,,,EVT-0327,重大经营,宁德时代发行2026年度第六期绿色科技创新债券,2026-08-26,公司成功发行2026年度第六期绿色科技创新债券，发行总额人民币70亿元，募集资金于2026年8月27日到账。,0.9,,,,,,,,,,
EVT-0328,Event,东方财富董事会审议通过变更注册资本及修改公司章程议案,,,,,,,,,,,,,,,EVT-0328,股权,东方财富董事会审议通过变更注册资本及修改公司章程议案,2026-08-20,公司第七届董事会第四次会议审议通过《关于变更公司注册资本及修改〈公司章程〉的议案》，同意变更注册资本并修改章程条款。,0.92,,,,,,,,,,
EVT-0329,Event,东方财富完成工商变更登记,,,,,,,,,,,,,,,EVT-0329,重大经营,东方财富完成工商变更登记,,公司工商变更登记手续办理完毕，并披露《营业执照》登记的相关信息。,0.92,,,,,,,,,,
EVT-0330,Event,盾安环境为盾安泰国向中信银行提供不超过3亿元连带责任保证担保,,,,,,,,,,,,,,,EVT-0330,重大合同,盾安环境为盾安泰国向中信银行提供不超过3亿元连带责任保证担保,,"盾安环境与中信银行签署《最高额保证合同》，为子公司盾安泰国申请综合授信额度提供不超过人民币30,000万元的连带责任保证。",0.95,,,,,,,,,,
EVT-0331,Event,盾安泰国披露2026年上半年未经审计财务数据,,,,,,,,,,,,,,,EVT-0331,业绩,盾安泰国披露2026年上半年未经审计财务数据,2026-06-30,"截至2026年6月30日，盾安泰国总资产112,989.66万元、净资产101,164.98万元，2026年上半年营业收入44,016.78万元、净利润1,856.66万元。",0.7,,,,,,,,,,
EVT-0332,Event,中国建筑公布2026年1-7月主要经营情况,,,,,,,,,,,,,,,EVT-0332,业绩,中国建筑公布2026年1-7月主要经营情况,,中国建筑股份有限公司公布2026年1-7月主要经营情况，供各位投资者参阅。,0.9,,,,,,,,,,
EVT-0333,Event,长城汽车董事会审议通过2026年中期业绩议案,,,,,,,,,,,,,,,EVT-0333,业绩,长城汽车董事会审议通过2026年中期业绩议案,2026-08-25,长城汽车股份有限公司第九届董事会第六次会议审议通过《关于公司2026年中期业绩的议案》。,0.95,,,,,,,,,,
EVT-0334,Event,长城汽车董事会审议通过2026年半年度报告及摘要议案,,,,,,,,,,,,,,,EVT-0334,重大经营,长城汽车董事会审议通过2026年半年度报告及摘要议案,2026-08-25,董事会审议通过《关于公司2026年半年度报告及摘要的议案》，8票同意。,0.93,,,,,,,,,,
EVT-0335,Event,长城汽车董事会决定不向股东会提呈派发2026年中期股息方案,,,,,,,,,,,,,,,EVT-0335,重大经营,长城汽车董事会决定不向股东会提呈派发2026年中期股息方案,2026-08-25,董事会不建议派发截至2026年6月30日止6个月的中期股息，决定不向股东会提呈任何2026年中期股息方案。,0.9,,,,,,,,,,
EVT-0336,Event,工商银行在境外市场发行61.6亿美元无固定期限资本债券,,,,,,,,,,,,,,,EVT-0336,重大经营,工商银行在境外市场发行61.6亿美元无固定期限资本债券,2021-09-24,中国工商银行股份有限公司在境外市场完成发行61.6亿美元无固定期限资本债券。,0.95,,,,,,,,,,
EVT-0337,Event,工商银行行使赎回权赎回全部未偿付本次债券,,,,,,,,,,,,,,,EVT-0337,重大经营,工商银行行使赎回权赎回全部未偿付本次债券,2026-09-24,本行通知债券持有人将于2026年9月24日行使赎回权，按本金加应付未付利息赎回全部本次债券。,0.95,,,,,,,,,,
EVT-0338,Event,国家金融监督管理总局对赎回本次债券无异议,,,,,,,,,,,,,,,EVT-0338,监管,国家金融监督管理总局对赎回本次债券无异议,,本行收到国家金融监督管理总局复函，监管机构对本行赎回本次债券无异议，行使赎回权条件已满足。,0.95,,,,,,,,,,
EVT-0339,Event,工商银行申请撤回本次债券上市,,,,,,,,,,,,,,,EVT-0339,重大经营,工商银行申请撤回本次债券上市,2026-09-24,本次债券于首个赎回日完成赎回后不再含有未偿付余额，本行将向香港联合交易所有限公司申请撤回本次债券上市。,0.9,,,,,,,,,,
EVT-0340,Event,中国建材集团财务有限公司披露2026年上半年经营业绩,,,,,,,,,,,,,,,EVT-0340,业绩,中国建材集团财务有限公司披露2026年上半年经营业绩,2026-06-30,"截至2026年6月30日，财务公司资产总额3,616,185.86万元，2026年1-6月实现营业收入33,218.85万元、净利润4,780.33万元。",0.9,,,,,,,,,,
EVT-0341,Event,财务公司各项监管指标均符合监管要求,,,,,,,,,,,,,,,EVT-0341,监管,财务公司各项监管指标均符合监管要求,2026-06-30,报告称财务公司各项监管指标均符合监管要求，不存在重大风险，未发现风险控制体系存在重大缺陷。,0.9,,,,,,,,,,
EVT-0342,Event,本公司在财务公司的存贷款业务情况,,,,,,,,,,,,,,,EVT-0342,重大经营,本公司在财务公司的存贷款业务情况,2026-06-30,"截至2026年6月30日，本公司在财务公司存款余额约229,766.82万元，财务公司给予本公司综合授信额度635,500.00万元。",0.9,,,,,,,,,,
EVT-0343,Event,东方电气集团财务有限公司注册资本及股东持股情况披露,,,,,,,,,,,,,,,EVT-0343,股权,东方电气集团财务有限公司注册资本及股东持股情况披露,,财务公司注册资本20.95亿元，股东单位2家，中国东方电气集团有限公司持股5%，东方电气股份有限公司持股95%。,0.9,,,,,,,,,,
EVT-0344,Event,财务公司核心系统重大升级正式上线运行,,,,,,,,,,,,,,,EVT-0344,重大经营,财务公司核心系统重大升级正式上线运行,,财务公司核心系统重大升级完成监管变更报备，已于2026年4月正式上线运行。,0.9,,,,,,,,,,
EVT-0345,Event,财务公司2026年上半年经营情况,,,,,,,,,,,,,,,EVT-0345,业绩,财务公司2026年上半年经营情况,2026-06-30,截至2026年6月30日，财务公司资产总额625.39亿元，信贷余额108.42亿元，2026年1-6月实现净利润1.79亿元。,0.9,,,,,,,,,,
EVT-0346,Event,财务公司2026年6月末各项监管指标符合监管要求,,,,,,,,,,,,,,,EVT-0346,监管,财务公司2026年6月末各项监管指标符合监管要求,,2026年6月末，财务公司资本充足率、流动性比率、投资比率等各项监管指标均符合监管要求。,0.9,,,,,,,,,,
EVT-0347,Event,东方电气董事会十一届二十一次会议召开,,,,,,,,,,,,,,,EVT-0347,重大经营,东方电气董事会十一届二十一次会议召开,2026-08-25,公司董事会十一届二十一次会议于2026年8月25日在本公司会议室召开，7名董事全部出席。,0.95,,,,,,,,,,
EVT-0348,Event,董事会审议通过公司2026年半年度报告,,,,,,,,,,,,,,,EVT-0348,业绩,董事会审议通过公司2026年半年度报告,,董事会审计与风险委员会审议通过并同意提交，董事会同意公司2026年半年度报告。,0.9,,,,,,,,,,
EVT-0349,Event,委任侯琋文为香港联席公司秘书,,,,,,,,,,,,,,,EVT-0349,重大经营,委任侯琋文为香港联席公司秘书,2026-08-25,董事会同意委任侯琋文女士为公司香港联席公司秘书。,0.9,,,,,,,,,,
EVT-0350,Event,董事会审议通过提质增效重回报2026年度行动方案半年评估报告,,,,,,,,,,,,,,,EVT-0350,重大经营,董事会审议通过提质增效重回报2026年度行动方案半年评估报告,2026-08-25,董事会同意公司提质增效重回报2026年度行动方案半年评估报告。,0.9,,,,,,,,,,
EVT-0351,Event,东方电气向特定对象发行A股股票募集资金到账并完成验资,,,,,,,,,,,,,,,EVT-0351,股权,东方电气向特定对象发行A股股票募集资金到账并完成验资,2025-04-07,"公司向特定对象发行人民币普通股272,878,203股，募集资金总额4,123,189,647.33元已全部到账，并经立信会计师事务所（特殊普通合伙）审验。",0.9,,,,,,,,,,
EVT-0352,Event,"公司以募集资金置换预先投入募投项目的自筹资金66,130.72万元",,,,,,,,,,,,,,,EVT-0352,重大经营,"公司以募集资金置换预先投入募投项目的自筹资金66,130.72万元",2025-04-29,"经董事会十一届九次会议决议，公司以本次募集资金置换预先已投入募集资金投资项目自筹资金66,130.72万元。",0.9,,,,,,,,,,
EVT-0353,Event,董事会审议通过使用部分暂时闲置募集资金进行现金管理的议案,,,,,,,,,,,,,,,EVT-0353,重大经营,董事会审议通过使用部分暂时闲置募集资金进行现金管理的议案,2025-04-29,公司董事会十一届九次会议审议通过使用额度不超过人民币9.30亿元的闲置募集资金进行现金管理。,0.9,,,,,,,,,,
EVT-0354,Event,2026年半年度募集资金专项报告经董事会批准报出,,,,,,,,,,,,,,,EVT-0354,重大经营,2026年半年度募集资金专项报告经董事会批准报出,2026-08-25,2026年半年度募集资金存放、管理与使用情况专项报告经公司董事会批准报出。,0.9,,,,,,,,,,
EVT-0355,Event,匈牙利宝思德化学公司MDI、TDI等一体化装置停产检修,,,,,,,,,,,,,,,EVT-0355,重大经营,匈牙利宝思德化学公司MDI、TDI等一体化装置停产检修,2026-07-17,匈牙利宝思德化学公司MDI、TDI等一体化装置及相关配套装置于2026年7月17日开始陆续停产检修。,0.95,,,,,,,,,,
EVT-0356,Event,匈牙利宝思德化学公司装置复产,,,,,,,,,,,,,,,EVT-0356,重大经营,匈牙利宝思德化学公司装置复产,2026-08-26,上述装置停产检修结束，恢复正常生产。,0.95,,,,,,,,,,
EVT-0357,Event,2026年A股员工持股计划完成股票非交易过户,,,,,,,,,,,,,,,EVT-0357,股权,2026年A股员工持股计划完成股票非交易过户,2026-08-24,"公司回购专用证券账户持有的22,736,500股于2026年8月24日以21.30元/股过户至2026年A股员工持股计划账户。",0.95,,,,,,,,,,
EVT-0358,Event,2026年A股员工持股计划设立,,,,,,,,,,,,,,,EVT-0358,股权,2026年A股员工持股计划设立,2026-08-24,"本期员工持股计划实际设立规模为484,287,450元，资金来源为计提的奖励基金，参加对象共计5,202人。",0.9,,,,,,,,,,
EVT-0359,Event,CSI MTN Limited设立境外中期票据计划并由中信证券国际提供担保,,,,,,,,,,,,,,,EVT-0359,重大合同,CSI MTN Limited设立境外中期票据计划并由中信证券国际提供担保,2022-03-29,CSI MTN Limited于2022年3月29日设立境外中期票据计划，该中票计划由中信证券国际提供担保。,0.9,,,,,,,,,,
EVT-0360,Event,CSI MTN Limited在中票计划下发行4亿美元票据,,,,,,,,,,,,,,,EVT-0360,重大经营,CSI MTN Limited在中票计划下发行4亿美元票据,2026-08-25,发行人于2026年8月25日在中票计划下发行一笔票据，发行金额4亿美元，由中信证券国际提供担保。,0.92,,,,,,,,,,
EVT-0361,Event,北方华创披露2026年半年度募集资金存放与使用情况,,,,,,,,,,,,,,,EVT-0361,重大经营,北方华创披露2026年半年度募集资金存放与使用情况,,公司披露截至2026年6月30日两期非公开发行募集资金的使用、存放及专户余额情况。,0.9,,,,,,,,,,
EVT-0362,Event,全资子公司使用闲置募集资金暂时补充流动资金,,,,,,,,,,,,,,,EVT-0362,重大经营,全资子公司使用闲置募集资金暂时补充流动资金,2025-10-30,"公司董事会同意全资子公司北京北方华创微电子装备有限公司使用闲置募集资金125,000万元暂时补充流动资金。",0.9,,,,,,,,,,
EVT-0363,Event,盐湖股份董事会审议通过续聘天职国际为2026年度财务报表和内部控制审计机构的议案,,,,,,,,,,,,,,,EVT-0363,重大经营,盐湖股份董事会审议通过续聘天职国际为2026年度财务报表和内部控制审计机构的议案,2026-08-25,公司第九届董事会第二十一次会议以12票同意、0票反对、0票弃权审议通过续聘天职国际会计师事务所为公司2026年度财务报表和内部控制审计机构的议案，该议案尚需提交股东会审议。,0.95,,,,,,,,,,
EVT-0364,Event,盐湖股份董事会审计委员会审议通过续聘天职国际的议案,,,,,,,,,,,,,,,EVT-0364,重大经营,盐湖股份董事会审计委员会审议通过续聘天职国际的议案,2026-08-20,2026年8月20日续聘天职国际会计师事务所为2026年度财务报表和内部控制审计机构的议案经公司第九届董事会审计委员会2026年第三次会议审议通过。,0.92,,,,,,,,,,
EVT-0365,Event,盐湖股份2026年度审计费用确定为372万元,,,,,,,,,,,,,,,EVT-0365,重大经营,盐湖股份2026年度审计费用确定为372万元,,2026年度审计费用共计372万元（含所属各子公司），较2025年审计费用增加30万元。,0.9,,,,,,,,,,
EVT-0366,Event,潍柴动力定于2026年9月14日召开2026年第二次临时股东会,,,,,,,,,,,,,,,EVT-0366,重大经营,潍柴动力定于2026年9月14日召开2026年第二次临时股东会,2026-09-14,公司定于2026年9月14日以现场表决与网络投票相结合方式召开2026年第二次临时股东会。,0.95,,,,,,,,,,
EVT-0367,Event,提请股东会审议向中国重型汽车集团等销售产品及采购产品等关联交易议案,,,,,,,,,,,,,,,EVT-0367,重大经营,提请股东会审议向中国重型汽车集团等销售产品及采购产品等关联交易议案,,公司提请临时股东会审议向中国重型汽车集团有限公司及其附属（关联）公司销售产品及采购产品等关联交易议案，议案1-6属关联/关连交易。,0.85,,,,,,,,,,
EVT-0368,Event,提请股东会审议选举刘义为公司执行董事的议案,,,,,,,,,,,,,,,EVT-0368,重大经营,提请股东会审议选举刘义为公司执行董事的议案,,公司提请2026年第二次临时股东会审议关于选举刘义先生为公司执行董事的议案，仅选举一名执行董事，不适用累积投票制。,0.9,,,,,,,,,,
EVT-0369,Event,财政部颁布《企业会计准则解释第20 号》,,,,,,,,,,,,,,,EVT-0369,政策,财政部颁布《企业会计准则解释第20 号》,2026-06-17,财政部颁布《关于印发<企业会计准则解释第20号>的通知》，该解释自公布之日起施行。,0.9,,,,,,,,,,
EVT-0370,Event,财政部修订发布《企业会计准则第25 号——保险合同》,,,,,,,,,,,,,,,EVT-0370,政策,财政部修订发布《企业会计准则第25 号——保险合同》,2020-12-24,财政部修订发布《企业会计准则第25 号——保险合同》，其他执行企业会计准则的企业自2026 年1 月1 日起执行。,0.9,,,,,,,,,,
EVT-0371,Event,豪威集成电路（集团）股份有限公司会计政策变更,,,,,,,,,,,,,,,EVT-0371,政策,豪威集成电路（集团）股份有限公司会计政策变更,2026-06-17,公司根据财政部颁发的《企业会计准则解释第20 号》以及《企业会计准则第25 号——保险合同》的要求进行会计政策变更，无需提交董事会和股东会审议。,0.9,,,,,,,,,,
EVT-0372,Event,长江电力披露控股股东三峡集团增持股份计划,,,,,,,,,,,,,,,EVT-0372,股权,长江电力披露控股股东三峡集团增持股份计划,2025-08-23,长江电力于2025年8月23日披露控股股东三峡集团增持股份计划，拟增持金额不低于40亿元、不高于80亿元。,0.95,,,,,,,,,,
EVT-0373,Event,三峡集团完成本次增持,,,,,,,,,,,,,,,EVT-0373,股权,三峡集团完成本次增持,,"三峡集团通过上交所交易系统累计增持长江电力股份161,581,335股，累计增持金额449,853万元，本次增持计划实施完毕。",0.95,,,,,,,,,,
EVT-0374,Event,增持后三峡集团及一致行动人合计持股53.23%,,,,,,,,,,,,,,,EVT-0374,股权,增持后三峡集团及一致行动人合计持股53.23%,,"本次增持后三峡集团及其一致行动人合计持有长江电力13,023,220,337股，占公司总股本比例为53.23%。",0.9,,,,,,,,,,
EVT-0375,Event,律师认为本次增持可免于发出要约,,,,,,,,,,,,,,,EVT-0375,监管,律师认为本次增持可免于发出要约,,本所律师认为本次增持符合《收购办法》第六十三条规定的情形，增持方可以免于发出要约。,0.9,,,,,,,,,,
EVT-0376,Event,伊利股份2025年年度股东会审议通过注册发行DFI议案,,,,,,,,,,,,,,,EVT-0376,重大经营,伊利股份2025年年度股东会审议通过注册发行DFI议案,2026-05-20,公司2025年年度股东会审议并通过了关于申请注册发行多品种债务融资工具（DFI）的议案，同意注册发行余额合计不超过450亿元人民币。,0.9,,,,,,,,,,
EVT-0377,Event,交易商协会接受伊利股份债务融资工具注册,,,,,,,,,,,,,,,EVT-0377,监管,交易商协会接受伊利股份债务融资工具注册,,公司近日收到交易商协会出具的编号为“中市协注〔2026〕DFI57号”《接受注册通知书》，交易商协会接受公司债务融资工具注册。,0.9,,,,,,,,,,
EVT-0378,Event,国电南瑞召开2026年半年度业绩说明会,,,,,,,,,,,,,,,EVT-0378,重大经营,国电南瑞召开2026年半年度业绩说明会,2026-09-01,公司计划于2026年9月1日上午11:00-12:00通过上证路演中心网络文字互动方式举行2026年半年度业绩说明会，与投资者交流半年度的经营成果及财务指标。,0.9,,,,,,,,,,
EVT-0379,Event,国电南瑞发布2026年半年度报告,,,,,,,,,,,,,,,EVT-0379,业绩,国电南瑞发布2026年半年度报告,2026-08-27,公司将于2026年8月27日发布公司2026年半年度报告。,0.9,,,,,,,,,,
EVT-0380,Event,HRG2010胶囊药品上市许可申请获国家药监局受理,,,,,,,,,,,,,,,EVT-0380,产品,HRG2010胶囊药品上市许可申请获国家药监局受理,,公司收到国家药监局下发的《受理通知书》，公司HRG2010胶囊的药品上市许可申请获国家药监局受理。,0.95,,,,,,,,,,
EVT-0381,Event,HRG2010胶囊Ⅲ期确证性研究（HRG2010-301）,,,,,,,,,,,,,,,EVT-0381,产品,HRG2010胶囊Ⅲ期确证性研究（HRG2010-301）,,此次申报上市基于中国首个在帕金森病患者中以卡左双多巴缓释片为阳性对照的Ⅲ期确证性研究（HRG2010-301），由北京医院陈海波教授担任主要研究者，全国84家中心共同参与。,0.9,,,,,,,,,,
EVT-0382,Event,透景生命医疗器械注册申请获上海市药品监督管理局受理,,,,,,,,,,,,,,,EVT-0382,产品,透景生命医疗器械注册申请获上海市药品监督管理局受理,,公司申报的十五项自身免疫肌炎抗体谱IgG检测试剂盒（流式荧光发光法）医疗器械注册申请于近日获得上海市药品监督管理局受理。,0.95,,,,,,,,,,
EVT-0383,Event,该注册申请进入受理阶段，后续需技术审评、行政审批、核发批件,,,,,,,,,,,,,,,EVT-0383,监管,该注册申请进入受理阶段，后续需技术审评、行政审批、核发批件,2026-09-24,目前审批阶段为注册申请受理阶段，后续尚需履行的审批流程为技术审评、行政审批、核发批件。,0.9,,,,,,,,,,
EVT-0384,Event,寧德時代變更香港主要營業地址,,,,,,,,,,,,,,,EVT-0384,重大经营,寧德時代變更香港主要營業地址,2026-08-25,本公司宣布在香港的主要營業地址變更為香港中環畢打街20號會德豐大廈5樓，自2026年8月25日起生效。,0.95,,,,,,,,,,
EVT-0385,Event,中国证监会同意东方财富证券向专业投资者公开发行不超过400亿元公司债券的注册申请,,,,,,,,,,,,,,,EVT-0385,监管,中国证监会同意东方财富证券向专业投资者公开发行不超过400亿元公司债券的注册申请,,中国证监会作出批复，同意东方财富证券向专业投资者公开发行面值总额不超过400亿元公司债券的注册申请。,0.95,,,,,,,,,,
EVT-0386,Event,东方财富证券完成2026年面向专业投资者公开发行公司债券（第四期）发行,,,,,,,,,,,,,,,EVT-0386,重大经营,东方财富证券完成2026年面向专业投资者公开发行公司债券（第四期）发行,,东方财富证券以网下面向专业机构投资者询价配售方式完成本期债券发行，网下实际发行规模36亿元。,0.95,,,,,,,,,,
EVT-0387,Event,本期债券品种二实际发行26亿元、票面利率1.85%,,,,,,,,,,,,,,,EVT-0387,重大经营,本期债券品种二实际发行26亿元、票面利率1.85%,,本期债券品种二（26东财证券08）期限5年期，实际发行规模26亿元，票面利率1.85%，发行价格每张100元。,0.9,,,,,,,,,,
EVT-0388,Event,本期债券拟在深圳证券交易所上市交易，募集资金用于补充东方财富证券营运资金,,,,,,,,,,,,,,,EVT-0388,重大经营,本期债券拟在深圳证券交易所上市交易，募集资金用于补充东方财富证券营运资金,,本期债券拟在深圳证券交易所上市交易，募集资金用于补充东方财富证券营运资金。,0.9,,,,,,,,,,
EVT-0389,Event,立讯精密董事会审议通过2026年半年度利润分配方案,,,,,,,,,,,,,,,EVT-0389,股权,立讯精密董事会审议通过2026年半年度利润分配方案,2026-08-24,公司召开第六届董事会第二十八次会议，审议通过了《关于2026 年半年度利润分配的方案》。,0.92,,,,,,,,,,
EVT-0390,Event,立讯精密披露2026年半年度未经审计净利润,,,,,,,,,,,,,,,EVT-0390,业绩,立讯精密披露2026年半年度未经审计净利润,,"公司2026年半年度财务报表（未经审计）显示归属于上市公司股东的净利润为7,842,698,288.86 元。",0.9,,,,,,,,,,
EVT-0391,Event,立讯精密2025年年度股东会授权董事会制定并执行2026年中期分红方案,,,,,,,,,,,,,,,EVT-0391,股权,立讯精密2025年年度股东会授权董事会制定并执行2026年中期分红方案,2026-05-22,公司于2026年5月22日召开2025年年度股东会，审议通过了《关于提请股东会授权董事会制定并执行2026 年中期分红方案的议案》，本次利润分配方案无需提交股东会审议。,0.9,,,,,,,,,,
EVT-0392,Event,上汽集团发布2026年半年度报告,,,,,,,,,,,,,,,EVT-0392,业绩,上汽集团发布2026年半年度报告,2026-08-29,公司将于2026年8月29日发布2026年半年度报告。,0.9,,,,,,,,,,
EVT-0393,Event,上汽集团召开2026年半年度业绩说明会,,,,,,,,,,,,,,,EVT-0393,业绩,上汽集团召开2026年半年度业绩说明会,2026-08-31,公司计划以网络互动方式举行2026年半年度业绩说明会，就投资者关心的问题进行交流。,0.95,,,,,,,,,,
EVT-0394,Event,中国石化董事会审议通过2026年上半年计提减值准备议案,,,,,,,,,,,,,,,EVT-0394,重大经营,中国石化董事会审议通过2026年上半年计提减值准备议案,2026-08-21,公司于2026年8月21日召开第九届董事会第十四次会议，审议通过《关于2026年上半年计提减值准备的议案》。,0.95,,,,,,,,,,
EVT-0395,Event,中国石化2026年上半年计提减值准备合计160.30亿元,,,,,,,,,,,,,,,EVT-0395,业绩,中国石化2026年上半年计提减值准备合计160.30亿元,,因油价冲高回落，部分原油及炼化产成品库存出现减值迹象，公司计提减值准备合计人民币160.30亿元。,0.95,,,,,,,,,,
EVT-0396,Event,计提减值准备减少中国石化2026年半年度合并净利润156.58亿元,,,,,,,,,,,,,,,EVT-0396,业绩,计提减值准备减少中国石化2026年半年度合并净利润156.58亿元,2026-08-21,计提减值准备事项全额纳入公司2026年半年度经营业绩，将减少2026年半年度合并净利润人民币156.58亿元（含转回）。,0.9,,,,,,,,,,
EVT-0397,Event,公司召开职工代表大会就2026年员工持股计划征求意见,,,,,,,,,,,,,,,EVT-0397,股权,公司召开职工代表大会就2026年员工持股计划征求意见,2026-05-07,公司召开第九届二次职工（会员）代表大会，就拟实施本次员工持股计划事宜征求员工意见。,0.9,,,,,,,,,,
EVT-0398,Event,公司董事会临时会议审议通过2026年员工持股计划草案等议案,,,,,,,,,,,,,,,EVT-0398,股权,公司董事会临时会议审议通过2026年员工持股计划草案等议案,2026-05-08,公司召开第九届董事会2026年第6次临时会议，审议通过员工持股计划（草案）及其摘要、管理办法及授权董事会办理相关事宜的议案。,0.9,,,,,,,,,,
EVT-0399,Event,公司2025年年度股东会审议通过2026年员工持股计划相关议案,,,,,,,,,,,,,,,EVT-0399,股权,公司2025年年度股东会审议通过2026年员工持股计划相关议案,2026-06-05,公司召开2025年年度股东会，审议通过员工持股计划（草案）及其摘要、管理办法和授权董事会办理相关事宜的议案。,0.9,,,,,,,,,,
EVT-0400,Event,公司调整2026年员工持股计划受让价格,,,,,,,,,,,,,,,EVT-0400,股权,公司调整2026年员工持股计划受让价格,2026-08-21,公司第九届董事会第四次会议审议通过调整议案，因实施2025年度利润分配及2026年中期利润分配，受让价格由19.36元/股调整为18.56元/股。,0.9,,,,,,,,,,
EVT-0401,Event,中铁一局集团有限公司为中铁一局集团物资工贸有限公司提供保函担保,,,,,,,,,,,,,,,EVT-0401,重大合同,中铁一局集团有限公司为中铁一局集团物资工贸有限公司提供保函担保,2026-04-07,"中铁一局集团有限公司以连带责任担保方式为全资子公司中铁一局集团物资工贸有限公司在建行陕西省分行提供2,137.84万元保函担保。",0.9,,,,,,,,,,
EVT-0402,Event,中铁电气化局集团有限公司为中铁电气化局集团（香港）有限公司提供保函担保,,,,,,,,,,,,,,,EVT-0402,重大合同,中铁电气化局集团有限公司为中铁电气化局集团（香港）有限公司提供保函担保,2026-05-29,"中铁电气化局集团有限公司以连带责任担保方式为中铁电气化局集团（香港）有限公司在香港上海汇丰银行有限公司提供25,986.00万元保函担保。",0.9,,,,,,,,,,
EVT-0403,Event,中国铁建召开2026年半年度业绩说明会,,,,,,,,,,,,,,,EVT-0403,业绩,中国铁建召开2026年半年度业绩说明会,2026-09-02,中国铁建计划于2026年9月2日15:00-16:00以网络互动方式在上证路演中心举行2026年半年度业绩说明会，就投资者关心的问题进行交流。,0.95,,,,,,,,,,
EVT-0404,Event,中国铁建发布2026年半年度报告,,,,,,,,,,,,,,,EVT-0404,业绩,中国铁建发布2026年半年度报告,2026-08-29,中国铁建将于2026年8月29日发布公司2026年半年度报告。,0.9,,,,,,,,,,
EVT-0405,Event,交易商协会接受通威股份债务融资工具注册,,,,,,,,,,,,,,,EVT-0405,监管,交易商协会接受通威股份债务融资工具注册,2025-04-28,通威股份收到中国银行间市场交易商协会下发的《接受注册通知书》，交易商协会决定接受公司债务融资工具注册。,0.9,,,,,,,,,,
EVT-0406,Event,通威股份完成2026年度第六期绿色超短期融资券发行,,,,,,,,,,,,,,,EVT-0406,重大经营,通威股份完成2026年度第六期绿色超短期融资券发行,2026-08-21,"通威股份完成2026年度第六期绿色超短期融资券发行工作，计划与实际发行总额均为50,000.00万元，发行利率2.29%。",0.9,,,,,,,,,,
EVT-0407,Event,通威股份本期募集资金全额到账,,,,,,,,,,,,,,,EVT-0407,重大经营,通威股份本期募集资金全额到账,2026-08-21,本次发行的募集资金已于2026年8月21日全额到账。,0.9,,,,,,,,,,
EVT-0408,Event,招商银行召开2026年中期业绩说明会,,,,,,,,,,,,,,,EVT-0408,业绩,招商银行召开2026年中期业绩说明会,2026-08-31,招商银行拟以网络直播方式召开2026年中期业绩说明会，会议时间为北京时间2026年8月31日上午9:30-11:30。,0.95,,,,,,,,,,
EVT-0409,Event,批准2026年二季度末母公司提取各项资产减值准备,,,,,,,,,,,,,,,EVT-0409,重大经营,批准2026年二季度末母公司提取各项资产减值准备,2026-08-20,"公司董事会批准2026年二季度末母公司提取各项资产减值准备的议案，期末坏账准备余额21,623,470.58元。",0.9,,,,,,,,,,
EVT-0410,Event,批准2026年半年度报告（全文及摘要）,,,,,,,,,,,,,,,EVT-0410,业绩,批准2026年半年度报告（全文及摘要）,2026-08-22,董事会批准《2026年半年度报告（全文及摘要）》，具体内容于2026年8月22日在上海证券交易所网站发布。,0.9,,,,,,,,,,
EVT-0411,Event,批准2026年上半年度利润分配议案,,,,,,,,,,,,,,,EVT-0411,股权,批准2026年上半年度利润分配议案,2026-08-22,"公司拟派发2026年上半年度现金股利每股0.13元（含税），以7月末扣除回购专用账户后的股份总数21,745,301,092股为基数，预计分红2,826,889,141.96元（含税）。",0.9,,,,,,,,,,
EVT-0412,Event,调整2026年度固定资产投资规模至170.15亿元,,,,,,,,,,,,,,,EVT-0412,重大经营,调整2026年度固定资产投资规模至170.15亿元,2026-08-21,董事会批准公司2026年度固定资产投资规模调整至170.15亿元，较原年度预算调增23.91亿元。,0.9,,,,,,,,,,
EVT-0413,Event,中工国际因回购注销股份变更注册资本及总股本,,,,,,,,,,,,,,,EVT-0413,股权,中工国际因回购注销股份变更注册资本及总股本,2026-08-22,"公司因回购注销10,925,792股，注册资本由1,237,408,937元变更为1,226,483,145元，总股本同比例变更。",0.92,,,,,,,,,,
EVT-0414,Event,中工国际完成工商变更登记并换发营业执照,,,,,,,,,,,,,,,EVT-0414,重大经营,中工国际完成工商变更登记并换发营业执照,,"公司完成相关工商变更登记手续，取得北京市市场监督管理局换发的《营业执照》，注册资本已变更为1,226,483,145元。",0.9,,,,,,,,,,
EVT-0415,Event,中兴通讯董事会审议通过公司信用类债券信息披露管理制度,,,,,,,,,,,,,,,EVT-0415,政策,中兴通讯董事会审议通过公司信用类债券信息披露管理制度,2026-08-21,中兴通讯股份有限公司第十届董事会第三十三次会议审议通过《公司信用类债券信息披露管理制度》。,0.9,,,,,,,,,,
EVT-0416,Event,国家金融监督管理总局核准高鹏平安银行董事任职资格,,,,,,,,,,,,,,,EVT-0416,监管,国家金融监督管理总局核准高鹏平安银行董事任职资格,2026-08-22,国家金融监督管理总局批复核准高鹏先生平安银行股份有限公司董事的任职资格。,0.92,,,,,,,,,,
EVT-0417,Event,上海电气董事会审议通过设立境外子公司发行不超过等值5亿欧元境外债券议案,,,,,,,,,,,,,,,EVT-0417,重大经营,上海电气董事会审议通过设立境外子公司发行不超过等值5亿欧元境外债券议案,2026-04-29,公司董事会六届四次会议审议通过关于通过设立境外子公司发行不超过等值5亿欧元境外债券的议案。,0.95,,,,,,,,,,
EVT-0418,Event,公司就本次债券发行取得国家发展和改革委员会外债审核登记证明,,,,,,,,,,,,,,,EVT-0418,监管,公司就本次债券发行取得国家发展和改革委员会外债审核登记证明,,公司已就本次债券发行取得国家发展和改革委员会出具的《企业借用外债审核登记证明》。,0.9,,,,,,,,,,
EVT-0419,Event,发行人15亿元离岸人民币绿色债券完成发行并在香港联交所上市,,,,,,,,,,,,,,,EVT-0419,重大经营,发行人15亿元离岸人民币绿色债券完成发行并在香港联交所上市,2026-08-20,发行人本次债券中15亿元离岸人民币绿色债券已完成发行工作，并于2026年8月20日在香港联合交易所有限公司上市，年利率1.8%，期限3年。,0.9,,,,,,,,,,
EVT-0420,Event,中国平安2026年上半年营运利润841.96亿元,,,,,,,,,,,,,,,EVT-0420,业绩,中国平安2026年上半年营运利润841.96亿元,,2026年上半年公司实现归属于母公司股东的营运利润841.96亿元，同比增长8.3%。,0.95,,,,,,,,,,
EVT-0421,Event,董事会建议派发2026年中期股息每股0.98元,,,,,,,,,,,,,,,EVT-0421,股权,董事会建议派发2026年中期股息每股0.98元,,公司董事会建议向股东派发2026年中期股息每股现金人民币0.98元（含税），并向H股股东提供以人民币或港币收取股息的选择。,0.9,,,,,,,,,,
EVT-0422,Event,2026年上半年组织业绩发布会并参加投资者会议178次,,,,,,,,,,,,,,,EVT-0422,重大经营,2026年上半年组织业绩发布会并参加投资者会议178次,,2026年上半年公司共组织现场业绩发布会1次、电话业绩发布会1次，参加投资者会议共178次。,0.9,,,,,,,,,,
EVT-0423,Event,公司建立核心人员持股计划及长期服务计划,,,,,,,,,,,,,,,EVT-0423,重大经营,公司建立核心人员持股计划及长期服务计划,,公司建立员工持股计划，包括自2015年起实施的核心人员持股计划和自2019年起实施的长期服务计划。,0.9,,,,,,,,,,
EVT-0424,Event,牧原食品集团股份有限公司发行2026年度第一期短期融资券（乡村振兴）,,,,,,,,,,,,,,,EVT-0424,重大经营,牧原食品集团股份有限公司发行2026年度第一期短期融资券（乡村振兴）,2026-08-18,公司于2026年8月18日发行2026年度第一期短期融资券（乡村振兴），发行规模10亿元人民币，募集资金于8月19日全部到账。,0.95,,,,,,,,,,
EVT-0425,Event,歌尔股份董事会审议通过“质量回报双提升”行动方案进展议案,,,,,,,,,,,,,,,EVT-0425,重大经营,歌尔股份董事会审议通过“质量回报双提升”行动方案进展议案,2026-08-20,公司于2026年8月20日召开第七届董事会第九次会议，审议通过《关于“质量回报双提升”行动方案进展的议案》。,0.92,,,,,,,,,,
EVT-0426,Event,歌尔股份2026年上半年营业收入同比增长6.65%,,,,,,,,,,,,,,,EVT-0426,业绩,歌尔股份2026年上半年营业收入同比增长6.65%,,"2026年上半年公司实现营业收入4,004,629.27万元，同比增长6.65%，归属于上市公司股东的净利润146,584.52万元，同比增长3.46%。",0.9,,,,,,,,,,
EVT-0427,Event,歌尔股份回购方案实施完毕,,,,,,,,,,,,,,,EVT-0427,股权,歌尔股份回购方案实施完毕,2026-04-10,"回购于2026年4月10日实施完毕，公司累计回购股份44,199,946股，占总股本比例1.25%，支付金额约12亿元。",0.92,,,,,,,,,,
EVT-0428,Event,歌尔股份实施2025年度权益分派现金分红,,,,,,,,,,,,,,,EVT-0428,股权,歌尔股份实施2025年度权益分派现金分红,,公司实施2025年度权益分派，向全体股东每10股派发现金红利2.00元（含税），现金分红总额约7亿元。,0.9,,,,,,,,,,
EVT-0429,Event,格力电器回购部分社会公众股份方案获股东会审议通过,,,,,,,,,,,,,,,EVT-0429,股权,格力电器回购部分社会公众股份方案获股东会审议通过,2026-06-30,公司股东会审议通过回购部分社会公众股份方案，回购资金总额50亿元至100亿元，回购价格上限56.55元/股,0.95,,,,,,,,,,
EVT-0430,Event,格力电器2025年年度权益分派实施,,,,,,,,,,,,,,,EVT-0430,股权,格力电器2025年年度权益分派实施,2026-08-27,"公司以剔除已回购股份后的5,600,910,141股为基数每10股派现20.00元，股权登记日2026年8月26日，除权除息日2026年8月27日",0.95,,,,,,,,,,
EVT-0431,Event,格力电器调整股份回购价格上限,,,,,,,,,,,,,,,EVT-0431,股权,格力电器调整股份回购价格上限,2026-08-27,因实施2025年年度权益分派，回购价格上限由56.55元/股调整为54.55元/股，自2026年8月27日起生效,0.95,,,,,,,,,,
EVT-0432,Event,中芯国际董事会审议批准刊发2026年中期业绩,,,,,,,,,,,,,,,EVT-0432,业绩,中芯国际董事会审议批准刊发2026年中期业绩,2026-08-27,中芯国际董事会订于2026年8月27日审议批准刊发公司截至2026年6月30日止六个月未经审计中期业绩公告。,0.92,,,,,,,,,,
EVT-0433,Event,公司首次以集中竞价交易方式回购股份,,,,,,,,,,,,,,,EVT-0433,股权,公司首次以集中竞价交易方式回购股份,2026-08-19,"2026年8月19日公司通过上海证券交易所交易系统以集中竞价交易方式首次回购公司股份2,414,402股，使用资金总额人民币149,099,932.68元。",0.95,,,,,,,,,,
EVT-0434,Event,中國鐵建董事會會議審議中期業績,,,,,,,,,,,,,,,EVT-0434,重大经营,中國鐵建董事會會議審議中期業績,2026-08-28,中國鐵建董事會將於2026年8月28日在北京舉行董事會會議，審議批准截至2026年6月30日止六個月未經審計的中期業績。,0.95,,,,,,,,,,
EVT-0435,Event,特变电工回购股份期限届满并完成回购,,,,,,,,,,,,,,,EVT-0435,股权,特变电工回购股份期限届满并完成回购,2023-11-07,"回购期限届满，公司已实际回购公司股份32,543,837股，占当时总股本的0.64%。",0.95,,,,,,,,,,
EVT-0436,Event,特变电工变更回购股份用途为注销并减少注册资本,,,,,,,,,,,,,,,EVT-0436,股权,特变电工变更回购股份用途为注销并减少注册资本,,"公司将已回购尚未使用的32,543,837股股份用途变更为注销并减少注册资本，注销后总股本与注册资本相应减少。",0.95,,,,,,,,,,
EVT-0437,Event,特变电工修订《公司章程》,,,,,,,,,,,,,,,EVT-0437,重大经营,特变电工修订《公司章程》,,因回购股份注销导致总股份、注册资本变更，公司对《公司章程》部分条款进行修订。,0.9,,,,,,,,,,
EVT-0438,Event,特变电工延长可转债发行股东会决议有效期,,,,,,,,,,,,,,,EVT-0438,重大经营,特变电工延长可转债发行股东会决议有效期,2026-08-24,提请股东会将向不特定对象发行可转换公司债券股东会决议有效期延长12个月至2027年9月2日。,0.9,,,,,,,,,,
EVT-0439,Event,宝钢股份召开2026年半年度业绩网上说明会,,,,,,,,,,,,,,,EVT-0439,业绩,宝钢股份召开2026年半年度业绩网上说明会,2026-08-24,公司于2026年8月24日上午9:30-11:00通过全景投资者关系互动平台举行2026年半年度业绩网上说明会，管理层在线与投资者交流。,0.95,,,,,,,,,,
EVT-0440,Event,宝钢股份披露2026年半年度报告,,,,,,,,,,,,,,,EVT-0440,业绩,宝钢股份披露2026年半年度报告,2026-08-22,公司计划于2026年8月22日披露2026年半年度报告。,0.9,,,,,,,,,,
EVT-0441,Event,中国证监会同意东方财富证券次级公司债券注册,,,,,,,,,,,,,,,EVT-0441,监管,中国证监会同意东方财富证券次级公司债券注册,,中国证监会同意东方财富证券向专业投资者公开发行面值总额不超过200亿元次级公司债券的注册申请。,0.95,,,,,,,,,,
EVT-0442,Event,东方财富证券完成2026年第三期次级债券发行,,,,,,,,,,,,,,,EVT-0442,重大经营,东方财富证券完成2026年第三期次级债券发行,,东方财富证券完成本期次级债券发行，网下实际发行规模26亿元，品种一14亿元票面利率1.80%，品种二12亿元票面利率2.00%。,0.95,,,,,,,,,,
EVT-0443,Event,本期债券拟在深圳证券交易所上市交易,,,,,,,,,,,,,,,EVT-0443,重大经营,本期债券拟在深圳证券交易所上市交易,,本期债券拟在深圳证券交易所上市交易，募集资金用于偿还东方财富证券有息债务及补充营运资金。,0.9,,,,,,,,,,
EVT-0444,Event,北方华创2026年第一次临时股东会现场会议召开,,,,,,,,,,,,,,,EVT-0444,重大经营,北方华创2026年第一次临时股东会现场会议召开,2026-08-17,公司2026年第一次临时股东会现场会议于2026年8月17日14:30在公司4V15会议室召开，并采用现场投票与网络投票相结合的方式。,0.95,,,,,,,,,,
EVT-0445,Event,股东会审议通过注册发行非金融企业债务融资工具的议案,,,,,,,,,,,,,,,EVT-0445,重大经营,股东会审议通过注册发行非金融企业债务融资工具的议案,2026-08-17,本次股东会审议通过议案1《关于注册发行非金融企业债务融资工具的议案》。,0.93,,,,,,,,,,
EVT-0446,Event,股东会审议通过注册发行应收账款资产支持商业票据的议案,,,,,,,,,,,,,,,EVT-0446,重大经营,股东会审议通过注册发行应收账款资产支持商业票据的议案,2026-08-17,本次股东会审议通过议案2《关于注册发行应收账款资产支持商业票据的议案》。,0.93,,,,,,,,,,
EVT-0447,Event,海天味業董事會會議召開審議中期業績,,,,,,,,,,,,,,,EVT-0447,业绩,海天味業董事會會議召開審議中期業績,2026-08-26,佛山市海天調味食品股份有限公司董事會將於2026年8月26日舉行會議，審議及批准公司及附屬公司截至2026年6月30日止六個月的中期業績及其發佈。,0.95,,,,,,,,,,
EVT-0448,Event,财政部发布《企业会计准则解释第19号》,,,,,,,,,,,,,,,EVT-0448,政策,财政部发布《企业会计准则解释第19号》,2025-12-05,财政部发布《企业会计准则解释第19 号》（财会〔2025〕32 号），自2026年1月1日起施行。,0.95,,,,,,,,,,
EVT-0449,Event,财政部发布《企业会计准则解释第20号》,,,,,,,,,,,,,,,EVT-0449,政策,财政部发布《企业会计准则解释第20号》,2026-06-04,财政部发布《企业会计准则解释第20 号》（财会〔2026〕7 号），自公布之日起施行。,0.95,,,,,,,,,,
EVT-0450,Event,贵州茅台会计政策变更,,,,,,,,,,,,,,,EVT-0450,政策,贵州茅台会计政策变更,2026-08-15,公司根据财政部发布的两项企业会计准则解释进行会计政策变更，变更后按上述解释要求执行。,0.9,,,,,,,,,,
EVT-0451,Event,贵州茅台集团财务有限公司2026年上半年经营业绩披露,,,,,,,,,,,,,,,EVT-0451,业绩,贵州茅台集团财务有限公司2026年上半年经营业绩披露,2026-06-30,2026年1-6月财务公司实现营业收入15.76亿元、利润总额8.02亿元、净利润4.68亿元。,0.9,,,,,,,,,,
EVT-0452,Event,贵州茅台酒股份有限公司在财务公司存款余额301.45亿元,,,,,,,,,,,,,,,EVT-0452,重大经营,贵州茅台酒股份有限公司在财务公司存款余额301.45亿元,2026-06-30,截至2026年6月30日，公司在财务公司存款余额为301.45亿元，无贷款。,0.9,,,,,,,,,,
EVT-0453,Event,财务公司各项监管指标符合监管要求,,,,,,,,,,,,,,,EVT-0453,监管,财务公司各项监管指标符合监管要求,2026-06-30,截至2026年6月30日，财务公司的各项监管指标均符合相关规定要求。,0.9,,,,,,,,,,
EVT-0454,Event,贵州茅台召开第五届董事会2026年度第三次会议,,,,,,,,,,,,,,,EVT-0454,重大经营,贵州茅台召开第五届董事会2026年度第三次会议,2026-08-13,公司以现场结合通讯表决方式召开第五届董事会2026年度第三次会议，应出席董事7人全部出席，由董事长陈华主持。,0.9,,,,,,,,,,
EVT-0455,Event,董事会审议通过《2026年半年度报告》,,,,,,,,,,,,,,,EVT-0455,业绩,董事会审议通过《2026年半年度报告》,2026-08-13,董事会以同意7票、反对0票、弃权0票审议通过《2026年半年度报告》。,0.9,,,,,,,,,,
EVT-0456,Event,向全资子公司数科公司无偿划转i茅台数字营销平台相关资产,,,,,,,,,,,,,,,EVT-0456,重大经营,向全资子公司数科公司无偿划转i茅台数字营销平台相关资产,2026-08-13,会议决定以无偿划转方式向全资子公司数科公司划转i茅台数字营销平台相关信息系统及域名等，并在授权范围内转授权使用“MOUTAI”等商标。,0.9,,,,,,,,,,
EVT-0457,Event,贵州茅台召开2026年半年度业绩说明会,,,,,,,,,,,,,,,EVT-0457,业绩,贵州茅台召开2026年半年度业绩说明会,2026-08-21,公司将于2026年8月21日15:00－16:00通过上证路演中心以网络文字互动方式召开2026年半年度业绩说明会。,0.95,,,,,,,,,,
EVT-0458,Event,独立董事专门会议审议通过公司2026年中期分红方案议案,,,,,,,,,,,,,,,EVT-0458,重大经营,独立董事专门会议审议通过公司2026年中期分红方案议案,,中工国际独立董事专门会议以3票同意审议通过《关于公司2026年中期分红方案的议案》，同意提请第八届董事会第二十五次会议审议。,0.9,,,,,,,,,,
EVT-0459,Event,独立董事专门会议审议通过国机财务2026年半年度风险评估报告议案,,,,,,,,,,,,,,,EVT-0459,重大经营,独立董事专门会议审议通过国机财务2026年半年度风险评估报告议案,,独立董事审阅后认为国机财务运营正常，公司与国机财务之间关联存贷款业务目前不存在风险问题，同意将该议案提请公司董事会审议。,0.9,,,,,,,,,,
EVT-0460,Event,中芯国际公布截至2026年6月30日止三个月未经审核业绩,,,,,,,,,,,,,,,EVT-0460,业绩,中芯国际公布截至2026年6月30日止三个月未经审核业绩,2026-08-13,"中芯国际于2026年8月13日公布截至2026年6月30日止三个月的未经审核业绩，第二季销售收入3,005.6百万美元，毛利率25.3%。",0.95,,,,,,,,,,
EVT-0461,Event,中芯国际发布2026年第三季业绩指引,,,,,,,,,,,,,,,EVT-0461,业绩,中芯国际发布2026年第三季业绩指引,2026-08-13,公司预期2026年第三季收入环比增长2%至4%，毛利率介于26%至28%。,0.9,,,,,,,,,,
EVT-0462,Event,中芯国际2026年8月14日举行电话会议及网上业绩公布,,,,,,,,,,,,,,,EVT-0462,重大经营,中芯国际2026年8月14日举行电话会议及网上业绩公布,2026-08-14,公司于2026年8月14日上午8:30-9:30举行电话会议及网上业绩公布。,0.85,,,,,,,,,,
EVT-0463,Event,中国神华披露2026年7月份主要运营数据,,,,,,,,,,,,,,,EVT-0463,重大经营,中国神华披露2026年7月份主要运营数据,2026-08-14,中国神华能源股份有限公司董事会披露2026年7月份煤炭、运输、发电及煤化工主要运营数据。,0.9,,,,,,,,,,
EVT-0464,Event,中国神华完成发行股份及支付现金购买控股股东国家能源投资集团有限责任公司相关资产,,,,,,,,,,,,,,,EVT-0464,投资并购,中国神华完成发行股份及支付现金购买控股股东国家能源投资集团有限责任公司相关资产,,中国神华发行股份及支付现金购买控股股东国家能源投资集团有限责任公司相关资产的交易已完成，自2026年4月起运营数据包含新并入资产业务量。,0.9,,,,,,,,,,
EVT-0465,Event,万科企业股份有限公司召开董事会会议审议2026年半年度报告,,,,,,,,,,,,,,,EVT-0465,重大经营,万科企业股份有限公司召开董事会会议审议2026年半年度报告,2026-08-27,本公司将于2026年8月27日召开董事会会议，审议2026年半年度报告、财务报表等相关事项。,0.95,,,,,,,,,,
EVT-0466,Event,郭川辞去京东方科技集团股份有限公司董事及董事会专门委员会职务,,,,,,,,,,,,,,,EVT-0466,重大经营,郭川辞去京东方科技集团股份有限公司董事及董事会专门委员会职务,2026-08-12,因工作需要，郭川申请辞去公司董事及董事会专门委员会相关职务，辞职后不再担任公司及控股子公司任何职务，辞职申请自公司收到辞职报告之日生效。,0.95,,,,,,,,,,
EVT-0467,Event,公司首次公开发行A股股票募集资金到位,,,,,,,,,,,,,,,EVT-0467,股权,公司首次公开发行A股股票募集资金到位,2018-05-30,"公司首次公开发行人民币普通股（A股）股票，募集资金净额人民币26,716,439,316.50元已于2018年5月30日到位并完成验资。",0.95,,,,,,,,,,
EVT-0468,Event,公司审议通过使用募集资金向募投项目实施主体增资,,,,,,,,,,,,,,,EVT-0468,投资并购,公司审议通过使用募集资金向募投项目实施主体增资,2018-08-13,公司第一届董事会第八次会议和第一届监事会第四次会议审议通过使用募集资金向深圳富桂等12家子公司增资用于募投项目建设。,0.9,,,,,,,,,,
EVT-0469,Event,"公司审议通过使用募集资金向子公司深圳富桂增资21,354万元",,,,,,,,,,,,,,,EVT-0469,投资并购,"公司审议通过使用募集资金向子公司深圳富桂增资21,354万元",2024-07-29,"公司第三届董事会第十四次会议和第三届监事会第十一次会议审议通过向子公司深圳富桂增资21,354万元用于募投项目建设。",0.9,,,,,,,,,,
EVT-0470,Event,公司2024年年度股东大会审议通过《关于部分募投项目变更的议案》,,,,,,,,,,,,,,,EVT-0470,重大经营,公司2024年年度股东大会审议通过《关于部分募投项目变更的议案》,2025-06-19,公司第三届董事会第二十一次会议、第三届监事会第十七次会议及2025年6月19日召开的2024年年度股东大会审议通过部分募投项目变更事项。,0.9,,,,,,,,,,
EVT-0471,Event,董事会审议通过优化东方风电员工持股办法的议案,,,,,,,,,,,,,,,EVT-0471,股权,董事会审议通过优化东方风电员工持股办法的议案,2026-08-11,董事会同意优化控股子公司东方电气风电股份有限公司员工持股办法，有效票7票全部同意。,0.93,,,,,,,,,,
EVT-0472,Event,董事会审议通过东方风电增资扩股项目议案,,,,,,,,,,,,,,,EVT-0472,投资并购,董事会审议通过东方风电增资扩股项目议案,2026-08-11,董事会同意公司对东方风电增资，增资金额33亿元，有效票7票全部同意。,0.93,,,,,,,,,,
EVT-0473,Event,董事会审议通过东方氢能开展B轮融资暨公司与东方锅炉同步增资的议案,,,,,,,,,,,,,,,EVT-0473,投资并购,董事会审议通过东方氢能开展B轮融资暨公司与东方锅炉同步增资的议案,2026-08-11,董事会同意东方氢能B轮融资方案，融资金额不超过11.70亿元，公司与东方锅炉及外部投资方同步增资。,0.93,,,,,,,,,,
EVT-0474,Event,保利发展2026年7月销售业绩发布,,,,,,,,,,,,,,,EVT-0474,业绩,保利发展2026年7月销售业绩发布,,2026年7月公司实现签约面积77.98万平方米、签约金额149.23亿元，同比分别减少14.30%和17.16%。,0.95,,,,,,,,,,
EVT-0475,Event,保利发展2026年1-7月累计销售业绩发布,,,,,,,,,,,,,,,EVT-0475,业绩,保利发展2026年1-7月累计销售业绩发布,,2026年1-7月公司实现签约面积709.92万平方米、签约金额1500.29亿元，同比分别减少11.76%和8.06%。,0.95,,,,,,,,,,
EVT-0476,Event,公司新增7个房地产项目,,,,,,,,,,,,,,,EVT-0476,投资并购,公司新增7个房地产项目,,"自前次获得房地产项目公告披露以来，公司新增加房地产项目7个，合计我方需支付价款2,046,658万元。",0.95,,,,,,,,,,
EVT-0477,Event,中兴通讯董事会会议将于2026年8月21日举行以批准中期业绩,,,,,,,,,,,,,,,EVT-0477,业绩,中兴通讯董事会会议将于2026年8月21日举行以批准中期业绩,,中兴通讯董事会将于二零二六年八月二十一日在深圳举行会议，藉以批准公司及其附属公司截至二零二六年六月三十日止六个月之中期业绩及其发布。,0.95,,,,,,,,,,
EVT-0478,Event,中兴通讯按《香港上市规则》公布董事会会议通告并同步披露,,,,,,,,,,,,,,,EVT-0478,监管,中兴通讯按《香港上市规则》公布董事会会议通告并同步披露,2026-08-12,中兴通讯根据《香港上市规则》在香港联交所披露易网站刊登董事会会议通告，并按深交所股票上市规则关于境内外同步披露的要求同步披露。,0.9,,,,,,,,,,
EVT-0479,Event,中材国际埃塞子公司与业主签订乌干达200TPD粉磨站项目合同,,,,,,,,,,,,,,,EVT-0479,重大合同,中材国际埃塞子公司与业主签订乌干达200TPD粉磨站项目合同,,"中材国际建筑材料及工程公司（中材国际埃塞子公司）与业主签订乌干达200TPD粉磨站项目合同，按合同需向业主开立预付款保函514,857.60美元。",0.9,,,,,,,,,,
EVT-0480,Event,中材国际与苏州中材按持股比例为乌干达项目开立预付款保函,,,,,,,,,,,,,,,EVT-0480,重大经营,中材国际与苏州中材按持股比例为乌干达项目开立预付款保函,2026-08-06,公司与苏州中材按持股比例以预付款保函形式为乌干达200TPD粉磨站项目提供担保，2026年8月6日收到银行开出相应保函的通知。,0.9,,,,,,,,,,
EVT-0481,Event,中材国际2026年第一次临时股东会审议通过2026年担保计划议案,,,,,,,,,,,,,,,EVT-0481,重大经营,中材国际2026年第一次临时股东会审议通过2026年担保计划议案,2026-02-27,公司2026年第一次临时股东会审议通过了《关于公司2026年担保计划的议案》，授权未来12个月内新增不超过约45.98亿元担保额度。,0.85,,,,,,,,,,
EVT-0482,Event,王军在减持计划期间未减持公司股份,,,,,,,,,,,,,,,EVT-0482,股权,王军在减持计划期间未减持公司股份,,截至本公告披露日，高级副总裁王军未减持公司股份，原计划减持不超过800股未完成。,0.95,,,,,,,,,,
EVT-0483,Event,"李建华集中竞价减持公司15,500股",,,,,,,,,,,,,,,EVT-0483,股权,"李建华集中竞价减持公司15,500股",,"李建华通过集中竞价交易方式合计减持公司股份15,500股，合计减持数量占公司总股本的0.000448%。",0.95,,,,,,,,,,
EVT-0484,Event,平安银行披露2026年半年度报告,,,,,,,,,,,,,,,EVT-0484,业绩,平安银行披露2026年半年度报告,2026-08-15,平安银行拟于2026年8月15日披露《平安银行股份有限公司2026年半年度报告》。,0.95,,,,,,,,,,
EVT-0485,Event,平安银行召开2026年半年度业绩说明会,,,,,,,,,,,,,,,EVT-0485,业绩,平安银行召开2026年半年度业绩说明会,2026-08-17,平安银行于2026年8月17日下午15:00-17:00召开2026年半年度业绩说明会。,0.95,,,,,,,,,,
EVT-0486,Event,平安银行就半年度业绩向投资者征集问题,,,,,,,,,,,,,,,EVT-0486,重大经营,平安银行就半年度业绩向投资者征集问题,2026-08-16,平安银行就2026年半年度业绩和经营情况提前向投资者征集问题，投资者可于2026年8月16日23时59分前发送至本行邮箱。,0.85,,,,,,,,,,
EVT-0487,Event,特变电工审议通过变更回购股份用途并注销暨减少注册资本,,,,,,,,,,,,,,,EVT-0487,股权,特变电工审议通过变更回购股份用途并注销暨减少注册资本,2026-08-06,公司2026年第十一次临时董事会以通讯表决方式审议通过关于变更回购股份用途并注销暨减少注册资本的议案，同意票11票。,0.95,,,,,,,,,,
EVT-0488,Event,特变电工审议通过修订《公司章程》,,,,,,,,,,,,,,,EVT-0488,重大经营,特变电工审议通过修订《公司章程》,2026-08-06,临时董事会审议通过关于修订《公司章程》的议案，同意票11票。,0.95,,,,,,,,,,
EVT-0489,Event,特变电工审议通过召开2026年第三次临时股东会,,,,,,,,,,,,,,,EVT-0489,重大经营,特变电工审议通过召开2026年第三次临时股东会,2026-08-06,临时董事会审议通过公司召开2026年第三次临时股东会的议案，同意票11票。,0.95,,,,,,,,,,
EVT-0490,Event,特变电工召开2026年第十一次临时董事会会议审议通过延长可转债决议有效期及授权期限的议案,,,,,,,,,,,,,,,EVT-0490,重大经营,特变电工召开2026年第十一次临时董事会会议审议通过延长可转债决议有效期及授权期限的议案,2026-08-06,公司召开2026年第十一次临时董事会会议，审议通过延长向不特定对象发行可转换公司债券股东会决议有效期及授权期限的两项议案。,0.9,,,,,,,,,,
EVT-0491,Event,特变电工拟将可转债发行股东会决议有效期延长12个月至2027年9月2日,,,,,,,,,,,,,,,EVT-0491,重大经营,特变电工拟将可转债发行股东会决议有效期延长12个月至2027年9月2日,,提请股东会将本次向不特定对象发行可转换公司债券股东会决议的有效期自原有效期届满之日起延长12个月，即有效期延长至2027年9月2日。,0.9,,,,,,,,,,
EVT-0492,Event,提请股东会延长授权董事会办理可转债具体事宜的期限至2027年9月2日,,,,,,,,,,,,,,,EVT-0492,重大经营,提请股东会延长授权董事会办理可转债具体事宜的期限至2027年9月2日,2026-08-06,提请股东会将授权董事会或董事会授权人士全权办理本次向不特定对象发行可转换公司债券具体事宜的期限延长至2027年9月2日。,0.9,,,,,,,,,,
EVT-0493,Event,阳光电源实施首次股份回购,,,,,,,,,,,,,,,EVT-0493,股权,阳光电源实施首次股份回购,2026-08-06,"公司以集中竞价交易方式首次回购471,800股，占总股本0.0228%，成交总金额49,993,778.00元（不含交易费用）。",0.95,,,,,,,,,,
EVT-0494,Event,牧原食品集團股份有限公司董事會會議通告,,,,,,,,,,,,,,,EVT-0494,重大经营,牧原食品集團股份有限公司董事會會議通告,2026-08-20,本公司董事會定於2026年8月20日舉行董事會會議，考慮及通過截至2026年6月30日止六個月之中期業績及其發佈，並處理其他事項。,0.95,,,,,,,,,,
EVT-0495,Event,五粮液集团公司披露增持公司股票计划,,,,,,,,,,,,,,,EVT-0495,股权,五粮液集团公司披露增持公司股票计划,2026-05-07,"公司披露五粮液集团公司增持公司股票计划公告，计划自2026年5月7日起6个月内增持，金额不低于300,000万元、不超过500,000万元。",0.95,,,,,,,,,,
EVT-0496,Event,"五粮液集团公司增持计划进展：累计增持2,411,300股",,,,,,,,,,,,,,,EVT-0496,股权,"五粮液集团公司增持计划进展：累计增持2,411,300股",2026-08-07,"截至公告披露之日，五粮液集团公司以集中竞价交易方式累计增持公司股份2,411,300股，占总股本0.06%，增持金额199,434,240.41元，增持计划尚未实施完毕。",0.95,,,,,,,,,,
EVT-0497,Event,"五粮液集团公司前12个月内实施增持6,273,266股",,,,,,,,,,,,,,,EVT-0497,股权,"五粮液集团公司前12个月内实施增持6,273,266股",2025-09-30,"自2025年4月9日至2025年9月30日收盘期间，五粮液集团公司以集中竞价交易方式累计增持公司股份6,273,266股，占总股本0.16%，增持金额人民币80,003.63万元。",0.9,,,,,,,,,,
EVT-0498,Event,潍柴动力2025年度分红派息方案获股东会审议通过,,,,,,,,,,,,,,,EVT-0498,股权,潍柴动力2025年度分红派息方案获股东会审议通过,2026-06-22,"公司2025年度分红派息方案获2026年6月22日召开的2025年度股东会会议审议通过，以享有利润分配权的股份总额8,662,144,621股为基数每10股派现3.74元。",0.9,,,,,,,,,,
EVT-0499,Event,"公司完成回购专户中50,252,475股A股股份注销",,,,,,,,,,,,,,,EVT-0499,股权,"公司完成回购专户中50,252,475股A股股份注销",2026-05-26,"2026年5月26日公司完成回购专户中50,252,475股A股股份注销，股本总额由8,712,397,096股减少为8,662,144,621股。",0.9,,,,,,,,,,
EVT-0500,Event,确定A股分红派息股权登记日与除权除息日,,,,,,,,,,,,,,,EVT-0500,股权,确定A股分红派息股权登记日与除权除息日,2026-08-12,本次A股分红派息股权登记日为2026年8月12日，除权除息日为2026年8月13日。,0.9,,,,,,,,,,
EVT-0501,Event,公司委托中国结算深圳分公司代派现金红利,,,,,,,,,,,,,,,EVT-0501,股权,公司委托中国结算深圳分公司代派现金红利,2026-08-13,公司委托中国结算深圳分公司代派的现金红利将于2026年8月13日通过股东托管证券公司直接划入其资金账户。,0.9,,,,,,,,,,
EVT-0502,Event,长江电力总法律顾问潘静辞职并改任二级咨询,,,,,,,,,,,,,,,EVT-0502,重大经营,长江电力总法律顾问潘静辞职并改任二级咨询,2026-07-29,潘静因工作调整辞去中国长江电力股份有限公司总法律顾问职务，改任公司二级咨询。,0.9,,,,,,,,,,
EVT-0503,Event,股东大会审议通过2025-2027年员工持股计划相关议案并授权董事会实施每期员工持股计划,,,,,,,,,,,,,,,EVT-0503,股权,股东大会审议通过2025-2027年员工持股计划相关议案并授权董事会实施每期员工持股计划,2025-12-08,公司2025年第三次临时股东大会审议通过2025-2027年员工持股计划草案及管理办法，并授权董事会设立并实施每期员工持股计划。,0.95,,,,,,,,,,
EVT-0504,Event,第九届董事会第四次会议审议通过2026年员工持股计划（草案）,,,,,,,,,,,,,,,EVT-0504,股权,第九届董事会第四次会议审议通过2026年员工持股计划（草案）,2026-07-21,公司召开第九届董事会第四次会议，审议通过2026年员工持股计划（草案）及其摘要的议案。,0.95,,,,,,,,,,
EVT-0505,Event,2026年员工持股计划证券账户开立完成,,,,,,,,,,,,,,,EVT-0505,股权,2026年员工持股计划证券账户开立完成,2026-08-05,公司2026年员工持股计划的证券账户已开立完成，账户名称、号码及开户时间已披露，截至公告日尚未持有公司股票。,0.95,,,,,,,,,,
EVT-0506,Event,董事会审议通过不向下修正“韦尔转债”转股价格,,,,,,,,,,,,,,,EVT-0506,股权,董事会审议通过不向下修正“韦尔转债”转股价格,2026-08-04,公司董事会决定本次不行使向下修正“韦尔转债”转股价格的权利，并同意至“韦尔转债”到期日再次触发条款时亦不提出修正方案。,0.92,,,,,,,,,,
EVT-0507,Event,董事会审议通过变更回购股份用途并注销,,,,,,,,,,,,,,,EVT-0507,股权,董事会审议通过变更回购股份用途并注销,2026-08-04,"公司董事会同意将已回购尚未使用的8,750,205股用途变更为用于注销并减少注册资本，该议案需提交股东会审议。",0.92,,,,,,,,,,
EVT-0508,Event,董事会提请召开2026年第二次临时股东会,,,,,,,,,,,,,,,EVT-0508,重大经营,董事会提请召开2026年第二次临时股东会,2026-08-04,董事会提请择日以现场与网络投票相结合的方式召开公司2026年第二次临时股东会，审议变更回购股份用途并注销的议案。,0.9,,,,,,,,,,
EVT-0509,Event,中国铁建公布2026年第二季度主要经营数据,,,,,,,,,,,,,,,EVT-0509,重大经营,中国铁建公布2026年第二季度主要经营数据,2026-08-05,中国铁建公布2026年第二季度及本年累计新签合同额等主要经营数据，合计8781.583亿元，同比减少16.85%。,0.9,,,,,,,,,,
EVT-0510,Event,中国铁建披露无已签订尚未执行的重大项目,,,,,,,,,,,,,,,EVT-0510,重大合同,中国铁建披露无已签订尚未执行的重大项目,2026-08-05,中国铁建在公告中说明公司目前无已签订尚未执行的重大项目。,0.9,,,,,,,,,,
EVT-0511,Event,2026年7月公司为全资子公司日常经营业务新增开立银行保函担保,,,,,,,,,,,,,,,EVT-0511,重大经营,2026年7月公司为全资子公司日常经营业务新增开立银行保函担保,,"2026年7月公司为多家全资子公司日常经营业务开立银行保函合计62,588.98万元，隆基乐叶为LONGI SOLAR TECHNOLOGY SPAIN, S.L.U.、LONGI (H.K.) TRADING LIMITED开立银行保函合计5,657.04万元。",0.9,,,,,,,,,,
EVT-0512,Event,董事会及股东会审议通过2026年担保额度预计等相关议案,,,,,,,,,,,,,,,EVT-0512,重大经营,董事会及股东会审议通过2026年担保额度预计等相关议案,,公司第六届董事会2025年第四次会议、2025年第二次临时股东会审议通过2026年公司及子公司间担保额度预计等议案，本次新增担保在授权范围内无需另行审议。,0.9,,,,,,,,,,
EVT-0513,Event,公司披露截至2026年7月末累计对外担保情况,,,,,,,,,,,,,,,EVT-0513,重大经营,公司披露截至2026年7月末累计对外担保情况,2026-08-05,截至2026年7月末，公司及子公司已提供的担保金额累计为242.86亿元，占公司最近一期经审计归母净资产44.75%，无逾期担保。,0.9,,,,,,,,,,
EVT-0514,Event,中天科技披露第六期股份回购进展,,,,,,,,,,,,,,,EVT-0514,股权,中天科技披露第六期股份回购进展,,"2026年7月公司通过集中竞价交易方式累计回购股份200.13万股，占总股本0.0586%，支付金额5,953.67万元。",0.92,,,,,,,,,,
EVT-0515,Event,通威股份披露2026年7月对外担保进展,,,,,,,,,,,,,,,EVT-0515,重大经营,通威股份披露2026年7月对外担保进展,2026-07-31,2026年7月1日至7月31日，公司及下属子公司相互提供担保金额1.09亿元，为合营公司提供担保0.04亿元，农业担保公司为客户提供担保责任金额1.97亿元。,0.9,,,,,,,,,,
EVT-0516,Event,公司董事会及股东大会审议通过2026年度担保议案,,,,,,,,,,,,,,,EVT-0516,重大经营,公司董事会及股东大会审议通过2026年度担保议案,2026-05-20,公司于2026年4月28日召开第九届董事会第九次会议、2026年5月20日召开2025年年度股东大会，审议通过2026年度相互提供担保及为客户提供担保的议案。,0.9,,,,,,,,,,
EVT-0517,Event,万华化学烟台产业园110万吨/年MDI装置停产检修,,,,,,,,,,,,,,,EVT-0517,重大经营,万华化学烟台产业园110万吨/年MDI装置停产检修,2026-08-10,公司烟台产业园110万吨/年MDI装置及相关配套装置将于2026年8月10日开始停产检修，预计检修45天左右。,0.95,,,,,,,,,,
EVT-0518,Event,恒瑞医药董事会审议通过A股股份回购方案,,,,,,,,,,,,,,,EVT-0518,股权,恒瑞医药董事会审议通过A股股份回购方案,2025-08-20,公司于2025年8月20日召开第九届董事会第十八次会议，审议通过以集中竞价交易方式回购A股股份的议案，回购资金总额不低于10亿元且不超过20亿元，用于A股员工持股计划。,0.95,,,,,,,,,,
EVT-0519,Event,恒瑞医药2026年7月回购28万股,,,,,,,,,,,,,,,EVT-0519,股权,恒瑞医药2026年7月回购28万股,,"2026年7月，公司以集中竞价交易方式回购股份28万股，占总股本0.004%，已支付1,508.88万元。",0.95,,,,,,,,,,
EVT-0520,Event,"恒瑞医药累计回购1,375.02万股",,,,,,,,,,,,,,,EVT-0520,股权,"恒瑞医药累计回购1,375.02万股",2026-07-31,"截至2026年7月31日，本次回购方案累计回购股份1,375.02万股，占总股本0.21%，已支付85,308.48万元。",0.95,,,,,,,,,,
EVT-0521,Event,公司审议通过2026年度为子公司提供担保额度预计的议案,,,,,,,,,,,,,,,EVT-0521,重大经营,公司审议通过2026年度为子公司提供担保额度预计的议案,2026-05-20,公司董事会及2025年度股东会审议通过为合并范围内部分子公司提供担保额度的议案，额度期限一年。,0.9,,,,,,,,,,
EVT-0522,Event,公司为2家子公司向供应商出具担保函,,,,,,,,,,,,,,,EVT-0522,重大合同,公司为2家子公司向供应商出具担保函,,公司为2家子公司向供应商出具担保函，为担保函签署后在保证期间内债务人与债权人发生的货款提供担保。,0.9,,,,,,,,,,
EVT-0523,Event,公司披露累计对外担保总额及逾期担保情况,,,,,,,,,,,,,,,EVT-0523,重大经营,公司披露累计对外担保总额及逾期担保情况,,"截至公告披露日，经审议的公司及子公司担保总额度为110,121.00万美元，均为对合并报表范围内子公司担保。",0.9,,,,,,,,,,
EVT-0524,Event,京东方董事会及股东会审议通过A股、B股回购议案,,,,,,,,,,,,,,,EVT-0524,股权,京东方董事会及股东会审议通过A股、B股回购议案,2026-04-24,公司第十一届董事会第十二次会议和2025年度股东会审议通过了回购部分社会公众股份（A股）及境内上市外资股份（B股）的议案。,0.9,,,,,,,,,,
EVT-0525,Event,京东方调整A股、B股回购股份价格上限,,,,,,,,,,,,,,,EVT-0525,股权,京东方调整A股、B股回购股份价格上限,2026-06-18,因实施2025年度权益分派，自2026年6月18日起A股回购价格上限由6.00元/股调整为不超过5.94元/股，B股由4.81港元/股调整为不超过4.75港元/股。,0.9,,,,,,,,,,
EVT-0526,Event,京东方披露A股回购进展,,,,,,,,,,,,,,,EVT-0526,股权,京东方披露A股回购进展,2026-07-31,"截至2026年7月31日，公司累计回购A股85,892,600股，支付总金额499,924,820.18元（不含交易费用）。",0.9,,,,,,,,,,
EVT-0527,Event,公司董事会审议通过回购注销2024年员工持股计划A股股份暨终止员工持股计划的议案,,,,,,,,,,,,,,,EVT-0527,股权,公司董事会审议通过回购注销2024年员工持股计划A股股份暨终止员工持股计划的议案,2026-03-26,公司召开第六届董事会第十二次会议，审议通过了回购注销2024年员工持股计划A股股份暨2024年员工持股计划终止的议案。,0.95,,,,,,,,,,
EVT-0528,Event,2025年年度股东会审议通过回购注销2024年员工持股计划A股股份事项,,,,,,,,,,,,,,,EVT-0528,股权,2025年年度股东会审议通过回购注销2024年员工持股计划A股股份事项,2026-05-11,该回购注销事项已经公司2026年5月11日召开的2025年年度股东会审议通过。,0.9,,,,,,,,,,
EVT-0529,Event,"公司回购注销779,900股A股股票",,,,,,,,,,,,,,,EVT-0529,股权,"公司回购注销779,900股A股股票",2026-08-06,"公司向中登上海分公司申请办理779,900股A股股票的回购注销，预计于2026年8月6日完成注销。",0.95,,,,,,,,,,
EVT-0530,Event,2024年员工持股计划终止,,,,,,,,,,,,,,,EVT-0530,股权,2024年员工持股计划终止,,本次回购注销完成后，公司2024年员工持股计划不再持有公司股票，亦相应终止。,0.95,,,,,,,,,,
EVT-0531,Event,紫金矿业提交截至2026年7月31日证券变动月报表,,,,,,,,,,,,,,,EVT-0531,股权,紫金矿业提交截至2026年7月31日证券变动月报表,2026-08-03,紫金矿业集团股份有限公司向香港交易及结算所有限公司提交截至2026年7月31日的证券变动月报表，A股与H股股本及已发行股份本月均无变动。,0.9,,,,,,,,,,
EVT-0532,Event,紫金矿业2023年股票期权激励计划期权结存,,,,,,,,,,,,,,,EVT-0532,股权,紫金矿业2023年股票期权激励计划期权结存,,"紫金矿业2023年股票期权激励计划上月底结存及本月底结存股份期权数目均为26,200,000，本月内无变动。",0.85,,,,,,,,,,
EVT-0533,Event,上海电气提交截至2026年7月31日的证券变动月报表,,,,,,,,,,,,,,,EVT-0533,股权,上海电气提交截至2026年7月31日的证券变动月报表,2026-07-31,上海电气集团股份有限公司提交股份发行人证券变动月报表，H股与A股法定/注册股本及已发行股份数目本月均无变动。,0.9,,,,,,,,,,
EVT-0534,Event,上海电气确认符合公众持股量要求,,,,,,,,,,,,,,,EVT-0534,监管,上海电气确认符合公众持股量要求,,公司就H股类别确认已符合适用的公众持股量要求，门槛为上市H股所属类别已发行股份总数（不包括库存股份）的5%。,0.85,,,,,,,,,,
EVT-0535,Event,中材国际签署尼日利亚奥贡州伊托里熟料水泥生产线设备供货合同,,,,,,,,,,,,,,,EVT-0535,重大合同,中材国际签署尼日利亚奥贡州伊托里熟料水泥生产线设备供货合同,,"中材国际与Dangote集团所属伊托里水泥有限公司签订尼日利亚奥贡州伊托里3、4号线设备供货合同，合同总金额476,000,000美元。",0.95,,,,,,,,,,
EVT-0536,Event,宁德时代实施2026年中期分红派息,,,,,,,,,,,,,,,EVT-0536,股权,宁德时代实施2026年中期分红派息,2026-08-10,"公司以现有A股总股本剔除回购股份后的4,380,035,575股为基数，每10股派现14.11元，股权登记日2026年8月7日，除权除息日及发放日2026年8月10日。",0.95,,,,,,,,,,
EVT-0537,Event,第四届董事会第十八次会议审议通过2026年中期分红方案,,,,,,,,,,,,,,,EVT-0537,股权,第四届董事会第十八次会议审议通过2026年中期分红方案,2026-07-24,公司第四届董事会第十八次会议审议通过了以总股本剔除回购股份为基数、每10股派14.11元的2026年中期分红派息方案。,0.9,,,,,,,,,,
EVT-0538,Event,公司股票期权自主行权暂停,,,,,,,,,,,,,,,EVT-0538,股权,公司股票期权自主行权暂停,2026-07-29,因本次中期分红派息需要，公司2021年、2022年股票期权自主行权在申请日2026年7月29日至股权登记日2026年8月7日期间暂停行权。,0.85,,,,,,,,,,
EVT-0539,Event,回购价格上限调整,,,,,,,,,,,,,,,EVT-0539,重大经营,回购价格上限调整,2026-08-10,本次中期分红派息实施后，公司回购价格上限由573元/股调整为571.60元/股。,0.9,,,,,,,,,,
EVT-0540,Event,立讯精密董事会审议通过股份回购方案,,,,,,,,,,,,,,,EVT-0540,股权,立讯精密董事会审议通过股份回购方案,2025-12-31,公司董事会审议通过以集中竞价交易方式回购公司股份的方案，回购资金总额不低于10亿元、不超过20亿元，回购股份用于股权激励或员工持股计划。,0.95,,,,,,,,,,
EVT-0541,Event,回购价格上限因权益分派两次下调,,,,,,,,,,,,,,,EVT-0541,股权,回购价格上限因权益分派两次下调,2026-07-20,因2025年前三季度及年度权益分派，回购价格上限由不超过86.96元/股先后调整为86.80元/股、86.66元/股。,0.95,,,,,,,,,,
EVT-0542,Event,公司披露股份回购进展情况,,,,,,,,,,,,,,,EVT-0542,股权,公司披露股份回购进展情况,2026-07-31,"截至2026年7月31日，公司已累计回购A股股份17,665,380股，占总股本0.23%，成交总金额999,915,944.13元。",0.95,,,,,,,,,,
EVT-0543,Event,五粮液审议通过以集中竞价方式回购公司股份的议案,,,,,,,,,,,,,,,EVT-0543,股权,五粮液审议通过以集中竞价方式回购公司股份的议案,2026-05-18,公司董事会及股东会审议通过回购股份议案，同意以集中竞价方式使用自有资金回购A股股票用于减少注册资本。,0.9,,,,,,,,,,
EVT-0544,Event,五粮液因2025年度分红派息调整回购股份价格上限,,,,,,,,,,,,,,,EVT-0544,股权,五粮液因2025年度分红派息调整回购股份价格上限,2026-07-16,因实施2025年度分红派息，公司回购股份价格上限由不超过153.59元/股调整为151.01元/股，自2026年7月16日生效。,0.9,,,,,,,,,,
EVT-0545,Event,五粮液披露截至2026年7月31日回购股份进展,,,,,,,,,,,,,,,EVT-0545,股权,五粮液披露截至2026年7月31日回购股份进展,2026-07-31,"2026年7月公司累计回购股份10,780,847股，截至2026年7月31日已累计回购13,316,606股，占总股本0.34%。",0.9,,,,,,,,,,
EVT-0546,Event,“长汽转债”有条件回售条款生效,,,,,,,,,,,,,,,EVT-0546,重大经营,“长汽转债”有条件回售条款生效,2026-07-22,公司A股股票连续三十个交易日收盘价格低于当期转股价格的70%，触发“长汽转债”有条件回售条款。,0.9,,,,,,,,,,
EVT-0547,Event,“长汽转债”回售申报期开始,,,,,,,,,,,,,,,EVT-0547,重大经营,“长汽转债”回售申报期开始,2026-07-30,持有人可在2026年7月30日至2026年8月5日期间申报回售“长汽转债”。,0.9,,,,,,,,,,
EVT-0548,Event,上汽集团披露2026年7月份产销快报,,,,,,,,,,,,,,,EVT-0548,业绩,上汽集团披露2026年7月份产销快报,2026-08-03,上海汽车集团股份有限公司披露2026年7月份产销快报数据，列示各子公司产量与销量。,0.9,,,,,,,,,,
EVT-0549,Event,阳光电源董事会审议通过回购公司股份方案,,,,,,,,,,,,,,,EVT-0549,股权,阳光电源董事会审议通过回购公司股份方案,2026-08-02,公司董事会审议通过回购股份方案，同意使用不低于5亿元且不超过10亿元自有或自筹资金以集中竞价方式回购部分股份，用于员工持股计划或股权激励。,0.95,,,,,,,,,,
EVT-0550,Event,比亚迪披露2026年7月产销快报,,,,,,,,,,,,,,,EVT-0550,重大经营,比亚迪披露2026年7月产销快报,2026-08-02,"比亚迪股份有限公司发布2026年7月产销快报，列示新能源汽车产量420,249辆、销量419,211辆等数据。",0.9,,,,,,,,,,
EVT-0551,Event,比亚迪2026年7月出口新能源汽车18.05万辆,,,,,,,,,,,,,,,EVT-0551,重大经营,比亚迪2026年7月出口新能源汽车18.05万辆,,"本公司2026年7月出口新能源汽车合计180,538辆。",0.9,,,,,,,,,,
EVT-0552,Event,中国中铁董事会秘书马永红因退休辞职,,,,,,,,,,,,,,,EVT-0552,重大经营,中国中铁董事会秘书马永红因退休辞职,2026-08-01,马永红因达到法定退休年龄，申请自2026年8月1日起辞去公司董事会秘书、联席公司秘书职务。,0.95,,,,,,,,,,
EVT-0553,Event,中国中铁董事长陈文健代行董事会秘书职责,,,,,,,,,,,,,,,EVT-0553,重大经营,中国中铁董事长陈文健代行董事会秘书职责,2026-08-01,在公司聘任新的董事会秘书之前，暂由公司董事长陈文健代行董事会秘书职责。,0.95,,,,,,,,,,
EVT-0554,Event,“隆22转债”触发转股价格向下修正条款,,,,,,,,,,,,,,,EVT-0554,重大经营,“隆22转债”触发转股价格向下修正条款,2026-07-31,自2026年7月13日起至2026年7月31日，公司股票收盘价已有十五个交易日低于当期转股价格的85%（14.88元/股），触发“隆22转债”转股价格向下修正条款。,0.95,,,,,,,,,,
EVT-0555,Event,董事会决定暂不向下修正“隆22转债”转股价格,,,,,,,,,,,,,,,EVT-0555,重大经营,董事会决定暂不向下修正“隆22转债”转股价格,2026-07-31,公司于2026年7月31日召开第六届董事会2026年第二次会议，审议通过《关于暂不向下修正“隆22转债”转股价格的议案》，决定本次不向下修正转股价格，且未来一个月内即使再次触发亦不提出修正方案。,0.95,,,,,,,,,,
EVT-0556,Event,"公司700,000.00万元可转债在上海证券交易所挂牌交易",,,,,,,,,,,,,,,EVT-0556,重大经营,"公司700,000.00万元可转债在上海证券交易所挂牌交易",2022-02-17,"经上海证券交易所自律监管决定书同意，公司700,000.00万元可转债于2022年2月17日起在上海证券交易所挂牌交易，债券简称“隆22转债”。",0.9,,,,,,,,,,
EVT-0557,Event,国电南瑞职工董事陈刚因工作变动辞职,,,,,,,,,,,,,,,EVT-0557,重大经营,国电南瑞职工董事陈刚因工作变动辞职,2026-07-30,陈刚因工作变动不再担任国电南瑞科技股份有限公司第九届董事会职工董事及战略、科技创新、ESG委员会委员职务，辞职报告自送达董事会之日起生效。,0.95,,,,,,,,,,
EVT-0558,Event,三一重工董事会审议通过以集中竞价交易方式回购A股股份议案,,,,,,,,,,,,,,,EVT-0558,股权,三一重工董事会审议通过以集中竞价交易方式回购A股股份议案,2026-07-24,三一重工股份有限公司召开第九届董事会第十一次会议，审议通过《关于以集中竞价交易方式回购公司A 股股份的议案》。,0.95,,,,,,,,,,
EVT-0559,Event,三一重工公告回购股份事项前十大股东及前十大无限售条件股东持股情况,,,,,,,,,,,,,,,EVT-0559,股权,三一重工公告回购股份事项前十大股东及前十大无限售条件股东持股情况,2026-08-01,公司按回购相关规定公告董事会公告回购股份前一个交易日登记在册的前十大股东和前十大无限售条件股东名称、持股数量及比例情况。,0.9,,,,,,,,,,
EVT-0560,Event,青海盐湖工业股份有限公司关联交易管理办法自股东会批准之日起生效,,,,,,,,,,,,,,,EVT-0560,政策,青海盐湖工业股份有限公司关联交易管理办法自股东会批准之日起生效,,公司制订关联交易管理办法，由董事会负责解释和修订，自公司股东会批准之日起生效。,0.9,,,,,,,,,,
EVT-0561,Event,原《关联交易管理办法》同时废止,,,,,,,,,,,,,,,EVT-0561,政策,原《关联交易管理办法》同时废止,,经公司八届董事会第二十七次会议审议并经2023年年度股东大会批准的原《关联交易管理办法》同时废止。,0.85,,,,,,,,,,
EVT-0562,Event,青海盐湖工业股份有限公司制订总经理办公会议事规则,,,,,,,,,,,,,,,EVT-0562,政策,青海盐湖工业股份有限公司制订总经理办公会议事规则,,公司依据公司法、公司章程等决策授权规则制订本总经理办公会议事规则。,0.7,,,,,,,,,,
EVT-0563,Event,盐湖股份制定《董事会授权管理办法》,,,,,,,,,,,,,,,EVT-0563,政策,盐湖股份制定《董事会授权管理办法》,,盐湖股份结合公司实际制定董事会授权管理办法，规范董事会授权管理行为。,0.9,,,,,,,,,,
EVT-0564,Event,中兴通讯为中兴香港与e&集团框架协议履约提供担保,,,,,,,,,,,,,,,EVT-0564,重大合同,中兴通讯为中兴香港与e&集团框架协议履约提供担保,,"中兴通讯为全资子公司中兴香港在《通讯网络设备及服务集团框架协议》项下的履约义务提供连带责任保证，担保金额不超过5,000万美元。",0.95,,,,,,,,,,
EVT-0565,Event,中兴香港为e&集团提供无线接入网等通信设备及服务,,,,,,,,,,,,,,,EVT-0565,重大经营,中兴香港为e&集团提供无线接入网等通信设备及服务,,中兴香港与e&集团签订《NOVATION AGREEMENT》，为其提供无线接入网等通信设备及服务。,0.9,,,,,,,,,,
EVT-0566,Event,万科企业股份有限公司2026年第一次临时股东会召开,,,,,,,,,,,,,,,EVT-0566,重大经营,万科企业股份有限公司2026年第一次临时股东会召开,2026-07-31,万科本次股东会现场会议在深圳市盐田区大梅沙环梅路33号万科中心召开，由董事长黄力平主持。,0.95,,,,,,,,,,
EVT-0567,Event,万科企业股份有限公司董事会换届选举议案获表决通过,,,,,,,,,,,,,,,EVT-0567,重大经营,万科企业股份有限公司董事会换届选举议案获表决通过,2026-07-31,本次股东会现场投票与网络投票合并统计后当场公布结果，所有议案均获有效表决通过，黄力平等6人当选第二十一届董事会非独立董事，黄亚英等4人当选独立董事。,0.9,,,,,,,,,,
EVT-0568,Event,平安银行与方正证券开展债券买卖交易,,,,,,,,,,,,,,,EVT-0568,重大合同,平安银行与方正证券开展债券买卖交易,,平安银行董事会审议通过与方正证券的资金交易业务议案，开展债券买卖交易并签订交易合同，预计交易金额不超过人民币60亿元，业务期间不超过1年。,0.95,,,,,,,,,,
EVT-0569,Event,方正证券披露2025年12月末主要财务数据,,,,,,,,,,,,,,,EVT-0569,业绩,方正证券披露2025年12月末主要财务数据,,"截至2025年12月末，方正证券合并口径资产总额为人民币2,725.74亿元，负债总额2,212.12亿元，所有者权益513.61亿元。",0.9,,,,,,,,,,
EVT-0570,Event,中芯国际披露2026年第二季度业绩,,,,,,,,,,,,,,,EVT-0570,业绩,中芯国际披露2026年第二季度业绩,2026-08-13,公司将于2026年8月13日交易时段后披露2026年第二季度业绩。,0.9,,,,,,,,,,
EVT-0571,Event,中芯国际召开2026年第二季度业绩说明会,,,,,,,,,,,,,,,EVT-0571,重大经营,中芯国际召开2026年第二季度业绩说明会,2026-08-14,公司拟于2026年8月14日上午8:30-9:30通过网络/电话会议方式举行2026年第二季度业绩说明会。,0.9,,,,,,,,,,
EVT-0572,Event,中信证券放弃新疆股权交易中心3.6885%股权优先购买权,,,,,,,,,,,,,,,EVT-0572,股权,中信证券放弃新疆股权交易中心3.6885%股权优先购买权,2026-07-30,公司董事会同意放弃乌鲁木齐经济技术开发区建设投资开发（集团）有限公司所持新疆股权交易中心有限公司3.6885%股权的优先购买权，不参与收购该部分股权，并授权经营管理层履行后续流程。,0.92,,,,,,,,,,
EVT-0573,Event,中信证券董事会审议通过公司重大关联交易情况专项审计报告,,,,,,,,,,,,,,,EVT-0573,重大经营,中信证券董事会审议通过公司重大关联交易情况专项审计报告,2026-07-30,公司第八届董事会第五十一次会议以15票同意通过《关于审议公司重大关联交易情况专项审计报告的议案》，该报告已经关联交易控制委员会、独立非执行董事专门会议预审通过。,0.9,,,,,,,,,,
EVT-0574,Event,中建六局获北京云蒙山居养老社区项目工程，金额35.9亿元,,,,,,,,,,,,,,,EVT-0574,重大合同,中建六局获北京云蒙山居养老社区项目工程，金额35.9亿元,,公司近期获得房屋建筑类重大项目，中建六局承接北京云蒙山居养老社区项目工程，项目金额35.9亿元。,0.9,,,,,,,,,,
EVT-0575,Event,中建八局获辽宁恒力重工大连造船厂项目，金额25.1亿元,,,,,,,,,,,,,,,EVT-0575,重大合同,中建八局获辽宁恒力重工大连造船厂项目，金额25.1亿元,,公司近期获得房屋建筑类重大项目，中建八局承接辽宁恒力重工大连造船厂项目，项目金额25.1亿元。,0.9,,,,,,,,,,
EVT-0576,Event,中建五局获新建深圳西丽站站房及相关工程施工总价承包项目，金额47.0亿元,,,,,,,,,,,,,,,EVT-0576,重大合同,中建五局获新建深圳西丽站站房及相关工程施工总价承包项目，金额47.0亿元,,公司近期获得基础设施类重大项目，中建五局承接新建深圳西丽站站房及相关工程施工总价承包（XLSG-7 标）项目，项目金额47.0亿元。,0.9,,,,,,,,,,
EVT-0577,Event,中建四局获新疆塔城地区托里县深城智算中心建设项目，金额25.9亿元,,,,,,,,,,,,,,,EVT-0577,重大合同,中建四局获新疆塔城地区托里县深城智算中心建设项目，金额25.9亿元,,公司近期获得基础设施类重大项目，中建四局承接新疆塔城地区托里县深城智算中心建设项目，项目金额25.9亿元。,0.9,,,,,,,,,,
EVT-0578,Event,王小青招商银行行长任职资格获国家金融监督管理总局核准,,,,,,,,,,,,,,,EVT-0578,监管,王小青招商银行行长任职资格获国家金融监督管理总局核准,2026-07-28,国家金融监督管理总局批复核准王小青担任招商银行行长的任职资格，任期自2026年7月28日起生效。,0.95,,,,,,,,,,
EVT-0579,Event,公司董事会审议通过回购股份议案,,,,,,,,,,,,,,,EVT-0579,股权,公司董事会审议通过回购股份议案,2026-07-27,公司召开第四届董事会第二次会议，审议通过《关于以集中竞价交易方式回购公司股份的议案》。,0.95,,,,,,,,,,
EVT-0580,Event,公司披露以集中竞价交易方式回购股份方案,,,,,,,,,,,,,,,EVT-0580,股权,公司披露以集中竞价交易方式回购股份方案,2026-07-28,公司拟以自有资金不低于10亿元、不超过20亿元回购股份，回购价格不超过103元/股。,0.95,,,,,,,,,,
EVT-0581,Event,中国神华董事会提名独立非执行董事候选人,,,,,,,,,,,,,,,EVT-0581,重大经营,中国神华董事会提名独立非执行董事候选人,2026-07-23,第六届董事会第二十次会议审议通过议案，同意叶礼德、张梦娇为董事会独立非执行董事候选人，并提请股东会审议。,0.9,,,,,,,,,,
EVT-0582,Event,中国神华出资10亿元设立全资子公司国能内蒙古煤炭技术研究院有限公司,,,,,,,,,,,,,,,EVT-0582,投资并购,中国神华出资10亿元设立全资子公司国能内蒙古煤炭技术研究院有限公司,2026-07-23,董事会批准中国神华以现金出资10亿元设立全资子公司国能内蒙古煤炭技术研究院有限公司，并授权总经理处理设立相关事宜。,0.9,,,,,,,,,,
EVT-0583,Event,中国神华召开2026年第三次临时股东会,,,,,,,,,,,,,,,EVT-0583,重大经营,中国神华召开2026年第三次临时股东会,,董事会审议通过关于召开中国神华2026年第三次临时股东会的议案，股东会通知将择日另行披露。,0.9,,,,,,,,,,
EVT-0584,Event,中国证监会同意东方财富证券公开发行公司债券注册,,,,,,,,,,,,,,,EVT-0584,监管,中国证监会同意东方财富证券公开发行公司债券注册,,东方财富证券于2026年3月收到中国证监会批复，同意其向专业投资者公开发行面值总额不超过400亿元公司债券的注册申请。,0.9,,,,,,,,,,
EVT-0585,Event,东方财富证券完成2026年第三期公司债券发行,,,,,,,,,,,,,,,EVT-0585,重大经营,东方财富证券完成2026年第三期公司债券发行,,东方财富证券完成本期债券发行工作，网下实际发行规模31亿元，分两个品种。,0.9,,,,,,,,,,
EVT-0586,Event,伊利2023年持股计划持有人会议补选管理委员会委员,,,,,,,,,,,,,,,EVT-0586,股权,伊利2023年持股计划持有人会议补选管理委员会委员,2026-07-21,公司2023年持股计划召开持有人会议，审议通过补选邱向敏为管理委员会委员的议案。,0.9,,,,,,,,,,
EVT-0587,Event,赵成霞辞去持股计划管理委员会委员职务,,,,,,,,,,,,,,,EVT-0587,股权,赵成霞辞去持股计划管理委员会委员职务,2026-07-21,管理委员会委员赵成霞因到龄退休辞去委员职务。,0.9,,,,,,,,,,
EVT-0588,Event,中兴通讯2025年度股东会审议通过利润分配预案,,,,,,,,,,,,,,,EVT-0588,股权,中兴通讯2025年度股东会审议通过利润分配预案,2026-06-17,本公司2025年度股东会审议通过了《2025年度利润分配预案》，向全体股东每10股派发4.11元人民币现金（含税）。,0.95,,,,,,,,,,
EVT-0589,Event,中兴通讯实施2025年度A股权益分派,,,,,,,,,,,,,,,EVT-0589,股权,中兴通讯实施2025年度A股权益分派,2026-07-28,"公司以扣除回购股份后的3,999,372,942股为基数每10股派发4.11元现金，A股股权登记日为2026年7月28日，除息日及现金红利发放日为2026年7月29日。",0.95,,,,,,,,,,
EVT-0590,Event,"中兴通讯累计回购A股股份28,659,411股",,,,,,,,,,,,,,,EVT-0590,股权,"中兴通讯累计回购A股股份28,659,411股",,"权益分派方案披露后至实施期间，公司累计回购A股股份28,659,411股存放于回购专用证券账户。",0.9,,,,,,,,,,
EVT-0591,Event,董事会审议通过作废处理2021年科创板限制性股票激励计划部分限制性股票的议案,,,,,,,,,,,,,,,EVT-0591,股权,董事会审议通过作废处理2021年科创板限制性股票激励计划部分限制性股票的议案,2026-07-21,中芯国际董事会以书面决议形式审议通过作废处理2021年科创板限制性股票激励计划部分限制性股票的议案。,0.95,,,,,,,,,,
EVT-0592,Event,作废处理9.43万股不得归属的限制性股票,,,,,,,,,,,,,,,EVT-0592,股权,作废处理9.43万股不得归属的限制性股票,2026-07-21,因部分预留授予激励对象离职、个人绩效考核未达100%归属比例及尚在惩处期，本次合计作废处理9.43万股限制性股票。,0.9,,,,,,,,,,
EVT-0593,Event,上海兰迪律师事务所就归属条件成就及作废部分限制性股票出具法律意见,,,,,,,,,,,,,,,EVT-0593,股权,上海兰迪律师事务所就归属条件成就及作废部分限制性股票出具法律意见,2026-07-22,上海兰迪律师事务所认为本激励计划预留授予部分第四个归属期归属条件成就及作废部分限制性股票的相关事项已取得必要批准和授权，合法有效。,0.85,,,,,,,,,,
EVT-0594,Event,董事会审议通过注册发行债务融资工具及应收账款ABCP议案,,,,,,,,,,,,,,,EVT-0594,重大经营,董事会审议通过注册发行债务融资工具及应收账款ABCP议案,2026-07-21,公司召开第九届董事会第四次会议，审议通过注册发行非金融企业债务融资工具及应收账款资产支持商业票据的议案。,0.95,,,,,,,,,,
EVT-0595,Event,公司拟注册发行非金融企业债务融资工具不超过80亿元,,,,,,,,,,,,,,,EVT-0595,重大经营,公司拟注册发行非金融企业债务融资工具不超过80亿元,,公司计划申请注册非金融企业债务融资工具总额度不超过人民币80亿元（含80亿元），分期发行。,0.95,,,,,,,,,,
EVT-0596,Event,公司拟注册发行应收账款资产支持商业票据不超过40亿元,,,,,,,,,,,,,,,EVT-0596,重大经营,公司拟注册发行应收账款资产支持商业票据不超过40亿元,,公司拟申请注册发行应收账款资产支持商业票据总额度不超过人民币40亿元（含40亿元），在注册有效期内分期发行。,0.95,,,,,,,,,,
EVT-0597,Event,本次注册发行尚需提交股东会审议并取得交易商协会批准,,,,,,,,,,,,,,,EVT-0597,监管,本次注册发行尚需提交股东会审议并取得交易商协会批准,,本次注册发行债务融资工具及应收账款ABCP事项经董事会审议通过后，尚需提交公司股东会审议，并取得交易商协会批准后方可实施。,0.9,,,,,,,,,,
EVT-0598,Event,2025年员工持股计划第二次持有人会议召开,,,,,,,,,,,,,,,EVT-0598,股权,2025年员工持股计划第二次持有人会议召开,2026-07-21,"公司2025年员工持股计划第二次持有人会议以通讯方式召开，出席持有人15人，代表全部1,335万份份额。",0.95,,,,,,,,,,
EVT-0599,Event,选举马信俊为2025年员工持股计划管理委员会委员,,,,,,,,,,,,,,,EVT-0599,股权,选举马信俊为2025年员工持股计划管理委员会委员,2026-07-21,因宋金航工作调整不再担任委员，本次持有人会议选举审计部部长马信俊为管理委员会委员，与谢秋实、孙超共同组成管理委员会。,0.9,,,,,,,,,,
EVT-0600,Event,董事长曹仁贤提议阳光电源回购公司股份,,,,,,,,,,,,,,,EVT-0600,股权,董事长曹仁贤提议阳光电源回购公司股份,2026-07-21,公司董事长曹仁贤提议公司使用自有或自筹资金以集中竞价方式回购部分A股股票，用于股权激励或员工持股计划。,0.95,,,,,,,,,,
EVT-0601,Event,牧原食品董事和高级管理人员披露增持股份计划,,,,,,,,,,,,,,,EVT-0601,股权,牧原食品董事和高级管理人员披露增持股份计划,2026-06-26,公司部分董事和高级管理人员计划自2026年6月26日起6个月内增持公司股份，合计计划增持金额不低于4亿元且不超过5亿元。,0.95,,,,,,,,,,
EVT-0602,Event,牧原食品董事高管增持计划实施完毕,,,,,,,,,,,,,,,EVT-0602,股权,牧原食品董事高管增持计划实施完毕,2026-07-17,"截至2026年7月17日，增持主体委托设立的信托计划以集中竞价方式累计增持公司A股股份12,644,570股，占总股本0.22%，增持金额5亿元，本次增持计划实施完毕。",0.95,,,,,,,,,,
EVT-0603,Event,中兴通讯首次回购A股股份,,,,,,,,,,,,,,,EVT-0603,股权,中兴通讯首次回购A股股份,2026-05-27,公司通过深圳证券交易所股票交易系统以集中竞价交易方式实施首次回购A股股份。,0.9,,,,,,,,,,
EVT-0604,Event,中兴通讯回购A股股份事项实施完毕,,,,,,,,,,,,,,,EVT-0604,股权,中兴通讯回购A股股份事项实施完毕,2026-07-20,"截至2026年7月20日，公司累计回购A股股份28,659,411股，占总股本0.60%，回购事项已实施完毕。",0.9,,,,,,,,,,
EVT-0605,Event,中国铁建2025年年度股东会审议通过利润分配方案,,,,,,,,,,,,,,,EVT-0605,股权,中国铁建2025年年度股东会审议通过利润分配方案,2026-06-26,中国铁建2025年年度股东会审议通过本次利润分配方案。,0.95,,,,,,,,,,
EVT-0606,Event,中国铁建实施2025年年度权益分派，A股每股派发现金红利0.30元,,,,,,,,,,,,,,,EVT-0606,股权,中国铁建实施2025年年度权益分派，A股每股派发现金红利0.30元,2026-07-28,中国铁建以方案实施前总股本为基数，A股每股派发现金红利0.30元（含税）。,0.95,,,,,,,,,,
EVT-0607,Event,中国铁建控股股东现金红利由公司自行发放,,,,,,,,,,,,,,,EVT-0607,股权,中国铁建控股股东现金红利由公司自行发放,2026-07-28,中国铁建控股股东中国铁道建筑集团有限公司的现金红利由公司自行发放。,0.9,,,,,,,,,,
EVT-0608,Event,董事长郑宗强提议国电南瑞回购公司部分股份,,,,,,,,,,,,,,,EVT-0608,股权,董事长郑宗强提议国电南瑞回购公司部分股份,2026-07-19,公司董事长郑宗强于2026年7月19日提议公司以集中竞价交易方式回购部分股份，资金总额人民币5亿元-10亿元，用于未来实施股权激励计划或减少注册资本。,0.95,,,,,,,,,,
EVT-0609,Event,美的集团董事会审议通过以集中竞价方式回购A股股份方案,,,,,,,,,,,,,,,EVT-0609,股权,美的集团董事会审议通过以集中竞价方式回购A股股份方案,2026-03-30,公司第五届董事会第十三次会议审议通过回购公司A股股份方案，回购价格不超过100元/股，金额不超过130亿元且不低于65亿元。,0.95,,,,,,,,,,
EVT-0610,Event,美的集团董事会审议通过变更回购股份用途为注销减少注册资本,,,,,,,,,,,,,,,EVT-0610,股权,美的集团董事会审议通过变更回购股份用途为注销减少注册资本,2026-04-29,公司第五届董事会第十四次会议审议通过变更回购方案，将回购股份用途变更为用于依法注销减少注册资本。,0.95,,,,,,,,,,
EVT-0611,Event,美的集团披露累计回购A股股份进展,,,,,,,,,,,,,,,EVT-0611,股权,美的集团披露累计回购A股股份进展,2026-07-17,"截至2026年7月17日，公司以集中竞价交易方式累计回购A股股份84,339,356股，占总股本1.11%，支付总金额6,716,277,930元。",0.95,,,,,,,,,,
EVT-0612,Event,中国三峡集团为G三峡EB2补充担保及信托登记,,,,,,,,,,,,,,,EVT-0612,股权,中国三峡集团为G三峡EB2补充担保及信托登记,2026-07-16,"中国三峡集团将21,531,000股长江电力A股股票划入G三峡EB2担保及信托专户办理补充担保及信托登记。",0.95,,,,,,,,,,
EVT-0613,Event,中天科技第九届董事会审议通过第六期回购股份方案,,,,,,,,,,,,,,,EVT-0613,股权,中天科技第九届董事会审议通过第六期回购股份方案,2026-03-30,公司召开第九届董事会第十一次会议，审议通过了《关于第六期以集中竞价交易方式回购公司股份方案的议案》。,0.95,,,,,,,,,,
EVT-0614,Event,中天科技首次以集中竞价交易方式回购股份25.30万股,,,,,,,,,,,,,,,EVT-0614,股权,中天科技首次以集中竞价交易方式回购股份25.30万股,2026-07-17,公司通过集中竞价交易方式首次回购股份25.30万股，占总股本0.0074%，价格区间33.65元/股至34.65元/股，支付总金额858.15万元。,0.95,,,,,,,,,,
EVT-0615,Event,中天科技因实施2025年度利润分配方案调整回购价格上限,,,,,,,,,,,,,,,EVT-0615,股权,中天科技因实施2025年度利润分配方案调整回购价格上限,2026-07-15,因公司实施2025年度利润分配方案，自2026年7月15日起回购股份价格上限由40.00元/股调整为39.74元/股。,0.9,,,,,,,,,,
EVT-0616,Event,贵州茅台上调飞天53%vol 500ml贵州茅台酒（2026）i茅台平台零售价及销售合同价,,,,,,,,,,,,,,,EVT-0616,产品,贵州茅台上调飞天53%vol 500ml贵州茅台酒（2026）i茅台平台零售价及销售合同价,2026-07-18,自2026年7月18日零时起，飞天53%vol 500ml贵州茅台酒（2026）i茅台平台零售价由1539元/瓶调整为1639元/瓶、销售合同价由1269元/瓶调整为1369元/瓶。,0.95,,,,,,,,,,
EVT-0617,Event,东方电气2025年年度股东会审议通过2025年年度利润分配方案,,,,,,,,,,,,,,,EVT-0617,股权,东方电气2025年年度股东会审议通过2025年年度利润分配方案,2026-05-29,公司2025年年度股东会审议通过本次利润分配方案。,0.95,,,,,,,,,,
EVT-0618,Event,东方电气实施2025年年度权益分派,,,,,,,,,,,,,,,EVT-0618,股权,东方电气实施2025年年度权益分派,2026-07-24,"公司以方案实施前总股本3,458,360,326股为基数，每股派发现金红利0.53元（含税）。",0.95,,,,,,,,,,
EVT-0619,Event,公司披露对广西锦象的重大诉讼公告,,,,,,,,,,,,,,,EVT-0619,重大经营,公司披露对广西锦象的重大诉讼公告,2025-11-01,"公司就与广西锦象水泥有限公司建设工程合同纠纷提起诉讼并披露重大诉讼公告，涉案金额904,580,876.61元。",0.95,,,,,,,,,,
EVT-0620,Event,来宾中院对上述案件作出一审判决,,,,,,,,,,,,,,,EVT-0620,重大经营,来宾中院对上述案件作出一审判决,2026-04-02,来宾中院对公司诉广西锦象建设工程合同纠纷案件作出一审判决。,0.9,,,,,,,,,,
EVT-0621,Event,公司申请强制执行获来宾中院立案执行,,,,,,,,,,,,,,,EVT-0621,重大经营,公司申请强制执行获来宾中院立案执行,2026-07-14,广西锦象未履行生效判决给付义务，公司申请强制执行，收到来宾中院《受理案件通知书》，法院决定立案执行。,0.95,,,,,,,,,,
EVT-0622,Event,"珠海明骏减持格力电器股份42,793,100股",,,,,,,,,,,,,,,EVT-0622,股权,"珠海明骏减持格力电器股份42,793,100股",,"珠海明骏此前解除质押111,702,774股并计划减持以偿还银行贷款，在减持期限内实际减持42,793,100股。",0.9,,,,,,,,,,
EVT-0623,Event,"珠海明骏补充质押格力电器股份68,909,674股",,,,,,,,,,,,,,,EVT-0623,股权,"珠海明骏补充质押格力电器股份68,909,674股",2026-07-14,珠海明骏将减持计划期限届满后未减持的股份进行补充质押，质押起始日为2026年07月14日，质权人为中国农业银行股份有限公司珠海分行。,0.9,,,,,,,,,,
EVT-0624,Event,控股股东虞仁荣质押2200万股公司股份,,,,,,,,,,,,,,,EVT-0624,股权,控股股东虞仁荣质押2200万股公司股份,2026-07-13,"虞仁荣将22,000,000股公司股份质押，质押起始日2026/7/13，到期日2027/7/10，质押融资资金用途为偿还借款。",0.9,,,,,,,,,,
EVT-0625,Event,"控股股东及其一致行动人未来半年内到期质押股份10,739.00万股",,,,,,,,,,,,,,,EVT-0625,股权,"控股股东及其一致行动人未来半年内到期质押股份10,739.00万股",,"控股股东及其一致行动人将于未来半年内到期的质押股份数为10,739.00万股，占其所持股份比例28.37%，占公司目前总股本比例为8.54%。",0.85,,,,,,,,,,
EVT-0626,Event,公司发布2026年半年度业绩快报,,,,,,,,,,,,,,,EVT-0626,业绩,公司发布2026年半年度业绩快报,,公司披露2026年半年度主要财务数据，为初步核算数据且未经会计师事务所审计。,0.95,,,,,,,,,,
EVT-0627,Event,2026年上半年营业收入同比增长4.59%,,,,,,,,,,,,,,,EVT-0627,业绩,2026年上半年营业收入同比增长4.59%,,报告期内公司实现营业收入同比增长4.59%，主要系重点项目进入执行高峰期带动收入增长。,0.95,,,,,,,,,,
EVT-0628,Event,成功签约印尼东加里曼丹天然气项目,,,,,,,,,,,,,,,EVT-0628,重大合同,成功签约印尼东加里曼丹天然气项目,,公司在油气工程领域成功签约印尼东加里曼丹天然气项目，正式进入印尼油气领域。,0.9,,,,,,,,,,
EVT-0629,Event,报告期产生浮动汇兑损失1.53亿元,,,,,,,,,,,,,,,EVT-0629,业绩,报告期产生浮动汇兑损失1.53亿元,,报告期受汇率波动影响，产生浮动汇兑损失1.53亿元，导致净利润同比下降。,0.95,,,,,,,,,,
EVT-0630,Event,潍柴动力董事会审议通过回购注销部分A股限制性股票议案,,,,,,,,,,,,,,,EVT-0630,股权,潍柴动力董事会审议通过回购注销部分A股限制性股票议案,2026-03-26,公司召开七届六次董事会会议，审议通过《关于回购注销部分A 股限制性股票的议案》。,0.95,,,,,,,,,,
EVT-0631,Event,2025年度销售利润率未达成第二个解除限售期业绩考核要求,,,,,,,,,,,,,,,EVT-0631,业绩,2025年度销售利润率未达成第二个解除限售期业绩考核要求,,2025年度公司销售利润率（剔除股份支付费用影响）为7%，未达成第二个解除限售期公司业绩考核要求，解锁条件未成就。,0.9,,,,,,,,,,
EVT-0632,Event,公司完成本次A股限制性股票回购注销手续,,,,,,,,,,,,,,,EVT-0632,股权,公司完成本次A股限制性股票回购注销手续,,公司已在中国证券登记结算有限责任公司深圳分公司办理完毕本次回购注销手续，总股本相应减少。,0.9,,,,,,,,,,
EVT-0633,Event,寧德時代董事會會議召開以考慮批准中期業績及建議派發中期股息,,,,,,,,,,,,,,,EVT-0633,业绩,寧德時代董事會會議召開以考慮批准中期業績及建議派發中期股息,2026-07-24,本公司將於2026年7月24日舉行董事會會議，考慮及批准截至2026年6月30日止六個月的中期業績及其發佈，並考慮建議派發中期股息（如有）。,0.95,,,,,,,,,,
EVT-0634,Event,海天味业披露股权登记日前十大股东及前十大无限售条件股东持股情况,,,,,,,,,,,,,,,EVT-0634,股权,海天味业披露股权登记日前十大股东及前十大无限售条件股东持股情况,2026-07-03,公司公告2026年第二次临时股东会股权登记日（2026年7月3日）登记在册的前十大股东和前十大无限售条件股东的名称、持股数量及持股比例。,0.9,,,,,,,,,,
EVT-0635,Event,工商银行2026年无固定期限资本债券（第三期）（债券通）发行完毕,,,,,,,,,,,,,,,EVT-0635,重大经营,工商银行2026年无固定期限资本债券（第三期）（债券通）发行完毕,2026-07-10,本期债券于2026年7月8日簿记建档、7月10日完成发行，规模200亿元，前5年票面利率1.89%，募集资金用于补充本行其他一级资本。,0.95,,,,,,,,,,
EVT-0636,Event,惠商担保披露2026年第二季度累计对外担保总额及担保责任余额,,,,,,,,,,,,,,,EVT-0636,重大经营,惠商担保披露2026年第二季度累计对外担保总额及担保责任余额,2026-06-30,"截至2026年6月30日，担保公司本年度累计对外担保总额为198,026.04万元，担保责任余额为213,733.17万元。",0.92,,,,,,,,,,
EVT-0637,Event,惠商担保披露对外担保在保户数情况,,,,,,,,,,,,,,,EVT-0637,重大经营,惠商担保披露对外担保在保户数情况,2026-06-30,"截至2026年6月30日，担保公司对外担保在保户数为1,348户。",0.92,,,,,,,,,,
EVT-0638,Event,惠商担保披露对外担保责任余额前五名被担保人情况,,,,,,,,,,,,,,,EVT-0638,重大经营,惠商担保披露对外担保责任余额前五名被担保人情况,2026-06-30,截至2026年6月30日，公告列示担保公司对外担保责任余额前五名被担保人的担保责任余额、担保期限、担保方式等信息。,0.9,,,,,,,,,,
EVT-0639,Event,董事会非独立董事换届选举,,,,,,,,,,,,,,,EVT-0639,重大经营,董事会非独立董事换届选举,,公司第七届董事会任期届满，董事会提名刘平、潘志华、彭祎、梁越、耿跃华、张方斌为第八届董事会非独立董事候选人。,0.9,,,,,,,,,,
EVT-0640,Event,董事会独立董事换届选举,,,,,,,,,,,,,,,EVT-0640,重大经营,董事会独立董事换届选举,,公司第七届董事会任期届满，董事会提名章靖忠、张峥、张俊生为第八届董事会独立董事候选人。,0.9,,,,,,,,,,
EVT-0641,Event,何詠紫辭任招商銀行聯席公司秘書,,,,,,,,,,,,,,,EVT-0641,重大经营,何詠紫辭任招商銀行聯席公司秘書,2026-07-10,因工作安排變動，何詠紫辭任招商銀行聯席公司秘書，於2026年7月10日生效。,0.95,,,,,,,,,,
EVT-0642,Event,招商銀行委任關秀妍為聯席公司秘書,,,,,,,,,,,,,,,EVT-0642,重大经营,招商銀行委任關秀妍為聯席公司秘書,2026-07-10,經第十三屆董事會第十七次會議審議通過，委任關秀妍接替何詠紫出任聯席公司秘書，任期自2026年7月10日起至第十三屆董事會屆滿之日止。,0.95,,,,,,,,,,
EVT-0643,Event,聯交所確認彭家文已合資格擔任公司秘書,,,,,,,,,,,,,,,EVT-0643,监管,聯交所確認彭家文已合資格擔任公司秘書,2026-07-10,聯交所根據上市規則第3.28條及第8.17條確認彭家文已合資格擔任公司秘書，無需再獲豁免。,0.9,,,,,,,,,,
EVT-0644,Event,彭家文續任招商銀行聯席公司秘書,,,,,,,,,,,,,,,EVT-0644,重大经营,彭家文續任招商銀行聯席公司秘書,2026-07-10,彭家文將繼續擔任招商銀行聯席公司秘書。,0.9,,,,,,,,,,
EVT-0645,Event,中信证券预计2026年半年度业绩大幅预增,,,,,,,,,,,,,,,EVT-0645,业绩,中信证券预计2026年半年度业绩大幅预增,2026-06-30,公司预计2026年半年度实现归属于母公司所有者的净利润233.43亿元、同比增长69.59%，扣非净利润236.10亿元、同比增长73.40%。,0.95,,,,,,,,,,
EVT-0646,Event,财政部发布标准仓单会计处理规定，公司据此追溯调整2025年半年度财务数据,,,,,,,,,,,,,,,EVT-0646,政策,财政部发布标准仓单会计处理规定，公司据此追溯调整2025年半年度财务数据,,2025年7月和12月财政部相继发布标准仓单会计处理的有关规定，公司自2025年1月1日起执行并对2025年半年度财务数据进行调整。,0.9,,,,,,,,,,
EVT-0647,Event,万科提名杨兆为第二十一届董事会独立董事候选人,,,,,,,,,,,,,,,EVT-0647,重大经营,万科提名杨兆为第二十一届董事会独立董事候选人,,声明人杨兆同意由提名人万科企业股份有限公司第二十届董事会提名为该公司第二十一届董事会独立董事候选人。,0.9,,,,,,,,,,
EVT-0648,Event,紫金矿业预告2026年半年度净利润约391亿元、同比增约68%,,,,,,,,,,,,,,,EVT-0648,业绩,紫金矿业预告2026年半年度净利润约391亿元、同比增约68%,,公司预计2026年半年度实现归属于上市公司股东的净利润约391亿元，较上年同期233亿元增加约158亿元，增幅约68%；扣非净利润约379亿元，同比增约75%。,0.95,,,,,,,,,,
EVT-0649,Event,公司披露2026年半年度主要矿产品产量同比变化,,,,,,,,,,,,,,,EVT-0649,产品,公司披露2026年半年度主要矿产品产量同比变化,,报告期公司主要矿产品产量同比变化情况为：矿产金47吨增15%、矿产铜53.4万吨降6%、当量碳酸锂4.3万吨增514%等。,0.9,,,,,,,,,,
EVT-0650,Event,马诺诺锂矿项目实现重介质选矿投产,,,,,,,,,,,,,,,EVT-0650,重大经营,马诺诺锂矿项目实现重介质选矿投产,,马诺诺锂矿项目已于2026年5月实现重介质选矿投产，较原计划提前约1个月。,0.9,,,,,,,,,,
EVT-0651,Event,安徽沙坪沟钼矿选矿项目开工建设,,,,,,,,,,,,,,,EVT-0651,重大经营,安徽沙坪沟钼矿选矿项目开工建设,,安徽沙坪沟钼矿选矿项目已于2026年6月中旬开工建设，建成达产后年均产钼约2.21万吨。,0.9,,,,,,,,,,
EVT-0652,Event,上海电气董事会审议通过挂牌转让临春路188号房地产议案,,,,,,,,,,,,,,,EVT-0652,重大经营,上海电气董事会审议通过挂牌转让临春路188号房地产议案,2025-12-30,上海电气董事会审议通过公开挂牌转让所属上海市闵行区临春路188号房地产及附属设施的议案。,0.9,,,,,,,,,,
EVT-0653,Event,标的资产第三次挂牌后受让方确定为莘庄工业区实业,,,,,,,,,,,,,,,EVT-0653,重大经营,标的资产第三次挂牌后受让方确定为莘庄工业区实业,2026-06-24,公司第三次公开挂牌转让标的资产，收到联交所通知确定受让方为上海莘庄工业区实业有限公司。,0.9,,,,,,,,,,
EVT-0654,Event,公司与莘庄工业区实业签订产权交易合同,,,,,,,,,,,,,,,EVT-0654,重大合同,公司与莘庄工业区实业签订产权交易合同,,"公司与莘庄工业区实业签订《产权交易合同》，标的资产成交价格为人民币13,492.1781 万元。",0.9,,,,,,,,,,
EVT-0655,Event,2025年度利润分配方案获年度股东会审议通过,,,,,,,,,,,,,,,EVT-0655,股权,2025年度利润分配方案获年度股东会审议通过,2026-06-29,公司2025年度利润分配方案经2025年年度股东会审议通过。,0.95,,,,,,,,,,
EVT-0656,Event,H股利润分配时间安排公告,,,,,,,,,,,,,,,EVT-0656,股权,H股利润分配时间安排公告,2026-08-13,公司公告H股暂停办理股份过户登记期间、股权登记日及现金红利发放日安排。,0.9,,,,,,,,,,
EVT-0657,Event,A股利润分配预计时间安排,,,,,,,,,,,,,,,EVT-0657,股权,A股利润分配预计时间安排,2026-07-31,公司公告A股股权登记日、除息日及现金红利发放日的时间安排。,0.9,,,,,,,,,,
EVT-0658,Event,2026年半年度业绩预增,,,,,,,,,,,,,,,EVT-0658,业绩,2026年半年度业绩预增,,公司预计2026年第二季度归母净利润128亿元到138亿元，半年度归母净利润234亿元到244亿元，同比上升93%到101%。,0.95,,,,,,,,,,
EVT-0659,Event,云服务商AI服务器营业收入同比增长超过230%,,,,,,,,,,,,,,,EVT-0659,重大经营,云服务商AI服务器营业收入同比增长超过230%,,2026年上半年，公司云服务商AI服务器营业收入同比增长超过230%，AI相关产品成为主营业务核心增长引擎。,0.9,,,,,,,,,,
EVT-0660,Event,800G以上数据中心交换机出货量同比增长1.4倍,,,,,,,,,,,,,,,EVT-0660,重大经营,800G以上数据中心交换机出货量同比增长1.4倍,,公司800G以上数据中心交换机出货量同比增长1.4倍，整体板块经营稳健。,0.9,,,,,,,,,,
EVT-0661,Event,恒瑞医药收到FDA关于注射用卡瑞利珠单抗的完整回复信,,,,,,,,,,,,,,,EVT-0661,监管,恒瑞医药收到FDA关于注射用卡瑞利珠单抗的完整回复信,,恒瑞医药收到FDA关于注射用卡瑞利珠单抗联合甲磺酸阿帕替尼片一线治疗肝细胞癌生物制品许可申请的完整回复信，主要与阿帕替尼生产场地CGMP检查观察项有关。,0.95,,,,,,,,,,
EVT-0662,Event,注射用卡瑞利珠单抗联合甲磺酸阿帕替尼片CARES-310研究结果,,,,,,,,,,,,,,,EVT-0662,产品,注射用卡瑞利珠单抗联合甲磺酸阿帕替尼片CARES-310研究结果,,CARES-310研究最终分析显示该联合治疗组中位总生存期达23.8个月。,0.9,,,,,,,,,,
EVT-0663,Event,三一重工2025年年度股东会审议通过2025年年度利润分配预案,,,,,,,,,,,,,,,EVT-0663,股权,三一重工2025年年度股东会审议通过2025年年度利润分配预案,2026-06-02,公司召开2025年年度股东会，审议通过《2025年年度利润分配预案》，以股权登记日总股本扣除回购股份后为基数每10股派1.8元。,0.9,,,,,,,,,,
EVT-0664,Event,公司回购专户持股情况披露,,,,,,,,,,,,,,,EVT-0664,股权,公司回购专户持股情况披露,2026-06-26,"截至2026年6月26日，公司通过回购专户持有42,987,413股，占A股总股本8,474,390,037股的0.51%。",0.9,,,,,,,,,,
EVT-0665,Event,三一重工2025年度差异化分红方案,,,,,,,,,,,,,,,EVT-0665,股权,三一重工2025年度差异化分红方案,,"以总股本9,195,004,437股扣除回购股份42,987,413股后的9,152,017,024股为基数，每股派发现金红利0.18元。",0.9,,,,,,,,,,
EVT-0666,Event,差异化分红对除权除息参考价格影响测算,,,,,,,,,,,,,,,EVT-0666,股权,差异化分红对除权除息参考价格影响测算,,按申请日前一交易日收盘价17.68元/股计算，差异化权益分派对除权除息参考价格影响的绝对值在1%以下。,0.85,,,,,,,,,,
EVT-0667,Event,"立讯精密全球发售H股383,472,800股",,,,,,,,,,,,,,,EVT-0667,股权,"立讯精密全球发售H股383,472,800股",2026-07-09,"公司本次全球发售H股总数为383,472,800股，其中香港公开发售约10%、国际发售约90%，按每股63.28港元计算预计所得款项净额约240.391亿港元。",0.95,,,,,,,,,,
EVT-0668,Event,立讯精密H股在香港联交所主板挂牌并上市交易,,,,,,,,,,,,,,,EVT-0668,股权,立讯精密H股在香港联交所主板挂牌并上市交易,2026-07-09,"经香港联交所批准，公司本次发行的383,472,800股H股股票于2026年7月9日在香港联交所主板挂牌并上市交易，H股中文简称为“立訊精密”，股份代号为“2475”。",0.95,,,,,,,,,,
EVT-0669,Event,2025年度利润分配方案获临时股东会审议通过,,,,,,,,,,,,,,,EVT-0669,股权,2025年度利润分配方案获临时股东会审议通过,2026-05-18,"公司2025年度利润分配方案经2026年5月18日召开的2026年度第一次临时股东会审议通过，以现有总股本3,881,608,005股为基数向全体股东每10股派现金25.78元。",0.95,,,,,,,,,,
EVT-0670,Event,2025年度分红派息实施，确定股权登记日与除权除息日,,,,,,,,,,,,,,,EVT-0670,股权,2025年度分红派息实施，确定股权登记日与除权除息日,2026-07-16,公司实施2025年度分红派息，股权登记日为2026年7月15日，除权除息日为2026年7月16日，A股股东现金红利由中国结算深圳分公司代派。,0.95,,,,,,,,,,
EVT-0671,Event,中国中材国际工程股份有限公司公布2026年第二季度主要经营数据,,,,,,,,,,,,,,,EVT-0671,业绩,中国中材国际工程股份有限公司公布2026年第二季度主要经营数据,,"公司公布2026年第二季度主要经营数据，其中2026年4-6月新签合同金额合计1,897,589.34万元，同比增长43%。",0.9,,,,,,,,,,
EVT-0672,Event,公司披露截至报告期末未完合同额情况,,,,,,,,,,,,,,,EVT-0672,重大经营,公司披露截至报告期末未完合同额情况,,"截至报告期末，公司未完合同额为7,165,181.51万元，较上一报告期末增长3.82%，较去年同期末增长15.50%。",0.9,,,,,,,,,,
EVT-0673,Event,中天科技董事会审议通过第五期回购股份方案,,,,,,,,,,,,,,,EVT-0673,股权,中天科技董事会审议通过第五期回购股份方案,2024-11-05,公司召开第八届董事会第二十七次会议，审议通过第五期以集中竞价交易方式回购公司股份方案的议案。,0.9,,,,,,,,,,
EVT-0674,Event,中天科技第五期回购计划实施完毕,,,,,,,,,,,,,,,EVT-0674,股权,中天科技第五期回购计划实施完毕,2025-11-05,"公司本次回购股份时间届满，回购计划实施完毕，已实际回购公司股份18,790,800股。",0.9,,,,,,,,,,
EVT-0675,Event,中天科技回购股份非交易过户至第三期员工持股计划,,,,,,,,,,,,,,,EVT-0675,股权,中天科技回购股份非交易过户至第三期员工持股计划,2025-08-01,"公司回购专用证券账户中所持15,110,700股公司股票以非交易过户方式过户至第三期员工持股计划证券账户。",0.9,,,,,,,,,,
EVT-0676,Event,中天科技2025年年度股东会审议批准2025年度利润分配方案,,,,,,,,,,,,,,,EVT-0676,股权,中天科技2025年年度股东会审议批准2025年度利润分配方案,2026-05-21,公司2025年年度股东会审议批准《江苏中天科技股份有限公司2025年度利润分配方案》，拟每10股派发现金红利2.60元（含税）。,0.9,,,,,,,,,,
EVT-0677,Event,通威股份决定不向下修正通22转债转股价格,,,,,,,,,,,,,,,EVT-0677,重大经营,通威股份决定不向下修正通22转债转股价格,2026-07-09,公司董事会决定本次不向下修正转股价格，并在3个月内亦不提出修正方案。,0.95,,,,,,,,,,
EVT-0678,Event,通22转债触发转股价格向下修正条款,,,,,,,,,,,,,,,EVT-0678,监管,通22转债触发转股价格向下修正条款,2026-07-08,2026年6月17日至7月8日，公司股票有15个交易日收盘价低于当期转股价格的85%，触发修正条款。,0.95,,,,,,,,,,
EVT-0679,Event,上汽集团第九届董事会第十一次会议召开,,,,,,,,,,,,,,,EVT-0679,重大经营,上汽集团第九届董事会第十一次会议召开,2026-07-08,上海汽车集团股份有限公司第九届董事会第十一次会议于2026年7月8日采用通讯方式召开。,0.9,,,,,,,,,,
EVT-0680,Event,上汽集团聘任杨怀景为公司副总裁,,,,,,,,,,,,,,,EVT-0680,重大经营,上汽集团聘任杨怀景为公司副总裁,2026-07-08,经公司总裁提名，公司同意聘任杨怀景先生担任公司副总裁，任期与本届董事会任期一致。,0.9,,,,,,,,,,
EVT-0681,Event,“家园6号”员工持股计划第三个锁定期届满,,,,,,,,,,,,,,,EVT-0681,股权,“家园6号”员工持股计划第三个锁定期届满,2026-07-12,公司“家园6号”员工持股计划首次授予部分第三个锁定期于2026年7月12日届满，预留授予部分第三个锁定期于2026年7月9日届满。,0.95,,,,,,,,,,
EVT-0682,Event,公司2025年净利润增长262.13%达成考核指标,,,,,,,,,,,,,,,EVT-0682,业绩,公司2025年净利润增长262.13%达成考核指标,,公司2025年经审计归属于上市公司股东的净利润为39.40亿元，相比2023年增长262.13%，员工持股计划第三个锁定期业绩考核指标达成。,0.95,,,,,,,,,,
EVT-0683,Event,"美的集团2,915,367股限制性股票解除限售上市流通",,,,,,,,,,,,,,,EVT-0683,股权,"美的集团2,915,367股限制性股票解除限售上市流通",2026-07-13,美的集团2022年限制性股票激励计划第三次解除限售期股份于2026年7月13日上市流通。,0.95,,,,,,,,,,
EVT-0684,Event,美的集团第五届董事会第十七次会议审议通过第三次解除限售期解锁条件成就议案,,,,,,,,,,,,,,,EVT-0684,股权,美的集团第五届董事会第十七次会议审议通过第三次解除限售期解锁条件成就议案,2026-06-18,2026年6月18日公司第五届董事会第十七次会议审议通过第三次解除限售期解锁条件成就的议案，符合解锁条件的激励对象共122人。,0.95,,,,,,,,,,
EVT-0685,Event,美的集团2025年度股东会审议通过部分限制性股票回购注销议案,,,,,,,,,,,,,,,EVT-0685,股权,美的集团2025年度股东会审议通过部分限制性股票回购注销议案,2026-06-05,"公司2025年度股东会审议通过对11名激励对象已获授但尚未解除限售的221,000股限制性股票回购注销的议案。",0.9,,,,,,,,,,
EVT-0686,Event,中国建筑2025年年度利润分配方案获股东会审议通过,,,,,,,,,,,,,,,EVT-0686,股权,中国建筑2025年年度利润分配方案获股东会审议通过,2026-05-19,中国建筑2025年年度利润分配方案经公司2026年5月19日的2025年年度股东会审议通过。,0.95,,,,,,,,,,
EVT-0687,Event,中国建筑2025年年度权益分派实施,,,,,,,,,,,,,,,EVT-0687,股权,中国建筑2025年年度权益分派实施,2026-07-16,"中国建筑以方案实施前总股本41,320,390,444股为基数，每股派发现金红利0.2718元（含税），共计派发现金红利11,230,882,122.68元（含税）。",0.95,,,,,,,,,,
EVT-0688,Event,长城汽车向激励对象授予2023年激励计划预留部分限制性股票及股票期权,,,,,,,,,,,,,,,EVT-0688,股权,长城汽车向激励对象授予2023年激励计划预留部分限制性股票及股票期权,2025-01-24,公司召开第八届董事会第三十一次会议，审议通过向激励对象授予预留部分限制性股票和股票期权的议案，授予日为2025年1月24日。,0.95,,,,,,,,,,
EVT-0689,Event,长城汽车调整2023年激励计划预留授予限制性股票回购价格及股票期权行权价格（2025年）,,,,,,,,,,,,,,,EVT-0689,股权,长城汽车调整2023年激励计划预留授予限制性股票回购价格及股票期权行权价格（2025年）,2025-07-09,因2024年度A股利润分配实施，公司调整预留授予限制性股票回购价格为12.29元/股、股票期权行权价格为25.02元/股。,0.95,,,,,,,,,,
EVT-0690,Event,长城汽车调整2023年激励计划预留授予限制性股票回购价格及股票期权行权价格（2026年）,,,,,,,,,,,,,,,EVT-0690,股权,长城汽车调整2023年激励计划预留授予限制性股票回购价格及股票期权行权价格（2026年）,2026-07-06,因2025年度A股利润分配实施，公司将预留授予限制性股票回购价格由12.29元/股调整为11.94元/股，股票期权行权价格由25.02元/股调整为24.67元/股。,0.95,,,,,,,,,,
EVT-0691,Event,长江电力披露2026年半年度发电量完成情况,,,,,,,,,,,,,,,EVT-0691,业绩,长江电力披露2026年半年度发电量完成情况,2026-07-06,2026年上半年公司境内所属六座梯级电站总发电量约1327.44亿千瓦时，较上年同期增加4.81%。,0.95,,,,,,,,,,
EVT-0692,Event,长江电力披露第二季度发电量,,,,,,,,,,,,,,,EVT-0692,业绩,长江电力披露第二季度发电量,2026-07-06,第二季度公司境内所属六座梯级电站总发电量约709.19亿千瓦时，较上年同期增加2.82%。,0.95,,,,,,,,,,
EVT-0693,Event,万华化学2026年半年度业绩预增,,,,,,,,,,,,,,,EVT-0693,业绩,万华化学2026年半年度业绩预增,,公司预计2026年上半年归属于上市公司股东的净利润为98亿元到104亿元，与上年同期相比增加60.05%到69.85%。,0.95,,,,,,,,,,
EVT-0694,Event,万华化学完成乙烯一期装置原料多元化改造,,,,,,,,,,,,,,,EVT-0694,重大经营,万华化学完成乙烯一期装置原料多元化改造,,公司一月份完成乙烯一期装置原料多元化改造，石化板块成本竞争优势提升。,0.9,,,,,,,,,,
EVT-0695,Event,牧原食品2026年6月商品猪销售简报,,,,,,,,,,,,,,,EVT-0695,重大经营,牧原食品2026年6月商品猪销售简报,,2026年6月公司销售商品猪622.7万头，销售均价9.69元/公斤，销售收入75.00亿元，同比均下降。,0.95,,,,,,,,,,
EVT-0696,Event,子公司牧原肉食品屠宰生猪295.6万头,,,,,,,,,,,,,,,EVT-0696,重大经营,子公司牧原肉食品屠宰生猪295.6万头,,2026年6月公司全资子公司牧原肉食品有限公司及其子公司屠宰生猪295.6万头。,0.95,,,,,,,,,,
EVT-0697,Event,公司能繁母猪存栏311.3万头,,,,,,,,,,,,,,,EVT-0697,重大经营,公司能繁母猪存栏311.3万头,,截至2026年6月末，公司能繁母猪存栏为311.3万头。,0.95,,,,,,,,,,
EVT-0698,Event,中国神华2025年度利润分配方案获股东会审议通过,,,,,,,,,,,,,,,EVT-0698,股权,中国神华2025年度利润分配方案获股东会审议通过,2026-06-26,中国神华能源股份有限公司2025年度利润分配方案经2026年6月26日的2025年度股东会审议通过。,0.95,,,,,,,,,,
EVT-0699,Event,中国神华实施2025年度权益分派,,,,,,,,,,,,,,,EVT-0699,股权,中国神华实施2025年度权益分派,2026-07-13,"公司以总股本21,689,434,304股为基数，每股派发现金红利1.03元（含税），A股股权登记日为2026/7/10，除权（息）日及现金红利发放日为2026/7/13。",0.95,,,,,,,,,,
EVT-0700,Event,东方财富出资2亿元参与投资上海云锋元创私募基金中心（有限合伙）,,,,,,,,,,,,,,,EVT-0700,投资并购,东方财富出资2亿元参与投资上海云锋元创私募基金中心（有限合伙）,,"东方财富信息股份有限公司以自有资金出资20,000.00万元参与投资由上海云锋新创投资管理有限公司任管理人、上海麒鹏投资管理有限公司任普通合伙人的云锋元创私募基金。",0.92,,,,,,,,,,
EVT-0701,Event,上海云锋新创投资管理有限公司在中国证券投资基金业协会登记备案,,,,,,,,,,,,,,,EVT-0701,监管,上海云锋新创投资管理有限公司在中国证券投资基金业协会登记备案,,上海云锋新创投资管理有限公司已按相关规定在中国证券投资基金业协会登记备案，私募基金管理人登记编号为P1008847。,0.8,,,,,,,,,,
EVT-0702,Event,中国石化董事会审议通过以集中竞价方式回购A股股份方案,,,,,,,,,,,,,,,EVT-0702,股权,中国石化董事会审议通过以集中竞价方式回购A股股份方案,2026-06-15,中国石化召开第九届董事会第十三次会议，审议通过回购公司股份方案。,0.95,,,,,,,,,,
EVT-0703,Event,中国石化首次实施本轮A股回购,,,,,,,,,,,,,,,EVT-0703,重大经营,中国石化首次实施本轮A股回购,2026-06-18,公司首次实施本轮A股回购，并披露截至2026年6月30日的回购进展。,0.92,,,,,,,,,,
EVT-0704,Event,中国石化披露累计回购A股股份进展,,,,,,,,,,,,,,,EVT-0704,股权,中国石化披露累计回购A股股份进展,2026-06-30,"截至2026年6月30日，公司累计回购A股股份53,790,690股，占总股本0.04%。",0.92,,,,,,,,,,
EVT-0705,Event,2026年半年度业绩预告同向上升,,,,,,,,,,,,,,,EVT-0705,业绩,2026年半年度业绩预告同向上升,,"公司预计2026年半年度归属于上市公司股东的净利润为600,000.00万元—630,000.00万元，比上年同期增长131.38%—142.95%。",0.95,,,,,,,,,,
EVT-0706,Event,氯化钾、碳酸锂产销量及价格同比上涨带动盈利增长,,,,,,,,,,,,,,,EVT-0706,产品,氯化钾、碳酸锂产销量及价格同比上涨带动盈利增长,,报告期内公司氯化钾产量约168.17万吨、销量约224.73万吨，碳酸锂产销量同比提升且价格上涨，带动整体业绩大幅增长。,0.9,,,,,,,,,,
EVT-0707,Event,将五矿盐湖有限公司纳入合并财务报表范围,,,,,,,,,,,,,,,EVT-0707,投资并购,将五矿盐湖有限公司纳入合并财务报表范围,,报告期内公司将五矿盐湖有限公司纳入合并财务报表范围，并对上年同期相关指标进行追溯调整。,0.9,,,,,,,,,,
EVT-0708,Event,中兴通讯董事会审议通过回购A股股份方案,,,,,,,,,,,,,,,EVT-0708,股权,中兴通讯董事会审议通过回购A股股份方案,2025-12-12,公司第十届董事会第十七次会议审议通过以集中竞价交易方式回购A股股份的方案，用于员工持股计划或股权激励。,0.95,,,,,,,,,,
EVT-0709,Event,中兴通讯披露截至2026年6月30日回购A股股份进展,,,,,,,,,,,,,,,EVT-0709,股权,中兴通讯披露截至2026年6月30日回购A股股份进展,2026-06-30,"截至2026年6月30日，公司以集中竞价交易方式累计回购A股股份24,558,211股，占总股本0.51%，已支付总金额人民币855,246,755.1元。",0.95,,,,,,,,,,
EVT-0710,Event,平安银行董事会审议通过修订董事会专门委员会工作细则议案,,,,,,,,,,,,,,,EVT-0710,重大经营,平安银行董事会审议通过修订董事会专门委员会工作细则议案,2026-07-02,平安银行第十三届董事会第五次会议审议通过《关于修订平安银行股份有限公司董事会专门委员会工作细则的议案》，同意票12票。,0.9,,,,,,,,,,
EVT-0711,Event,平安银行董事会审议通过修订董事与监事商业行为和道德守则议案并更名,,,,,,,,,,,,,,,EVT-0711,重大经营,平安银行董事会审议通过修订董事与监事商业行为和道德守则议案并更名,2026-07-02,会议同意修订《平安银行股份有限公司董事与监事商业行为和道德守则》，并更名为《平安银行股份有限公司董事商业行为和道德守则》。,0.9,,,,,,,,,,
EVT-0712,Event,平安银行董事会审议通过修订经营信息报告指引议案,,,,,,,,,,,,,,,EVT-0712,重大经营,平安银行董事会审议通过修订经营信息报告指引议案,2026-07-02,平安银行第十三届董事会第五次会议审议通过《关于修订〈平安银行股份有限公司经营信息报告指引〉的议案》。,0.9,,,,,,,,,,
EVT-0713,Event,平安银行董事会审议通过修订ESG管理办法议案,,,,,,,,,,,,,,,EVT-0713,重大经营,平安银行董事会审议通过修订ESG管理办法议案,2026-07-02,平安银行第十三届董事会第五次会议审议通过《关于修订〈平安银行股份有限公司ESG 管理办法〉的议案》。,0.9,,,,,,,,,,
EVT-0714,Event,比亚迪披露2026年6月产销快报,,,,,,,,,,,,,,,EVT-0714,重大经营,比亚迪披露2026年6月产销快报,,比亚迪股份有限公司发布2026年6月产销快报，公布新能源汽车本月及本年累计的产量与销量数据。,0.9,,,,,,,,,,
EVT-0715,Event,比亚迪披露2026年6月新能源汽车出口量,,,,,,,,,,,,,,,EVT-0715,重大经营,比亚迪披露2026年6月新能源汽车出口量,2026-07-01,"公告注明本公司2026年6月出口新能源汽车合计175,349辆。",0.9,,,,,,,,,,
EVT-0716,Event,公司董事会换届选举非独立董事,,,,,,,,,,,,,,,EVT-0716,重大经营,公司董事会换届选举非独立董事,2026-06-18,公司第三届董事会第三十四次会议审议通过提名第四届董事会非独立董事候选人的议案。,0.9,,,,,,,,,,
EVT-0717,Event,公司董事会换届选举独立董事,,,,,,,,,,,,,,,EVT-0717,重大经营,公司董事会换届选举独立董事,2026-06-18,公司第三届董事会第三十四次会议审议通过提名第四届董事会独立董事候选人的议案。,0.9,,,,,,,,,,
EVT-0718,Event,特变电工董事会审议通过新特能源内资股“全流通”议案,,,,,,,,,,,,,,,EVT-0718,股权,特变电工董事会审议通过新特能源内资股“全流通”议案,2026-06-29,特变电工2026年第九次临时董事会会议以通讯表决方式审议通过实施公司持有的新特能源全部内资股股份“全流通”的议案。,0.95,,,,,,,,,,
EVT-0719,Event,特变电工将所持新特能源全部内资股转为H股并在香港联交所上市流通,,,,,,,,,,,,,,,EVT-0719,股权,特变电工将所持新特能源全部内资股转为H股并在香港联交所上市流通,,"特变电工将所持新特能源951,226,161股内资股全部申请转为境外上市股份并在香港联交所主板上市，占新特能源总股本的66.52%。",0.95,,,,,,,,,,
EVT-0720,Event,中国证监会全面推开H股“全流通”改革并实行备案制,,,,,,,,,,,,,,,EVT-0720,政策,中国证监会全面推开H股“全流通”改革并实行备案制,,中国证监会已于2019年全面推开H股“全流通”改革，并于2023年实行备案制。,0.9,,,,,,,,,,
EVT-0721,Event,万科披露2023年度第四期中期票据本息偿付安排公告,,,,,,,,,,,,,,,EVT-0721,重大经营,万科披露2023年度第四期中期票据本息偿付安排公告,,万科企业股份有限公司在中国银行间市场交易商协会网站披露《2023 年度第四期中期票据本息偿付安排的公告》，并同步在巨潮资讯网刊登。,0.9,,,,,,,,,,
EVT-0722,Event,2023年度第四期中期票据本息兑付安排,,,,,,,,,,,,,,,EVT-0722,重大经营,2023年度第四期中期票据本息兑付安排,2026-07-07,万科企业股份有限公司2023年度第四期中期票据（债券简称：23 万科MTN004，债券代码：102381621）本息兑付日为2026年7月7日，由银行间市场清算所股份有限公司办理付息兑付资金划付。,0.9,,,,,,,,,,
EVT-0723,Event,特变电工新疆新能源股份有限公司收到中国银行间市场交易商协会接受注册通知书,,,,,,,,,,,,,,,EVT-0723,监管,特变电工新疆新能源股份有限公司收到中国银行间市场交易商协会接受注册通知书,2026-06-10,新能源公司收到中国银行间市场交易商协会出具的《接受注册通知书》（中市协注〔2026〕PDFI6 号）。,0.85,,,,,,,,,,
EVT-0724,Event,特变电工新疆新能源股份有限公司发行2026年度第一期绿色科技创新债券10亿元,,,,,,,,,,,,,,,EVT-0724,重大经营,特变电工新疆新能源股份有限公司发行2026年度第一期绿色科技创新债券10亿元,2026-06-29,新能源公司发行2026年度第一期绿色科技创新债券，发行额度10亿元人民币，期限3+N年，起息日为2026年6月29日，发行利率2.1%，主承销商为中国建设银行股份有限公司。,0.9,,,,,,,,,,
EVT-0725,Event,宝钢股份董事会选举胡望明为第九届董事会董事长,,,,,,,,,,,,,,,EVT-0725,重大经营,宝钢股份董事会选举胡望明为第九届董事会董事长,2026-06-29,宝钢股份第九届董事会以书面投票表决方式召开临时董事会，选举胡望明为公司第九届董事会董事长，全体董事一致通过。,0.95,,,,,,,,,,
EVT-0726,Event,宝钢股份董事会增选胡望明为战略、风险及ESG委员会委员并任主任,,,,,,,,,,,,,,,EVT-0726,重大经营,宝钢股份董事会增选胡望明为战略、风险及ESG委员会委员并任主任,2026-06-29,董事会增选胡望明为第九届董事会战略、风险及ESG委员会委员，并选举其为该委员会主任，全体董事一致通过。,0.95,,,,,,,,,,
EVT-0727,Event,宝钢股份批准2026年定点云南帮扶项目及资金分配,,,,,,,,,,,,,,,EVT-0727,重大经营,宝钢股份批准2026年定点云南帮扶项目及资金分配,2026-06-29,"董事会批准公司实施2026年定点云南帮扶项目42个，共计捐赠资金7,070万元，全体董事一致通过。",0.95,,,,,,,,,,
EVT-0728,Event,宝钢股份批准月浦、杨行镇定向捐赠项目,,,,,,,,,,,,,,,EVT-0728,重大经营,宝钢股份批准月浦、杨行镇定向捐赠项目,2026-06-29,董事会批准分阶段策划实施2026年月浦、杨行镇定向捐赠项目，主要用于社区环境改善、学校设施修缮、社区扶贫帮困等，涉及实施内容4项、捐赠资金130万元。,0.95,,,,,,,,,,
EVT-0729,Event,宝钢股份召开2026年第二次临时股东会,,,,,,,,,,,,,,,EVT-0729,重大经营,宝钢股份召开2026年第二次临时股东会,2026-06-29,宝山钢铁股份有限公司于2026年6月29日在上海市宝山区召开2026年第二次临时股东会，由董事刘宝军担任会议主席，采用现场投票与网络投票相结合方式表决。,0.95,,,,,,,,,,
EVT-0730,Event,增选胡望明为第九届董事会董事的议案获通过,,,,,,,,,,,,,,,EVT-0730,重大经营,增选胡望明为第九届董事会董事的议案获通过,2026-06-29,股东会审议通过关于增选胡望明先生为公司第九届董事会董事的议案，A股同意票比例99.6808%；该议案已获出席股东所持有效表决权过半数通过。,0.95,,,,,,,,,,
EVT-0731,Event,上海市方达律师事务所对本次股东会出具见证结论意见,,,,,,,,,,,,,,,EVT-0731,重大经营,上海市方达律师事务所对本次股东会出具见证结论意见,2026-06-29,上海市方达律师事务所律师丛大林、李青蓝见证本次股东会，认为召集、召开程序及表决程序、结果合法有效。,0.8,,,,,,,,,,
EVT-0732,Event,公司为子公司提供2026年度担保额度预计事项获董事会及股东会审议通过,,,,,,,,,,,,,,,EVT-0732,重大经营,公司为子公司提供2026年度担保额度预计事项获董事会及股东会审议通过,2026-04-24,"公司于2026年3月31日、4月24日召开第五届董事会第二十四次会议和2025年年度股东会，审议通过为二十五家子公司提供2026年度担保额度预计及对外担保的议案，额度不超过人民币1,500,500万元。",0.95,,,,,,,,,,
EVT-0733,Event,"香港阳光向中行香港申请新增7,000万美元综合授信并由公司提供连带责任保证",,,,,,,,,,,,,,,EVT-0733,重大经营,"香港阳光向中行香港申请新增7,000万美元综合授信并由公司提供连带责任保证",,"香港阳光向中国银行（香港）有限公司申请新增7,000万美元综合授信，公司为该义务和责任提供连带责任保证，担保期限不超过2027年6月26日。",0.95,,,,,,,,,,
EVT-0734,Event,中兴通讯派发末期股息,,,,,,,,,,,,,,,EVT-0734,股权,中兴通讯派发末期股息,2026-06-30,中兴通讯宣布派发末期股息每10股人民币4.11元（含税），H股每10股应派4.7277港元（含税），H股记录日为2026年6月29日。,0.92,,,,,,,,,,
EVT-0735,Event,港股通H股投资者现金红利分配,,,,,,,,,,,,,,,EVT-0735,股权,港股通H股投资者现金红利分配,2026-07-10,中国证券登记结算有限责任公司作为港股通H股股票名义持有人接收现金红利，并在股息派发日后3个交易日内发放至港股通H股投资者。,0.9,,,,,,,,,,
EVT-0736,Event,中芯国际董事会议事规则经股东会修订,,,,,,,,,,,,,,,EVT-0736,监管,中芯国际董事会议事规则经股东会修订,2026-06-26,公司董事会议事规则于2026年6月26日经股东会修订。,0.95,,,,,,,,,,
EVT-0737,Event,董事会获授权行使公司治理及交易审议职权,,,,,,,,,,,,,,,EVT-0737,重大经营,董事会获授权行使公司治理及交易审议职权,,规则明确董事会可行使制订股份方案、决定借款、审议关联交易及重大交易等职权。,0.9,,,,,,,,,,
EVT-0738,Event,中国铁建施行高级管理人员薪酬管理办法,,,,,,,,,,,,,,,EVT-0738,政策,中国铁建施行高级管理人员薪酬管理办法,,中国铁建制定高级管理人员薪酬管理办法，自下发之日起施行。,0.9,,,,,,,,,,
EVT-0739,Event,原中国铁建高级管理人员薪酬管理办法废止,,,,,,,,,,,,,,,EVT-0739,政策,原中国铁建高级管理人员薪酬管理办法废止,,2019年发布的高管薪酬管理办法废止，其他规定与本办法不一致的按本办法执行。,0.9,,,,,,,,,,
EVT-0740,Event,披露宿城区低空全域智慧运营体系项目中标结果公示并收到中标通知书,,,,,,,,,,,,,,,EVT-0740,重大合同,披露宿城区低空全域智慧运营体系项目中标结果公示并收到中标通知书,2026-08-28,公司披露了项目中标结果公示并收到中标通知书的公告。,0.9,,,,,,,,,,
EVT-0741,Event,联合体与江苏众安正式签署低空项目《采购合同》,,,,,,,,,,,,,,,EVT-0741,重大合同,联合体与江苏众安正式签署低空项目《采购合同》,,"公司作为联合体牵头人与南京莱斯信息技术股份有限公司、中国铁塔股份有限公司江苏省分公司组成的联合体，与发包人江苏众安建设投资（集团）有限公司签署《采购合同》，合同总金额14,888.20万元（含税）。",0.95,,,,,,,,,,
EVT-0742,Event,免去曾从钦董事职务,,,,,,,,,,,,,,,EVT-0742,重大经营,免去曾从钦董事职务,2026-06-26,公司2025年度股东会审议通过免去董事及补选第七届董事会非独立董事的议案，曾从钦不再担任公司董事，其董事长及董事会专门委员会职务一并解除。,0.95,,,,,,,,,,
EVT-0743,Event,选举邓敏为第七届董事会董事长,,,,,,,,,,,,,,,EVT-0743,重大经营,选举邓敏为第七届董事会董事长,2026-06-26,公司第七届董事会2026年第7次会议审议通过议案，选举邓敏为公司第七届董事会董事长，并自审议通过之日起担任公司法定代表人。,0.95,,,,,,,,,,
EVT-0744,Event,中國平安董事會定於2026年8月20日舉行會議審議中期業績及中期股息,,,,,,,,,,,,,,,EVT-0744,重大经营,中國平安董事會定於2026年8月20日舉行會議審議中期業績及中期股息,,公司董事會通告謹定於二零二六年八月二十日舉行董事會會議，考慮及通過截至二零二六年六月三十日止六個月之中期業績、派發中期股息（如有）及處理其他事項。,0.95,,,,,,,,,,
EVT-0745,Event,赛特公司获得沙库巴曲缬沙坦钠片《药品注册证书》,,,,,,,,,,,,,,,EVT-0745,产品,赛特公司获得沙库巴曲缬沙坦钠片《药品注册证书》,,公司控股子公司赛特公司收到国家药品监督管理局颁发的沙库巴曲缬沙坦钠片《药品注册证书》，该药品按新注册分类4类获批的仿制药，视为通过一致性评价。,0.9,,,,,,,,,,
EVT-0746,Event,歌尔股份有限公司2026年第一次临时股东会召开并完成表决,,,,,,,,,,,,,,,EVT-0746,重大经营,歌尔股份有限公司2026年第一次临时股东会召开并完成表决,2026-06-25,歌尔股份有限公司以现场投票与网络投票相结合方式召开2026年第一次临时股东会，由董事长姜滨主持。,0.95,,,,,,,,,,
EVT-0747,Event,歌尔股份股东会审议通过向歌尔光学科技有限公司增资暨关联交易议案,,,,,,,,,,,,,,,EVT-0747,投资并购,歌尔股份股东会审议通过向歌尔光学科技有限公司增资暨关联交易议案,,本次股东会审议《关于向歌尔光学科技有限公司增资暨关联交易的议案》，关联股东回避表决，表决结果为通过。,0.9,,,,,,,,,,
EVT-0748,Event,歌尔股份董事会召集2026年第一次临时股东会,,,,,,,,,,,,,,,EVT-0748,重大经营,歌尔股份董事会召集2026年第一次临时股东会,2026-06-09,公司第七届董事会于2026年6月9日召开第七次会议作出决议召集本次股东会，召集人为公司董事会。,0.85,,,,,,,,,,
EVT-0749,Event,国家金融监督管理总局核准吴雷鸣平安银行副行长任职资格,,,,,,,,,,,,,,,EVT-0749,监管,国家金融监督管理总局核准吴雷鸣平安银行副行长任职资格,2026-06-26,平安银行股份有限公司收到国家金融监督管理总局批复，吴雷鸣的平安银行股份有限公司副行长任职资格获核准。,0.95,,,,,,,,,,
EVT-0750,Event,中芯北方49%股权过户至中芯国际名下,,,,,,,,,,,,,,,EVT-0750,股权,中芯北方49%股权过户至中芯国际名下,2026-06-12,北京经济技术开发区市场监督管理局于2026年6月12日核准中芯北方工商变更，中芯北方49%股权变更登记至上市公司名下。,0.95,,,,,,,,,,
EVT-0751,Event,中芯国际发行股份购买资产完成验资,,,,,,,,,,,,,,,EVT-0751,股权,中芯国际发行股份购买资产完成验资,2026-06-12,"截至2026年6月12日，中芯国际已收到国家集成电路基金等5名交易对方投入的价值4,060,091.00万元的中芯北方49%股权，实收股本变更为242,311,675.76元。",0.9,,,,,,,,,,
EVT-0752,Event,本次发行股份购买资产新增股份登记完成,,,,,,,,,,,,,,,EVT-0752,股权,本次发行股份购买资产新增股份登记完成,2026-06-23,"中国证券登记结算有限责任公司上海分公司于2026年6月23日出具《证券变更登记证明》，中芯国际新增547,182,073股A股登记完成。",0.93,,,,,,,,,,
EVT-0753,Event,本次交易获中国证监会同意注册,,,,,,,,,,,,,,,EVT-0753,监管,本次交易获中国证监会同意注册,,中芯国际发行股份购买资产暨关联交易已获中国证监会同意注册。,0.9,,,,,,,,,,
EVT-0754,Event,"2026年H股激励计划设定新股发行限额38,000,000股",,,,,,,,,,,,,,,EVT-0754,股权,"2026年H股激励计划设定新股发行限额38,000,000股",,"本计划项下可发行和配发的新股总数为38,000,000股，约占本计划采纳日公司已发行股份（不包括库存股）总数的3.03%。",0.85,,,,,,,,,,
EVT-0755,Event,2026年H股激励计划的生效条件,,,,,,,,,,,,,,,EVT-0755,股权,2026年H股激励计划的生效条件,,本计划需在股东通过决议批准采纳本计划、且上市委员会批准相关H股上市并准许交易时生效。,0.85,,,,,,,,,,
EVT-0756,Event,三一重工召开2026年第一次职工代表大会审议员工持股计划,,,,,,,,,,,,,,,EVT-0756,股权,三一重工召开2026年第一次职工代表大会审议员工持股计划,2026-06-24,三一重工股份有限公司召开2026年第一次职工代表大会，就拟实施的2026年A股员工持股计划征求职工代表意见。,0.95,,,,,,,,,,
EVT-0757,Event,职工代表大会审议通过2026年A股员工持股计划（草案）及其摘要议案,,,,,,,,,,,,,,,EVT-0757,股权,职工代表大会审议通过2026年A股员工持股计划（草案）及其摘要议案,2026-06-24,与会职工代表审议通过《关于<2026 年A 股员工持股计划（草案）及其摘要>的议案》，同意公司实施本次员工持股计划。,0.9,,,,,,,,,,
EVT-0758,Event,2025年度权益分派方案获股东会审议通过,,,,,,,,,,,,,,,EVT-0758,股权,2025年度权益分派方案获股东会审议通过,2026-05-11,公司2025年度权益分派方案经2026年5月11日召开的2025年度股东会审议通过。,0.95,,,,,,,,,,
EVT-0759,Event,实施2025年度权益分派,,,,,,,,,,,,,,,EVT-0759,股权,实施2025年度权益分派,2026-07-02,"以现有总股本725,689,200股为基数，向全体股东每10股派7.620000元人民币现金，股权登记日为2026年7月2日，除权除息日为2026年7月3日。",0.95,,,,,,,,,,
EVT-0760,Event,股权激励股票期权行权致总股本增加,,,,,,,,,,,,,,,EVT-0760,股权,股权激励股票期权行权致总股本增加,,"自2025年度利润分配方案披露日至本公告日，公司总股本因股权激励计划股票期权行权增加856,584股，由724,832,616股增加至725,689,200股。",0.9,,,,,,,,,,
EVT-0761,Event,李振国解除质押公司8000万股,,,,,,,,,,,,,,,EVT-0761,股权,李振国解除质押公司8000万股,2026-06-22,"李振国将其原质押给渤海国际信托股份有限公司的80,000,000股无限售流通股办理解除质押手续。",0.95,,,,,,,,,,
EVT-0762,Event,控股股东李振国解除质押后累计质押情况更新,,,,,,,,,,,,,,,EVT-0762,股权,控股股东李振国解除质押后累计质押情况更新,2026-06-22,"本次解除质押后，李振国累计质押公司股份206,000,000股，占其持股数量的19.30%。",0.9,,,,,,,,,,
EVT-0763,Event,长江电力召开2026年第一次临时股东会,,,,,,,,,,,,,,,EVT-0763,重大经营,长江电力召开2026年第一次临时股东会,2026-06-23,中国长江电力股份有限公司召开2026年第一次临时股东会，会议无否决议案。,0.95,,,,,,,,,,
EVT-0764,Event,股东会审议通过制定《薪酬管理制度》的议案,,,,,,,,,,,,,,,EVT-0764,重大经营,股东会审议通过制定《薪酬管理制度》的议案,,股东会以非累积投票方式审议通过关于制定公司《薪酬管理制度》的议案。,0.9,,,,,,,,,,
EVT-0765,Event,第六届董事会换届选举非独立董事,,,,,,,,,,,,,,,EVT-0765,重大经营,第六届董事会换届选举非独立董事,,股东会以累积投票方式选举刘伟平、何红心、刘海波等8名第六届董事会非独立董事，全部当选。,0.9,,,,,,,,,,
EVT-0766,Event,第六届董事会换届选举独立董事,,,,,,,,,,,,,,,EVT-0766,重大经营,第六届董事会换届选举独立董事,,股东会以累积投票方式选举孙正运、张咸阳、王方等5名第六届董事会独立董事，全部当选。,0.9,,,,,,,,,,
EVT-0767,Event,国电南瑞完成2023年股份回购,,,,,,,,,,,,,,,EVT-0767,股权,国电南瑞完成2023年股份回购,2024-10-18,"公司于2023年10月19日经董事会审议通过以集中竞价方式回购A股，截至2024年10月18日完成回购22,853,964股。",0.9,,,,,,,,,,
EVT-0768,Event,国电南瑞完成2025年股份回购,,,,,,,,,,,,,,,EVT-0768,股权,国电南瑞完成2025年股份回购,2026-04-13,"公司于2025年4月14日经董事会审议通过以集中竞价方式回购A股，截至2026年4月13日完成回购22,303,291股。",0.9,,,,,,,,,,
EVT-0769,Event,国电南瑞2025年度利润分配方案获审议通过,,,,,,,,,,,,,,,EVT-0769,业绩,国电南瑞2025年度利润分配方案获审议通过,2026-05-22,"公司第九届董事会第十三次会议和2025年年度股东会分别审议通过2025年度利润分配方案，以扣除回购股份后的7,986,598,901股为基数每股派现0.475元。",0.9,,,,,,,,,,
EVT-0770,Event,国电南瑞回购专用证券账户股份不参与利润分配,,,,,,,,,,,,,,,EVT-0770,股权,国电南瑞回购专用证券账户股份不参与利润分配,,"截至法律意见书出具之日，公司回购专用证券账户尚余45,157,255股，不参与本次利润分配。",0.9,,,,,,,,,,
EVT-0771,Event,董事会审议通过回购公司A股股份方案议案,,,,,,,,,,,,,,,EVT-0771,股权,董事会审议通过回购公司A股股份方案议案,2026-06-22,公司第六届董事会第十四次会议审议通过《关于回购公司A 股股份方案的议案》，该议案尚需提交股东会审议。,0.9,,,,,,,,,,
EVT-0772,Event,董事会审议通过授予董事会回购公司H股股份一般性授权的议案,,,,,,,,,,,,,,,EVT-0772,股权,董事会审议通过授予董事会回购公司H股股份一般性授权的议案,2026-06-22,董事会审议通过提请股东会授予董事会回购公司H 股股份的一般性授权议案，尚需提交股东会审议。,0.9,,,,,,,,,,
EVT-0773,Event,董事会审议通过提请召开2026年第二次临时股东会的议案,,,,,,,,,,,,,,,EVT-0773,股权,董事会审议通过提请召开2026年第二次临时股东会的议案,2026-06-22,董事会审议通过《关于提请召开公司2026 年第二次临时股东会的议案》。,0.9,,,,,,,,,,
EVT-0774,Event,董事会审议通过第二期员工持股计划第二个锁定期届满暨解锁条件成就,,,,,,,,,,,,,,,EVT-0774,股权,董事会审议通过第二期员工持股计划第二个锁定期届满暨解锁条件成就,2026-06-22,公司于2026年6月22日召开第九届董事会第十五次会议，审议通过第二期员工持股计划第二个锁定期届满暨解锁条件成就的议案，第二个锁定期已于2026年5月21日届满。,0.95,,,,,,,,,,
EVT-0775,Event,"第二期员工持股计划1,665万股完成非交易过户",,,,,,,,,,,,,,,EVT-0775,股权,"第二期员工持股计划1,665万股完成非交易过户",2024-05-20,"公司回购专用证券账户所持1,665万股公司股票于2024年5月20日以非交易过户方式过户至第二期员工持股计划证券账户，过户价格6.81元/股。",0.92,,,,,,,,,,
EVT-0776,Event,第二期员工持股计划第一个锁定期届满解锁,,,,,,,,,,,,,,,EVT-0776,股权,第二期员工持股计划第一个锁定期届满解锁,2025-05-21,第二期员工持股计划第一个锁定期于2025年5月21日届满，符合解锁条件的40人对应解锁606.31万股，占总股本0.18%。,0.9,,,,,,,,,,
EVT-0777,Event,公司2025年营业收入较2022年剔除贸易业务后增长36.73%,,,,,,,,,,,,,,,EVT-0777,业绩,公司2025年营业收入较2022年剔除贸易业务后增长36.73%,,"公司2025年经审计营业收入5,249,985.75万元，较2022年剔除贸易业务营业收入3,839,617.82万元增长36.73%，公司层面第二个锁定期100%解锁。",0.9,,,,,,,,,,
EVT-0778,Event,通威股份2025年度业绩亏损,,,,,,,,,,,,,,,EVT-0778,业绩,通威股份2025年度业绩亏损,,2025年度公司营业收入841.28亿元，归属于上市公司股东的净利润-95.53亿元。,0.95,,,,,,,,,,
EVT-0779,Event,联合资信维持通22转债AAA信用等级,,,,,,,,,,,,,,,EVT-0779,监管,联合资信维持通22转债AAA信用等级,2025-06-06,联合资信出具2025年跟踪评级报告，维持公司主体长期信用等级AAA及通22转债信用等级AAA。,0.95,,,,,,,,,,
EVT-0780,Event,比亚迪宣派二零二五年度末期股息,,,,,,,,,,,,,,,EVT-0780,业绩,比亚迪宣派二零二五年度末期股息,,公司宣派截至二零二五年十二月三十一日止年度末期股息每股人民币0.358元（每股港币0.41141元），登记股东默认以港币收取。,0.9,,,,,,,,,,
EVT-0781,Event,股东可选择以人民币收取末期股息并须限期交回表格,,,,,,,,,,,,,,,EVT-0781,股权,股东可选择以人民币收取末期股息并须限期交回表格,2026-07-08,欲以人民币收取二零二五年度末期股息的登记股东，须于指定期限前将股息货币选择表格填妥、签署并交回香港中央证券登记有限公司。,0.85,,,,,,,,,,
EVT-0782,Event,董事会审议通过调整2025年股票期权激励计划行权数量及注销部分股票期权的议案,,,,,,,,,,,,,,,EVT-0782,股权,董事会审议通过调整2025年股票期权激励计划行权数量及注销部分股票期权的议案,2026-06-22,公司第六届董事会第二十五次会议审议通过关于调整2025年股票期权激励计划行权数量及注销部分股票期权的议案。,0.95,,,,,,,,,,
EVT-0783,Event,"注销147名离职激励对象及9名绩效考核不达标激励对象的股票期权共计5,360,400份",,,,,,,,,,,,,,,EVT-0783,股权,"注销147名离职激励对象及9名绩效考核不达标激励对象的股票期权共计5,360,400份",2026-06-22,"注销147名离职激励对象已获授但尚未行权全部股票期权及9名2025年度绩效考核不达标激励对象当期全部、部分股票期权，共计5,360,400份。",0.95,,,,,,,,,,
EVT-0784,Event,京东方拟回购部分社会公众股份（A股）并注销减资,,,,,,,,,,,,,,,EVT-0784,股权,京东方拟回购部分社会公众股份（A股）并注销减资,2026-04-24,公司拟以自筹资金回购部分社会公众股份（A股）予以注销并相应减少注册资本，回购资金规模不低于5亿元、不超过10亿元。,0.95,,,,,,,,,,
EVT-0785,Event,回购股份方案经董事会及2025年度股东会审议通过,,,,,,,,,,,,,,,EVT-0785,股权,回购股份方案经董事会及2025年度股东会审议通过,2026-04-24,本次回购股份方案已经公司2026年3月30日召开的第十一届董事会第十二次会议及2026年4月24日召开的2025年度股东会审议通过。,0.95,,,,,,,,,,
EVT-0786,Event,因2025年度权益分派回购价格上限调整为5.94元/股,,,,,,,,,,,,,,,EVT-0786,股权,因2025年度权益分派回购价格上限调整为5.94元/股,2026-06-18,因公司实施2025年度权益分派，自2026年6月18日起回购股份价格上限由6.00元/股调整为5.94元/股。,0.95,,,,,,,,,,
EVT-0787,Event,收到中国农业银行北京市分行不超过9亿元贷款承诺函,,,,,,,,,,,,,,,EVT-0787,重大合同,收到中国农业银行北京市分行不超过9亿元贷款承诺函,,截至本公告日，公司已收到中国农业银行股份有限公司北京市分行出具的《贷款承诺函》，承诺提供不超过人民币9亿元的专项贷款资金用于股份回购。,0.9,,,,,,,,,,
EVT-0788,Event,潍柴动力召开2025年度股东会,,,,,,,,,,,,,,,EVT-0788,重大经营,潍柴动力召开2025年度股东会,2026-06-22,潍柴动力股份有限公司于2026年6月22日以现场会议与网络投票结合方式召开2025年度股东会，由董事王德成主持。,0.95,,,,,,,,,,
EVT-0789,Event,股东会通过续聘毕马威华振为2026年度审计服务机构的议案,,,,,,,,,,,,,,,EVT-0789,重大经营,股东会通过续聘毕马威华振为2026年度审计服务机构的议案,2026-06-22,2025年度股东会审议通过关于续聘毕马威华振会计师事务所（特殊普通合伙）为公司2026年度审计服务机构的议案。,0.9,,,,,,,,,,
EVT-0790,Event,股东会选举张博为独立非执行董事,,,,,,,,,,,,,,,EVT-0790,股权,股东会选举张博为独立非执行董事,2026-06-22,2025年度股东会审议通过关于选举张博女士为公司独立非执行董事的议案。,0.9,,,,,,,,,,
EVT-0791,Event,紫金矿业董事会审议通过A股回购股份方案,,,,,,,,,,,,,,,EVT-0791,股权,紫金矿业董事会审议通过A股回购股份方案,2026-03-20,紫金矿业召开第九届董事会第二次会议，审议通过以集中竞价交易方式回购公司A股股份的方案。,0.9,,,,,,,,,,
EVT-0792,Event,紫金矿业A股回购方案实施完毕,,,,,,,,,,,,,,,EVT-0792,股权,紫金矿业A股回购方案实施完毕,2026-04-14,"公司回购股份方案实施完毕，已实际回购A股股份77,474,592股，占总股本0.29%。",0.9,,,,,,,,,,
EVT-0793,Event,紫金矿业2025年年度股东会审议通过2025年度利润分配方案,,,,,,,,,,,,,,,EVT-0793,股权,紫金矿业2025年年度股东会审议通过2025年度利润分配方案,2026-06-05,公司召开2025年年度股东会，审议通过了《公司2025年度利润分配方案》。,0.9,,,,,,,,,,
EVT-0794,Event,紫金矿业2025年度利润分配实施差异化分红,,,,,,,,,,,,,,,EVT-0794,股权,紫金矿业2025年度利润分配实施差异化分红,2026-06-05,公司以扣除回购专用账户股份后的A股为基数每股派发现金红利0.38元（含税），回购专用账户股份不参与分配。,0.9,,,,,,,,,,
EVT-0795,Event,2025年度股东会审议通过2025年年度利润分配方案,,,,,,,,,,,,,,,EVT-0795,股权,2025年度股东会审议通过2025年年度利润分配方案,2026-06-11,公司2025年度股东会审议通过了本次利润分配方案。,0.95,,,,,,,,,,
EVT-0796,Event,2025年年度权益分派实施，每股派发现金红利28.02423元,,,,,,,,,,,,,,,EVT-0796,股权,2025年年度权益分派实施，每股派发现金红利28.02423元,2026-06-26,公司以方案实施前总股本扣除回购专用账户内股份为基数实施分派，A股每股现金红利28.02423元。,0.95,,,,,,,,,,
EVT-0797,Event,唐飞辞去北方华创执行委员会委员、高级副总裁职务,,,,,,,,,,,,,,,EVT-0797,重大经营,唐飞辞去北方华创执行委员会委员、高级副总裁职务,2026-06-19,因工作调整，唐飞申请辞去公司执行委员会委员、高级副总裁职务，辞职后不再担任公司及子公司任何职务。,0.9,,,,,,,,,,
EVT-0798,Event,北方华创拟注销唐飞已获授但尚未行权的8000股股票期权,,,,,,,,,,,,,,,EVT-0798,股权,北方华创拟注销唐飞已获授但尚未行权的8000股股票期权,2026-06-19,"唐飞离职后不再具备激励资格，公司后续将对其已授予但尚未行权的8,000股股票期权予以注销。",0.9,,,,,,,,,,
EVT-0799,Event,中国中元签署长丰县100MW/102MWh独立混合储能电站工程总承包合同,,,,,,,,,,,,,,,EVT-0799,重大合同,中国中元签署长丰县100MW/102MWh独立混合储能电站工程总承包合同,,"中工国际全资子公司中国中元与安徽元控储充签署安徽省合肥市长丰县100MW/102MWh独立混合储能电站工程总承包合同，合同金额人民币112,738.00万元。",0.95,,,,,,,,,,
EVT-0800,Event,美的集团2026年A股持股计划首次持有人会议召开并设立管理委员会,,,,,,,,,,,,,,,EVT-0800,股权,美的集团2026年A股持股计划首次持有人会议召开并设立管理委员会,2026-06-18,美的集团2026年A股持股计划召开首次持有人会议，会议同意设立管理委员会，由肖毅、曹志杰、付鉴担任委员，肖毅任主任委员。,0.95,,,,,,,,,,
EVT-0801,Event,长城汽车董事会审议通过2026年限制性股票激励计划（草案）,,,,,,,,,,,,,,,EVT-0801,股权,长城汽车董事会审议通过2026年限制性股票激励计划（草案）,2026-04-28,公司于2026年4月28日召开第八届董事会第五十二次会议，审议通过2026年限制性股票激励计划（草案）及其摘要的议案。,0.95,,,,,,,,,,
EVT-0802,Event,公司内部公示2026年限制性股票激励计划激励对象名单,,,,,,,,,,,,,,,EVT-0802,股权,公司内部公示2026年限制性股票激励计划激励对象名单,2026-06-08,公司于2026年6月8日通过公司内部平台对激励对象姓名和职务进行公示，公示期至2026年6月17日。,0.95,,,,,,,,,,
EVT-0803,Event,薪酬委员会审议通过激励对象名单核查意见及公示情况说明议案,,,,,,,,,,,,,,,EVT-0803,股权,薪酬委员会审议通过激励对象名单核查意见及公示情况说明议案,2026-06-18,2026年6月18日公司召开第八届董事会薪酬委员会第二十五次会议，审议通过相关核查意见及公示情况说明的议案。,0.95,,,,,,,,,,
EVT-0804,Event,薪酬委员会核查认定激励对象主体资格合法有效,,,,,,,,,,,,,,,EVT-0804,股权,薪酬委员会核查认定激励对象主体资格合法有效,2026-06-18,薪酬委员会核查认为列入2026年限制性股票激励计划的激励对象符合规定条件与范围，主体资格合法、有效。,0.9,,,,,,,,,,
EVT-0805,Event,迪拜分行在200亿美元全球中期票据计划下发行人民币票据及美元票据,,,,,,,,,,,,,,,EVT-0805,重大经营,迪拜分行在200亿美元全球中期票据计划下发行人民币票据及美元票据,,"工商银行迪拜国际金融中心分行在20,000,000,000美元全球中期票据计划下发行人民币票据及美元票据。",0.9,,,,,,,,,,
EVT-0806,Event,票据获准在香港交易所上市及买卖,,,,,,,,,,,,,,,EVT-0806,重大经营,票据获准在香港交易所上市及买卖,,人民币票据及美元票据已向香港交易所申请以向专业投资者发行债务证券的方式上市及买卖，预计批准于2026年6月22日开始生效。,0.9,,,,,,,,,,
EVT-0807,Event,票据获准在伦敦交易所国际证券市场及纳斯达克迪拜上市交易,,,,,,,,,,,,,,,EVT-0807,重大经营,票据获准在伦敦交易所国际证券市场及纳斯达克迪拜上市交易,,每一系列票据有意获准在伦敦交易所国际证券市场交易，并获准纳入迪拜金融服务局证券官方名单及在纳斯达克迪拜交易。,0.9,,,,,,,,,,
EVT-0808,Event,《2025年度财务决算报告》经董事会审议通过并提交股东会审议,,,,,,,,,,,,,,,EVT-0808,业绩,《2025年度财务决算报告》经董事会审议通过并提交股东会审议,2026-03-30,公司编制并经审计的《2025年度财务决算报告》于2026年3月30日经第六届董事会第二十次会议审议通过，提交年度股东会审议。,0.9,,,,,,,,,,
EVT-0809,Event,2025年度利润分配方案及2026年中期分红计划获董事会审议通过,,,,,,,,,,,,,,,EVT-0809,重大经营,2025年度利润分配方案及2026年中期分红计划获董事会审议通过,2026-03-30,公司第六届董事会第二十次会议审议通过2025年度利润分配方案及2026年中期分红计划议案，提交股东会审议。,0.9,,,,,,,,,,
EVT-0810,Event,公司为董事及高级管理人员购买2026年度责任保险,,,,,,,,,,,,,,,EVT-0810,重大合同,公司为董事及高级管理人员购买2026年度责任保险,2026-03-30,公司拟继续为董事及高级管理人员购买2026年度责任保险，承保人为华泰财产保险有限公司，该议案经第六届董事会第二十次会议审议通过并提交股东会审议。,0.88,,,,,,,,,,
EVT-0811,Event,2026年下半年至2027年上半年对外担保预算1200亿元获董事会审议通过,,,,,,,,,,,,,,,EVT-0811,重大经营,2026年下半年至2027年上半年对外担保预算1200亿元获董事会审议通过,2026-04-29,公司第六届董事会第二十一次会议审议通过2026年下半年至2027年上半年对外担保预算议案，预计总额度1200.00亿元，较上一期下降20%。,0.9,,,,,,,,,,
EVT-0812,Event,富士康工业互联网股份有限公司召开2026年第一次临时股东会,,,,,,,,,,,,,,,EVT-0812,重大经营,富士康工业互联网股份有限公司召开2026年第一次临时股东会,2026-07-07,公司定于2026年7月7日以现场投票和网络投票相结合的方式召开2026年第一次临时股东会。,0.95,,,,,,,,,,
EVT-0813,Event,公司董事会换届选举非独立董事及独立董事,,,,,,,,,,,,,,,EVT-0813,重大经营,公司董事会换届选举非独立董事及独立董事,,股东会审议关于公司董事会换届选举非独立董事（应选5人）和独立董事（应选3人）的议案。,0.9,,,,,,,,,,
EVT-0814,Event,CS MTN在商业票据计划下发行两笔票据并由中信证券提供担保,,,,,,,,,,,,,,,EVT-0814,重大经营,CS MTN在商业票据计划下发行两笔票据并由中信证券提供担保,2026-06-17,"CS MTN于2026年6月17日在商业票据计划下发行两笔票据，发行金额8,000万美元，由公司提供担保。",0.95,,,,,,,,,,
EVT-0815,Event,CSI MTN在中票计划下发行一笔票据并由中信证券国际提供担保,,,,,,,,,,,,,,,EVT-0815,重大经营,CSI MTN在中票计划下发行一笔票据并由中信证券国际提供担保,2026-06-18,CSI MTN于2026年6月18日在中票计划下发行一笔票据，发行金额720万美元，由中信证券国际提供担保。,0.95,,,,,,,,,,
EVT-0816,Event,中国石油化工股份有限公司董事会审议通过集中竞价交易方式回购公司股份方案,,,,,,,,,,,,,,,EVT-0816,股权,中国石油化工股份有限公司董事会审议通过集中竞价交易方式回购公司股份方案,2026-06-15,公司第九届董事会第十三次会议审议通过了《关于以集中竞价交易方式回购公司股份的方案》。,0.92,,,,,,,,,,
EVT-0817,Event,中国石油化工股份有限公司本轮首次回购A股股份1175万股,,,,,,,,,,,,,,,EVT-0817,股权,中国石油化工股份有限公司本轮首次回购A股股份1175万股,2026-06-18,"公司通过集中竞价交易方式本轮首次回购A股股份11,750,000股，占总股本0.010%，支付总金额人民币55,963,878.00元。",0.95,,,,,,,,,,
EVT-0818,Event,赢合科技收购昂华自动化58.02%股份,,,,,,,,,,,,,,,EVT-0818,投资并购,赢合科技收购昂华自动化58.02%股份,2026-06-17,"赢合科技以非公开协议转让方式向电气控股收购昂华自动化58.02%股份，交易金额11,856.29万元。",0.95,,,,,,,,,,
EVT-0819,Event,董事会审议通过收购昂华自动化100%股权议案,,,,,,,,,,,,,,,EVT-0819,股权,董事会审议通过收购昂华自动化100%股权议案,2026-06-17,公司董事会六届六次会议审议通过收购昂华自动化100%股权议案，关联董事回避表决。,0.95,,,,,,,,,,
EVT-0820,Event,中国神华发行股份及支付现金购买国家能源投资集团相关资产交易完成,,,,,,,,,,,,,,,EVT-0820,投资并购,中国神华发行股份及支付现金购买国家能源投资集团相关资产交易完成,,本公司发行股份及支付现金购买控股股东国家能源投资集团有限责任公司相关资产的交易已完成，自2026年4月起主要运营数据包含新并入资产业务量。,0.95,,,,,,,,,,
EVT-0821,Event,2026年5月煤炭销售量同比增长、聚乙烯销售量同比下降,,,,,,,,,,,,,,,EVT-0821,业绩,2026年5月煤炭销售量同比增长、聚乙烯销售量同比下降,,2026年5月煤炭销售量同比增长，主因外购煤销售量增长及上年同期基数较低；聚乙烯销售量同比下降，受生产计划、市场形势变化等影响。,0.9,,,,,,,,,,
EVT-0822,Event,烟台中诚投资股份有限公司解除质押万华化学3000万股,,,,,,,,,,,,,,,EVT-0822,股权,烟台中诚投资股份有限公司解除质押万华化学3000万股,2026-06-16,"万华化学持股5%以上股东烟台中诚投资股份有限公司办理完成30,000,000股股份解除质押手续。",0.95,,,,,,,,,,
EVT-0823,Event,上汽集团2025年度经营业绩,,,,,,,,,,,,,,,EVT-0823,业绩,上汽集团2025年度经营业绩,,2025年公司实现整车销售450.7万辆，合并营业总收入6562.4亿元，归属于上市公司股东的净利润101.1亿元。,0.95,,,,,,,,,,
EVT-0824,Event,续聘普华永道中天担任财务审计及内控审计机构,,,,,,,,,,,,,,,EVT-0824,重大合同,续聘普华永道中天担任财务审计及内控审计机构,2026-06-26,公司拟续聘普华永道中天担任2026年度财务审计机构及内控审计机构，年度报酬总额不超过人民币400万元。,0.9,,,,,,,,,,
EVT-0825,Event,上汽集团与华为合作推出“尚界”品牌,,,,,,,,,,,,,,,EVT-0825,产品,上汽集团与华为合作推出“尚界”品牌,,公司与华为合作推出的“尚界”品牌，仅用7个月即实现首款产品尚界H5上市销售。,0.9,,,,,,,,,,
EVT-0826,Event,特变电工参加2026年新疆辖区上市公司投资者网上集体接待日活动,,,,,,,,,,,,,,,EVT-0826,重大经营,特变电工参加2026年新疆辖区上市公司投资者网上集体接待日活动,2026-06-26,特变电工参加由新疆上市公司协会根据新疆证监局工作部署联合深圳市全景网络有限公司举办的2026年新疆辖区上市公司投资者网上集体接待日活动，活动以网络远程方式于2026年6月26日15:00-17:30举行。,0.9,,,,,,,,,,
EVT-0827,Event,宝钢股份2025年度股东会审议通过2025年下半年度利润分配方案,,,,,,,,,,,,,,,EVT-0827,股权,宝钢股份2025年度股东会审议通过2025年下半年度利润分配方案,2026-05-21,公司2026年5月21日召开的2025年度股东会审议通过了本次利润分配方案。,0.9,,,,,,,,,,
EVT-0828,Event,宝钢股份实施2025年下半年度差异化现金分红,,,,,,,,,,,,,,,EVT-0828,股权,宝钢股份实施2025年下半年度差异化现金分红,2026-06-25,公司以股权登记日总股本扣除回购专用账户股份后的股本为基数，每股派发现金红利0.18元（含税）。,0.9,,,,,,,,,,
EVT-0829,Event,公司完成名稱工商變更登記並取得換發營業執照,,,,,,,,,,,,,,,EVT-0829,重大经营,公司完成名稱工商變更登記並取得換發營業執照,,本公司完成公司名稱的工商變更登記手續，並取得河南省市場監督管理局換發的營業執照。,0.9,,,,,,,,,,
EVT-0830,Event,香港公司註冊處發出註冊非香港公司變更名稱註冊證明書,,,,,,,,,,,,,,,EVT-0830,监管,香港公司註冊處發出註冊非香港公司變更名稱註冊證明書,2026-06-16,香港公司註冊處發出《註冊非香港公司變更名稱註冊證明書》，確認公司於香港註冊的英文名稱及中文名稱均已變更。,0.9,,,,,,,,,,
EVT-0831,Event,格力电器社会公众股及内部职工股在深圳证券交易所上市,,,,,,,,,,,,,,,EVT-0831,股权,格力电器社会公众股及内部职工股在深圳证券交易所上市,,公司三次发行的社会公众股和内部职工股共2100万股于1996年11月18日在深圳证券交易所上市。,0.95,,,,,,,,,,
EVT-0832,Event,格力电器制定公司章程,,,,,,,,,,,,,,,EVT-0832,重大经营,格力电器制定公司章程,,公司制定本章程，规范公司组织与行为、股东与公司等权利义务关系。,0.9,,,,,,,,,,
EVT-0833,Event,中兴通讯召开二〇二五年度股东会,,,,,,,,,,,,,,,EVT-0833,重大经营,中兴通讯召开二〇二五年度股东会,2026-06-17,中兴通讯于2026年6月17日在深圳市南山区高新技术产业园科技南路中兴通讯大厦A座四楼召开二〇二五年度股东会现场会议。,0.95,,,,,,,,,,
EVT-0834,Event,本次股东会审议通过会议通知列明的全部议案,,,,,,,,,,,,,,,EVT-0834,重大经营,本次股东会审议通过会议通知列明的全部议案,,本次股东会审议了会议通知中列明的全部议案，普通决议案经出席股东所持表决权过半数通过，特别决议案经三分之二以上通过。,0.9,,,,,,,,,,
EVT-0835,Event,中国建筑第四届董事会第三十六次会议召开,,,,,,,,,,,,,,,EVT-0835,重大经营,中国建筑第四届董事会第三十六次会议召开,2026-06-08,公司第四届董事会第三十六次会议于2026年6月8日在北京中建财富国际中心3908会议室召开，董事长郑学选主持，7名董事均参与投票表决。,0.95,,,,,,,,,,
EVT-0836,Event,公司制定2026年度董事薪酬方案并提请股东会审议,,,,,,,,,,,,,,,EVT-0836,重大经营,公司制定2026年度董事薪酬方案并提请股东会审议,2026-06-26,公司制定2026年度董事薪酬方案，作为议案二提请2026年第一次临时股东会审议。,0.9,,,,,,,,,,
EVT-0837,Event,中国建筑2026年第一次临时股东会召开,,,,,,,,,,,,,,,EVT-0837,重大经营,中国建筑2026年第一次临时股东会召开,2026-06-26,公司2026年第一次临时股东会现场会议于2026年6月26日14:30召开，审议薪酬与考核管理办法及董事薪酬方案等议案。,0.9,,,,,,,,,,
EVT-0838,Event,巴西叶片拟向控股股东中材叶片申请2.13亿元人民币财务资助,,,,,,,,,,,,,,,EVT-0838,重大经营,巴西叶片拟向控股股东中材叶片申请2.13亿元人民币财务资助,,巴西叶片为满足生产经营需要，拟向控股股东中材叶片申请2.13亿元人民币财务资助，期限不超过12个月。,0.9,,,,,,,,,,
EVT-0839,Event,中材科技公告披露中材叶片为巴西叶片提供财务资助,,,,,,,,,,,,,,,EVT-0839,重大经营,中材科技公告披露中材叶片为巴西叶片提供财务资助,2026-03-20,"中材科技发布公告，披露其全资子公司中材叶片为巴西叶片提供不超过21,300万元人民币财务资助并按持股比例提供银行保函担保。",0.9,,,,,,,,,,
EVT-0840,Event,中材国际董事会审议通过中材海外为巴西叶片提供担保暨关联交易议案,,,,,,,,,,,,,,,EVT-0840,重大经营,中材国际董事会审议通过中材海外为巴西叶片提供担保暨关联交易议案,2026-06-09,中材国际召开第八届董事会第二十五次会议（临时），以4票同意审议通过为中材海外参股公司巴西叶片提供财务资助担保及银行保函担保暨关联交易的议案。,0.9,,,,,,,,,,
EVT-0841,Event,中材国际制定董事、高级管理人员薪酬管理制度,,,,,,,,,,,,,,,EVT-0841,政策,中材国际制定董事、高级管理人员薪酬管理制度,,为落实上市公司治理准则相关要求，中材国际结合实际情况制定董事、高级管理人员薪酬管理制度并提请股东会审议。,0.85,,,,,,,,,,
EVT-0842,Event,伊利与中行澳门分行签最高额保证合同为澳优乳业担保1.1亿港元,,,,,,,,,,,,,,,EVT-0842,重大合同,伊利与中行澳门分行签最高额保证合同为澳优乳业担保1.1亿港元,2026-06-15,公司与中国银行股份有限公司澳门分行签署最高额保证合同，为控股子公司澳优乳业在该银行授信项下贷款业务提供连带责任保证担保，担保债务最高本金余额为1.1亿港元。,0.9,,,,,,,,,,
EVT-0843,Event,伊利与香港上海汇丰银行签保证书为Ausnutria B.V.担保2亿欧元,,,,,,,,,,,,,,,EVT-0843,重大合同,伊利与香港上海汇丰银行签保证书为Ausnutria B.V.担保2亿欧元,2026-06-15,公司与香港上海汇丰银行有限公司签署保证书，为控股子公司Ausnutria B.V.在该银行授信项下贷款业务提供连带责任保证担保，担保授信总额为2亿欧元。,0.9,,,,,,,,,,
EVT-0844,Event,伊利与澳洲汇丰银行签保证书为四家澳洲子公司共用授信担保0.2亿澳元,,,,,,,,,,,,,,,EVT-0844,重大合同,伊利与澳洲汇丰银行签保证书为四家澳洲子公司共用授信担保0.2亿澳元,2026-06-15,公司与澳洲汇丰银行有限公司签署保证书，为Ausnutria Pty Ltd等四家控股子公司的共用授信及项下贷款业务提供连带责任保证担保，担保授信总额为0.2亿澳大利亚元。,0.9,,,,,,,,,,
EVT-0845,Event,伊利董事会及年度股东会审议通过为控股子公司提供担保议案,,,,,,,,,,,,,,,EVT-0845,重大经营,伊利董事会及年度股东会审议通过为控股子公司提供担保议案,2026-04-28,公司第十一届董事会第九次会议及2025年年度股东会分别审议通过了《公司关于为控股子公司提供担保的议案》。,0.85,,,,,,,,,,
EVT-0846,Event,国家药监局批准羟乙磺酸达尔西利片新增新适应症,,,,,,,,,,,,,,,EVT-0846,监管,国家药监局批准羟乙磺酸达尔西利片新增新适应症,,国家药监局批准江苏恒瑞医药股份有限公司自主研发的CDK4/6抑制剂羟乙磺酸达尔西利片新增新适应症。,0.95,,,,,,,,,,
EVT-0847,Event,公司2025年年度股东会审议通过2025年度利润分配方案,,,,,,,,,,,,,,,EVT-0847,股权,公司2025年年度股东会审议通过2025年度利润分配方案,2026-05-12,公司2025年年度股东会审议通过了公司2025年度利润分配方案，拟每10股派发现金红利0.35元（税前）。,0.9,,,,,,,,,,
EVT-0848,Event,“保利定转”停止转股,,,,,,,,,,,,,,,EVT-0848,重大经营,“保利定转”停止转股,2026-06-23,自2025年度权益分派实施公告前一交易日（2026年6月23日）至权益分派股权登记日期间，“保利定转”将停止转股。,0.9,,,,,,,,,,
EVT-0849,Event,公司披露2025年度权益分派实施公告和可转债转股价格调整公告,,,,,,,,,,,,,,,EVT-0849,重大经营,公司披露2025年度权益分派实施公告和可转债转股价格调整公告,2026-06-24,公司将于2026年6月24日在上海证券交易所网站披露2025年度权益分派实施公告和可转债转股价格调整公告。,0.85,,,,,,,,,,
EVT-0850,Event,招商银行发行2026年第二期无固定期限资本债券（债券通）并完成发行,,,,,,,,,,,,,,,EVT-0850,重大经营,招商银行发行2026年第二期无固定期限资本债券（债券通）并完成发行,2026-06-15,招商银行在全国银行间债券市场发行规模200亿元的无固定期限资本债券，于2026年6月11日簿记建档、2026年6月15日完成发行，募集资金用于补充其他一级资本。,0.95,,,,,,,,,,
EVT-0851,Event,宁德时代50亿元公司债获证监会注册批复,,,,,,,,,,,,,,,EVT-0851,监管,宁德时代50亿元公司债获证监会注册批复,2026-02-05,发行人面向专业机构投资者公开发行不超过人民币50亿元的公司债券于2026年2月5日获得中国证券监督管理委员会注册批复。,0.95,,,,,,,,,,
EVT-0852,Event,本期科技创新公司债券票面利率确定为1.49%,,,,,,,,,,,,,,,EVT-0852,重大经营,本期科技创新公司债券票面利率确定为1.49%,2026-06-17,发行人和主承销商网下询价后，最终确定本期债券票面利率为1.49%。,0.95,,,,,,,,,,
EVT-0853,Event,本期债券于2026年6月18日网下发行,,,,,,,,,,,,,,,EVT-0853,重大经营,本期债券于2026年6月18日网下发行,2026-06-18,发行人按上述票面利率于2026年6月18日面向专业机构投资者网下发行本期债券。,0.95,,,,,,,,,,
EVT-0854,Event,中国证监会同意东方财富证券公开发行不超过400亿元公司债券注册,,,,,,,,,,,,,,,EVT-0854,监管,中国证监会同意东方财富证券公开发行不超过400亿元公司债券注册,,中国证监会批复同意东方财富证券向专业投资者公开发行面值总额不超过400亿元公司债券的注册申请。,0.95,,,,,,,,,,
EVT-0855,Event,东方财富证券完成2026年第二期公司债券发行,,,,,,,,,,,,,,,EVT-0855,重大经营,东方财富证券完成2026年第二期公司债券发行,,东方财富证券完成本期公司债券发行，网下实际发行规模30亿元，品种一22亿元、票面利率1.75%，品种二8亿元、票面利率1.90%。,0.95,,,,,,,,,,
EVT-0856,Event,鲁抗医药获得甲磺酸伊马替尼片药品注册证书,,,,,,,,,,,,,,,EVT-0856,产品,鲁抗医药获得甲磺酸伊马替尼片药品注册证书,,公司收到国家药品监督管理局颁发的甲磺酸伊马替尼片《药品注册证书》，批准文号为国药准字H20265953、国药准字H20265954。,0.95,,,,,,,,,,
EVT-0857,Event,鲁抗医药获得甲磺酸伊马替尼原料药上市申请批准通知书,,,,,,,,,,,,,,,EVT-0857,产品,鲁抗医药获得甲磺酸伊马替尼原料药上市申请批准通知书,,公司收到甲磺酸伊马替尼原料药《化学原料药上市申请批准通知书》，登记号Y20240000532。,0.95,,,,,,,,,,
EVT-0858,Event,新华手术器械有限公司等离子手术设备获三类医疗器械注册证,,,,,,,,,,,,,,,EVT-0858,产品,新华手术器械有限公司等离子手术设备获三类医疗器械注册证,2026-09-14,新华医疗子公司新华手术器械有限公司取得国家药监局颁发的等离子手术设备三类医疗器械注册证，批准日期为2026年9月14日。,0.9,,,,,,,,,,
EVT-0859,Event,新华手术器械有限公司一次性使用电动直线型切割吻合器及钉仓获三类医疗器械注册证,,,,,,,,,,,,,,,EVT-0859,产品,新华手术器械有限公司一次性使用电动直线型切割吻合器及钉仓获三类医疗器械注册证,2026-09-14,新华手术器械有限公司取得一次性使用电动直线型切割吻合器及钉仓三类医疗器械注册证，注册证编号国械注准20263011933，批准日期为2026年9月14日。,0.9,,,,,,,,,,
EVT-0860,Event,新华手术器械有限公司一次性使用电动直线型切割吻合器及钉仓组件获三类医疗器械注册证,,,,,,,,,,,,,,,EVT-0860,产品,新华手术器械有限公司一次性使用电动直线型切割吻合器及钉仓组件获三类医疗器械注册证,2026-09-14,新华手术器械有限公司取得一次性使用电动直线型切割吻合器及钉仓组件三类医疗器械注册证，注册证编号国械注准20263011942，批准日期为2026年9月14日。,0.9,,,,,,,,,,
EVT-0861,Event,公司上臂式电子血压计第二类医疗器械注册证核发申请获受理,,,,,,,,,,,,,,,EVT-0861,产品,公司上臂式电子血压计第二类医疗器械注册证核发申请获受理,,公司收到广东省药品监督管理局下发的《受理凭证》，其申请的上臂式电子血压计第二类医疗器械注册证核发事项已获受理，目前尚处于受理阶段。,0.9,,,,,,,,,,
EVT-0862,Event,江苏中来新材拟与常熟中坚签订钢边框采购合同,,,,,,,,,,,,,,,EVT-0862,重大合同,江苏中来新材拟与常熟中坚签订钢边框采购合同,,"江苏中来新材通过公开竞争性谈判确定常熟中坚为光伏钢边框采购项目供应商，拟签订金额86,313,460元的钢边框采购合同。",0.95,,,,,,,,,,
EVT-0863,Event,公司第六届董事会第五次会议审议通过采购合同暨关联交易议案,,,,,,,,,,,,,,,EVT-0863,重大经营,公司第六届董事会第五次会议审议通过采购合同暨关联交易议案,2026-09-22,公司召开第六届董事会第五次会议，以9票同意审议通过《关于全资子公司拟签订采购合同暨关联交易的议案》。,0.95,,,,,,,,,,
EVT-0864,Event,常熟中坚成立,,,,,,,,,,,,,,,EVT-0864,股权,常熟中坚成立,2024-06-14,"常熟中坚成立于2024年6月14日，注册资本5,410万元，实际控制人为林建伟先生。",0.9,,,,,,,,,,
EVT-0865,Event,常熟中坚2025年度营业收入与净利润,,,,,,,,,,,,,,,EVT-0865,业绩,常熟中坚2025年度营业收入与净利润,,"2025年度常熟中坚营业收入约12,615.08万元，净利润约795.24万元。",0.9,,,,,,,,,,
EVT-0866,Event,快乐小草公司中标三北工程林草湿荒一体化保护修复项目（2026年度）施工二标段,,,,,,,,,,,,,,,EVT-0866,重大合同,快乐小草公司中标三北工程林草湿荒一体化保护修复项目（2026年度）施工二标段,,"快乐小草公司收到《中标通知书》，成为内蒙古自治区巴彦淖尔市乌拉特后旗三北工程林草湿荒一体化保护修复项目（2026年度）施工二标段中标人，中标金额141,640,735元。",0.95,,,,,,,,,,
EVT-0867,Event,公司披露关于子公司收到中标结果的提示性公告,,,,,,,,,,,,,,,EVT-0867,重大经营,公司披露关于子公司收到中标结果的提示性公告,2026-09-15,公司于2026年9月15日披露《关于子公司收到中标结果的提示性公告》（公告编号：2026-055）。,0.9,,,,,,,,,,
EVT-0868,Event,行云科技与SA供应商签署《算力服务合同》及《算力服务框架合作协议》，达成128套算力服务总框架性采购协议,,,,,,,,,,,,,,,EVT-0868,重大合同,行云科技与SA供应商签署《算力服务合同》及《算力服务框架合作协议》，达成128套算力服务总框架性采购协议,2026-07-20,公司与某国资供应商SA供应商签署《算力服务合同》及《算力服务框架合作协议》，达成共128套（首批已采购32套）高端算力服务器及配套算力服务的总框架性采购协议。,0.95,,,,,,,,,,
EVT-0869,Event,行云科技与SA供应商签署3份《算力服务合同》购买43套GPU算力服务,,,,,,,,,,,,,,,EVT-0869,重大合同,行云科技与SA供应商签署3份《算力服务合同》购买43套GPU算力服务,,"公司与SA供应商签署3份《算力服务合同》，购买GPU算力服务合计43套，服务期限均为5年，含税总金额合计45,313.98万元。",0.95,,,,,,,,,,
EVT-0870,Event,百克生物RSV抗体组合制剂临床试验申请获国家药品监督管理局受理,,,,,,,,,,,,,,,EVT-0870,产品,百克生物RSV抗体组合制剂临床试验申请获国家药品监督管理局受理,,长春百克生物科技股份公司收到国家药品监督管理局下发的重组人源抗呼吸道合胞病毒单克隆抗体注射液组合制剂临床试验申请《受理通知书》，受理号CXSL2601038。,0.95,,,,,,,,,,
EVT-0871,Event,湖北津药获复方氨基酸注射液（18AA-Ⅶ）药品注册证书,,,,,,,,,,,,,,,EVT-0871,产品,湖北津药获复方氨基酸注射液（18AA-Ⅶ）药品注册证书,,津药药业子公司湖北津药收到国家药品监督管理局核准签发的复方氨基酸注射液（18AA-Ⅶ）《药品注册证书》。,0.95,,,,,,,,,,
EVT-0872,Event,康泰医学多参数生命体征监测仪医疗器械注册证变更获批,,,,,,,,,,,,,,,EVT-0872,产品,康泰医学多参数生命体征监测仪医疗器械注册证变更获批,2026-09-21,公司收到河北省药品监督管理局颁发的《医疗器械变更注册文件》，多参数生命体征监测仪的规格型号、适用范围、结构及组成、产品技术要求发生变更。,0.9,,,,,,,,,,
EVT-0873,Event,联合体中标广西桂西北治旱龙江河谷灌区工程侧岭、德思干线标施工+运营总承包,,,,,,,,,,,,,,,EVT-0873,重大合同,联合体中标广西桂西北治旱龙江河谷灌区工程侧岭、德思干线标施工+运营总承包,2026-09-21,2026年9月21日全国公共资源交易平台发布中标结果公示，公司及子公司水电公司与广西建工集团海河水利建设有限责任公司组成的联合体中标该项目。,0.95,,,,,,,,,,
EVT-0874,Event,联合体各方按协议约定分工承担施工、投资与运营职责,,,,,,,,,,,,,,,EVT-0874,重大经营,联合体各方按协议约定分工承担施工、投资与运营职责,,根据联合体协议，水电公司与牵头人共同作为施工方并作为投资方负责全部股权投资，公司作为运营方负责全部运营管理。,0.9,,,,,,,,,,
EVT-0875,Event,正棋机器人中标中国邮政湖北省分公司襄阳邮件处理中心带设备外包服务项目,,,,,,,,,,,,,,,EVT-0875,重大合同,正棋机器人中标中国邮政湖北省分公司襄阳邮件处理中心带设备外包服务项目,,正棋机器人收到湖北信通通信有限公司签发的《中标通知书》，被确认为襄阳邮件处理中心带设备外包服务项目中标人，外包期限5年，预计项目总金额约1.5亿元。,0.95,,,,,,,,,,
EVT-0876,Event,公司物流自动化分拣运营业务2026年上半年营收0.8亿元同比增长83%,,,,,,,,,,,,,,,EVT-0876,业绩,公司物流自动化分拣运营业务2026年上半年营收0.8亿元同比增长83%,,2026年上半年公司物流自动化分拣运营业务实现营收0.8亿元，同比增长83%。,0.95,,,,,,,,,,
EVT-0877,Event,全资子公司获得复方聚乙二醇（3350）电解质口服溶液药品注册证书,,,,,,,,,,,,,,,EVT-0877,产品,全资子公司获得复方聚乙二醇（3350）电解质口服溶液药品注册证书,,一品红药业集团股份有限公司全资子公司广州一品红制药有限公司于近日收到国家药品监督管理局核准签发的复方聚乙二醇（3350）电解质口服溶液《药品注册证书》，药品批准文号为国药准字H20265982。,0.95,,,,,,,,,,
EVT-0878,Event,深圳兆能与中国移动签订智能家庭网关产品集中采购框架协议,,,,,,,,,,,,,,,EVT-0878,重大合同,深圳兆能与中国移动签订智能家庭网关产品集中采购框架协议,,"深圳兆能收到与中国移动通信有限公司签订的智能家庭网关产品集中采购框架协议采购包1和采购包2，含税总金额上限合计18,436.12万元。",0.95,,,,,,,,,,
EVT-0879,Event,平治信息披露深圳兆能成为中国移动智能家庭网关集采项目中标候选人的提示性公告,,,,,,,,,,,,,,,EVT-0879,重大经营,平治信息披露深圳兆能成为中国移动智能家庭网关集采项目中标候选人的提示性公告,2026-07-19,平治信息于2026年7月19日披露中标候选人公示提示性公告，深圳兆能成为标包1和标包2的中标候选人。,0.9,,,,,,,,,,
EVT-0880,Event,鸿路钢构全资子公司签署***生产线项目合同,,,,,,,,,,,,,,,EVT-0880,重大合同,鸿路钢构全资子公司签署***生产线项目合同,,"全资子公司安徽鸿翔建材有限公司与中建一局集团建设发展有限公司、北京百汇怡翔科贸有限公司、安徽坤之诚钢结构有限公司签署合同，合同总额暂定280,577,046.74元。",0.95,,,,,,,,,,
EVT-0881,Event,甘李药业GLR1075注射液获药物临床试验批准通知书,,,,,,,,,,,,,,,EVT-0881,产品,甘李药业GLR1075注射液获药物临床试验批准通知书,,甘李药业收到国家药监局下发的GLR1075注射液《药物临床试验批准通知书》，同意开展肝硬化腹水低白蛋白血症临床试验。,0.95,,,,,,,,,,
EVT-0882,Event,甘李药业披露GLR1075注射液项目累计研发投入,,,,,,,,,,,,,,,EVT-0882,重大经营,甘李药业披露GLR1075注射液项目累计研发投入,2026-06-30,"截至2026年6月30日，甘李药业在GLR1075注射液项目中累计投入研发费用8,191.61万元人民币。",0.9,,,,,,,,,,
EVT-0883,Event,上海现代制药获得他克莫司软膏药品注册证书,,,,,,,,,,,,,,,EVT-0883,产品,上海现代制药获得他克莫司软膏药品注册证书,,上海现代制药股份有限公司收到国家药品监督管理局核准签发的他克莫司软膏《药品注册证书》，并视同通过一致性评价。,0.95,,,,,,,,,,
EVT-0884,Event,公司与中国移动通信有限公司签订智能家庭网关产品集中采购框架协议,,,,,,,,,,,,,,,EVT-0884,重大合同,公司与中国移动通信有限公司签订智能家庭网关产品集中采购框架协议,2026-09-02,公司收到与中国移动通信有限公司签订返回的采购包1、采购包2采购框架协议，签署时间为2026年9月2日。,0.9,,,,,,,,,,
EVT-0885,Event,科华生物及苏州天隆取得医疗器械注册证,,,,,,,,,,,,,,,EVT-0885,产品,科华生物及苏州天隆取得医疗器械注册证,2026-09-14,上海科华生物工程股份有限公司及控股子公司苏州天隆生物科技有限公司收到国家药品监督管理局颁发的医疗器械注册证（体外诊断试剂），取得沙眼衣原体核酸检测试剂盒、副流感病毒核酸检测试剂盒注册证。,0.92,,,,,,,,,,
EVT-0886,Event,华海药业欧洲公司获得阿哌沙班片德国上市许可,,,,,,,,,,,,,,,EVT-0886,产品,华海药业欧洲公司获得阿哌沙班片德国上市许可,,公司子公司华海欧洲公司收到德国联邦药品和医疗器械管理局核准签发的阿哌沙班片上市许可。,0.95,,,,,,,,,,
EVT-0887,Event,公司披露阿哌沙班片欧洲研发项目研发投入,,,,,,,,,,,,,,,EVT-0887,重大经营,公司披露阿哌沙班片欧洲研发项目研发投入,,截至目前，公司在阿哌沙班片欧洲研发项目上的研发投入合计约人民币369万元。,0.8,,,,,,,,,,
EVT-0888,Event,海正动保公司取得复方非泼罗尼吡喹酮莫昔克丁滴剂兽药产品批准文号批件,,,,,,,,,,,,,,,EVT-0888,产品,海正动保公司取得复方非泼罗尼吡喹酮莫昔克丁滴剂兽药产品批准文号批件,,控股子公司浙江海正动物保健品有限公司收到农业农村部核准签发的复方非泼罗尼吡喹酮莫昔克丁滴剂兽药产品批准文号批件，该兽药具备上市销售条件。,0.95,,,,,,,,,,
EVT-0889,Event,农业农村部受理海正动保公司产品批准文号申请,,,,,,,,,,,,,,,EVT-0889,监管,农业农村部受理海正动保公司产品批准文号申请,2026-07-29,2026年7月29日，中华人民共和国农业农村部受理了海正动保公司递交的复方非泼罗尼吡喹酮莫昔克丁滴剂产品批准文号申请。,0.93,,,,,,,,,,
EVT-0890,Event,华润赛科依折麦布阿托伐他汀钙片获得《药品注册证书》,,,,,,,,,,,,,,,EVT-0890,产品,华润赛科依折麦布阿托伐他汀钙片获得《药品注册证书》,,华润赛科收到国家药监局颁发的依折麦布阿托伐他汀钙片（Ⅰ）和（Ⅱ）《药品注册证书》。,0.95,,,,,,,,,,
EVT-0891,Event,广生堂董事会审议通过签订技术转让合同暨关联交易议案,,,,,,,,,,,,,,,EVT-0891,重大合同,广生堂董事会审议通过签订技术转让合同暨关联交易议案,2026-09-11,公司召开第五届董事会第十九次会议，审议通过了《关于签订<技术转让合同>暨关联交易的议案》。,0.95,,,,,,,,,,
EVT-0892,Event,广生堂拟与瑞泰来签订技术转让合同受让琥珀酸地文拉法辛缓释片项目,,,,,,,,,,,,,,,EVT-0892,重大合同,广生堂拟与瑞泰来签订技术转让合同受让琥珀酸地文拉法辛缓释片项目,2026-09-11,"公司拟与瑞泰来签订《技术转让合同》，受让其拥有的琥珀酸地文拉法辛缓释片项目全部技术及权益，交易金额（含税）1,263.60万元。",0.9,,,,,,,,,,
EVT-0893,Event,子公司快乐小草公司中标乌拉特后旗三北工程林草湿荒一体化保护修复项目施工二标段,,,,,,,,,,,,,,,EVT-0893,重大合同,子公司快乐小草公司中标乌拉特后旗三北工程林草湿荒一体化保护修复项目施工二标段,2026-09-14,"内蒙古自治区公共资源交易网2026年9月14日公示，快乐小草公司为“内蒙古自治区巴彦淖尔市乌拉特后旗三北工程林草湿荒一体化保护修复项目（2026年度）施工二标段”中标单位，拟定中标价141,640,735元。",0.9,,,,,,,,,,
EVT-0894,Event,全资子公司Primelase医疗器械注册申请获受理,,,,,,,,,,,,,,,EVT-0894,监管,全资子公司Primelase医疗器械注册申请获受理,2026-09-14,华东医药全资子公司High Technology Products，S.L.U.申报的三类医疗器械半导体激光治疗仪Primelase注册申请获国家药品监督管理局受理。,0.95,,,,,,,,,,
EVT-0895,Event,注射用T-Bren（HER2 ADC）联合帕妥珠单抗III期临床试验完成首例受试者入组,,,,,,,,,,,,,,,EVT-0895,产品,注射用T-Bren（HER2 ADC）联合帕妥珠单抗III期临床试验完成首例受试者入组,,公司自主研发的注射用T-Bren（HER2 ADC）联合帕妥珠单抗在HER2阳性乳腺癌新辅助治疗中对比多西他赛+卡铂+曲妥珠单抗+帕妥珠单抗的III期随机对照临床试验完成首例受试者入组。,0.95,,,,,,,,,,
EVT-0896,Event,T-Bren正在国内外开展20项临床试验,,,,,,,,,,,,,,,EVT-0896,产品,T-Bren正在国内外开展20项临床试验,,截至目前，T-Bren正在国内外开展20项临床试验，包括9个III期、1个II/III期等，覆盖多项适应症。,0.9,,,,,,,,,,
EVT-0897,Event,康泰医学取得两项医疗器械注册证,,,,,,,,,,,,,,,EVT-0897,产品,康泰医学取得两项医疗器械注册证,2026-09-08,康泰医学于近日取得河北省药品监督管理局颁发的《中华人民共和国医疗器械注册证》，涉及超声多普勒胎儿监护仪和胎儿母亲多参数监护仪两个产品。,0.95,,,,,,,,,,
EVT-0898,Event,公司称注册证首次取得有利于丰富产品线,,,,,,,,,,,,,,,EVT-0898,产品,公司称注册证首次取得有利于丰富产品线,2026-09-08,公司表示上述产品医疗器械注册证的首次取得有利于丰富公司产品线、提高核心竞争力，但尚无法准确预测对营业收入的影响。,0.9,,,,,,,,,,
EVT-0899,Event,复宏汉霖地舒单抗生物类似药HLX14药品注册申请获国家药监局受理,,,,,,,,,,,,,,,EVT-0899,监管,复宏汉霖地舒单抗生物类似药HLX14药品注册申请获国家药监局受理,,控股子公司上海复宏汉霖及其控股子公司自主研发的地舒单抗生物类似药HLX14（120mg（1.7ml）/瓶规格）药品注册申请获国家药品监督管理局受理。,0.95,,,,,,,,,,
EVT-0900,Event,HLX14已分别于美国、欧盟、英国、加拿大获批上市,,,,,,,,,,,,,,,EVT-0900,产品,HLX14已分别于美国、欧盟、英国、加拿大获批上市,,截至公告日期，HLX14（规格：60mg/mL、120mg/1.7mL）已分别于美国、欧盟、英国、加拿大获批上市，获批适应症覆盖相关原研产品于当地已获批的所有适应症。,0.9,,,,,,,,,,
EVT-0901,Event,HLX14其他规格上市注册申请已于2025年12月获国家药监局受理,,,,,,,,,,,,,,,EVT-0901,监管,HLX14其他规格上市注册申请已于2025年12月获国家药监局受理,,其60mg（1.0mL）/瓶、60mg(1.0mL)/支(预充式注射器)规格的上市注册申请也已于2025年12月获国家药监局受理。,0.9,,,,,,,,,,
EVT-0902,Event,本集团针对HLX14累计研发投入约3.52亿元,,,,,,,,,,,,,,,EVT-0902,重大经营,本集团针对HLX14累计研发投入约3.52亿元,,截至2026年8月，本集团现阶段针对HLX14的累计研发投入约为人民币3.52亿元（未经审计）。,0.9,,,,,,,,,,
EVT-0903,Event,间苯三酚口崩片获得药品注册证书,,,,,,,,,,,,,,,EVT-0903,产品,间苯三酚口崩片获得药品注册证书,,九珑人福收到国家药品监督管理局核准签发的间苯三酚口崩片《药品注册证书》，药品批准文号为国药准字H20265842。,0.95,,,,,,,,,,
EVT-0904,Event,九珑人福提交间苯三酚口崩片上市许可申请并获受理,,,,,,,,,,,,,,,EVT-0904,产品,九珑人福提交间苯三酚口崩片上市许可申请并获受理,,九珑人福于2024年12月向国家药品监督管理局提交间苯三酚口崩片的上市许可申请并获得受理。,0.9,,,,,,,,,,
EVT-0905,Event,广生堂拟与关联方瑞泰来签订《技术转让合同》,,,,,,,,,,,,,,,EVT-0905,重大合同,广生堂拟与关联方瑞泰来签订《技术转让合同》,2026-09-11,"广生堂拟与福建瑞泰来医药科技有限公司签订《技术转让合同》，受让琥珀酸地文拉法辛缓释片项目全部技术及权益，交易金额（含税）1,263.60万元，构成关联交易。",0.95,,,,,,,,,,
EVT-0906,Event,广生堂第五届董事会第十九次会议审议通过签订《技术转让合同》暨关联交易议案,,,,,,,,,,,,,,,EVT-0906,重大经营,广生堂第五届董事会第十九次会议审议通过签订《技术转让合同》暨关联交易议案,2026-09-08,公司召开第五届董事会第十九次会议，审议通过《关于签订<技术转让合同>暨关联交易的议案》，关联董事李国平、叶理青、李国栋回避表决。,0.95,,,,,,,,,,
EVT-0907,Event,广生堂拟与瑞泰来签订技术转让合同,,,,,,,,,,,,,,,EVT-0907,重大合同,广生堂拟与瑞泰来签订技术转让合同,2026-09-11,广生堂拟以1263.60万元受让瑞泰来琥珀酸地文拉法辛缓释片项目全部技术及权益，构成关联交易。,0.95,,,,,,,,,,
EVT-0908,Event,广生堂董事会审议通过技术转让暨关联交易议案,,,,,,,,,,,,,,,EVT-0908,重大经营,广生堂董事会审议通过技术转让暨关联交易议案,2026-09-11,公司第五届董事会第十九次会议审议通过签订技术转让合同暨关联交易议案，关联董事回避表决。,0.95,,,,,,,,,,
EVT-0909,Event,国药工业获得盐酸戊乙奎醚注射液（1ml:0.5mg）药品注册证书,,,,,,,,,,,,,,,EVT-0909,产品,国药工业获得盐酸戊乙奎醚注射液（1ml:0.5mg）药品注册证书,,公司全资子公司国药工业收到国家药品监督管理局核准签发的盐酸戊乙奎醚注射液（1ml:0.5mg）《药品注册证书》。,0.95,,,,,,,,,,
EVT-0910,Event,国药工业此前获得盐酸戊乙奎醚注射液（1ml:1mg）药品注册证书并通过一致性评价,,,,,,,,,,,,,,,EVT-0910,产品,国药工业此前获得盐酸戊乙奎醚注射液（1ml:1mg）药品注册证书并通过一致性评价,,国药工业已于2025年9月获得盐酸戊乙奎醚注射液（1ml:1mg）药品注册证书并通过一致性评价，本次为新增规格。,0.9,,,,,,,,,,
EVT-0911,Event,公司组成联合体签订罗平县智慧农业项目EPC三标段总承包合同,,,,,,,,,,,,,,,EVT-0911,重大合同,公司组成联合体签订罗平县智慧农业项目EPC三标段总承包合同,,"公司（牵头方）与中国建筑西南勘察设计研究院有限公司组成联合体，作为云南省曲靖市罗平县智慧农业项目工程总承包（EPC）三标段中标单位并签订合同，签约合同价65,390万元。",0.9,,,,,,,,,,
EVT-0912,Event,签署罗平县智慧农业项目EPC三标段总承包合同补充协议,,,,,,,,,,,,,,,EVT-0912,重大合同,签署罗平县智慧农业项目EPC三标段总承包合同补充协议,,"因政府土地流转问题及项目优化，公司与相关方签署补充协议，签约合同价调整为300,000,000元，三标段占地面积约150亩、建筑面积约78,000平方米。",0.9,,,,,,,,,,
EVT-0913,Event,宜泽康®治疗不可切除EGFR突变型非小细胞肺癌的III期临床试验完成首例受试者入组,,,,,,,,,,,,,,,EVT-0913,产品,宜泽康®治疗不可切除EGFR突变型非小细胞肺癌的III期临床试验完成首例受试者入组,,公司自主研发的宜泽康®（伦康依隆妥单抗，BL-B01D1/iza-bren）对比BL-B01D1联合奥希替尼与奥希替尼单药的III期随机对照临床试验（PANKU-Lung08）完成首例受试者入组。,0.95,,,,,,,,,,
EVT-0914,Event,宜泽康®两项适应症获国家药品监督管理局上市批准,,,,,,,,,,,,,,,EVT-0914,产品,宜泽康®两项适应症获国家药品监督管理局上市批准,,宜泽康®用于复发性或转移性鼻咽癌、复发性或转移性食管鳞癌共2项适应症已获得国家药品监督管理局（NMPA）的上市批准。,0.9,,,,,,,,,,
EVT-0915,Event,宜泽康®三阴乳腺癌上市申请获CDE受理,,,,,,,,,,,,,,,EVT-0915,监管,宜泽康®三阴乳腺癌上市申请获CDE受理,,宜泽康®用于治疗局部晚期或转移性三阴乳腺癌的药品上市申请（NDA）已获得CDE受理。,0.9,,,,,,,,,,
EVT-0916,Event,越南圣晖中标（越南）金榜厂房一期新建工程（机电工程）,,,,,,,,,,,,,,,EVT-0916,重大合同,越南圣晖中标（越南）金榜厂房一期新建工程（机电工程）,,"公司控股子公司越南圣晖近日收到纬创资通（越南）有限公司通知，中标（越南）金榜厂房一期新建工程（机电工程），工程总价10,188亿越南盾（未税），约人民币2.62亿元（未税）。",0.9,,,,,,,,,,
EVT-0917,Event,控股子公司四项抗癫痫药物浓度测定试剂盒医疗器械注册申请获受理,,,,,,,,,,,,,,,EVT-0917,产品,控股子公司四项抗癫痫药物浓度测定试剂盒医疗器械注册申请获受理,,上海透景生命科技股份有限公司控股子公司上海脉示生物技术有限公司申报的四项抗癫痫药物浓度测定试剂盒（液相色谱串联质谱法）医疗器械注册申请获得上海市药品监督管理局受理。,0.95,,,,,,,,,,
EVT-0918,Event,通光光缆进入国家电网第四次装置性材料招标中标人补充名单,,,,,,,,,,,,,,,EVT-0918,重大合同,通光光缆进入国家电网第四次装置性材料招标中标人补充名单,2026-09-09,"国家电网电子商务平台发布中标人补充名单，通光光缆进入该项目中标人名单，公司此次中标金额仍为12,950万元。",0.9,,,,,,,,,,
EVT-0919,Event,赛博引擎中标数据中心电力模块总集招标项目，中标金额约1.7亿元,,,,,,,,,,,,,,,EVT-0919,重大合同,赛博引擎中标数据中心电力模块总集招标项目，中标金额约1.7亿元,,公司控股子公司赛博引擎中标广东奇创网络科技有限公司某数据中心的电力模块总集招标项目，中标金额合计约1.7亿元。,0.95,,,,,,,,,,
EVT-0920,Event,本次中标金额约占公司2025年经审计营业收入的7.90%,,,,,,,,,,,,,,,EVT-0920,业绩,本次中标金额约占公司2025年经审计营业收入的7.90%,2026-09-09,本次中标金额合计约1.7亿元，约占公司2025年经审计营业收入的7.90%，将对公司2026年度及以后年度经营业绩产生积极影响。,0.9,,,,,,,,,,
EVT-0921,Event,复星医药控股子公司FXS5626片获临床试验批准,,,,,,,,,,,,,,,EVT-0921,产品,复星医药控股子公司FXS5626片获临床试验批准,,控股子公司复星医药产业收到国家药品监督管理局同意FXS5626片用于治疗非节段型白癜风开展II/III期适应性无缝设计临床试验的批准。,0.9,,,,,,,,,,
EVT-0922,Event,华润双鹤获复方葡萄糖/电解质颅脑手术冲洗液药品注册证书,,,,,,,,,,,,,,,EVT-0922,产品,华润双鹤获复方葡萄糖/电解质颅脑手术冲洗液药品注册证书,2026-09-02,华润双鹤收到国家药监局颁发的复方葡萄糖/电解质颅脑手术冲洗液《药品注册证书》，于2026年9月2日获批上市。,0.95,,,,,,,,,,
EVT-0923,Event,华润双鹤提交该药品上市许可申请并获受理,,,,,,,,,,,,,,,EVT-0923,产品,华润双鹤提交该药品上市许可申请并获受理,2024-12-26,公司于2024年12月26日向国家药监局提交上市许可申请，2025年1月2日获受理通知书。,0.9,,,,,,,,,,
EVT-0924,Event,GZC8072片Ⅰ期临床试验完成首例受试者给药,,,,,,,,,,,,,,,EVT-0924,产品,GZC8072片Ⅰ期临床试验完成首例受试者给药,,甘李药业自主研发的GZC8072片正在中国开展Ⅰ期临床试验，于近日成功完成首例受试者给药。,0.95,,,,,,,,,,
EVT-0925,Event,GZC8072片获得国家药品监督管理局临床试验批准通知书,,,,,,,,,,,,,,,EVT-0925,监管,GZC8072片获得国家药品监督管理局临床试验批准通知书,,GZC8072片于2026年8月、9月分别获得国家药品监督管理局下发的适应症为肥胖或超重、2型糖尿病的《药品临床试验批准通知书》。,0.9,,,,,,,,,,
EVT-0926,Event,"GZC8072片项目累计投入研发费用6,633.26万元",,,,,,,,,,,,,,,EVT-0926,重大经营,"GZC8072片项目累计投入研发费用6,633.26万元",2026-06-30,"截至2026年6月30日，甘李药业在GZC8072片项目中累计投入研发费用6,633.26万元人民币。",0.9,,,,,,,,,,
EVT-0927,Event,海正动保公司获复方非泼罗尼吡喹酮莫昔克丁滴剂四类新兽药注册证书,,,,,,,,,,,,,,,EVT-0927,产品,海正动保公司获复方非泼罗尼吡喹酮莫昔克丁滴剂四类新兽药注册证书,,控股子公司浙江海正动物保健品有限公司收到农业农村部核准签发的复方非泼罗尼吡喹酮莫昔克丁滴剂《新兽药注册证书》，该产品正式获批四类新兽药。,0.95,,,,,,,,,,
EVT-0928,Event,农业农村部受理复方非泼罗尼吡喹酮莫昔克丁滴剂新兽药注册申请,,,,,,,,,,,,,,,EVT-0928,监管,农业农村部受理复方非泼罗尼吡喹酮莫昔克丁滴剂新兽药注册申请,,2025年5月，中华人民共和国农业农村部受理了海正动保公司与其他单位联合递交的复方非泼罗尼吡喹酮莫昔克丁滴剂的新兽药注册申请。,0.9,,,,,,,,,,
EVT-0929,Event,亚康智算与客户C 公司签订《高性能算力云服务协议》,,,,,,,,,,,,,,,EVT-0929,重大合同,亚康智算与客户C 公司签订《高性能算力云服务协议》,,"下属公司北京亚康智算科技有限公司与客户C 公司签订《高性能算力云服务协议》，向其提供算力资源，合同含税金额118,841.88万元人民币，租赁期限60个月。",0.95,,,,,,,,,,
EVT-0930,Event,金赛药业GenSci133注射液境内生产药品注册临床试验申请获批准,,,,,,,,,,,,,,,EVT-0930,监管,金赛药业GenSci133注射液境内生产药品注册临床试验申请获批准,,金赛药业收到国家药品监督管理局核准签发的《药物临床试验批准通知书》，其GenSci133注射液境内生产药品注册临床试验申请获得批准。,0.95,,,,,,,,,,
EVT-0931,Event,甘李药业子公司获GZC8072片新适应症药物临床试验批准通知书,,,,,,,,,,,,,,,EVT-0931,监管,甘李药业子公司获GZC8072片新适应症药物临床试验批准通知书,,甘李药业全资子公司甘李药业山东有限公司近日收到国家药品监督管理局下发的关于在研药品GZC8072片的《药物临床试验批准通知书》，同意开展2型糖尿病适应症临床试验。,0.92,,,,,,,,,,
EVT-0932,Event,甘李药业披露GZC8072片项目累计研发投入,,,,,,,,,,,,,,,EVT-0932,重大经营,甘李药业披露GZC8072片项目累计研发投入,2026-06-30,"截至2026年6月30日，甘李药业在GZC8072片项目中累计投入研发费用6,633.26万元人民币。",0.85,,,,,,,,,,
EVT-0933,Event,RFUS-949片进入II期临床试验研究,,,,,,,,,,,,,,,EVT-0933,产品,RFUS-949片进入II期临床试验研究,,宜昌人福研发的RFUS-949片近日进入II期临床试验研究，用于腹部手术术后镇痛。,0.95,,,,,,,,,,
EVT-0934,Event,RFUS-949片获得药物临床试验批准通知书,,,,,,,,,,,,,,,EVT-0934,监管,RFUS-949片获得药物临床试验批准通知书,,宜昌人福研发的RFUS-949片于2025年5月获得国家药品监督管理局核准签发的《药物临床试验批准通知书》，获批适应症为用于急慢性疼痛的治疗。,0.9,,,,,,,,,,
EVT-0935,Event,通光强能、通光光缆预中标国家电网2026年输变电项目第四次装置性材料公开招标采购,,,,,,,,,,,,,,,EVT-0935,重大合同,通光强能、通光光缆预中标国家电网2026年输变电项目第四次装置性材料公开招标采购,2026-09-04,公司全资子公司通光强能、通光光缆参与国家电网有限公司2026年输变电项目第四次装置性材料公开招标采购，国家电网电子商务平台于2026年9月4日发布中标候选人公示。,0.95,,,,,,,,,,
EVT-0936,Event,公司披露本次中标金额约占2025年经审计营业收入总额的5.09%,,,,,,,,,,,,,,,EVT-0936,业绩,公司披露本次中标金额约占2025年经审计营业收入总额的5.09%,2026-09-04,公司此次中标金额约占2025年经审计营业收入总额的5.09%，对未来经营业绩存在积极影响。,0.9,,,,,,,,,,
EVT-0937,Event,东宏股份披露预中标公示提示性公告，成为第一中标候选人,,,,,,,,,,,,,,,EVT-0937,重大合同,东宏股份披露预中标公示提示性公告，成为第一中标候选人,2026-08-25,公司披露《东宏股份关于项目预中标公示的提示性公告》，为新疆维吾尔自治区水利电力物资有限公司2026年钢管采购Ⅲ标的第一中标候选人。,0.9,,,,,,,,,,
EVT-0938,Event,新疆水发集团电子招标采购平台发布中标结果公示，确定公司为中标人,,,,,,,,,,,,,,,EVT-0938,重大合同,新疆水发集团电子招标采购平台发布中标结果公示，确定公司为中标人,2026-09-01,新疆水发集团电子招标采购平台发布项目中标结果公示，确定公司为上述项目的中标人。,0.9,,,,,,,,,,
EVT-0939,Event,公司中标2026年钢管采购Ⅲ标,,,,,,,,,,,,,,,EVT-0939,重大合同,公司中标2026年钢管采购Ⅲ标,2026-09-01,"公司中标新疆维吾尔自治区水利电力物资有限公司2026年钢管采购Ⅲ标，中标金额为人民币144,141,970.11元。",0.9,,,,,,,,,,
EVT-0940,Event,新华医疗取得呼吸门控系统三类医疗器械注册证,,,,,,,,,,,,,,,EVT-0940,产品,新华医疗取得呼吸门控系统三类医疗器械注册证,,山东新华医疗器械股份有限公司收到国家药品监督管理局颁发的呼吸门控系统三类医疗器械注册证，注册证编号国械注准20263051826。,0.95,,,,,,,,,,
EVT-0941,Event,子公司新华手术器械取得胸腔镜手术器械二类医疗器械注册证,,,,,,,,,,,,,,,EVT-0941,产品,子公司新华手术器械取得胸腔镜手术器械二类医疗器械注册证,2026-08-24,子公司新华手术器械有限公司收到山东省药品监督管理局颁发的胸腔镜手术器械二类医疗器械注册证，注册证编号鲁械注准20262020338。,0.95,,,,,,,,,,
EVT-0942,Event,武汉华康世纪洁净科技股份有限公司成为金华市中心医院新院区净化系统采购及安装项目中标人,,,,,,,,,,,,,,,EVT-0942,重大合同,武汉华康世纪洁净科技股份有限公司成为金华市中心医院新院区净化系统采购及安装项目中标人,2026-08-13,"公司披露中标提示性公告，成为金华市中心医院新院区净化系统采购及安装项目中标人，中标价90,186,500元。",0.92,,,,,,,,,,
EVT-0943,Event,公司中标结果被更正为废标,,,,,,,,,,,,,,,EVT-0943,重大经营,公司中标结果被更正为废标,2026-09-01,因所投产品未提供符合政府采购强制采购品类要求的节水认证证书，经采购人复核，本项目中标结果依法应予废标。,0.92,,,,,,,,,,
EVT-0944,Event,全资子公司广州一品红制药有限公司获得盐酸舍曲林口服溶液《药品注册证书》,,,,,,,,,,,,,,,EVT-0944,产品,全资子公司广州一品红制药有限公司获得盐酸舍曲林口服溶液《药品注册证书》,,公司全资子公司广州一品红制药有限公司于近日收到国家药品监督管理局核准签发的盐酸舍曲林口服溶液《药品注册证书》。,0.9,,,,,,,,,,
EVT-0945,Event,国家药品监督管理局批准盐酸舍曲林口服溶液注册,,,,,,,,,,,,,,,EVT-0945,监管,国家药品监督管理局批准盐酸舍曲林口服溶液注册,,经审查，盐酸舍曲林口服溶液符合药品注册的有关要求，批准注册并发给药品注册证书。,0.9,,,,,,,,,,
EVT-0946,Event,宜昌人福普瑞巴林缓瑞片药品注册上市许可申请获国家药监局受理,,,,,,,,,,,,,,,EVT-0946,产品,宜昌人福普瑞巴林缓瑞片药品注册上市许可申请获国家药监局受理,,宜昌人福收到国家药品监督管理局核准签发的普瑞巴林缓释片药品注册上市许可申请《受理通知书》，该品种境内生产药品注册工作进入审评阶段。,0.95,,,,,,,,,,
EVT-0947,Event,双鹤湘中奥卡西平片(0.15g规格)获得药品注册证书,,,,,,,,,,,,,,,EVT-0947,产品,双鹤湘中奥卡西平片(0.15g规格)获得药品注册证书,2026-08-25,双鹤湘中收到国家药监局颁发的奥卡西平片(0.15g规格)《药品注册证书》，于2026年8月25日获批上市。,0.95,,,,,,,,,,
EVT-0948,Event,收到合江县公共卫生临床医疗救治中心项目《中标通知书》,,,,,,,,,,,,,,,EVT-0948,重大合同,收到合江县公共卫生临床医疗救治中心项目《中标通知书》,,公司收到招标单位合江县人民医院发出的《中标通知书》，确认公司为“合江县公共卫生临床医疗救治中心(医疗专项建设部分)”的中标人。,0.95,,,,,,,,,,
EVT-0949,Event,电子血压计医疗器械CE符合性证书延续注册通过审批,,,,,,,,,,,,,,,EVT-0949,产品,电子血压计医疗器械CE符合性证书延续注册通过审批,2026-09-03,公司申请的电子血压计医疗器械CE符合性证书延续注册已通过审批，延续后有效期自2026年9月3日至2031年9月2日。,0.9,,,,,,,,,,
EVT-0950,Event,金赛药业GenSci161注射液境内生产药品注册临床试验申请获得受理,,,,,,,,,,,,,,,EVT-0950,产品,金赛药业GenSci161注射液境内生产药品注册临床试验申请获得受理,,金赛药业收到国家药品监督管理局核准签发的《受理通知书》，其GenSci161注射液的境内生产药品注册临床试验申请获得受理，适应症为结缔组织病相关间质性肺疾病。,0.95,,,,,,,,,,
EVT-0951,Event,九州一轨拟与海兰齐力签订金刚石芯片基板建设项目（一期）变配电工程分包合同,,,,,,,,,,,,,,,EVT-0951,重大合同,九州一轨拟与海兰齐力签订金刚石芯片基板建设项目（一期）变配电工程分包合同,,"公司拟与关联方海兰齐力签订《建设工程施工专业分包合同》，合同金额预计为12,820,459.89元。",0.95,,,,,,,,,,
EVT-0952,Event,国金证券对九州一轨关联交易事项出具核查意见,,,,,,,,,,,,,,,EVT-0952,监管,国金证券对九州一轨关联交易事项出具核查意见,2026-08-28,持续督导机构国金证券核查后认为该关联交易已履行审议程序，对本次关联交易事项无异议。,0.9,,,,,,,,,,
EVT-0953,Event,九州一轨拟与海兰齐力签订金刚石芯片基板建设项目（一期）变配电工程专业分包合同,,,,,,,,,,,,,,,EVT-0953,重大合同,九州一轨拟与海兰齐力签订金刚石芯片基板建设项目（一期）变配电工程专业分包合同,,"公司拟与关联方海兰齐力签订《建设工程施工专业分包合同》，由其承包金刚石芯片基板建设项目（一期）变配电工程，合同金额预计为12,820,459.89元。",0.95,,,,,,,,,,
EVT-0954,Event,公司董事会及专门委员会审议通过签订变配电工程合同暨关联交易议案,,,,,,,,,,,,,,,EVT-0954,重大经营,公司董事会及专门委员会审议通过签订变配电工程合同暨关联交易议案,2026-08-28,公司于2026年8月28日召开审计委员会第八次会议、独立董事专门会议及第三届董事会第十二次会议，审议通过签订金刚石芯片基板建设项目（一期）变配电工程合同暨关联交易的议案。,0.93,,,,,,,,,,
EVT-0955,Event,Technology Singapore签署编号SGP-HK-B2-001的《设备采购合同》,,,,,,,,,,,,,,,EVT-0955,重大合同,Technology Singapore签署编号SGP-HK-B2-001的《设备采购合同》,,Technology Singapore作为甲方（需方）与合同相对方就大型设备采购事项签署合同编号为SGP-HK-B2-001的《设备采购合同》，该合同适用中国法律。,0.9,,,,,,,,,,
EVT-0956,Event,亚康股份委托江律师事务所就合同相对方主体资格等出具境外法律意见,,,,,,,,,,,,,,,EVT-0956,重大经营,亚康股份委托江律师事务所就合同相对方主体资格等出具境外法律意见,2026-08-28,"亚康股份委托江律师事务所（Kong & Co., Solicitors）及其指派律师，就合同相对方的主体资格、合法性等事项出具《境外法律意见》。",0.8,,,,,,,,,,
EVT-0957,Event,巨石生物启动SYH2092注射液Ⅰ期临床试验,,,,,,,,,,,,,,,EVT-0957,产品,巨石生物启动SYH2092注射液Ⅰ期临床试验,,控股子公司巨石生物已于近日启动SYH2092注射液Ⅰ期临床试验。,0.92,,,,,,,,,,
EVT-0958,Event,巨石生物获国家药监局SYH2092注射液药物临床试验批准通知书,,,,,,,,,,,,,,,EVT-0958,监管,巨石生物获国家药监局SYH2092注射液药物临床试验批准通知书,,巨石生物于2026年8月收到国家药品监督管理局签发的关于SYH2092注射液的药物临床试验批准通知书，获批后已启动Ⅰ期临床试验。,0.92,,,,,,,,,,
EVT-0959,Event,控股子公司取得医疗器械注册证,,,,,,,,,,,,,,,EVT-0959,产品,控股子公司取得医疗器械注册证,2026-08-31,控股子公司河北透景于近日取得国家药品监督管理局颁发的曲霉半乳甘露聚糖检测试剂盒（磁微粒化学发光法）医疗器械注册证。,0.95,,,,,,,,,,
EVT-0960,Event,中来民生、中来智联联合体中标浙能能服第三批户用光伏项目EPC及运维总承包,,,,,,,,,,,,,,,EVT-0960,重大合同,中来民生、中来智联联合体中标浙能能服第三批户用光伏项目EPC及运维总承包,,"公司控股子公司中来民生及其全资子公司中来智联组成的联合体收到浙能能服第三批户用光伏项目EPC及运维总承包框架协议采购项目《中标通知书》，中标金额161,272.1万元。",0.95,,,,,,,,,,
EVT-0961,Event,公司第六届董事会第四次会议审议通过控股子公司中标关联方项目暨关联交易议案,,,,,,,,,,,,,,,EVT-0961,重大经营,公司第六届董事会第四次会议审议通过控股子公司中标关联方项目暨关联交易议案,2026-08-31,公司于2026年8月31日召开第六届董事会第四次会议，审议通过了《关于控股子公司中标关联方项目暨关联交易的议案》，关联董事回避表决。,0.95,,,,,,,,,,
EVT-0962,Event,子公司浙江华海制药科技有限公司获得利奥西呱片《药品注册证书》,,,,,,,,,,,,,,,EVT-0962,产品,子公司浙江华海制药科技有限公司获得利奥西呱片《药品注册证书》,,公司下属全资子公司制药科技于近日收到国家药监局核准签发的利奥西呱片《药品注册证书》。,0.95,,,,,,,,,,
EVT-0963,Event,利奥西呱片按化学药品4类批准生产可视同通过一致性评价并丰富公司产品线,,,,,,,,,,,,,,,EVT-0963,产品,利奥西呱片按化学药品4类批准生产可视同通过一致性评价并丰富公司产品线,2026-08-28,本次利奥西呱片按化学药品4类批准生产可视同通过一致性评价，该产品获批进一步丰富了公司的产品线。,0.85,,,,,,,,,,
EVT-0964,Event,国药工业盐酸艾司氯胺酮原料药获上市申请批准,,,,,,,,,,,,,,,EVT-0964,产品,国药工业盐酸艾司氯胺酮原料药获上市申请批准,2026-08-28,全资子公司国药集团工业有限公司收到国家药品监督管理局核准签发的《化学原料药上市申请批准通知书》，批准原料药盐酸艾司氯胺酮上市申请。,0.95,,,,,,,,,,
EVT-0965,Event,江苏永贵与中车四方股份公司签订货物买卖合同,,,,,,,,,,,,,,,EVT-0965,重大合同,江苏永贵与中车四方股份公司签订货物买卖合同,,"中车青岛四方机车车辆股份有限公司与浙江永贵电器股份有限公司控股子公司江苏永贵签订货物买卖合同，合同金额合计19,662,000.00元（含税）。",0.9,,,,,,,,,,
EVT-0966,Event,"上述合同金额19,662,000.00元预计对公司经营业绩产生积极影响",,,,,,,,,,,,,,,EVT-0966,业绩,"上述合同金额19,662,000.00元预计对公司经营业绩产生积极影响",2026-08-28,"上述合同交易金额合计人民币19,662,000.00元（含税），若订单顺利履行，预计将会对公司2026年及未来年度的经营业绩产生积极影响。",0.9,,,,,,,,,,
EVT-0967,Event,对应《中标通知书》于2026年7月15日在巨潮资讯网公开披露,,,,,,,,,,,,,,,EVT-0967,重大经营,对应《中标通知书》于2026年7月15日在巨潮资讯网公开披露,2026-07-15,上述物资采购合同对应的《中标通知书》已于2026年7月15日在巨潮资讯网公开披露，招标单位为中车物流有限公司。,0.9,,,,,,,,,,
EVT-0968,Event,吉峰三农联合体中标宿城区低空全域智慧运营体系设备采购及配套服务项目,,,,,,,,,,,,,,,EVT-0968,重大合同,吉峰三农联合体中标宿城区低空全域智慧运营体系设备采购及配套服务项目,,公司作为项目牵头方与南京莱斯信息技术股份有限公司、中国铁塔股份有限公司江苏省分公司组成联合体成为该项目中标人，并收到中标通知书。,0.95,,,,,,,,,,
EVT-0969,Event,公司作为联合体牵头成员负责约76.80%的建设内容,,,,,,,,,,,,,,,EVT-0969,重大经营,公司作为联合体牵头成员负责约76.80%的建设内容,,"项目中标金额14,888.20万元，公司负责约76.80%的建设内容，约11,434.75万元，预计对营业收入和营业利润产生积极影响。",0.9,,,,,,,,,,
EVT-0970,Event,巨石生物获SYH2092注射液药物临床试验批准通知书,,,,,,,,,,,,,,,EVT-0970,监管,巨石生物获SYH2092注射液药物临床试验批准通知书,,石药创新控股子公司巨石生物于近日收到国家药监局核准签发的SYH2092注射液《药物临床试验批准通知书》，将于近期开展临床试验。,0.95,,,,,,,,,,
EVT-0971,Event,SYH2092注射液临床试验申请获受理,,,,,,,,,,,,,,,EVT-0971,监管,SYH2092注射液临床试验申请获受理,2026-06-05,SYH2092注射液临床试验申请于2026年6月5日获受理，经审查符合药品注册的有关要求。,0.9,,,,,,,,,,
EVT-0972,Event,重庆永贵收到中车物流两份中标通知书,,,,,,,,,,,,,,,EVT-0972,重大合同,重庆永贵收到中车物流两份中标通知书,2026-08-27,"公司控股子公司重庆永贵近日收到中车物流两份中标通知书，中标金额合计24,419,300.00元（含税），项目为天津项目贯通道集采、嘉兴项目贯通道集采。",0.95,,,,,,,,,,
EVT-0973,Event,宜泽康®HR+HER2-乳腺癌III期临床试验期中分析达到PFS主要终点,,,,,,,,,,,,,,,EVT-0973,产品,宜泽康®HR+HER2-乳腺癌III期临床试验期中分析达到PFS主要终点,,经独立数据监查委员会判断，宜泽康®在HR+HER2-乳腺癌III期临床试验预设期中分析中达到无进展生存期主要终点。,0.9,,,,,,,,,,
EVT-0974,Event,宜泽康®两项适应症获国家药品监督管理局上市批准,,,,,,,,,,,,,,,EVT-0974,产品,宜泽康®两项适应症获国家药品监督管理局上市批准,,宜泽康®用于复发性或转移性鼻咽癌、复发性或转移性食管鳞癌共2项适应症已获得国家药品监督管理局的上市批准。,0.9,,,,,,,,,,
EVT-0975,Event,宜泽康®三阴乳腺癌上市申请获CDE受理,,,,,,,,,,,,,,,EVT-0975,产品,宜泽康®三阴乳腺癌上市申请获CDE受理,,宜泽康®用于治疗局部晚期或转移性三阴乳腺癌的药品上市申请（NDA）已获得CDE受理。,0.9,,,,,,,,,,
EVT-0976,Event,罗博特科董事会审议通过调整日常经营重大合同自愿性披露标准的议案,,,,,,,,,,,,,,,EVT-0976,重大经营,罗博特科董事会审议通过调整日常经营重大合同自愿性披露标准的议案,2026-08-24,公司于2026年8月24日召开第四届董事会第九次会议，审议通过了调整日常经营重大合同自愿性披露标准的议案。,0.95,,,,,,,,,,
EVT-0977,Event,罗博特科2022年确定原日常经营重大合同自愿性披露标准,,,,,,,,,,,,,,,EVT-0977,重大经营,罗博特科2022年确定原日常经营重大合同自愿性披露标准,2022-07-11,公司于2022年7月11日召开第二届董事会第二十二次会议，审议通过确定日常经营重大合同自愿性披露标准的议案。,0.9,,,,,,,,,,
EVT-0978,Event,罗博特科调整后的日常经营重大合同披露标准,,,,,,,,,,,,,,,EVT-0978,重大合同,罗博特科调整后的日常经营重大合同披露标准,,调整后单笔合同金额达2亿元以上且占最近一期经审计主营业务收入10%以上，或连续十二个月与同一交易对手累计达5亿元以上且占20%以上时予以披露。,0.9,,,,,,,,,,
EVT-0979,Event,蒙草生态成为乌拉特后旗三北工程林草湿荒一体化保护修复项目（2026年度）施工六标段第一中标候选人,,,,,,,,,,,,,,,EVT-0979,重大合同,蒙草生态成为乌拉特后旗三北工程林草湿荒一体化保护修复项目（2026年度）施工六标段第一中标候选人,2026-08-26,"公司参加该项目投标并被公示为第一中标候选人，拟定中标价95,404,908元，招标人为乌拉特后旗林业和草原局。",0.95,,,,,,,,,,
EVT-0980,Event,电投能源及旗下附属公司拟与财资公司签订《金融服务框架协议》,,,,,,,,,,,,,,,EVT-0980,重大合同,电投能源及旗下附属公司拟与财资公司签订《金融服务框架协议》,,公司及旗下附属公司拟与财资公司签订《金融服务框架协议》，由财资公司提供资金监控、结算、融资、投资、信用担保等金融服务。,0.92,,,,,,,,,,
EVT-0981,Event,财资公司2025年度实现营业收入19.78亿元、税后净利润9.55亿元,,,,,,,,,,,,,,,EVT-0981,业绩,财资公司2025年度实现营业收入19.78亿元、税后净利润9.55亿元,,截至2025年12月31日，财资公司总资产508.80亿元，2025年度实现营业收入19.78亿元、利润总额9.88亿元、税后净利润9.55亿元。,0.9,,,,,,,,,,
EVT-0982,Event,公司第八届董事会第八次会议审议通过签订《金融服务框架协议》暨关联交易的议案,,,,,,,,,,,,,,,EVT-0982,重大经营,公司第八届董事会第八次会议审议通过签订《金融服务框架协议》暨关联交易的议案,2026-08-24,公司于2026年8月24日召开第八届董事会第八次会议，审议通过《关于与国家电投香港财资管理有限公司签订〈金融服务框架协议〉暨关联交易的议案》，关联董事回避表决。,0.93,,,,,,,,,,
EVT-0983,Event,内蒙古电投能源股份有限公司与国家电投香港财资管理有限公司签署《金融服务框架协议》,,,,,,,,,,,,,,,EVT-0983,重大合同,内蒙古电投能源股份有限公司与国家电投香港财资管理有限公司签署《金融服务框架协议》,,甲乙双方就乙方为甲方及旗下附属公司提供资金监控、结算、融资等非独家金融服务达成《金融服务框架协议》。,0.9,,,,,,,,,,
EVT-0984,Event,电投能源董事会审议通过与财资公司签订《金融服务框架协议》暨关联交易议案,,,,,,,,,,,,,,,EVT-0984,重大合同,电投能源董事会审议通过与财资公司签订《金融服务框架协议》暨关联交易议案,2026-08-24,公司第八届董事会第八次会议审议通过与国家电投香港财资管理有限公司签订《金融服务框架协议》的关联交易议案。,0.9,,,,,,,,,,
EVT-0985,Event,电投能源预计2026年在财资公司存款余额不超1000万美元,,,,,,,,,,,,,,,EVT-0985,重大经营,电投能源预计2026年在财资公司存款余额不超1000万美元,,公司拟与财资公司签订《金融服务框架协议》，预计2026年在国家电投香港财资管理有限公司存款余额不超1000万美元。,0.85,,,,,,,,,,
EVT-0986,Event,财资公司2026年上半年实现税后净利润5.15亿元,,,,,,,,,,,,,,,EVT-0986,业绩,财资公司2026年上半年实现税后净利润5.15亿元,2026-06-30,截至2026年6月30日财资公司总资产548.75亿元，上半年实现营业收入11.14亿元（含投资收益），税后净利润5.15亿元。,0.85,,,,,,,,,,
EVT-0987,Event,欣可丽美学代理申报的MaiLi Precise获NMPA上市批准,,,,,,,,,,,,,,,EVT-0987,产品,欣可丽美学代理申报的MaiLi Precise获NMPA上市批准,2026-08-25,华东医药全资子公司欣可丽美学（杭州）医疗科技有限公司收到NMPA签发的医疗器械注册证，其代理申报的三类医疗器械含利多卡因注射用交联透明质酸钠凝胶MaiLi Precise注册申请获得上市批准，为国内首款治疗眶下凹陷的注射产品。,0.95,,,,,,,,,,
EVT-0988,Event,MaiLi Extreme获NMPA上市批准并在中国市场上市,,,,,,,,,,,,,,,EVT-0988,产品,MaiLi Extreme获NMPA上市批准并在中国市场上市,,同系列含透明质酸钠浓度最高的产品MaiLi Extreme于2025年1月20日获得NMPA上市批准，并于同年5月20日在中国市场全面商业化上市，用于改善下颌轮廓。,0.9,,,,,,,,,,
EVT-0989,Event,HDP-101联合用药临床试验申请获国家药监局批准,,,,,,,,,,,,,,,EVT-0989,监管,HDP-101联合用药临床试验申请获国家药监局批准,,中美华东收到国家药品监督管理局核准签发的《药物临床试验批准通知书》，HDP-101/HDM2027联合用药临床试验申请获得批准。,0.9,,,,,,,,,,
EVT-0990,Event,华东医药投资控股（香港）取得Heidelberg Pharma 35%股权,,,,,,,,,,,,,,,EVT-0990,股权,华东医药投资控股（香港）取得Heidelberg Pharma 35%股权,2022-02-28,2022年2月，公司全资子公司华东医药投资控股（香港）有限公司与Heidelberg Pharma达成股权投资协议，取得其共计35%的股权，成为第二大股东。,0.9,,,,,,,,,,
EVT-0991,Event,HDP-101单药研究完成中国首例受试者给药,,,,,,,,,,,,,,,EVT-0991,产品,HDP-101单药研究完成中国首例受试者给药,,HDP-101的单药研究于2026年3月完成中国首例受试者给药，目前研究正在进行中。,0.9,,,,,,,,,,
EVT-0992,Event,东宏股份预中标新疆水利电力物资2026年钢管采购Ⅲ标,,,,,,,,,,,,,,,EVT-0992,重大合同,东宏股份预中标新疆水利电力物资2026年钢管采购Ⅲ标,2026-08-21,"公司参与新疆维吾尔自治区水利电力物资有限公司2026年钢管采购项目投标，成为该项目Ⅲ标第一中标候选人，投标报价人民币144,141,970.11元，目前处于中标候选人公示阶段。",0.95,,,,,,,,,,
EVT-0993,Event,吉峰科技拟与芜湖联飞、哈尔滨联飞签署合作框架协议,,,,,,,,,,,,,,,EVT-0993,重大合同,吉峰科技拟与芜湖联飞、哈尔滨联飞签署合作框架协议,,公司及下属子公司拟向芜湖联飞和哈尔滨联飞及其下属子公司采购无人机整机及配件、支付代理经销保证金，预计交易总额不超过2.00亿元。,0.9,,,,,,,,,,
EVT-0994,Event,吉峰科技董事会审议通过合作框架协议暨关联交易预计议案,,,,,,,,,,,,,,,EVT-0994,重大经营,吉峰科技董事会审议通过合作框架协议暨关联交易预计议案,2026-08-24,公司于2026年8月24日召开第六届董事会第四十八次会议审议通过该议案，关联董事回避表决。,0.9,,,,,,,,,,
EVT-0995,Event,甲磺酸溴隐亭片获得药品注册证书,,,,,,,,,,,,,,,EVT-0995,产品,甲磺酸溴隐亭片获得药品注册证书,,公司收到国家药监局颁发的甲磺酸溴隐亭片《药品注册证书》，批准该药品生产，并视同通过一致性评价。,0.95,,,,,,,,,,
EVT-0996,Event,公司取得甲磺酸溴隐亭片申报受理通知书并获批,,,,,,,,,,,,,,,EVT-0996,监管,公司取得甲磺酸溴隐亭片申报受理通知书并获批,2024-10-11,公司于2024年10月11日获得申报受理通知书，并于近日获得国家药监局批准。,0.9,,,,,,,,,,
EVT-0997,Event,咪达唑仑注射液获得英国MHRA上市许可,,,,,,,,,,,,,,,EVT-0997,监管,咪达唑仑注射液获得英国MHRA上市许可,,人福医药控股子公司宜昌人福收到英国药品和健康产品管理局（MHRA）核准签发的咪达唑仑注射液上市许可批准信。,0.95,,,,,,,,,,
EVT-0998,Event,宜昌人福递交咪达唑仑注射液英国上市许可申请并获受理,,,,,,,,,,,,,,,EVT-0998,监管,宜昌人福递交咪达唑仑注射液英国上市许可申请并获受理,,宜昌人福于2023年12月以NP（National Procedure）程序递交咪达唑仑注射液英国上市许可申请并获得受理。,0.9,,,,,,,,,,
EVT-0999,Event,APH03867片获得药物临床试验批准通知书,,,,,,,,,,,,,,,EVT-0999,产品,APH03867片获得药物临床试验批准通知书,,一品红药业集团股份有限公司全资子公司广州一品红制药有限公司自主研发的创新药物APH03867片的临床试验申请获国家药品监督管理局批准，并收到《药物临床试验批准通知书》，将于近期开展临床试验。,0.95,,,,,,,,,,
EVT-1000,Event,APH03867片临床试验申请获受理并通过审查,,,,,,,,,,,,,,,EVT-1000,监管,APH03867片临床试验申请获受理并通过审查,2026-06-17,2026年6月17日受理的APH03867片临床试验申请经审查符合药品注册的有关要求，同意开展针对痛风伴高尿酸血症适应症的临床试验。,0.9,,,,,,,,,,
EVT-1001,Event,赛特公司获得克立硼罗软膏补充申请批准并成为上市许可持有人,,,,,,,,,,,,,,,EVT-1001,监管,赛特公司获得克立硼罗软膏补充申请批准并成为上市许可持有人,,国家药监局核准签发克立硼罗软膏《药品补充申请批准通知书》，同意赛特公司作为该药品上市许可持有人。,0.95,,,,,,,,,,
EVT-1002,Event,华润双鹤盐酸利多卡因凝胶获得药品注册证书,,,,,,,,,,,,,,,EVT-1002,产品,华润双鹤盐酸利多卡因凝胶获得药品注册证书,,华润双鹤收到国家药监局颁发的盐酸利多卡因凝胶《药品注册证书》，该药品获批上市并视同通过一致性评价。,0.95,,,,,,,,,,
EVT-1003,Event,华润双鹤提交盐酸利多卡因凝胶上市许可申请,,,,,,,,,,,,,,,EVT-1003,产品,华润双鹤提交盐酸利多卡因凝胶上市许可申请,2024-11-27,华润双鹤于2024年11月27日向国家药监局提交盐酸利多卡因凝胶上市许可申请，并于2024年12月11日获得受理通知书。,0.9,,,,,,,,,,
EVT-1004,Event,武汉华康世纪洁净科技股份有限公司中标合江县公共卫生临床医疗救治中心(医疗专项建设部分)项目,,,,,,,,,,,,,,,EVT-1004,重大合同,武汉华康世纪洁净科技股份有限公司中标合江县公共卫生临床医疗救治中心(医疗专项建设部分)项目,2026-08-19,"公司参与“合江县公共卫生临床医疗救治中心(医疗专项建设部分)”投标，成为中标人，中标价61,396,866元。",0.9,,,,,,,,,,
EVT-1005,Event,天津跃峰与中海油签署定制化工作筒本体物资采购专有协议,,,,,,,,,,,,,,,EVT-1005,重大合同,天津跃峰与中海油签署定制化工作筒本体物资采购专有协议,,"公司控股子公司天津跃峰与中海油签署主合同，含税金额约人民币112,383,618.9元，实际采购金额以采购订单结算金额为准。",0.95,,,,,,,,,,
EVT-1006,Event,天津跃峰此前中标海油发展定制化工作筒本体物资采购专有协议招标项目,,,,,,,,,,,,,,,EVT-1006,重大经营,天津跃峰此前中标海油发展定制化工作筒本体物资采购专有协议招标项目,2026-08-03,天津跃峰参与招标项目并中标取得《中标通知书》，公司于2026年8月3日披露相关公告。,0.9,,,,,,,,,,
EVT-1007,Event,巨石生物启动SYS6090-007 Ib/Ⅱ期临床试验,,,,,,,,,,,,,,,EVT-1007,产品,巨石生物启动SYS6090-007 Ib/Ⅱ期临床试验,,巨石生物已于近日启动评价SYS6090注射液联合治疗在肝细胞癌参与者中的安全性、耐受性及有效性的Ib/Ⅱ期临床试验（SYS6090-007）。,0.95,,,,,,,,,,
EVT-1008,Event,巨石生物收到SYS6090注射液药物临床试验批准通知书,,,,,,,,,,,,,,,EVT-1008,监管,巨石生物收到SYS6090注射液药物临床试验批准通知书,,巨石生物于2026年7月收到国家药品监督管理局签发的关于SYS6090注射液的药物临床试验批准通知书。,0.95,,,,,,,,,,
EVT-1009,Event,罗博特科与公司I的子公司签订1620.65万美元耦合设备订单,,,,,,,,,,,,,,,EVT-1009,重大合同,罗博特科与公司I的子公司签订1620.65万美元耦合设备订单,2026-08-19,"罗博特科与纳斯达克上市公司公司I的子公司签订单笔日常经营合同，金额约1,620.65万美元（折合人民币1.09亿元），系量产化耦合设备及相关服务订单。",0.95,,,,,,,,,,
EVT-1010,Event,合同顺利履行预计对公司2026年度及未来年度经营业绩产生积极影响,,,,,,,,,,,,,,,EVT-1010,业绩,合同顺利履行预计对公司2026年度及未来年度经营业绩产生积极影响,2026-08-19,公司称本次单笔日常经营重大合同如顺利履行，预计将对公司2026年度及未来年度经营业绩产生积极影响。,0.8,,,,,,,,,,
EVT-1011,Event,北京科锐中标南方电网2026年配网设备第一批框架招标项目,,,,,,,,,,,,,,,EVT-1011,重大合同,北京科锐中标南方电网2026年配网设备第一批框架招标项目,,"公司成为中国南方电网有限责任公司2026年配网设备第一批框架招标项目中标人，中标金额合计约为30,441.89万元。",0.95,,,,,,,,,,
EVT-1012,Event,上述中标项目预计对公司经营业绩产生积极影响,,,,,,,,,,,,,,,EVT-1012,业绩,上述中标项目预计对公司经营业绩产生积极影响,,上述项目中标金额约占公司2025年经审计营业收入的14.15%，合同履行将对2026年度及以后年度经营业绩产生积极影响。,0.9,,,,,,,,,,
EVT-1013,Event,奥克斯智能科技预中标南方电网2026年配网设备第一批框架招标项目,,,,,,,,,,,,,,,EVT-1013,重大合同,奥克斯智能科技预中标南方电网2026年配网设备第一批框架招标项目,,"全资子公司奥克斯智能科技在南方电网公司2026年配网设备第一批框架招标项目中被推荐为中标候选人，预计中标金额约为20,463.42万元。",0.95,,,,,,,,,,
EVT-1014,Event,小儿复方氨基酸注射液（18AA-I）获得缅甸卫生部药品注册证书,,,,,,,,,,,,,,,EVT-1014,产品,小儿复方氨基酸注射液（18AA-I）获得缅甸卫生部药品注册证书,,津药和平的小儿复方氨基酸注射液（18AA-I）收到缅甸卫生部药品注册证书，可生产并在缅甸市场销售。,0.95,,,,,,,,,,
EVT-1015,Event,小儿复方氨基酸注射液（18AA-I）20ml国内销售额披露,,,,,,,,,,,,,,,EVT-1015,业绩,小儿复方氨基酸注射液（18AA-I）20ml国内销售额披露,,据米内网数据，2024年、2025年小儿复方氨基酸注射液（18AA-I）20ml国内销售额分别为2.06亿元、1.46亿元。,0.8,,,,,,,,,,
EVT-1016,Event,全资子公司APH04935片药物临床试验申请获国家药监局批准并收到《药物临床试验批准通知书》,,,,,,,,,,,,,,,EVT-1016,产品,全资子公司APH04935片药物临床试验申请获国家药监局批准并收到《药物临床试验批准通知书》,,一品红药业全资子公司一品红制药自主研发的创新药APH04935片的临床试验申请获国家药品监督管理局批准，收到《药物临床试验批准通知书》，将于近期开展临床试验。,0.95,,,,,,,,,,
EVT-1017,Event,国家药监局受理并同意APH04935片开展体重控制适应症临床试验,,,,,,,,,,,,,,,EVT-1017,监管,国家药监局受理并同意APH04935片开展体重控制适应症临床试验,2026-06-04,经审查，2026年6月4日受理的APH04935片临床试验申请符合药品注册有关要求，同意本品开展体重控制适应症的临床试验。,0.9,,,,,,,,,,
EVT-1018,Event,复星医药产业FXS7553治疗慢性阻塞性肺疾病启动Ⅱ期临床试验,,,,,,,,,,,,,,,EVT-1018,产品,复星医药产业FXS7553治疗慢性阻塞性肺疾病启动Ⅱ期临床试验,,控股子公司复星医药产业就FXS7553（原项目代号XH-S004）用于治疗慢性阻塞性肺疾病于中国境内启动Ⅱ期临床试验。,0.95,,,,,,,,,,
EVT-1019,Event,FXS7553治疗非囊性纤维化支气管扩张症处于Ⅱ期临床试验阶段,,,,,,,,,,,,,,,EVT-1019,产品,FXS7553治疗非囊性纤维化支气管扩张症处于Ⅱ期临床试验阶段,2026-08-13,截至公告日期，FXS7553另一适应症（治疗非囊性纤维化支气管扩张症）于中国境内处于Ⅱ期临床试验阶段。,0.9,,,,,,,,,,
EVT-1020,Event,本集团对FXS7553累计研发投入约1.51亿元,,,,,,,,,,,,,,,EVT-1020,重大经营,本集团对FXS7553累计研发投入约1.51亿元,,截至2026年7月，本集团针对FXS7553的累计研发投入约为人民币1.51亿元（未经审计）。,0.85,,,,,,,,,,
EVT-1021,Event,乐心医疗医疗器械注册证变更事项获广东省药品监督管理局受理,,,,,,,,,,,,,,,EVT-1021,产品,乐心医疗医疗器械注册证变更事项获广东省药品监督管理局受理,,公司收到广东省药品监督管理局通知，其申报的医疗器械注册证变更事项已获得受理。,0.9,,,,,,,,,,
EVT-1022,Event,新北洋收到中国邮政速递物流济宁、漯河邮件处理中心工程工艺设备采购项目中标通知书,,,,,,,,,,,,,,,EVT-1022,重大合同,新北洋收到中国邮政速递物流济宁、漯河邮件处理中心工程工艺设备采购项目中标通知书,,公司收到中电商务（北京）有限公司签发的《中标通知书》，被确认为中国邮政速递物流股份有限公司济宁、漯河邮件处理中心工程工艺设备采购项目独家中标人，预计项目总额约为1.1亿元。,0.95,,,,,,,,,,
EVT-1023,Event,智慧石油与中国海油签订南海22/05合同区石油合同,,,,,,,,,,,,,,,EVT-1023,重大合同,智慧石油与中国海油签订南海22/05合同区石油合同,2022-02-15,潜能恒信海外全资公司智慧石油与中国海洋石油集团有限公司正式签订《中国南海22/05合同区石油合同》，智慧石油成为合同区作业者。,0.95,,,,,,,,,,
EVT-1024,Event,WZ10-11E-1井完成钻完井作业未发现有效油气层,,,,,,,,,,,,,,,EVT-1024,重大经营,WZ10-11E-1井完成钻完井作业未发现有效油气层,,WZ10-11E-1井已完成钻完井作业，完钻井深2150米，经综合地质研究与测井综合评价无有效油气层发现。,0.9,,,,,,,,,,
EVT-1025,Event,智慧石油部署WZ10-11W-1探井并预计2026年8月13日启动作业,,,,,,,,,,,,,,,EVT-1025,重大经营,智慧石油部署WZ10-11W-1探井并预计2026年8月13日启动作业,2026-08-13,智慧石油计划在涠洲10-11构造带西南方向部署探井WZ10-11W-1，钻前准备工作基本完成，预计于2026年8月13日正式启动作业。,0.9,,,,,,,,,,
EVT-1026,Event,WZ10-11E-1井相关支出计入当期损益,,,,,,,,,,,,,,,EVT-1026,业绩,WZ10-11E-1井相关支出计入当期损益,,WZ10-11E-1井钻前准备、钻井及配套服务合同支出预计不超过4500万元人民币计入当期损益，对公司2026年度经营业绩造成重大不利影响。,0.9,,,,,,,,,,
EVT-1027,Event,联合体中标乐平市农产品智慧仓储和物流设施建设项目总承包,,,,,,,,,,,,,,,EVT-1027,重大经营,联合体中标乐平市农产品智慧仓储和物流设施建设项目总承包,2026-06-26,公司公告此前已刊登中标公告，确认由江西磻溪建设工程有限公司（牵头方）等四方组成的联合体为该项目勘察、设计、采购、施工总承包中标单位。,0.9,,,,,,,,,,
EVT-1028,Event,公司签署乐平市农产品智慧仓储和物流设施建设项目施工合同,,,,,,,,,,,,,,,EVT-1028,重大合同,公司签署乐平市农产品智慧仓储和物流设施建设项目施工合同,,"公司与相关方签署乐平市农产品智慧仓储和物流设施建设项目施工合同，签约合同价881,913,461.93元，工期730日历天。",0.9,,,,,,,,,,
EVT-1029,Event,中复凯参与梅河口如实50MW/100MWh调频储能电站项目投标并中标,,,,,,,,,,,,,,,EVT-1029,重大经营,中复凯参与梅河口如实50MW/100MWh调频储能电站项目投标并中标,2026-07-22,公司披露中标公告，全资子公司中复凯参与梅河口如实新盛新能源有限公司50MW/100MWh调频储能电站项目投标。,0.9,,,,,,,,,,
EVT-1030,Event,中复凯与梅河口如实签订50MW/100MWh调频储能电站项目EPC总承包合同,,,,,,,,,,,,,,,EVT-1030,重大合同,中复凯与梅河口如实签订50MW/100MWh调频储能电站项目EPC总承包合同,,"中复凯与梅河口如实签订EPC总承包合同，签约总价99,800,000元（含税），占公司2025年度经审计营业收入的34.05%。",0.9,,,,,,,,,,
EVT-1031,Event,金赛药业GenSci148注射液境内生产药品注册临床试验申请获国家药品监督管理局批准,,,,,,,,,,,,,,,EVT-1031,监管,金赛药业GenSci148注射液境内生产药品注册临床试验申请获国家药品监督管理局批准,,金赛药业收到国家药品监督管理局核准签发的《药物临床试验批准通知书》，其GenSci148注射液境内生产药品注册临床试验申请获得批准。,0.92,,,,,,,,,,
EVT-1032,Event,福元医药布瑞哌唑口崩片获得药品注册证书,,,,,,,,,,,,,,,EVT-1032,产品,福元医药布瑞哌唑口崩片获得药品注册证书,,北京福元医药股份有限公司收到国家药监局颁发的布瑞哌唑口崩片《药品注册证书》，批准该药品生产，视同通过一致性评价。,0.95,,,,,,,,,,
EVT-1033,Event,大冢制药布瑞哌唑口崩片获日本批准上市,,,,,,,,,,,,,,,EVT-1033,产品,大冢制药布瑞哌唑口崩片获日本批准上市,2021-08-17,由大冢制药研制的布瑞哌唑口崩片最早于2021年8月17日获日本批准上市，该药品原研暂未在中国上市。,0.9,,,,,,,,,,
EVT-1034,Event,福元医药获得布瑞哌唑口崩片申报受理通知书,,,,,,,,,,,,,,,EVT-1034,产品,福元医药获得布瑞哌唑口崩片申报受理通知书,2025-01-07,公司于2025年1月7日获得申报受理通知书，并于近日获得国家药监局批准。,0.88,,,,,,,,,,
EVT-1035,Event,洛索洛芬钠贴剂获得《药品注册证书》,,,,,,,,,,,,,,,EVT-1035,产品,洛索洛芬钠贴剂获得《药品注册证书》,2026-08-08,北京福元医药股份有限公司收到国家药监局颁发的洛索洛芬钠贴剂《药品注册证书》，批准该药品生产，并视同通过一致性评价。,0.95,,,,,,,,,,
EVT-1036,Event,洛索洛芬钠贴剂获国家药品监督管理局批准在国内上市,,,,,,,,,,,,,,,EVT-1036,监管,洛索洛芬钠贴剂获国家药品监督管理局批准在国内上市,2014-06-17,2014 年6 月17 日经国家药品监督管理局批准，洛索洛芬钠贴剂在国内上市。,0.9,,,,,,,,,,
EVT-1037,Event,鲁抗医药获得布瑞哌唑片《药品注册证书》,,,,,,,,,,,,,,,EVT-1037,产品,鲁抗医药获得布瑞哌唑片《药品注册证书》,,山东鲁抗医药股份有限公司收到国家药品监督管理局颁发的布瑞哌唑片《药品注册证书》，该药品批准注册。,0.95,,,,,,,,,,
EVT-1038,Event,赛特公司硫酸阿米卡星注射液获药品补充申请批准通知书并通过仿制药一致性评价,,,,,,,,,,,,,,,EVT-1038,产品,赛特公司硫酸阿米卡星注射液获药品补充申请批准通知书并通过仿制药一致性评价,,控股子公司赛特公司收到国家药品监督管理局颁发的硫酸阿米卡星注射液《药品补充申请批准通知书》，经审查该药品通过仿制药质量和疗效一致性评价。,0.95,,,,,,,,,,
EVT-1039,Event,赛特公司硫酸阿米卡星注射液累计研发投入约393.36万元,,,,,,,,,,,,,,,EVT-1039,重大经营,赛特公司硫酸阿米卡星注射液累计研发投入约393.36万元,2026-08-08,截至公告披露日，赛特公司在该药品累计研发投入约为人民币393.36万元（未经审计）。,0.85,,,,,,,,,,
EVT-1040,Event,东宏股份与万华化学集团物资有限公司签订《采购框架合同》,,,,,,,,,,,,,,,EVT-1040,重大合同,东宏股份与万华化学集团物资有限公司签订《采购框架合同》,,公司中标后与万华化学集团物资有限公司签订采购框架合同，预估总金额1.8亿元，实际执行金额以具体订单为准。,0.95,,,,,,,,,,
EVT-1041,Event,东宏股份披露项目预中标及中标公告,,,,,,,,,,,,,,,EVT-1041,重大经营,东宏股份披露项目预中标及中标公告,2026-07-16,公司于2026年7月16日、7月21日在上海证券交易所网站披露预中标提示性公告及中标公告。,0.9,,,,,,,,,,
EVT-1042,Event,双鹤利民普瑞巴林缓释片完成Ⅲ期临床试验登记公示,,,,,,,,,,,,,,,EVT-1042,产品,双鹤利民普瑞巴林缓释片完成Ⅲ期临床试验登记公示,,华润双鹤全资子公司双鹤利民的普瑞巴林缓瑞片完成Ⅲ期临床试验登记公示，试验结论显示对带状疱疹后神经痛疗效确切且整体安全性良好。,0.92,,,,,,,,,,
EVT-1043,Event,双鹤利民获得普瑞巴林缓释片药物临床试验批准通知书,,,,,,,,,,,,,,,EVT-1043,产品,双鹤利民获得普瑞巴林缓释片药物临床试验批准通知书,,双鹤利民于2024年3月获得普瑞巴林缓释片《药物临床试验批准通知书》，批准开展用于治疗带状疱疹后神经痛临床试验。,0.9,,,,,,,,,,
EVT-1044,Event,双鹤利民召开普瑞巴林缓释片III期临床试验启动会,,,,,,,,,,,,,,,EVT-1044,产品,双鹤利民召开普瑞巴林缓释片III期临床试验启动会,2024-12-20,双鹤利民于2024年12月在中国医学科学院皮肤病医院、华中科技大学同济医学院附属协和医院召开III期临床试验启动会。,0.88,,,,,,,,,,
EVT-1045,Event,公司被确定为《中国电信家庭FTTR 产品（2026 年-2027 年）集中采购项目》成交人,,,,,,,,,,,,,,,EVT-1045,重大合同,公司被确定为《中国电信家庭FTTR 产品（2026 年-2027 年）集中采购项目》成交人,2026-07-31,公司披露收到《成交通知书》公告，确定公司为中国电信家庭FTTR产品集中采购项目成交人。,0.9,,,,,,,,,,
EVT-1046,Event,公司与中国电信签订家庭FTTR产品集中采购框架协议,,,,,,,,,,,,,,,EVT-1046,重大合同,公司与中国电信签订家庭FTTR产品集中采购框架协议,2026-08-03,公司收到与中国电信集团有限公司、中国电信股份有限公司签订返回的采购框架协议，签署时间为2026年8月3日。,0.92,,,,,,,,,,
EVT-1047,Event,智慧石油与中国海油签订中国渤海09/17合同区石油合同,,,,,,,,,,,,,,,EVT-1047,重大合同,智慧石油与中国海油签订中国渤海09/17合同区石油合同,2019-04-12,智慧石油通过对外合作招标取得渤海09/17区块勘探开发权益并与中国海油签订产品分成合同。,0.9,,,,,,,,,,
EVT-1048,Event,渤海09/17合同区3口探井完成全部钻探作业,,,,,,,,,,,,,,,EVT-1048,重大经营,渤海09/17合同区3口探井完成全部钻探作业,,智慧石油2026年4月底集中部署实施的QK17-1-5、QK18-9-8、QK18-9-9三口探井已完成全部钻探作业。,0.9,,,,,,,,,,
EVT-1049,Event,两口井深层钻井勘探支出预计不超过1.2亿元计入当期损益,,,,,,,,,,,,,,,EVT-1049,业绩,两口井深层钻井勘探支出预计不超过1.2亿元计入当期损益,,"因未进行地层测试，QK17-1-5井及QK18-9-9井深层相关钻井勘探支出预计不超过12,000万元计入当期损益，对2026年度经营业绩造成重大不利影响。",0.9,,,,,,,,,,
EVT-1050,Event,2026年9月30日前完成合同区整体储量申报,,,,,,,,,,,,,,,EVT-1050,重大经营,2026年9月30日前完成合同区整体储量申报,2026-09-30,合同区勘探期三个阶段勘探钻井作业已全部完成，须在2026年9月30日前完成整体储量申报。,0.85,,,,,,,,,,
EVT-1051,Event,国药江苏威奇达富马酸伏诺拉生原料药获得上市申请批准,,,,,,,,,,,,,,,EVT-1051,产品,国药江苏威奇达富马酸伏诺拉生原料药获得上市申请批准,2026-08-03,全资孙公司国药江苏威奇达的富马酸伏诺拉生原料药获得上市申请批准，可在国内市场进行生产销售。,0.95,,,,,,,,,,
EVT-1052,Event,国药江苏威奇达富马酸伏诺拉生原料药通过国家药监局审评,,,,,,,,,,,,,,,EVT-1052,监管,国药江苏威奇达富马酸伏诺拉生原料药通过国家药监局审评,2026-08-03,国药江苏威奇达提交的富马酸伏诺拉生原料药技术审评申请于2026年8月3日通过国家药监局审评。,0.9,,,,,,,,,,
EVT-1053,Event,透景生命完成肺癌甲基化产品变更注册,,,,,,,,,,,,,,,EVT-1053,产品,透景生命完成肺癌甲基化产品变更注册,,公司收到国家药品监督管理局颁发的《医疗器械变更注册（备案）文件》，完成人SHOX2、RASSF1A基因甲基化DNA检测试剂盒（PCR荧光法）原注册证相关事项变更。,0.92,,,,,,,,,,
EVT-1054,Event,透景生命及康录生物多个医疗器械注册申请获受理,,,,,,,,,,,,,,,EVT-1054,产品,透景生命及康录生物多个医疗器械注册申请获受理,,控股子公司康录生物及公司申报的多个医疗器械注册申请分别获得国家药品监督管理局或上海市药品监督管理局受理，共4项产品。,0.9,,,,,,,,,,
EVT-1055,Event,行云科技股份有限公司全资子公司签署重大合同之补充协议,,,,,,,,,,,,,,,EVT-1055,重大合同,行云科技股份有限公司全资子公司签署重大合同之补充协议,2026-08-03,行云科技股份有限公司全资子公司签署重大合同之补充协议，湖南麓骏律师事务所为此出具法律意见书。,0.8,,,,,,,,,,
EVT-1056,Event,华康世纪预中标江西省鹰潭市人民医院病房改造项目,,,,,,,,,,,,,,,EVT-1056,重大合同,华康世纪预中标江西省鹰潭市人民医院病房改造项目,2026-08-03,"公司参与江西省鹰潭市人民医院病房改造项目投标，被公示为第一名中标候选人，投标报价146,728,408.77元。",0.95,,,,,,,,,,
EVT-1057,Event,天津跃峰中标海油发展-工程技术公司定制化工作筒本体物资采购专有协议招标项目,,,,,,,,,,,,,,,EVT-1057,重大合同,天津跃峰中标海油发展-工程技术公司定制化工作筒本体物资采购专有协议招标项目,,"天津跃峰收到招标单位中海油能源发展股份有限公司发来的《中标通知书》，成为该采购专有协议主协议中标人，中标金额约人民币112,383,618.9元。",0.95,,,,,,,,,,
EVT-1058,Event,本次中标若顺利实施将对公司未来经营业绩产生积极影响,,,,,,,,,,,,,,,EVT-1058,业绩,本次中标若顺利实施将对公司未来经营业绩产生积极影响,2026-08-03,公告称本次中标金额约占公司2025年度经审计营业收入的11.09%，若项目顺利实施将对公司未来经营业绩产生积极的影响。,0.85,,,,,,,,,,
EVT-1059,Event,签订6艘成品油/原油两用油轮建造合同,,,,,,,,,,,,,,,EVT-1059,重大合同,签订6艘成品油/原油两用油轮建造合同,,"公司海工板块全资子公司与国际知名船东下属子公司签署6艘114,000DWT成品油/原油两用油轮建造合同，金额约4.2-4.8亿美元。",0.9,,,,,,,,,,
EVT-1060,Event,注射用BL-B01D1（皮下注射）获得药物临床试验批准通知书,,,,,,,,,,,,,,,EVT-1060,产品,注射用BL-B01D1（皮下注射）获得药物临床试验批准通知书,,公司自主研发的注射用BL-B01D1（皮下注射）临床试验获国家药监局批准，同意单药在晚期实体瘤患者中开展临床试验。,0.95,,,,,,,,,,
EVT-1061,Event,伦康依隆妥单抗获批上市,,,,,,,,,,,,,,,EVT-1061,产品,伦康依隆妥单抗获批上市,,伦康依隆妥单抗已于2026年6月在国内获批上市，给药途径为静脉输注。,0.9,,,,,,,,,,
EVT-1062,Event,伦康依隆妥单抗三阴乳腺癌上市申请获CDE受理,,,,,,,,,,,,,,,EVT-1062,产品,伦康依隆妥单抗三阴乳腺癌上市申请获CDE受理,,用于治疗局部晚期或转移性三阴乳腺癌的药品上市申请（NDA）已获得CDE受理。,0.9,,,,,,,,,,
EVT-1063,Event,国药致君坪山与安徽美来签署《药品上市许可转让合同》,,,,,,,,,,,,,,,EVT-1063,重大合同,国药致君坪山与安徽美来签署《药品上市许可转让合同》,2025-10-31,国药致君坪山与安徽美来药业股份有限公司签署合同，安徽美来将乳果糖口服溶液（15ml:10g）药品上市许可转让予国药致君坪山。,0.95,,,,,,,,,,
EVT-1064,Event,国药致君坪山收到药品补充申请批准通知书,,,,,,,,,,,,,,,EVT-1064,监管,国药致君坪山收到药品补充申请批准通知书,,国药致君坪山收到国家药品监督管理局核准签发的《药品补充申请批准通知书》，同意乳果糖口服溶液（15ml:10g）上市许可持有人变更为国药致君坪山。,0.95,,,,,,,,,,
EVT-1065,Event,乳果糖口服溶液上市许可持有人正式变更为国药致君坪山,,,,,,,,,,,,,,,EVT-1065,产品,乳果糖口服溶液上市许可持有人正式变更为国药致君坪山,2026-07-31,乳果糖口服溶液（15ml:10g）的上市许可持有人正式变更为国药致君坪山，有助于丰富公司慢病治疗产品线。,0.9,,,,,,,,,,
EVT-1066,Event,巨石生物启动SYS6041联合用药治疗复发性卵巢癌II期临床试验,,,,,,,,,,,,,,,EVT-1066,产品,巨石生物启动SYS6041联合用药治疗复发性卵巢癌II期临床试验,,巨石生物已于近日启动一项评价SYS6041联合用药治疗复发性卵巢癌的有效性和安全性的开放、多队列、多中心II期临床试验。,0.95,,,,,,,,,,
EVT-1067,Event,SYS6041联合用药II期临床试验获国家药品监督管理局批准,,,,,,,,,,,,,,,EVT-1067,监管,SYS6041联合用药II期临床试验获国家药品监督管理局批准,,2026年6月，该产品联合用药的II期临床试验正式获国家药品监督管理局批准。,0.95,,,,,,,,,,
EVT-1068,Event,巨石生物研制靶向叶酸受体α的抗体-药物偶联物SYS6041,,,,,,,,,,,,,,,EVT-1068,产品,巨石生物研制靶向叶酸受体α的抗体-药物偶联物SYS6041,,SYS6041是巨石生物研制的靶向叶酸受体α（FRα）的抗体-药物偶联物。,0.9,,,,,,,,,,
EVT-1069,Event,荣鑫科技中标中国工商银行2026年度网点新型客户交互终端项目,,,,,,,,,,,,,,,EVT-1069,重大合同,荣鑫科技中标中国工商银行2026年度网点新型客户交互终端项目,,荣鑫科技收到中信国际招标有限公司签发的《中标通知书》，被确认为中国工商银行2026年度网点新型客户交互终端项目中标人。,0.92,,,,,,,,,,
EVT-1070,Event,公司智慧金融设备完成六大国有行总行入围,,,,,,,,,,,,,,,EVT-1070,重大经营,公司智慧金融设备完成六大国有行总行入围,,公司智慧金融设备已完成六大国有行总行入围，并在多家股份制银行、省农信、城商行实现批量落地应用。,0.88,,,,,,,,,,
EVT-1071,Event,国家药监局批准华奥泰申报的瑞西奇拜单抗注射液上市,,,,,,,,,,,,,,,EVT-1071,产品,国家药监局批准华奥泰申报的瑞西奇拜单抗注射液上市,,国家药品监督管理局通过优先审评审批程序批准上海华奥泰生物药业股份有限公司申报的瑞西奇拜单抗注射液（商品名：华亦净）上市，用于治疗成人（体重≥40kg）泛发性脓疱型银屑病发作。,0.95,,,,,,,,,,
EVT-1072,Event,圣晖集成中标庆鼎精密电子HD01HD02厂房一期内装一二次配工程&固资项目,,,,,,,,,,,,,,,EVT-1072,重大合同,圣晖集成中标庆鼎精密电子HD01HD02厂房一期内装一二次配工程&固资项目,2026-07-29,公司收到庆鼎精密电子(淮安)有限公司发来的通知，拟受托承作HD01HD02厂房一期内装一二次配工程&固资项目，工程&固资总价预计为人民币8.58亿元(未税)。,0.92,,,,,,,,,,
EVT-1073,Event,丙酸氟替卡松乳膏增加规格补充申请获国家药监局批准,,,,,,,,,,,,,,,EVT-1073,产品,丙酸氟替卡松乳膏增加规格补充申请获国家药监局批准,,国家药监局批准福元药业有限公司丙酸氟替卡松乳膏新增0.05%（25g:12.5mg）和0.05%（10g:5mg）两个规格的补充申请。,0.9,,,,,,,,,,
EVT-1074,Event,注射用HB0043新增皮下注射给药途径获临床试验批准,,,,,,,,,,,,,,,EVT-1074,产品,注射用HB0043新增皮下注射给药途径获临床试验批准,,华海药业下属子公司华奥泰和华博生物收到国家药监局核准签发的注射用HB0043项目新增皮下注射给药途径的《药物临床试验批准通知书》，同意开展临床试验。,0.95,,,,,,,,,,
EVT-1075,Event,注射用HB0043新增皮下注射给药途径临床试验申请获受理,,,,,,,,,,,,,,,EVT-1075,产品,注射用HB0043新增皮下注射给药途径临床试验申请获受理,,2026年5月，华奥泰和华博生物就注射用HB0043项目新增皮下注射给药途径向国家药监局提交临床试验申请并获得受理。,0.9,,,,,,,,,,
EVT-1076,Event,磷酸氟达拉滨注射液ANDA获得美国FDA批准,,,,,,,,,,,,,,,EVT-1076,产品,磷酸氟达拉滨注射液ANDA获得美国FDA批准,,海正杭州公司向美国FDA申报的磷酸氟达拉滨注射液新药简略申请（ANDA）已获得批准，可在美国市场销售该产品。,0.95,,,,,,,,,,
EVT-1077,Event,海正杭州公司就磷酸氟达拉滨注射液向美国FDA申报ANDA,,,,,,,,,,,,,,,EVT-1077,产品,海正杭州公司就磷酸氟达拉滨注射液向美国FDA申报ANDA,,海正杭州公司于2025年2月就磷酸氟达拉滨注射液向美国FDA申报ANDA，并于近日获得批准。,0.9,,,,,,,,,,
EVT-1078,Event,武汉普克获得酒石酸长春瑞滨软胶囊《药品注册证书》,,,,,,,,,,,,,,,EVT-1078,产品,武汉普克获得酒石酸长春瑞滨软胶囊《药品注册证书》,2026-07-25,人福医药全资子公司人福普克药业（武汉）有限公司收到国家药品监督管理局核准签发的酒石酸长春瑞滨软胶囊《药品注册证书》，获批用于不可手术切除的局部晚期或转移性非小细胞肺癌和转移性乳腺癌的单药或联合化疗。,0.95,,,,,,,,,,
EVT-1079,Event,武汉普克2024年10月提交酒石酸长春瑞滨软胶囊上市许可申请并获受理,,,,,,,,,,,,,,,EVT-1079,产品,武汉普克2024年10月提交酒石酸长春瑞滨软胶囊上市许可申请并获受理,,"武汉普克于2024年10月向国家药品监督管理局提交酒石酸长春瑞滨软胶囊的上市许可申请并获得受理，该项目累计研发投入约为1,200万元人民币。",0.9,,,,,,,,,,
EVT-1080,Event,东宏股份收到中色股份B项目选厂预制管段及管件（标段二）中标通知书,,,,,,,,,,,,,,,EVT-1080,重大合同,东宏股份收到中色股份B项目选厂预制管段及管件（标段二）中标通知书,,"山东东宏管业股份有限公司收到中标通知书，确定为中色股份B项目选厂预制管段及管件（标段二）中标人，中标金额人民币151,736,669.00元。",0.95,,,,,,,,,,
EVT-1081,Event,全资子公司广州一品红制药有限公司获得苯溴马隆片《药品注册证书》,,,,,,,,,,,,,,,EVT-1081,产品,全资子公司广州一品红制药有限公司获得苯溴马隆片《药品注册证书》,2026-07-23,公司全资子公司广州一品红制药有限公司于近日收到国家药品监督管理局核准签发的苯溴马隆片《药品注册证书》，该药品为化学药品3类、规格50mg，视同通过一致性评价。,0.95,,,,,,,,,,
EVT-1082,Event,金赛药业注射用GenSci136临床试验申请获受理,,,,,,,,,,,,,,,EVT-1082,监管,金赛药业注射用GenSci136临床试验申请获受理,,金赛药业收到国家药监局核准签发的受理通知书，注射用GenSci136境内生产药品注册临床试验申请获受理。,0.95,,,,,,,,,,
EVT-1083,Event,金冠股份披露《关于项目中标的公告》,,,,,,,,,,,,,,,EVT-1083,重大合同,金冠股份披露《关于项目中标的公告》,2026-07-22,金冠股份于2026年7月22日在巨潮资讯网披露《关于项目中标的公告》（公告编号：2026-020）。,0.92,,,,,,,,,,
EVT-1084,Event,"金冠股份更正项目中标公告，中标金额由25,234.05万元更正为15,705.39万元",,,,,,,,,,,,,,,EVT-1084,重大合同,"金冠股份更正项目中标公告，中标金额由25,234.05万元更正为15,705.39万元",2026-07-23,"因中标项目筛选口径有误，金冠股份将中标项目及交易对方予以更正，更正后中标金额合计约为人民币15,705.39万元。",0.95,,,,,,,,,,
EVT-1085,Event,金冠股份及能瑞电力中标国家电网、浙江交投、吉林吉润、吉林碳谷相关项目,,,,,,,,,,,,,,,EVT-1085,重大合同,金冠股份及能瑞电力中标国家电网、浙江交投、吉林吉润、吉林碳谷相关项目,,"金冠股份及全资子公司能瑞电力近期中标国家电网及其下属公司、浙江交投、吉林吉润、吉林碳谷的相关项目，中标金额合计约为人民币15,705.39万元。",0.95,,,,,,,,,,
EVT-1086,Event,平治信息成为成都数据集团天府智算中心（四期）项目算力服务采购项目第一中标候选人,,,,,,,,,,,,,,,EVT-1086,重大经营,平治信息成为成都数据集团天府智算中心（四期）项目算力服务采购项目第一中标候选人,,成都产业投资集团招标采购管理平台发布公示，平治信息为成都数据集团股份有限公司天府智算中心（四期）项目算力服务采购项目的第一中标候选人。,0.9,,,,,,,,,,
EVT-1087,Event,"国际船东子公司向天顺风能海工子公司采购2+2艘113,800DWT原油油轮",,,,,,,,,,,,,,,EVT-1087,重大合同,"国际船东子公司向天顺风能海工子公司采购2+2艘113,800DWT原油油轮",,"国际某知名船东下属子公司向天顺风能海工板块全资子公司采购2+2艘113,800DWT原油油轮，其中2艘为确定船，2艘为选择权船。",0.92,,,,,,,,,,
EVT-1088,Event,公司首次承接高端海工船舶领域主流核心船型,,,,,,,,,,,,,,,EVT-1088,重大经营,公司首次承接高端海工船舶领域主流核心船型,2026-07-22,本次签约标志公司船舶建造能力进一步受国际客户认可，是继FPSO、FSO之后首次承接的高端海工船舶领域另一主流核心船型。,0.85,,,,,,,,,,
EVT-1089,Event,中复凯中标梅河口50MW/100MWh调频储能电站项目,,,,,,,,,,,,,,,EVT-1089,重大合同,中复凯中标梅河口50MW/100MWh调频储能电站项目,2026-07-13,"山东雅博科技股份有限公司全资子公司山东中复凯新能源科技有限公司中标梅河口如实新盛新能源有限公司50MW/100MWh调频储能电站项目，中标价9,980万元。",0.92,,,,,,,,,,
EVT-1090,Event,中标项目预计对公司未来经营业绩产生积极影响,,,,,,,,,,,,,,,EVT-1090,业绩,中标项目预计对公司未来经营业绩产生积极影响,,"本次中标价9,980万元占公司2025年度经审计营业收入的34.05%，项目顺利实施后预计对公司未来经营业绩产生积极影响。",0.85,,,,,,,,,,
EVT-1091,Event,控股子公司深圳市瑞康宏业科技开发有限公司心电工作站医疗器械注册证变更获审批通过,,,,,,,,,,,,,,,EVT-1091,产品,控股子公司深圳市瑞康宏业科技开发有限公司心电工作站医疗器械注册证变更获审批通过,,公司控股子公司深圳市瑞康宏业科技开发有限公司申报的心电工作站第二类医疗器械注册证变更已通过广东省药品监督管理局审批，主要变更为按最新强制性标准更新产品技术要求。,0.9,,,,,,,,,,
EVT-1092,Event,行云科技与SA供应商签署《算力服务合同》及《算力服务框架合作协议》,,,,,,,,,,,,,,,EVT-1092,重大合同,行云科技与SA供应商签署《算力服务合同》及《算力服务框架合作协议》,2026-07-20,公司向SA供应商购买32套GPU算力服务，含税总金额2.9957亿元，并达成128套算力服务框架采购意向。,0.95,,,,,,,,,,
EVT-1093,Event,双方达成128套GPU算力服务总框架协议,,,,,,,,,,,,,,,EVT-1093,重大合同,双方达成128套GPU算力服务总框架协议,,双方达成持续开展算力服务的总框架协议，SA供应商向公司提供128套GPU算力服务，意向服务期限60个月。,0.9,,,,,,,,,,
EVT-1094,Event,控股股东一致行动人深圳市云拥国际贸易合伙企业增持公司股份,,,,,,,,,,,,,,,EVT-1094,股权,控股股东一致行动人深圳市云拥国际贸易合伙企业增持公司股份,2026-05-08,"深圳市云拥国际贸易合伙企业通过集中竞价方式累计增持公司股份4,885,063股，占公司总股本的0.53%。",0.9,,,,,,,,,,
EVT-1095,Event,伦康依隆妥单抗/宜泽康食管癌晚期二线适应症上市申请获批准,,,,,,,,,,,,,,,EVT-1095,产品,伦康依隆妥单抗/宜泽康食管癌晚期二线适应症上市申请获批准,,公司收到国家药品监督管理局《药品注册证书》，批准伦康依隆妥单抗/宜泽康（BL-B01D1/iza-bren）食管癌晚期二线适应症的上市申请。,0.95,,,,,,,,,,
EVT-1096,Event,伦康依隆妥单抗复发或转移性鼻咽癌获上市批准,,,,,,,,,,,,,,,EVT-1096,产品,伦康依隆妥单抗复发或转移性鼻咽癌获上市批准,2026-07-17,伦康依隆妥单抗用于治疗复发或转移性鼻咽癌已获得国家药品监督管理局（NMPA）的上市批准。,0.85,,,,,,,,,,
EVT-1097,Event,三阴乳腺癌药品上市申请获CDE受理,,,,,,,,,,,,,,,EVT-1097,监管,三阴乳腺癌药品上市申请获CDE受理,,治疗局部晚期或转移性三阴乳腺癌的药品上市申请（NDA）已获得CDE受理。,0.85,,,,,,,,,,
EVT-1098,Event,湖南透景完成26项医疗器械注册证注销,,,,,,,,,,,,,,,EVT-1098,产品,湖南透景完成26项医疗器械注册证注销,2026-07-10,湖南透景因公司整体业务布局优化与内部资源整合，于近期完成了26项医疗器械注册证的注销手续。,0.9,,,,,,,,,,
EVT-1099,Event,湖南透景向湖南省药品监督管理局申请自行注销注册证,,,,,,,,,,,,,,,EVT-1099,监管,湖南透景向湖南省药品监督管理局申请自行注销注册证,,湖南透景依据相关规定向湖南省药品监督管理局申请自行注销上述产品医疗器械注册证。,0.9,,,,,,,,,,
EVT-1100,Event,江西透景建成洁净厂房并取得医疗器械生产许可证,,,,,,,,,,,,,,,EVT-1100,重大经营,江西透景建成洁净厂房并取得医疗器械生产许可证,,经前期筹备，江西透景已建成万级和十万级洁净厂房，并取得《医疗器械生产许可证》，具备替代湖南透景原有产品的生产条件。,0.9,,,,,,,,,,
EVT-1101,Event,电子血压计医疗器械CE符合性证书变更注册获批,,,,,,,,,,,,,,,EVT-1101,产品,电子血压计医疗器械CE符合性证书变更注册获批,,公司申请的电子血压计医疗器械CE符合性证书变更事宜通过审批，在原证书产品型号列表中新增BBY31-BT、BBY31、BBY36-BT、BBY36四个型号。,0.9,,,,,,,,,,
EVT-1102,Event,公司被确定为天翼智屏产品（2026年）集中采购项目成交人,,,,,,,,,,,,,,,EVT-1102,重大合同,公司被确定为天翼智屏产品（2026年）集中采购项目成交人,2026-07-01,公司在指定信息披露媒体披露收到《成交通知书》的公告，确定公司为《中国电信天翼智屏产品（2026 年）集中采购项目》成交人。,0.92,,,,,,,,,,
EVT-1103,Event,公司与中国电信签订天翼智屏产品集中采购框架协议,,,,,,,,,,,,,,,EVT-1103,重大合同,公司与中国电信签订天翼智屏产品集中采购框架协议,2026-07-13,公司收到与中国电信集团有限公司、中国电信股份有限公司签订返回的《中国电信天翼智屏产品（2026 年）集中采购项目设备及相关服务采购框架协议——天邑康和》，签署时间为2026年7月13日。,0.92,,,,,,,,,,
EVT-1104,Event,巨石生物启动SYS6043 Ⅲ期临床试验,,,,,,,,,,,,,,,EVT-1104,产品,巨石生物启动SYS6043 Ⅲ期临床试验,,巨石生物近日启动一项评价SYS6043对比研究者选择的化疗用于铂耐药晚期卵巢癌、原发性腹膜癌以及输卵管癌参与者的随机、多中心、开放标签的Ⅲ期临床试验。,0.95,,,,,,,,,,
EVT-1105,Event,SYS6043获得III期临床试验批准通知书,,,,,,,,,,,,,,,EVT-1105,监管,SYS6043获得III期临床试验批准通知书,2026-07-16,巨石生物于2026年7月收到国家药品监督管理局签发的关于SYS6043的III期临床试验批准通知书。,0.92,,,,,,,,,,
EVT-1106,Event,移动式C 形臂X 射线机取得二类医疗器械注册证,,,,,,,,,,,,,,,EVT-1106,产品,移动式C 形臂X 射线机取得二类医疗器械注册证,2026-06-29,山东新华医疗器械股份有限公司的移动式C 形臂X 射线机获得山东省药品监督管理局颁发的二类医疗器械注册证，注册证编号鲁械注准20262060279。,0.95,,,,,,,,,,
EVT-1107,Event,尿道膀胱镜取得二类医疗器械注册证,,,,,,,,,,,,,,,EVT-1107,产品,尿道膀胱镜取得二类医疗器械注册证,2026-07-03,子公司新华手术器械有限公司的尿道膀胱镜获得山东省药品监督管理局颁发的二类医疗器械注册证，注册证编号鲁械注准20262060283。,0.95,,,,,,,,,,
EVT-1108,Event,智慧石油与中国海油签订南海22/05合同区石油合同,,,,,,,,,,,,,,,EVT-1108,重大合同,智慧石油与中国海油签订南海22/05合同区石油合同,2022-02-15,智慧石油与中国海油就南海22/05区块合作达成一致并签订为期30年的产品分成合同，智慧石油成为作业者。,0.95,,,,,,,,,,
EVT-1109,Event,WZ10-11E-1井正式启动作业,,,,,,,,,,,,,,,EVT-1109,重大经营,WZ10-11E-1井正式启动作业,,WZ10-11E-1井钻前准备与海上钻探作业许可手续全部办妥，按钻井承包商计划于近日正式启动作业。,0.9,,,,,,,,,,
EVT-1110,Event,确定中海艾普承担WZ10-11E-1井试油工作,,,,,,,,,,,,,,,EVT-1110,重大合同,确定中海艾普承担WZ10-11E-1井试油工作,,确定中海艾普油气测试（天津）有限公司承担南海22/05合同区WZ10-11E-1井试油工作。,0.9,,,,,,,,,,
EVT-1111,Event,公司向财金集团申请2.6亿元最高额借款额度并签订最高额借款合同,,,,,,,,,,,,,,,EVT-1111,重大合同,公司向财金集团申请2.6亿元最高额借款额度并签订最高额借款合同,,公司为保障运营资金平稳及下半年工程项目推进，向关联方财金集团申请2.6亿元最高额借款额度并签订《最高额借款合同》。,0.92,,,,,,,,,,
EVT-1112,Event,泉兴科技拟将所持公司全部股份无偿划转,,,,,,,,,,,,,,,EVT-1112,股权,泉兴科技拟将所持公司全部股份无偿划转,,"公司控股股东泉兴科技拟将持有的公司448,114,580股股份全部无偿划转，其中362,972,810股划转给财金集团，完成后控股股东将变更为财金集团。",0.9,,,,,,,,,,
EVT-1113,Event,海正药业获来特莫韦片《药品注册证书》,,,,,,,,,,,,,,,EVT-1113,产品,海正药业获来特莫韦片《药品注册证书》,,浙江海正药业股份有限公司于近日收到国家药监局核准签发的来特莫韦片《药品注册证书》，视同通过一致性评价。,0.95,,,,,,,,,,
EVT-1114,Event,国家药监局受理海正药业来特莫韦片药品注册申请,,,,,,,,,,,,,,,EVT-1114,监管,国家药监局受理海正药业来特莫韦片药品注册申请,2025-04-09,2025年4月9日，国家药监局受理了浙江海正药业股份有限公司递交的来特莫韦片的药品注册申请。,0.9,,,,,,,,,,
EVT-1115,Event,北京中兰与韶关复通签署建设项目工程总承包合同,,,,,,,,,,,,,,,EVT-1115,重大合同,北京中兰与韶关复通签署建设项目工程总承包合同,2026-07-13,"公司全资子公司北京中兰作为施工总承包方与韶关复通签署《建设项目工程总承包合同》，合同价（含税）为人民币18,560 万元，工期730 天。",0.95,,,,,,,,,,
EVT-1116,Event,公司第四届董事会第十六次会议审议通过签订重大合同暨关联交易议案,,,,,,,,,,,,,,,EVT-1116,重大经营,公司第四届董事会第十六次会议审议通过签订重大合同暨关联交易议案,2026-07-13,公司第四届董事会第十六次会议审议通过《关于公司签订重大合同暨关联交易的议案》，关联董事王广庆先生回避表决，该交易尚需提交股东会审议。,0.93,,,,,,,,,,
EVT-1117,Event,金智信息中标华虹集成电路（成都）生产厂房网络布线及安装工程采购项目,,,,,,,,,,,,,,,EVT-1117,重大合同,金智信息中标华虹集成电路（成都）生产厂房网络布线及安装工程采购项目,,"江苏金智科技股份有限公司全资子公司金智信息中标华虹集成电路（成都）有限公司生产厂房网络布线及安装工程采购项目，中标金额3,339.233万元。",0.95,,,,,,,,,,
EVT-1118,Event,道尔生物DR10624注射液临床试验申请获中国NMPA批准,,,,,,,,,,,,,,,EVT-1118,监管,道尔生物DR10624注射液临床试验申请获中国NMPA批准,,道尔生物申报的DR10624注射液药品临床试验申请获中国NMPA批准，可在中国开展治疗成人HFpEF/HFrEF的临床试验。,0.95,,,,,,,,,,
EVT-1119,Event,DR10624注射液SHTG适应症Ⅲ期关键临床研究完成首次临床登记,,,,,,,,,,,,,,,EVT-1119,产品,DR10624注射液SHTG适应症Ⅲ期关键临床研究完成首次临床登记,,DR10624注射液于2026年6月完成重度高甘油三酯血症（SHTG）适应症Ⅲ期关键临床研究（DR10624-301、DR10624-302）首次临床登记。,0.9,,,,,,,,,,
EVT-1120,Event,DR10624注射液代谢相关脂肪性肝病/肝炎Ⅱ期临床研究完成全部受试者入组,,,,,,,,,,,,,,,EVT-1120,产品,DR10624注射液代谢相关脂肪性肝病/肝炎Ⅱ期临床研究完成全部受试者入组,,DR10624注射液的另一项代谢相关脂肪性肝病/代谢相关脂肪性肝炎Ⅱ期临床研究于2026年1月完成全部受试者入组。,0.88,,,,,,,,,,
EVT-1121,Event,DR10624被中国NMPA纳入SHTG适应症突破性疗法,,,,,,,,,,,,,,,EVT-1121,监管,DR10624被中国NMPA纳入SHTG适应症突破性疗法,,DR10624用于SHTG等适应症的美国临床试验申请先后获批，并于2026年1月被中国NMPA纳入SHTG适应症突破性疗法。,0.88,,,,,,,,,,
EVT-1122,Event,取得双水平正压通气治疗机医疗器械注册证,,,,,,,,,,,,,,,EVT-1122,产品,取得双水平正压通气治疗机医疗器械注册证,,康泰医学于近日取得河北省药品监督管理局颁发的双水平正压通气治疗机（R100BP）医疗器械注册证。,0.95,,,,,,,,,,
EVT-1123,Event,医用红外体温计等三项医疗器械注册证变更,,,,,,,,,,,,,,,EVT-1123,产品,医用红外体温计等三项医疗器械注册证变更,,公司医用红外体温计、输液泵和血氧心电设备数据管理软件的医疗器械注册证发生变更，涉及规格型号、结构组成及产品技术要求等。,0.9,,,,,,,,,,
EVT-1124,Event,智慧石油与蒙古国矿产石油局签署《Ergel-12 合同区产品分成合同》,,,,,,,,,,,,,,,EVT-1124,重大合同,智慧石油与蒙古国矿产石油局签署《Ergel-12 合同区产品分成合同》,2016-09-09,海外全资公司智慧石油与蒙古国矿产石油局在乌兰巴托签署《Ergel-12 合同区产品分成合同》。,0.95,,,,,,,,,,
EVT-1125,Event,公司2026年度计划部署3口探井并统一开展地层测试,,,,,,,,,,,,,,,EVT-1125,重大经营,公司2026年度计划部署3口探井并统一开展地层测试,,公司2026年度将在合同区南部及北部区域部署并实施3口探井作业，并对包括2025年度实施的4口探井在内的已钻探井统一进行地层测试。,0.9,,,,,,,,,,
EVT-1126,Event,2026年度钻探总包服务由潜能蒙古承接、天津锦龙提供装备及配套服务,,,,,,,,,,,,,,,EVT-1126,重大合同,2026年度钻探总包服务由潜能蒙古承接、天津锦龙提供装备及配套服务,,2026年度钻探总包服务由公司蒙古全资子公司潜能蒙古承接，其中部分装备及配套服务由周锦明控股的天津锦龙提供，属关联交易。,0.9,,,,,,,,,,
EVT-1127,Event,蒙古Ergel-12区块2026年度钻探作业正式启动,,,,,,,,,,,,,,,EVT-1127,重大经营,蒙古Ergel-12区块2026年度钻探作业正式启动,2026-07-12,蒙古Ergel-12区块2026年度钻探作业已完成蒙古国政府钻探开工全部审批程序，钻前工作全部就绪，于2026年7月12日正式启动钻探作业。,0.95,,,,,,,,,,
EVT-1128,Event,圣晖集成及控股子公司签署建设工程三方合作合同与固定资产采购合同,,,,,,,,,,,,,,,EVT-1128,重大合同,圣晖集成及控股子公司签署建设工程三方合作合同与固定资产采购合同,,公司与庆鼎精密电子（淮安）有限公司、上海经安建筑设计院有限公司签署《建设工程三方合作合同》，控股子公司深圳市鼎贸贸易有限公司与庆鼎精密电子（淮安）有限公司签署《固定资产采购合同》，合同总金额为人民币3.36亿元（未税）。,0.95,,,,,,,,,,
EVT-1129,Event,天顺风能海工板块全资子公司新签约2.6亿元海上风电海工订单,,,,,,,,,,,,,,,EVT-1129,重大合同,天顺风能海工板块全资子公司新签约2.6亿元海上风电海工订单,2026-07-11,天顺风能海工板块全资子公司新获取深能汕尾红海湾六海上风电项目海工支撑桩、广西钦州900MW海上风电示范项目II标段单桩订单约2.6亿元人民币。,0.9,,,,,,,,,,
EVT-1130,Event,甘精胰岛素注射液（预填充笔）获得洪都拉斯药品注册批件,,,,,,,,,,,,,,,EVT-1130,监管,甘精胰岛素注射液（预填充笔）获得洪都拉斯药品注册批件,,甘李药业收到洪都拉斯国家药品监督管理局核准签发的甘精胰岛素注射液（预填充笔）注册批件，批件号HN-BT-0426-0005。,0.95,,,,,,,,,,
EVT-1131,Event,赛诺菲甘精胰岛素产品2025年全球销售额披露,,,,,,,,,,,,,,,EVT-1131,业绩,赛诺菲甘精胰岛素产品2025年全球销售额披露,,赛诺菲作为原研厂家，其甘精胰岛素产品2025年全球销售额为30.78亿欧元。,0.85,,,,,,,,,,
EVT-1132,Event,公司与中建三局云采科技有限公司签订武汉***新能源（二期）项目钢结构成品构件电商化采购合同,,,,,,,,,,,,,,,EVT-1132,重大合同,公司与中建三局云采科技有限公司签订武汉***新能源（二期）项目钢结构成品构件电商化采购合同,,"公司收到经双方盖章的《采购合同》，合同暂定含税金额为507,952,785.60元人民币，总日历天数365天。",0.95,,,,,,,,,,
EVT-1133,Event,公司被确认为江夏楚能项目和孝感楚能项目钢结构工程中标单位并披露中标公告,,,,,,,,,,,,,,,EVT-1133,重大经营,公司被确认为江夏楚能项目和孝感楚能项目钢结构工程中标单位并披露中标公告,2026-07-04,公司在证券时报等媒体及巨潮资讯网披露《关于收到中标通知书的公告》，被确认为“江夏楚能项目和孝感楚能项目钢结构工程”的中标单位。,0.9,,,,,,,,,,
EVT-1134,Event,倍他米松原料药获得巴西ANVISA批准上市,,,,,,,,,,,,,,,EVT-1134,监管,倍他米松原料药获得巴西ANVISA批准上市,,津药药业收到巴西卫生监督局签发的倍他米松原料药批准通知，该药品获准在巴西上市。,0.9,,,,,,,,,,
EVT-1135,Event,公司向巴西ANVISA提交倍他米松原料药注册申请,,,,,,,,,,,,,,,EVT-1135,产品,公司向巴西ANVISA提交倍他米松原料药注册申请,,公司于2023年4月向巴西ANVISA提交倍他米松原料药注册申请，并于近日获得批准。,0.85,,,,,,,,,,
EVT-1136,Event,铜冠矿建收到贵州时代矿业有限公司发出的《中标通知书》,,,,,,,,,,,,,,,EVT-1136,重大合同,铜冠矿建收到贵州时代矿业有限公司发出的《中标通知书》,,"公司于近日收到贵州时代矿业有限公司发出的《中标通知书》，中标其开阳县永温镇大坪磷矿项目竖井掘砌工程（第1标段），中标金额人民币325,439,885.92元（含增值税）。",0.95,,,,,,,,,,
EVT-1137,Event,中建联合签订济南励新实验中学建设项目施工总承包合同,,,,,,,,,,,,,,,EVT-1137,重大合同,中建联合签订济南励新实验中学建设项目施工总承包合同,,"德才装饰控股子公司青岛中建联合集团有限公司作为联合体牵头人，与济南市市中区房地产开发集团有限公司签订《济南励新实验中学建设项目施工总承包合同》，签约合同价520,009,760.38元（含税），工期365个日历天。",0.95,,,,,,,,,,
EVT-1138,Event,青龙管业被确认为广西桂西北治旱龙江河谷灌区工程PCCP管材采购（重）中标单位,,,,,,,,,,,,,,,EVT-1138,重大经营,青龙管业被确认为广西桂西北治旱龙江河谷灌区工程PCCP管材采购（重）中标单位,2026-06-27,公司被确认为广西桂西北治旱龙江河谷灌区工程PCCP管材采购（重）的中标单位。,0.9,,,,,,,,,,
EVT-1139,Event,青龙管业签订龙江河谷灌区工程PCCP管材采购合同,,,,,,,,,,,,,,,EVT-1139,重大合同,青龙管业签订龙江河谷灌区工程PCCP管材采购合同,,"公司收到经合同双方签字盖章的《采购合同》，合同金额为人民币556,537,680.00元。",0.9,,,,,,,,,,
EVT-1140,Event,公司中标江夏楚能项目和孝感楚能项目钢结构工程,,,,,,,,,,,,,,,EVT-1140,重大合同,公司中标江夏楚能项目和孝感楚能项目钢结构工程,,"公司收到中建三局第一建设工程有限责任公司钢结构分公司签发的《中标通知书》，被确定为江夏楚能项目和孝感楚能项目钢结构工程的中标单位，中标价暂定人民币507,952,785.60元。",0.95,,,,,,,,,,
EVT-1141,Event,公司预计该项目中标对2026年业绩产生一定影响,,,,,,,,,,,,,,,EVT-1141,业绩,公司预计该项目中标对2026年业绩产生一定影响,,"本项目中标金额为50,795.28万元，占公司2025年度经审计营业总收入的2.3%，预计对公司2026年业绩产生一定影响。",0.9,,,,,,,,,,
EVT-1142,Event,公司披露关于中标候选人公示的提示性公告,,,,,,,,,,,,,,,EVT-1142,重大经营,公司披露关于中标候选人公示的提示性公告,2026-05-16,神州数码集团股份有限公司披露《关于中标候选人公示的提示性公告》（公告编号：2026-056）。,0.9,,,,,,,,,,
EVT-1143,Event,神州鲲泰中标中国移动PC服务器集中采购项目并签署框架协议,,,,,,,,,,,,,,,EVT-1143,重大合同,神州鲲泰中标中国移动PC服务器集中采购项目并签署框架协议,,神州鲲泰收到中国邮电器材集团有限公司发来的《中标通知书》并签署中国移动2026年至2027年PC服务器产品集中采购框架协议，成为中国移动该项目的供应商。,0.9,,,,,,,,,,
EVT-1144,Event,铜冠矿建（赞比亚）有限公司与中色非洲矿业有限公司签订谦比希铜矿东南矿外委采矿掘进合同,,,,,,,,,,,,,,,EVT-1144,重大合同,铜冠矿建（赞比亚）有限公司与中色非洲矿业有限公司签订谦比希铜矿东南矿外委采矿掘进合同,,公司子公司铜冠矿建（赞比亚）有限公司与中色非洲矿业有限公司于近日签订《谦比希铜矿东南矿2026-2027年度外委采矿掘进合同》，合同金额暂定为9200万美元（不含增值税），合同工期为2026年7月1日至2027年12月31日。,0.95,,,,,,,,,,
EVT-1145,Event,左甲状腺素钠片获得药品补充申请批准通知书,,,,,,,,,,,,,,,EVT-1145,监管,左甲状腺素钠片获得药品补充申请批准通知书,,福元医药收到国家药监局颁发的左甲状腺素钠片《药品补充申请批准通知书》，批准该药品增加50μg规格补充申请。,0.9,,,,,,,,,,
EVT-1146,Event,左甲状腺素钠片增加规格补充申请获得申报受理通知书,,,,,,,,,,,,,,,EVT-1146,监管,左甲状腺素钠片增加规格补充申请获得申报受理通知书,2026-03-30,公司于2026年3月30日获得左甲状腺素钠片增加规格补充申请的申报受理通知书。,0.9,,,,,,,,,,
EVT-1147,Event,讯奇信息与中国移动签订绿色多频段基站天线产品（补充采购）集中采购框架协议,,,,,,,,,,,,,,,EVT-1147,重大合同,讯奇信息与中国移动签订绿色多频段基站天线产品（补充采购）集中采购框架协议,,"讯奇信息收到与中国移动通信有限公司签订的框架协议，含税总金额上限为5,823.87万元。",0.95,,,,,,,,,,
EVT-1148,Event,公司披露中标候选人公示提示性公告,,,,,,,,,,,,,,,EVT-1148,重大经营,公司披露中标候选人公示提示性公告,2026-05-13,公司于2026年5月13日在巨潮资讯网披露中标候选人公示的提示性公告，讯奇信息成为中选候选人。,0.85,,,,,,,,,,
EVT-1149,Event,青龙管业被确认为2026年混塔项目混塔段物资框架采购拟中标人,,,,,,,,,,,,,,,EVT-1149,重大合同,青龙管业被确认为2026年混塔项目混塔段物资框架采购拟中标人,2026-07-01,"公司收到中船科技股份有限公司采购与供应链管理部签发的《拟中标通知书》，被确认为2026年混塔项目混塔段物资框架采购拟中标人，中标金额49,689.79万元，交货期2年。",0.95,,,,,,,,,,
EVT-1150,Event,本次中标预计影响公司2026年至2028年业绩,,,,,,,,,,,,,,,EVT-1150,业绩,本次中标预计影响公司2026年至2028年业绩,2026-07-01,"中标金额49,689.79万元占公司2025年度经审计营业总收入的18.91%，预计对公司2026年至2028年业绩产生一定影响。",0.9,,,,,,,,,,
EVT-1151,Event,上海神州数码有限公司成为国产智算Token工厂项目第一中标候选人,,,,,,,,,,,,,,,EVT-1151,重大经营,上海神州数码有限公司成为国产智算Token工厂项目第一中标候选人,2026-06-30,"中国招标投标公共服务平台发布评标结果公示，公司全资子公司上海神州数码有限公司为国产智算Token工厂项目第一中标候选人，投标报价71,700万元。",0.9,,,,,,,,,,
EVT-1152,Event,预中标项目预计对公司未来经营业绩产生积极影响,,,,,,,,,,,,,,,EVT-1152,业绩,预中标项目预计对公司未来经营业绩产生积极影响,,预中标项目供货产品为神州鲲泰超节点产品，如项目能顺利中标并实施，预计对公司未来经营业绩产生积极影响。,0.9,,,,,,,,,,
EVT-1153,Event,甲泼尼龙片获得白俄罗斯共和国卫生部药品注册证书,,,,,,,,,,,,,,,EVT-1153,监管,甲泼尼龙片获得白俄罗斯共和国卫生部药品注册证书,,津药药业股份有限公司的甲泼尼龙片取得白俄罗斯共和国卫生部药品注册证书，可在白俄罗斯市场生产销售。,0.95,,,,,,,,,,
EVT-1154,Event,北新路桥联合体中标新建伊宁至阿克苏铁路S2标段,,,,,,,,,,,,,,,EVT-1154,重大合同,北新路桥联合体中标新建伊宁至阿克苏铁路S2标段,,"新疆北新路桥集团股份有限公司与新疆兵团市政轨道交通（集团）有限公司组成的联合体被确定为新建伊宁至阿克苏铁路施工总价承包S2标段中标人，中标金额1,973,381,548.00元。",0.95,,,,,,,,,,
EVT-1155,Event,与关联方云南交投新材料有限公司签订《钢筋采购合同协议书》,,,,,,,,,,,,,,,EVT-1155,重大合同,与关联方云南交投新材料有限公司签订《钢筋采购合同协议书》,,公司为镇雄县第二污水处理厂及配套管网工程项目向新材料公司采购钢筋物资，合同金额646.85万元。,0.95,,,,,,,,,,
EVT-1156,Event,来特莫韦原料药获得《化学原料药上市申请批准通知书》,,,,,,,,,,,,,,,EVT-1156,监管,来特莫韦原料药获得《化学原料药上市申请批准通知书》,,浙江海正药业股份有限公司收到国家药监局核准签发的来特莫韦原料药《化学原料药上市申请批准通知书》，批准注册。,0.95,,,,,,,,,,
EVT-1157,Event,国家药监局受理海正药业来特莫韦原料药注册申请,,,,,,,,,,,,,,,EVT-1157,监管,国家药监局受理海正药业来特莫韦原料药注册申请,2024-12-16,国家药监局受理了公司递交的来特莫韦原料药的注册申请。,0.95,,,,,,,,,,
EVT-1158,Event,来特莫韦原料药通过CDE技术审评,,,,,,,,,,,,,,,EVT-1158,产品,来特莫韦原料药通过CDE技术审评,,公司来特莫韦原料药通过CDE技术审评，在CDE原辅包登记信息平台上显示状态为“A”。,0.9,,,,,,,,,,
EVT-1159,Event,巨石生物启动并公示SYS6010-015 Ⅲ期临床试验,,,,,,,,,,,,,,,EVT-1159,产品,巨石生物启动并公示SYS6010-015 Ⅲ期临床试验,,控股子公司巨石生物已于近日启动并公示一项评价SYS6010联合PD-1单抗（恩朗苏拜单抗）辅助治疗已切除的Ⅱ-ⅢB期驱动基因阴性、未达到MPR非小细胞肺癌的随机对照、开放的Ⅲ期临床试验（SYS6010-015）。,0.9,,,,,,,,,,
EVT-1160,Event,药品审评中心同意巨石生物开展SYS6010-015 临床试验,,,,,,,,,,,,,,,EVT-1160,监管,药品审评中心同意巨石生物开展SYS6010-015 临床试验,,巨石生物已于2026年6月收到国家药品监督管理局药品审评中心的审评意见，同意开展SYS6010-015临床试验。,0.9,,,,,,,,,,
EVT-1161,Event,联合体中标S611线第五师保尔德电站-83团公路设计施工总承包项目,,,,,,,,,,,,,,,EVT-1161,重大合同,联合体中标S611线第五师保尔德电站-83团公路设计施工总承包项目,,"新疆兵团勘测设计院集团股份有限公司（牵头人）、本公司、新疆双河工程建设有限责任公司组成的联合体被确定为该项目中标人，中标金额278,440,432.25元。",0.95,,,,,,,,,,
EVT-1162,Event,北新路桥中标S35景礼高速公路景泰至靖远段土建工程施工分包项目,,,,,,,,,,,,,,,EVT-1162,重大合同,北新路桥中标S35景礼高速公路景泰至靖远段土建工程施工分包项目,,"新疆北新路桥集团股份有限公司收到《中标通知书》，被确定为S35景礼高速公路景泰至靖远段总承包一标土建工程施工分包中标人，中标金额539,723,426.00元。",0.95,,,,,,,,,,
EVT-1163,Event,全资子公司江西透景取得全自动化学发光免疫分析仪医疗器械注册证,,,,,,,,,,,,,,,EVT-1163,产品,全资子公司江西透景取得全自动化学发光免疫分析仪医疗器械注册证,2026-06-18,上海透景生命科技股份有限公司全资子公司江西透景于近日取得江西省药品监督管理局颁发的1项全自动化学发光免疫分析仪医疗器械注册证。,0.9,,,,,,,,,,
EVT-1164,Event,甘精胰岛素注射液获得洪都拉斯药品注册批件,,,,,,,,,,,,,,,EVT-1164,监管,甘精胰岛素注射液获得洪都拉斯药品注册批件,,甘李药业股份有限公司收到洪都拉斯国家药品监督管理局核准签发的甘精胰岛素注射液注册批件，批件号HN-BT-0426-0006。,0.95,,,,,,,,,,
EVT-1165,Event,子公司华奥泰HB0017注射液境内生产药品注册上市许可申请获国家药监局受理,,,,,,,,,,,,,,,EVT-1165,产品,子公司华奥泰HB0017注射液境内生产药品注册上市许可申请获国家药监局受理,,华奥泰收到国家药监局签发的HB0017注射液境内生产药品注册上市许可申请《受理通知书》，适应症为中重度斑块状银屑病。,0.95,,,,,,,,,,
EVT-1166,Event,公司HB0017注射液治疗银屑病关键性临床试验达到主要疗效终点,,,,,,,,,,,,,,,EVT-1166,产品,公司HB0017注射液治疗银屑病关键性临床试验达到主要疗效终点,2025-11-20,2025年11月，公司HB0017注射液用于治疗银屑病的关键性临床试验达到主要疗效终点和所有关键次要疗效终点。,0.9,,,,,,,,,,
EVT-1167,Event,围海股份参与的联合体中标乐平市农产品智慧仓储和物流设施建设项目,,,,,,,,,,,,,,,EVT-1167,重大合同,围海股份参与的联合体中标乐平市农产品智慧仓储和物流设施建设项目,2026-06-24,"公司查询获悉联合体被确定为“乐平市农产品智慧仓储和物流设施建设项目勘察、设计、采购、施工总承包”中标单位，中标金额881,913,461.93元。",0.9,,,,,,,,,,
EVT-1168,Event,联合体预中标云南省大理市再生水资源综合利用项目（一期）工程总承包（EPC）,,,,,,,,,,,,,,,EVT-1168,重大合同,联合体预中标云南省大理市再生水资源综合利用项目（一期）工程总承包（EPC）,2026-06-23,"大禹节水子公司水电公司与西南交通建设集团股份有限公司等组成的联合体预中标大理市再生水资源综合利用项目（一期）EPC，预中标金额32,346.39万元。",0.9,,,,,,,,,,
EVT-1169,Event,九州一轨及河南陆创承接通创九州金刚石芯片基板建设项目（一期）总承包合同,,,,,,,,,,,,,,,EVT-1169,重大合同,九州一轨及河南陆创承接通创九州金刚石芯片基板建设项目（一期）总承包合同,,公司及全资子公司河南陆创拟与通创九州签订总承包合同，由公司担任施工总承包单位、河南陆创担任设计单位，签约合同价含税1.0738亿元。,0.9,,,,,,,,,,
EVT-1170,Event,九州一轨董事会审议通过承接金刚石芯片基板建设项目（一期）工程总包暨关联交易议案,,,,,,,,,,,,,,,EVT-1170,重大经营,九州一轨董事会审议通过承接金刚石芯片基板建设项目（一期）工程总包暨关联交易议案,2026-06-23,公司召开第三届董事会第九次会议审议通过该关联交易议案，关联董事回避表决，尚需提交股东会审议。,0.9,,,,,,,,,,
EVT-1171,Event,九州一轨独立董事专门会议审议通过工程总包暨关联交易议案,,,,,,,,,,,,,,,EVT-1171,重大经营,九州一轨独立董事专门会议审议通过工程总包暨关联交易议案,2026-06-23,公司召开第三届董事会独立董事第二次专门会议审议通过该议案，并同意提交董事会审议。,0.9,,,,,,,,,,
EVT-1172,Event,九州一轨及河南陆创拟与通创九州签订金刚石芯片基板建设项目（一期）总承包合同,,,,,,,,,,,,,,,EVT-1172,重大合同,九州一轨及河南陆创拟与通创九州签订金刚石芯片基板建设项目（一期）总承包合同,,"公司担任施工总承包单位、河南陆创担任设计单位，合同签约价含税107,380,000.00元。",0.95,,,,,,,,,,
EVT-1173,Event,通创九州为九州一轨参股公司，九州一轨持股40%,,,,,,,,,,,,,,,EVT-1173,股权,通创九州为九州一轨参股公司，九州一轨持股40%,,通创九州系公司参股公司，公司持有其40%股权，曹卫东任董事长，构成关联交易。,0.95,,,,,,,,,,
EVT-1174,Event,圣晖集成披露子公司收到中标结果,,,,,,,,,,,,,,,EVT-1174,重大合同,圣晖集成披露子公司收到中标结果,2026-05-23,公司披露公告确定控股子公司印尼合资成为PT.Hardases Abadi Indonesia厂房建设案的承包单位。,0.85,,,,,,,,,,
EVT-1175,Event,印尼合资与客户签署厂房建设项目合同,,,,,,,,,,,,,,,EVT-1175,重大合同,印尼合资与客户签署厂房建设项目合同,,"印尼合资与客户签署厂房建设项目合同，合同总金额为5,628亿印尼卢比（约2.23亿人民币），未税。",0.9,,,,,,,,,,
EVT-1176,Event,新华手术器械有限公司取得内窥镜手术动力系统二类医疗器械注册证,,,,,,,,,,,,,,,EVT-1176,产品,新华手术器械有限公司取得内窥镜手术动力系统二类医疗器械注册证,2026-06-16,新华医疗子公司新华手术器械有限公司近日收到山东省药品监督管理局颁发的《中华人民共和国医疗器械注册证》，产品为内窥镜手术动力系统。,0.95,,,,,,,,,,
EVT-1177,Event,国药工业获得盐酸纳布啡注射液药品注册证书,,,,,,,,,,,,,,,EVT-1177,产品,国药工业获得盐酸纳布啡注射液药品注册证书,,国药集团工业有限公司收到国家药监局核准签发的盐酸纳布啡注射液《药品注册证书》，获批适应症为复合麻醉时的麻醉诱导。,0.95,,,,,,,,,,
EVT-1178,Event,国药川抗获得硫酸羟氯喹片药品注册证书,,,,,,,,,,,,,,,EVT-1178,产品,国药川抗获得硫酸羟氯喹片药品注册证书,,国药集团川抗制药有限公司收到国家药监局核准签发的硫酸羟氯喹片《药品注册证书》，为上市许可持有人及生产企业。,0.95,,,,,,,,,,
EVT-1179,Event,公司称获得药品注册证书并视同通过一致性评价,,,,,,,,,,,,,,,EVT-1179,重大经营,公司称获得药品注册证书并视同通过一致性评价,2026-06-24,国药工业、国药川抗分别获得上述药品注册证书并视同通过一致性评价，丰富公司制剂产品群。,0.9,,,,,,,,,,
EVT-1180,Event,自贡广联与航空工业集团下属某单位签署零件加工采购合同,,,,,,,,,,,,,,,EVT-1180,重大合同,自贡广联与航空工业集团下属某单位签署零件加工采购合同,,"自贡广联与航空工业集团下属某单位签署《零件加工采购合同》，合同含税金额为人民币6,454.70万元，标的为一批大型固定翼无人机复合材料机翼壁板组件。",0.95,,,,,,,,,,
EVT-1181,Event,本次合同预计对履约年度经营业绩产生积极影响,,,,,,,,,,,,,,,EVT-1181,业绩,本次合同预计对履约年度经营业绩产生积极影响,,"本合同不含税金额为人民币5,712.12万元，占公司2025年经审计营业收入的5.64%，预计将对公司履约年度的经营业绩产生积极影响。",0.9,,,,,,,,,,
EVT-1182,Event,北京中兰拟中标固废资源再利用--无机纤维新材料项目建筑施工总承包,,,,,,,,,,,,,,,EVT-1182,重大合同,北京中兰拟中标固废资源再利用--无机纤维新材料项目建筑施工总承包,,"招标采购导航网公示“固废资源再利用--无机纤维新材料项目建筑施工总承包”中标候选人，公司全资子公司北京中兰为中标供应商，中标含税总金额18,560万元。",0.9,,,,,,,,,,
EVT-1183,Event,公司通过全资子公司中兰环保（香港）科技有限公司持有韶关复通35%股权,,,,,,,,,,,,,,,EVT-1183,股权,公司通过全资子公司中兰环保（香港）科技有限公司持有韶关复通35%股权,,韶关复通系公司间接参股公司，公司通过全资子公司中兰环保（香港）科技有限公司持有其35%股权。,0.9,,,,,,,,,,
EVT-1184,Event,韶关复通被认定为公司关联方，本次交易构成关联交易,,,,,,,,,,,,,,,EVT-1184,重大经营,韶关复通被认定为公司关联方，本次交易构成关联交易,2026-06-24,韶关复通被认定为公司关联方，本次拟中标交易构成关联交易，公司将在权力会议审议通过后签署合同。,0.85,,,,,,,,,,
EVT-1185,Event,水电公司中标新疆塔里木河干流盖孜库木片区生态综合治理项目施工标段,,,,,,,,,,,,,,,EVT-1185,重大合同,水电公司中标新疆塔里木河干流盖孜库木片区生态综合治理项目施工标段,2026-06-22,"新疆公共资源交易网发布中标通知书，大禹节水全资子公司水电公司中标阿克苏地区塔里木河干流盖孜库木片区生态综合治理项目施工标段，中标金额31,661.63万元。",0.95,,,,,,,,,,
EVT-1186,Event,伦康依隆妥单抗获批上市,,,,,,,,,,,,,,,EVT-1186,产品,伦康依隆妥单抗获批上市,,公司收到国家药品监督管理局《药品注册证书》，自主研发的EGFR×HER3双抗ADC伦康依隆妥单抗获批上市。,0.95,,,,,,,,,,
EVT-1187,Event,伦康依隆妥单抗两项适应症上市申请获CDE受理,,,,,,,,,,,,,,,EVT-1187,产品,伦康依隆妥单抗两项适应症上市申请获CDE受理,,伦康依隆妥单抗用于治疗复发性或转移性食管鳞癌、局部晚期或转移性三阴乳腺癌的药品上市申请（NDA）已获得CDE受理。,0.9,,,,,,,,,,
EVT-1188,Event,德才股份子公司联合体中标济南励新实验中学建设项目施工总承包,,,,,,,,,,,,,,,EVT-1188,重大合同,德才股份子公司联合体中标济南励新实验中学建设项目施工总承包,2026-06-22,"德才装饰股份有限公司全资子公司青岛中建联合集团有限公司与济南市市中区房地产开发集团建筑装修有限公司联合体中标济南励新实验中学建设项目施工总承包，中标金额520,009,760.38元（含税）。",0.95,,,,,,,,,,
EVT-1189,Event,鲁抗医药阿瑞匹坦获得化学原料药上市申请批准通知书,,,,,,,,,,,,,,,EVT-1189,产品,鲁抗医药阿瑞匹坦获得化学原料药上市申请批准通知书,,山东鲁抗医药股份有限公司收到国家药品监督管理局颁发的阿瑞匹坦《化学原料药上市申请批准通知书》，该药品批准上市申请。,0.95,,,,,,,,,,
EVT-1190,Event,人福医药持有宜昌人福80%股权,,,,,,,,,,,,,,,EVT-1190,股权,人福医药持有宜昌人福80%股权,,人福医药集团股份公司控股子公司宜昌人福药业有限责任公司，公司持有其80%的股权。,0.9,,,,,,,,,,
EVT-1191,Event,宜昌人福盐酸他喷他多口服溶液获药物临床试验批准通知书,,,,,,,,,,,,,,,EVT-1191,产品,宜昌人福盐酸他喷他多口服溶液获药物临床试验批准通知书,,宜昌人福收到国家药品监督管理局核准签发的盐酸他喷他多口服溶液《药物临床试验批准通知书》，同意开展用于儿童镇痛的随机对照临床研究。,0.9,,,,,,,,,,
EVT-1192,Event,签署乌兰布和沙漠锁边项目工程总承包（EPC）合同,,,,,,,,,,,,,,,EVT-1192,重大合同,签署乌兰布和沙漠锁边项目工程总承包（EPC）合同,,"蒙草生态与蔚来林草、中铁三局、中科广盛组成联合体与发包人签署工程总承包合同，合同金额277,280,000元。",0.95,,,,,,,,,,
EVT-1193,Event,签署腾格里沙漠林草带巩固建设项目施工合同,,,,,,,,,,,,,,,EVT-1193,重大合同,签署腾格里沙漠林草带巩固建设项目施工合同,,"蒙草生态、蓝马园林与阿拉善左旗科学技术和林业草原局签署三北六期-腾格里沙漠林草带巩固建设项目施工合同，合同金额310,861,200元。",0.95,,,,,,,,,,
EVT-1194,Event,披露收到中标通知书公告,,,,,,,,,,,,,,,EVT-1194,重大经营,披露收到中标通知书公告,2026-05-21,公司于2026年5月21日披露《关于收到中标通知书的公告》（公告编号：2026-041）。,0.9,,,,,,,,,,
EVT-1195,Event,金赛药业注射用醋酸曲普瑞林（II）获国家药监局批准注册并发给药品注册证书,,,,,,,,,,,,,,,EVT-1195,产品,金赛药业注射用醋酸曲普瑞林（II）获国家药监局批准注册并发给药品注册证书,,金赛药业收到国家药品监督管理局核准签发的《药品注册证书》，其注射用醋酸曲普瑞林（II）境内生产药品注册上市许可申请获得批准。,0.95,,,,,,,,,,
EVT-1196,Event,金赛药业注射用醋酸曲普瑞林（II）完成国内首个1个月GnRHa缓释剂型CPP前瞻性注册研究,,,,,,,,,,,,,,,EVT-1196,产品,金赛药业注射用醋酸曲普瑞林（II）完成国内首个1个月GnRHa缓释剂型CPP前瞻性注册研究,,金赛药业研发的注射用醋酸曲普瑞林（II）在儿童中枢性性早熟开展多中心、开放、单臂研究，为国内首个已完成的1个月GnRHa缓释剂型在CPP适应症中的前瞻性注册研究。,0.9,,,,,,,,,,
EVT-1197,Event,青龙管业被确认为广西桂西北治旱龙江河谷灌区工程PCCP管材采购（重）中标单位,,,,,,,,,,,,,,,EVT-1197,重大合同,青龙管业被确认为广西桂西北治旱龙江河谷灌区工程PCCP管材采购（重）中标单位,2026-06-21,"公司收到《中标结果公告》，被确认为广西桂西北治旱龙江河谷灌区工程PCCP管材采购（重）的中标单位，中标金额556,537,680.00元，交货期48个月。",0.95,,,,,,,,,,
EVT-1198,Event,中标金额占公司2025年度经审计营业总收入的21.18%,,,,,,,,,,,,,,,EVT-1198,业绩,中标金额占公司2025年度经审计营业总收入的21.18%,2026-06-21,"中标金额为556,537,680.00元，占公司2025年度经审计营业总收入的21.18%，预计对公司2026年至2030年业绩产生一定影响。",0.9,,,,,,,,,,
EVT-1199,Event,甘李药业甘精胰岛素注射液（预填充笔）获得阿联酋药品注册批件,,,,,,,,,,,,,,,EVT-1199,监管,甘李药业甘精胰岛素注射液（预填充笔）获得阿联酋药品注册批件,,甘李药业欧洲全资子公司甘李药业欧洲有限责任公司收到阿拉伯联合酋长国药品管理局核准签发的甘精胰岛素注射液（预填充笔）注册批件。,0.95,,,,,,,,,,
EVT-1200,Event,甘李药业甘精胰岛素项目累计投入研发费用9.44亿元,,,,,,,,,,,,,,,EVT-1200,重大经营,甘李药业甘精胰岛素项目累计投入研发费用9.44亿元,2026-03-31,截至2026年3月31日，甘李药业在甘精胰岛素项目中累计投入研发费用9.44亿元人民币。,0.9,,,,,,,,,,
EVT-1201,Event,全资子公司APH03867片临床试验申请获国家药品监督管理局受理,,,,,,,,,,,,,,,EVT-1201,产品,全资子公司APH03867片临床试验申请获国家药品监督管理局受理,,公司全资子公司广州一品红制药有限公司自主研发的APH03867片药物临床试验申请获得国家药品监督管理局受理并收到《受理通知书》。,0.95,,,,,,,,,,
EVT-1202,Event,APH03867片被确定为化学药品1类创新药,,,,,,,,,,,,,,,EVT-1202,产品,APH03867片被确定为化学药品1类创新药,,公司申报的APH03867片为含有新结构明确、具有药理作用化合物的境内外均未上市创新药，注册分类为化学药品1类。,0.9,,,,,,,,,,
EVT-1203,Event,中复凯成为滕州市西岗镇储能电站项目EPC总承包第一中标候选人,,,,,,,,,,,,,,,EVT-1203,重大合同,中复凯成为滕州市西岗镇储能电站项目EPC总承包第一中标候选人,2026-06-09,"招标人公示评标结果，中复凯为上述项目第一中标候选人，拟中标价19,400万元。",0.9,,,,,,,,,,
EVT-1204,Event,中复凯与中能谷晶签订《工程EPC 总承包合同》,,,,,,,,,,,,,,,EVT-1204,重大合同,中复凯与中能谷晶签订《工程EPC 总承包合同》,,"中复凯收到中标信息并与中能谷晶签订《工程EPC 总承包合同》，暂定总价194,000,000元（含税）。",0.95,,,,,,,,,,
EVT-1205,Event,德才装饰全资子公司参与的联合体成为济南励新实验中学建设项目施工总承包中标候选人,,,,,,,,,,,,,,,EVT-1205,重大合同,德才装饰全资子公司参与的联合体成为济南励新实验中学建设项目施工总承包中标候选人,2026-06-15,全国公共资源交易平台(山东省·济南市)发布《济南励新实验中学建设项目施工总承包拟定中标人公示》，青岛中建联合集团有限公司与济南市市中区房地产开发集团建筑装修有限公司联合体为该招标项目的中标候选人。,0.9,,,,,,,,,,
EVT-1206,Event,克立硼罗软膏获得药品注册证书,,,,,,,,,,,,,,,EVT-1206,产品,克立硼罗软膏获得药品注册证书,,北京福元医药股份有限公司收到国家药监局颁发的克立硼罗软膏《药品注册证书》（证书编号：2026S01924），批准该药品生产。,0.95,,,,,,,,,,
EVT-1207,Event,克立硼罗软膏申报获受理,,,,,,,,,,,,,,,EVT-1207,产品,克立硼罗软膏申报获受理,2024-11-11,公司于2024年11月11日获得克立硼罗软膏申报受理通知书，并于近日获得国家药监局批准。,0.9,,,,,,,,,,
EVT-1208,Event,克立硼罗软膏视同通过一致性评价,,,,,,,,,,,,,,,EVT-1208,产品,克立硼罗软膏视同通过一致性评价,,根据国家相关政策规定，本次获得《药品注册证书》，视同通过一致性评价。,0.9,,,,,,,,,,
EVT-1209,Event,华润赛科利格列汀二甲双胍片(Ⅱ)获药品注册证书,,,,,,,,,,,,,,,EVT-1209,产品,华润赛科利格列汀二甲双胍片(Ⅱ)获药品注册证书,2026-06-10,华润赛科收到国家药监局颁发的利格列汀二甲双胍片(Ⅱ)《药品注册证书》，于2026年6月10日获批上市。,0.95,,,,,,,,,,
EVT-1210,Event,晋新双鹤黄体酮注射液(Ⅱ)获药品注册证书,,,,,,,,,,,,,,,EVT-1210,产品,晋新双鹤黄体酮注射液(Ⅱ)获药品注册证书,2026-06-10,晋新双鹤收到国家药监局颁发的黄体酮注射液(Ⅱ)《药品注册证书》，于2026年6月10日获批上市。,0.95,,,,,,,,,,
EVT-1211,Event,深圳行云与VB客户签署《算力服务协议》,,,,,,,,,,,,,,,EVT-1211,重大合同,深圳行云与VB客户签署《算力服务协议》,,"深圳行云与VB客户签署总金额约人民币101,376万元的《算力服务协议》，构成日常经营重大合同。",0.95,,,,,,,,,,
EVT-1212,Event,行云科技董事会审议通过签署重大合同议案,,,,,,,,,,,,,,,EVT-1212,重大经营,行云科技董事会审议通过签署重大合同议案,,行云科技召开第七届董事会第二十次会议审议通过《关于全资子公司签署重大合同的议案》。,0.9,,,,,,,,,,
EVT-1213,Event,阳光电源发布2026年半年度报告，营收净利润双降,,,,,,,,,,,,,,,EVT-1213,业绩,阳光电源发布2026年半年度报告，营收净利润双降,2026-08-28,阳光电源2026年半年度实现营业收入30，912，265，605.12元，同比下降28.99%，归母净利润5，258，509，295.38元，同比下降32.01%。,0.95,,,,,,,,,,
EVT-1214,Event,中材国际召开2026年半年度业绩说明会,,,,,,,,,,,,,,,EVT-1214,业绩,中材国际召开2026年半年度业绩说明会,2026-08-28,中材国际公告称，公司2026年半年度业绩说明会定于2026年8月28日15：00-17：00在上海证券交易所上证路演中心和全景路演召开。,0.95,,,,,,,,,,
EVT-1215,Event,中国铁建召开第六届董事会第十二次会议并审议通过多项议案,,,,,,,,,,,,,,,EVT-1215,重大经营,中国铁建召开第六届董事会第十二次会议并审议通过多项议案,2026-08-28,中国铁建于2026年8月28日召开第六届董事会第十二次会议，审议通过半年报及摘要、修订违规经营投资责任追究实施办法、对中国铁建财务有限公司风险持续评估报告等多项议案。,0.95,,,,,,,,,,
EVT-1216,Event,中国铁建董事会审议通过2026年半年报及摘要议案,,,,,,,,,,,,,,,EVT-1216,业绩,中国铁建董事会审议通过2026年半年报及摘要议案,2026-08-28,中国铁建第六届董事会第十二次会议审议通过《公司2026年半年报及摘要的议案》。,0.93,,,,,,,,,,
EVT-1217,Event,阳光电源召开第六届董事会第三次会议审议通过多项议案,,,,,,,,,,,,,,,EVT-1217,重大经营,阳光电源召开第六届董事会第三次会议审议通过多项议案,2026-08-28,阳光电源召开第六届董事会第三次会议，审议通过半年度报告、限制性股票激励计划归属及半年度利润分配预案等多项议案。,0.95,,,,,,,,,,
EVT-1218,Event,阳光电源2023年限制性股票激励计划预留授予部分第二个归属期归属条件成就,,,,,,,,,,,,,,,EVT-1218,股权,阳光电源2023年限制性股票激励计划预留授予部分第二个归属期归属条件成就,2026-08-28,阳光电源董事会审议通过2023年限制性股票激励计划预留授予部分第二个归属期归属条件成就及相关事项的议案。,0.9,,,,,,,,,,
EVT-1219,Event,东方电气召开2026年半年度业绩说明会,,,,,,,,,,,,,,,EVT-1219,业绩,东方电气召开2026年半年度业绩说明会,2026-09-03,东方电气发布公告称，公司2026年半年度业绩说明会定于2026年9月3日15：00-16：00召开。,0.9,,,,,,,,,,
EVT-1220,Event,保利发展披露2026年半年度报告,,,,,,,,,,,,,,,EVT-1220,业绩,保利发展披露2026年半年度报告,2026-08-27,保利发展于8月27日披露2026年半年度报告。,0.95,,,,,,,,,,
EVT-1221,Event,保利发展2026年上半年销售签约金额1351.06亿元,,,,,,,,,,,,,,,EVT-1221,业绩,保利发展2026年上半年销售签约金额1351.06亿元,,上半年保利发展实现销售签约金额1351.06亿元，签约面积631.94万平方米，销售权益比84%，回笼资金1110亿元。,0.95,,,,,,,,,,
EVT-1222,Event,保利发展推进首单商业不动产REITs申报与发行,,,,,,,,,,,,,,,EVT-1222,重大经营,保利发展推进首单商业不动产REITs申报与发行,,保利发展以广州保利中心、佛山保利水城时光汇作为底层资产组合，推进首单商业不动产REITs申报与发行。,0.9,,,,,,,,,,
EVT-1223,Event,保利物业2026年上半年实现营业收入88.3亿元,,,,,,,,,,,,,,,EVT-1223,业绩,保利物业2026年上半年实现营业收入88.3亿元,,上半年保利物业实现营业收入88.3亿元，归母净利润9.33亿元，第三方项目物业管理收入32.9亿元。,0.9,,,,,,,,,,
EVT-1224,Event,大众汽车入股小鹏汽车后首款联合开发车型“与众08”在大众安徽工厂下线,,,,,,,,,,,,,,,EVT-1224,投资并购,大众汽车入股小鹏汽车后首款联合开发车型“与众08”在大众安徽工厂下线,2026-03-13,大众汽车入股小鹏汽车、建立战略技术合作伙伴关系后，双方首款联合开发的车型“与众08”在大众安徽工厂量产下线。,0.9,,,,,,,,,,
EVT-1225,Event,奥迪携手上汽集团打造面向中国市场的新品牌“AUDI”,,,,,,,,,,,,,,,EVT-1225,投资并购,奥迪携手上汽集团打造面向中国市场的新品牌“AUDI”,,奥迪与上汽集团合作打造面向中国市场的新品牌“AUDI”，大量采用中国本土平台和智能化技术。,0.9,,,,,,,,,,
EVT-1226,Event,宁德时代上半年净利润超430亿元,,,,,,,,,,,,,,,EVT-1226,业绩,宁德时代上半年净利润超430亿元,,宁德时代上半年净利润超过430亿元，超过国内10家上市整车企业利润总和。,0.9,,,,,,,,,,
EVT-1227,Event,上汽、比亚迪等头部整车企业上半年净利润均在行业平均水平之上,,,,,,,,,,,,,,,EVT-1227,业绩,上汽、比亚迪等头部整车企业上半年净利润均在行业平均水平之上,,上汽、比亚迪、吉利、奇瑞等头部整车企业依靠全链自研、高端子品牌等能力，上半年净利润均在行业平均水平之上。,0.85,,,,,,,,,,
EVT-1228,Event,中证商品期货系列板块指数正式对外发布,,,,,,,,,,,,,,,EVT-1228,产品,中证商品期货系列板块指数正式对外发布,2026-08-26,中证商品期货系列板块指数正式对外发布，自上而下划分为一至四级共20套指数、共计40条。,0.95,,,,,,,,,,
EVT-1229,Event,中证商品期货系列板块指数在多平台及官网同步发布,,,,,,,,,,,,,,,EVT-1229,产品,中证商品期货系列板块指数在多平台及官网同步发布,,即日起该系列指数在万得资讯、新华财经、东方财富等资讯平台及中证商品指数公司官网同时发布。,0.9,,,,,,,,,,
EVT-1230,Event,招商银行为共绩科技提供首贷及全链条金融服务,,,,,,,,,,,,,,,EVT-1230,重大经营,招商银行为共绩科技提供首贷及全链条金融服务,,招商银行成为共绩科技第一家贷款银行，完成首贷破冰并协同办理贴息业务，还依托“招募圈”平台帮助其对接资本市场。,0.9,,,,,,,,,,
EVT-1231,Event,广州市海珠区发布“词元八条”支持Token经济金融服务,,,,,,,,,,,,,,,EVT-1231,政策,广州市海珠区发布“词元八条”支持Token经济金融服务,,广州市海珠区发布“词元八条”等政策支持举措，推动Token经济相关金融服务落地，辖内金融机构推出Token贷等产品。,0.9,,,,,,,,,,
EVT-1232,Event,中国银行推出算力Token贷产品,,,,,,,,,,,,,,,EVT-1232,产品,中国银行推出算力Token贷产品,,中国银行等多家银行推出算力Token贷等金融产品，以算力Token产出消耗等作为核心授信依据，提供最长3年、最高3000万元授信。,0.9,,,,,,,,,,
EVT-1233,Event,万科A发布2026年半年度报告，上半年营收701.69亿元、净利润亏损149.51亿元,,,,,,,,,,,,,,,EVT-1233,业绩,万科A发布2026年半年度报告，上半年营收701.69亿元、净利润亏损149.51亿元,2026-08-27,万科A披露半年报，报告期内实现营业收入701.69亿元，归属于上市公司股东的净利润-149.51亿元。,0.95,,,,,,,,,,
EVT-1234,Event,万科上半年开发业务交付2.3万套房屋、销售金额358亿元,,,,,,,,,,,,,,,EVT-1234,重大经营,万科上半年开发业务交付2.3万套房屋、销售金额358亿元,,万科上半年开发业务按期保质交付2.3万套房屋，销售金额358亿元，新增和优化产能达155.8亿元。,0.9,,,,,,,,,,
EVT-1235,Event,万科10只公开债券完成风险缓释,,,,,,,,,,,,,,,EVT-1235,重大经营,万科10只公开债券完成风险缓释,,万科10只公开债券通过部分兑付、配套展期的方式完成风险缓释，费用支出已连续8个季度下降。,0.88,,,,,,,,,,
EVT-1236,Event,万物云上半年收入191.9亿元并新签约住宅项目207个,,,,,,,,,,,,,,,EVT-1236,业绩,万物云上半年收入191.9亿元并新签约住宅项目207个,,万物云上半年收入191.9亿元，住宅服务底盘稳步扩张，新签约住宅项目207个。,0.88,,,,,,,,,,
EVT-1237,Event,川环科技发布2026年中报,,,,,,,,,,,,,,,EVT-1237,业绩,川环科技发布2026年中报,2026-08-26,川环科技发布2026年中报，上半年营业收入6.26亿元，归母净利润7510.89万元，同比均略有减少。,0.95,,,,,,,,,,
EVT-1238,Event,川环科技液冷业务多个客户项目实现小批量落地,,,,,,,,,,,,,,,EVT-1238,重大经营,川环科技液冷业务多个客户项目实现小批量落地,,川环科技液冷业务多个客户项目实现小批量落地，整体业务体量仍处于培育增长阶段。,0.9,,,,,,,,,,
EVT-1239,Event,川环科技液冷产品上半年实现销售3022.25万元,,,,,,,,,,,,,,,EVT-1239,产品,川环科技液冷产品上半年实现销售3022.25万元,,上半年公司液冷产品实现销售3022.25万元（含税），同比增长96.97%。,0.95,,,,,,,,,,
EVT-1240,Event,川环科技成立安徽、深圳两家全资子公司,,,,,,,,,,,,,,,EVT-1240,投资并购,川环科技成立安徽、深圳两家全资子公司,,2026年1月、4月先后成立川环科技(安徽)有限公司、川环科技（深圳）有限公司两家全资子公司。,0.9,,,,,,,,,,
EVT-1241,Event,艾尼氪品牌亮相成都车展并开启艾尼氪V全球预售,,,,,,,,,,,,,,,EVT-1241,产品,艾尼氪品牌亮相成都车展并开启艾尼氪V全球预售,,北京现代高端新能源品牌艾尼氪亮相成都车展，旗下首款中国量产车型艾尼氪V开启全球预售。,0.95,,,,,,,,,,
EVT-1242,Event,艾尼氪计划到2030年形成2个平台投放12款新能源产品,,,,,,,,,,,,,,,EVT-1242,重大经营,艾尼氪计划到2030年形成2个平台投放12款新能源产品,,艾尼氪规划到2030年形成2个平台、投放12款新能源产品，并建设20万辆以上规模的出口体系。,0.9,,,,,,,,,,
EVT-1243,Event,艾尼氪V公布11.99万元至13.99万元预售价,,,,,,,,,,,,,,,EVT-1243,产品,艾尼氪V公布11.99万元至13.99万元预售价,,艾尼氪V预售价11.99万元至13.99万元，提供价值26000元限时权益，预计近期上市交付。,0.9,,,,,,,,,,
EVT-1244,Event,ST朗进披露2026年半年度报告，营收3.21亿元、净利润亏损4451.89万元,,,,,,,,,,,,,,,EVT-1244,业绩,ST朗进披露2026年半年度报告，营收3.21亿元、净利润亏损4451.89万元,2026-08-26,ST朗进披露2026年半年度报告，上半年实现营业收入3.21亿元，归属于上市公司股东净利润-4451.89万元。,0.95,,,,,,,,,,
EVT-1245,Event,ST朗进拿下五大城市维保服务订单,,,,,,,,,,,,,,,EVT-1245,重大合同,ST朗进拿下五大城市维保服务订单,,报告期内公司拿下福州、苏州、西安、南宁、北京五大城市维保服务订单，实现后市场业务战略性突破。,0.9,,,,,,,,,,
EVT-1246,Event,ST朗进储能温控产品实现快速发展,,,,,,,,,,,,,,,EVT-1246,产品,ST朗进储能温控产品实现快速发展,,公司ALL IN ONE一体式液冷机组投入客户测试，能耗下降30%-50%，液冷产品累计出货突破80GWh。,0.9,,,,,,,,,,
EVT-1247,Event,ST朗进切入低空飞行器环控赛道并取得AS9100D认证,,,,,,,,,,,,,,,EVT-1247,产品,ST朗进切入低空飞行器环控赛道并取得AS9100D认证,,公司完成多款eVTOL、电动飞机环控与电池热管理样机开发，取得航空AS9100D质量体系认证。,0.9,,,,,,,,,,
EVT-1248,Event,极狐阿尔法T7开启预售,,,,,,,,,,,,,,,EVT-1248,产品,极狐阿尔法T7开启预售,2026-08-26,极狐阿尔法T7于8月26日开启预售，共推出9款车型，预售价格13.78万元至17.48万元。,0.95,,,,,,,,,,
EVT-1249,Event,长城汽车披露2026年半年度报告,,,,,,,,,,,,,,,EVT-1249,业绩,长城汽车披露2026年半年度报告,,长城汽车披露2026年半年度报告，上半年营业收入1021.01亿元同比增长10.58%，归母净利润24.65亿元同比下降61.11%。,0.95,,,,,,,,,,
EVT-1250,Event,长城汽车二季度经营环比修复,,,,,,,,,,,,,,,EVT-1250,业绩,长城汽车二季度经营环比修复,,公司二季度归母净利润15.19亿元，环比增长60.67%，扣非归母净利润环比增长134.02%，单季度经营质量边际改善。,0.9,,,,,,,,,,
EVT-1251,Event,长城汽车上半年海外销量首次超过国内,,,,,,,,,,,,,,,EVT-1251,重大经营,长城汽车上半年海外销量首次超过国内,,上半年累计销售新车57.58万辆，其中海外销量28.90万辆，同比大增45.46%，海外销量规模首次小幅超过国内。,0.92,,,,,,,,,,
EVT-1252,Event,长城汽车下半年多款新品集中上市,,,,,,,,,,,,,,,EVT-1252,产品,长城汽车下半年多款新品集中上市,,下半年长城H10、全新坦克300、魏牌V8X等多款新品集中上市，部分新车获得较高订单。,0.9,,,,,,,,,,
EVT-1253,Event,海天味业发布2026年半年报,,,,,,,,,,,,,,,EVT-1253,业绩,海天味业发布2026年半年报,2026-08-26,海天味业披露2026年半年报，上半年营业收入161.46亿元，归母净利润41.90亿元。,0.95,,,,,,,,,,
EVT-1254,Event,海天营养健康系列产品营收同比增长27.09%,,,,,,,,,,,,,,,EVT-1254,产品,海天营养健康系列产品营收同比增长27.09%,,报告期内海天薄盐及有机系列等营养健康系列产品表现突出，营收同比增长27.09%。,0.9,,,,,,,,,,
EVT-1255,Event,海天味业连续多年高比例投入研发,,,,,,,,,,,,,,,EVT-1255,重大经营,海天味业连续多年高比例投入研发,,海天味业连续11年将约3%营收投入研发，近10年累计投入近70亿元。,0.9,,,,,,,,,,
EVT-1256,Event,海天味业推出A+H两地同步回购方案,,,,,,,,,,,,,,,EVT-1256,股权,海天味业推出A+H两地同步回购方案,2026-06-22,海天味业推出首次A+H两地同步布局方案，拟斥资不低于10亿元回购A股并申请不超过5亿港元H股回购授权。,0.9,,,,,,,,,,
EVT-1257,Event,格力电器发布2026年半年报,,,,,,,,,,,,,,,EVT-1257,业绩,格力电器发布2026年半年报,2026-08-26,格力电器发布2026年半年报，上半年实现营业总收入896.73亿元，归母净利润132.78亿元。,0.95,,,,,,,,,,
EVT-1258,Event,格力电器智能装备板块上半年营收增长19.02%,,,,,,,,,,,,,,,EVT-1258,业绩,格力电器智能装备板块上半年营收增长19.02%,,2026年上半年，格力电器智能装备板块实现19.02%的增长，营收连续双位数增长。,0.9,,,,,,,,,,
EVT-1259,Event,格力电器上市以来累计现金分红超1588亿元,,,,,,,,,,,,,,,EVT-1259,股权,格力电器上市以来累计现金分红超1588亿元,,格力电器自上市以来累计现金分红已超过1588亿元，其中自2012年以来累计现金分红超过1534亿元。,0.9,,,,,,,,,,
EVT-1260,Event,格力电器推出新一轮50亿至100亿元股份回购方案,,,,,,,,,,,,,,,EVT-1260,股权,格力电器推出新一轮50亿至100亿元股份回购方案,,2026年格力电器推出新一轮股份回购方案，斥资50亿元至100亿元以自有资金通过集中竞价方式回购社会公众股。,0.9,,,,,,,,,,
EVT-1261,Event,中信证券上半年净利润233.43亿元同比增长69.6%,,,,,,,,,,,,,,,EVT-1261,业绩,中信证券上半年净利润233.43亿元同比增长69.6%,,中信证券上半年实现营业收入496.92亿元、净利润233.43亿元，同比分别增长50%和69.6%，均居行业首位。,0.95,,,,,,,,,,
EVT-1262,Event,国泰海通上半年净利润202.6亿元同比增长28.74%,,,,,,,,,,,,,,,EVT-1262,业绩,国泰海通上半年净利润202.6亿元同比增长28.74%,,国泰海通上半年实现营业收入471.63亿元，同比增长97.56%；净利润202.6亿元，同比增长28.74%。,0.95,,,,,,,,,,
EVT-1263,Event,招商证券上半年净利润同比增长104.87%,,,,,,,,,,,,,,,EVT-1263,业绩,招商证券上半年净利润同比增长104.87%,,招商证券上半年实现净利润106.24亿元，同比增长104.87%。,0.95,,,,,,,,,,
EVT-1264,Event,中泰证券、财达证券、华安证券上半年净利润同比增速均超100%,,,,,,,,,,,,,,,EVT-1264,业绩,中泰证券、财达证券、华安证券上半年净利润同比增速均超100%,,中小券商业绩弹性更大，中泰证券、财达证券、华安证券上半年净利润同比增速均超100%。,0.93,,,,,,,,,,
EVT-1265,Event,伊利股份发布2026年半年报,,,,,,,,,,,,,,,EVT-1265,业绩,伊利股份发布2026年半年报,2026-08-26,伊利股份发布2026年半年报，实现营业总收入644.9亿元，同比增长4.13%，核心经营利润83.8亿元，同比增长10%。,0.95,,,,,,,,,,
EVT-1266,Event,伊利对相关资产计提资产减值准备,,,,,,,,,,,,,,,EVT-1266,重大经营,伊利对相关资产计提资产减值准备,,伊利对相关资产计提资产减值准备，其中商誉减值属于非经常性损益范畴，不涉及现金流出。,0.85,,,,,,,,,,
EVT-1267,Event,伊利股份拟实施10亿元-20亿元回购并全部注销,,,,,,,,,,,,,,,EVT-1267,股权,伊利股份拟实施10亿元-20亿元回购并全部注销,,伊利股份拟使用不低于10亿元且不超过20亿元资金回购股份，相关股份将全部注销并减少注册资本。,0.9,,,,,,,,,,
EVT-1268,Event,陈发树二季度增持伊利股份200万股,,,,,,,,,,,,,,,EVT-1268,股权,陈发树二季度增持伊利股份200万股,,二季度，陈发树增持伊利股份200万股。,0.9,,,,,,,,,,
EVT-1269,Event,伊利股份拟以10亿元-20亿元回购注销公司股份,,,,,,,,,,,,,,,EVT-1269,股权,伊利股份拟以10亿元-20亿元回购注销公司股份,2026-08-27,伊利股份在2026年半年度业绩说明会上表示，为维护投资者利益，拟以10亿元-20亿元回购注销公司股份。,0.92,,,,,,,,,,
EVT-1270,Event,伊利股份2025年度现金分红加回购合计回报股东89.78亿元,,,,,,,,,,,,,,,EVT-1270,业绩,伊利股份2025年度现金分红加回购合计回报股东89.78亿元,,2025年度公司通过现金分红与回购合计回报股东89.78亿元，占全年归母净利润的77.63%。,0.9,,,,,,,,,,
EVT-1271,Event,伊利公布2025-2027年度股东回报规划,,,,,,,,,,,,,,,EVT-1271,政策,伊利公布2025-2027年度股东回报规划,,伊利此前公布股东回报规划，2025-2027年度年度分红率不低于75%，每股分红金额不低于1.22元。,0.88,,,,,,,,,,
EVT-1272,Event,万科发布2026年半年度报告，上半年营收701.69亿元,,,,,,,,,,,,,,,EVT-1272,业绩,万科发布2026年半年度报告，上半年营收701.69亿元,2026-08-27,万科于8月27日晚间发布2026年半年度报告，上半年实现营业收入701.69亿元。,0.95,,,,,,,,,,
EVT-1273,Event,万科上半年交付2.3万套房屋并完成销售金额358.0亿元,,,,,,,,,,,,,,,EVT-1273,重大经营,万科上半年交付2.3万套房屋并完成销售金额358.0亿元,,上半年万科开发业务按期保质交付2.3万套房屋，销售金额358.0亿元，新增和优化产能达155.8亿元。,0.9,,,,,,,,,,
EVT-1274,Event,万物云上半年实现收入191.9亿元并新签约住宅项目207个,,,,,,,,,,,,,,,EVT-1274,业绩,万物云上半年实现收入191.9亿元并新签约住宅项目207个,,万物云上半年实现收入191.9亿元，住宅服务底盘稳步扩张，新签约住宅项目207个。,0.9,,,,,,,,,,
EVT-1275,Event,万科在半年报中提出下半年五方面工作,,,,,,,,,,,,,,,EVT-1275,重大经营,万科在半年报中提出下半年五方面工作,,万科在半年报中表示，下半年将从优化资产结构与质量、深化“三好”产品体系等五方面推进相关工作。,0.9,,,,,,,,,,
EVT-1276,Event,潍柴动力2026年上半年归母净利润创同期历史新高,,,,,,,,,,,,,,,EVT-1276,业绩,潍柴动力2026年上半年归母净利润创同期历史新高,2026-08-27,潍柴动力发布半年报，上半年营业收入1231.6亿元、归母净利润77亿元，归母净利润创同期历史新高。,0.95,,,,,,,,,,
EVT-1277,Event,陕重汽上半年重卡销量7.6万辆、净利润10亿元,,,,,,,,,,,,,,,EVT-1277,业绩,陕重汽上半年重卡销量7.6万辆、净利润10亿元,,上半年陕重汽累计销售重卡7.6万辆，净利润10亿元，同比大增178%。,0.9,,,,,,,,,,
EVT-1278,Event,德国凯傲集团上半年营业收入56.9亿欧元,,,,,,,,,,,,,,,EVT-1278,业绩,德国凯傲集团上半年营业收入56.9亿欧元,,上半年德国凯傲集团实现营业收入56.9亿欧元，同比增长3.5%，重回盈利增长轨道。,0.9,,,,,,,,,,
EVT-1279,Event,潍柴动力数据中心发电产品上半年销量超2025年全年,,,,,,,,,,,,,,,EVT-1279,业绩,潍柴动力数据中心发电产品上半年销量超2025年全年,,上半年潍柴动力数据中心发电产品销量1400余台，超过2025年全年销量水平，并进入全球数据中心与头部云厂商核心供应链。,0.9,,,,,,,,,,
EVT-1280,Event,万科A发布2026年半年度报告，营收下降33.38%且净利润亏损,,,,,,,,,,,,,,,EVT-1280,业绩,万科A发布2026年半年度报告，营收下降33.38%且净利润亏损,2026-08-27,万科A发布2026年半年度报告摘要，半年度营业收入70，169，108，549.07元同比下降33.38%，归属于上市公司股东的净利润为-14，951，268，522.50元。,0.95,,,,,,,,,,
EVT-1281,Event,潍柴动力第七届董事会第八次会议审议通过多项议案,,,,,,,,,,,,,,,EVT-1281,重大经营,潍柴动力第七届董事会第八次会议审议通过多项议案,2026-08-27,潍柴动力公告称，公司第七届董事会第八次会议审议通过2026年半年度报告、2026年中期利润分配及山东重工集团财务有限公司风险评估报告等多项议案。,0.9,,,,,,,,,,
EVT-1282,Event,中国支付清算协会印发《智能体支付应用自律公约》,,,,,,,,,,,,,,,EVT-1282,政策,中国支付清算协会印发《智能体支付应用自律公约》,2026-08-24,中国支付清算协会印发《智能体支付应用自律公约》，自发布之日起实施。,0.9,,,,,,,,,,
EVT-1283,Event,中国银联与15家商业银行推出AI智能体银行卡产品,,,,,,,,,,,,,,,EVT-1283,产品,中国银联与15家商业银行推出AI智能体银行卡产品,,中国银联宣布与15家商业银行相继推出AI智能体银行卡产品，平安银行、浦发银行、交通银行等已率先实现发卡。,0.9,,,,,,,,,,
EVT-1284,Event,微信支付发布面向AI的支付接入Skill,,,,,,,,,,,,,,,EVT-1284,产品,微信支付发布面向AI的支付接入Skill,,微信支付正式发布一整套面向AI的支付接入Skill，只需“唤起AI—加载Skill—说出需求”即可速通微信支付接入。,0.9,,,,,,,,,,
EVT-1285,Event,支付宝宣布AI支付完成3亿笔AI智能体支付,,,,,,,,,,,,,,,EVT-1285,产品,支付宝宣布AI支付完成3亿笔AI智能体支付,,支付宝宣布“AI支付”已完成3亿笔AI智能体支付、支持95%通用智能体框架。,0.9,,,,,,,,,,
EVT-1286,Event,A股年内超700家上市公司实施回购,,,,,,,,,,,,,,,EVT-1286,股权,A股年内超700家上市公司实施回购,,截至7月2日，A股市场年内已有超过700家上市公司实施回购，合计回购金额接近700亿元。,0.9,,,,,,,,,,
EVT-1287,Event,上海机场、中国石油等公司重要股东增持超10亿元,,,,,,,,,,,,,,,EVT-1287,股权,上海机场、中国石油等公司重要股东增持超10亿元,2026-07-02,截至7月2日，上海机场、中国石油、南京银行、海螺水泥等个股的重要股东增持金额均超过10亿元。,0.9,,,,,,,,,,
EVT-1288,Event,圆通速递中报预告表现优异,,,,,,,,,,,,,,,EVT-1288,业绩,圆通速递中报预告表现优异,,圆通速递近期发布的中报预告表现优异。,0.9,,,,,,,,,,
EVT-1289,Event,7月2日A股大幅调整，三大指数集体重挫,,,,,,,,,,,,,,,EVT-1289,重大经营,7月2日A股大幅调整，三大指数集体重挫,2026-07-02,7月2日A股市场大幅调整，上证指数、深证成指、创业板指、科创50指数全线下跌。,0.9,,,,,,,,,,
EVT-1290,Event,Meta计划构建云计算业务并跨界出售AI富余算力,,,,,,,,,,,,,,,EVT-1290,重大经营,Meta计划构建云计算业务并跨界出售AI富余算力,,Meta正计划构建云计算业务，拟跨界出售AI富余算力，被市场解读为AI硬件需求逻辑的潜在转折。,0.9,,,,,,,,,,
EVT-1291,Event,上海召开“政府—协会—车企—平台”四方座谈会,,,,,,,,,,,,,,,EVT-1291,监管,上海召开“政府—协会—车企—平台”四方座谈会,2026-07-02,上海市委网信办会同市经信委、市商务委、市公安局网安总队等部门联合召开四方座谈会，平台企业与车企代表就汽车领域信息治理提出意见建议。,0.95,,,,,,,,,,
EVT-1292,Event,上海市委网信办将建立健全常态化跨部门监管机制,,,,,,,,,,,,,,,EVT-1292,政策,上海市委网信办将建立健全常态化跨部门监管机制,,上海市委网信办将依托“网络综合治理协同联动机制”，会同相关部门建立健全常态化跨部门监管机制，并对典型案例公开曝光。,0.9,,,,,,,,,,
EVT-1293,Event,财通基金与诺德基金上半年大额参与定增并实现浮盈,,,,,,,,,,,,,,,EVT-1293,投资并购,财通基金与诺德基金上半年大额参与定增并实现浮盈,,财通基金参与66只定增个股获配114.68亿元、浮盈约27%，诺德基金参与65只个股获配105.23亿元、浮盈约29%。,0.9,,,,,,,,,,
EVT-1294,Event,易方达基金今年以来定增获配74亿元浮盈超18%,,,,,,,,,,,,,,,EVT-1294,投资并购,易方达基金今年以来定增获配74亿元浮盈超18%,2026-06-25,易方达基金今年以来定增获配金额达74亿元，浮盈超过18%。,0.9,,,,,,,,,,
EVT-1295,Event,信达澳亚基金参与单只标的定增浮盈达712%,,,,,,,,,,,,,,,EVT-1295,投资并购,信达澳亚基金参与单只标的定增浮盈达712%,,信达澳亚基金通过参与单只标的定增实现712%浮盈，为上半年定增收益率最高案例。,0.9,,,,,,,,,,
EVT-1296,Event,贵金属板块逆市上涨，招金黄金、赤峰黄金等多股涨停,,,,,,,,,,,,,,,EVT-1296,重大经营,贵金属板块逆市上涨，招金黄金、赤峰黄金等多股涨停,2026-07-02,7月2日早盘贵金属板块逆市上涨，招金黄金、赤峰黄金等多股涨停。,0.9,,,,,,,,,,
EVT-1297,Event,半导体等板块继续回调，北方华创跌停,,,,,,,,,,,,,,,EVT-1297,重大经营,半导体等板块继续回调，北方华创跌停,2026-07-02,7月2日早盘半导体、储存芯片等板块继续回调，北方华创跌停，兆易创新跌超9%。,0.9,,,,,,,,,,
EVT-1298,Event,上半年35只券商金股指数中29只实现正收益,,,,,,,,,,,,,,,EVT-1298,业绩,上半年35只券商金股指数中29只实现正收益,2026-06-30,截至6月30日收盘，Wind收录的35只券商金股指数中有29只上半年实现正收益，6只为负，首尾相差接近70个百分点。,0.9,,,,,,,,,,
EVT-1299,Event,平安证券金股指数上半年累计上涨46.51%排名第一,,,,,,,,,,,,,,,EVT-1299,业绩,平安证券金股指数上半年累计上涨46.51%排名第一,,平安证券金股指数上半年累计涨幅46.51%，在35只券商金股指数中排名第一，银河证券金股指数以32.27%位列第二。,0.9,,,,,,,,,,
EVT-1300,Event,至少19家券商公布7月金股组合,,,,,,,,,,,,,,,EVT-1300,重大经营,至少19家券商公布7月金股组合,2026-07-01,截至7月1日记者发稿时，已有光大证券、兴业证券、国联民生、国金证券、开源证券、国投证券等至少19家券商公布了7月金股组合，超130只A股及港股标的入围。,0.9,,,,,,,,,,
EVT-1301,Event,港股主要指数2日收盘表现分化,,,,,,,,,,,,,,,EVT-1301,重大经营,港股主要指数2日收盘表现分化,2026-07-02,香港恒生指数2日涨0.76%收报23055.03点，国企指数涨0.72%，恒生科技指数跌0.4%。,0.7,,,,,,,,,,
EVT-1302,Event,Meta计划构建云计算业务,,,,,,,,,,,,,,,EVT-1302,重大经营,Meta计划构建云计算业务,,Meta正计划构建云计算业务，以从AI基础设施投入中寻找商业回报并降低对传统广告业务的依赖。,0.9,,,,,,,,,,
EVT-1303,Event,四项中医药领域国家标准正式实施,,,,,,,,,,,,,,,EVT-1303,政策,四项中医药领域国家标准正式实施,2026-07-01,由国家中医药局提出并归口管理、市场监管总局（国家标准委）批准发布的四项中医药领域国家标准自7月1日起正式实施。,0.9,,,,,,,,,,
EVT-1304,Event,国家医保局就《中药饮片追溯码编码要求》公开征求意见,,,,,,,,,,,,,,,EVT-1304,监管,国家医保局就《中药饮片追溯码编码要求》公开征求意见,,国家医保局就《中药饮片追溯码编码要求》公开征求意见。,0.9,,,,,,,,,,
EVT-1305,Event,党中央决定表彰全国优秀共产党员、全国优秀党务工作者和全国先进基层党组织,,,,,,,,,,,,,,,EVT-1305,政策,党中央决定表彰全国优秀共产党员、全国优秀党务工作者和全国先进基层党组织,2026-07-01,在庆祝中国共产党成立105周年之际，党中央决定授予吴建平等141名同志、追授顾诵芬等8名同志“全国优秀共产党员”称号，授予孟二梅等150名同志“全国优秀党务工作者”称号，授予北京市生态环境局大气环境处党支部等399个基层党组织“全国先进基层党组织”称号。,0.95,,,,,,,,,,
EVT-1306,Event,中证科技优势成长50策略指数完成成分股调入调出,,,,,,,,,,,,,,,EVT-1306,重大经营,中证科技优势成长50策略指数完成成分股调入调出,,中证科技优势成长50策略指数本次调整共涉及16只个股的调入与调出，占比32%，调入和调出个股合计权重均为27%。,0.9,,,,,,,,,,
EVT-1307,Event,科技成长ETF兴业成为市场唯一跟踪中证科技优势成长50策略指数的ETF,,,,,,,,,,,,,,,EVT-1307,产品,科技成长ETF兴业成为市场唯一跟踪中证科技优势成长50策略指数的ETF,,科技成长ETF兴业（563560）是目前市场上唯一一只跟踪中证科技优势成长50策略指数的ETF，完全复制指数持仓。,0.9,,,,,,,,,,
EVT-1308,Event,金融科技ETF广发（159086）开始发售,,,,,,,,,,,,,,,EVT-1308,产品,金融科技ETF广发（159086）开始发售,2026-07-01,广发基金公告自7月1日起发售广发中证金融科技主题ETF（金融科技ETF广发，159086）。,0.9,,,,,,,,,,
EVT-1309,Event,中证金融科技指数历史累计收益率128.69%,,,,,,,,,,,,,,,EVT-1309,业绩,中证金融科技指数历史累计收益率128.69%,2026-06-30,中证金融科技指数自基日至2026年6月30日历史累计收益率128.69%、年化收益率7.35%。,0.9,,,,,,,,,,
EVT-1310,Event,中证金融科技指数2025年净利润增速跃升至39.41%,,,,,,,,,,,,,,,EVT-1310,业绩,中证金融科技指数2025年净利润增速跃升至39.41%,,中证金融科技指数2025年迎来修复，净利润增速跃升至39.41%。,0.9,,,,,,,,,,
EVT-1311,Event,5月末全市场银行理财存续规模达35.1万亿元创历史新高,,,,,,,,,,,,,,,EVT-1311,业绩,5月末全市场银行理财存续规模达35.1万亿元创历史新高,,截至2026年5月末，全市场银行理财存续规模达35.1万亿元，单月环比新增0.6万亿元，创下历史新高。,0.95,,,,,,,,,,
EVT-1312,Event,4月末理财规模合计34.5万亿元环比增加2.6万亿元,,,,,,,,,,,,,,,EVT-1312,业绩,4月末理财规模合计34.5万亿元环比增加2.6万亿元,,截至2026年4月末，银行理财规模合计34.5万亿元，较上月末增加2.6万亿元。,0.95,,,,,,,,,,
EVT-1313,Event,中国银联联合平安银行、腾讯云首发AI智算卡,,,,,,,,,,,,,,,EVT-1313,产品,中国银联联合平安银行、腾讯云首发AI智算卡,2026-06-30,"中国银联联合平安银行与腾讯云正式推出面向AI算力个人消费用户的借记卡产品""AI智算卡""。",0.95,,,,,,,,,,
EVT-1314,Event,平安银行将于7月推出AI主题信用卡,,,,,,,,,,,,,,,EVT-1314,产品,平安银行将于7月推出AI主题信用卡,,平安银行将在7月推出AI主题信用卡，与AI智算卡一起满足不同客群差异化需求。,0.9,,,,,,,,,,
EVT-1315,Event,AI智算卡7月开放申请,,,,,,,,,,,,,,,EVT-1315,产品,AI智算卡7月开放申请,,AI智算卡将于7月陆续在平安银行口袋银行APP、线下网点开放申请。,0.9,,,,,,,,,,
EVT-1316,Event,23家公募机构年内参与69只A股定增获配336.23亿元,,,,,,,,,,,,,,,EVT-1316,投资并购,23家公募机构年内参与69只A股定增获配336.23亿元,2026-06-25,截至2026年6月25日，今年以来23家公募机构参与69只A股定增，合计获配金额336.23亿元，同比增长207.99%。,0.9,,,,,,,,,,
EVT-1317,Event,公募机构参与9只汽车行业个股定增获配45.78亿元,,,,,,,,,,,,,,,EVT-1317,投资并购,公募机构参与9只汽车行业个股定增获配45.78亿元,,公募机构参与到北汽蓝谷、豪恩汽电等9只汽车行业个股定增，合计获配金额45.78亿元，其中北汽蓝谷获配27.52亿元。,0.9,,,,,,,,,,
EVT-1318,Event,中国神华定增吸引4家公募机构获配63.80亿元,,,,,,,,,,,,,,,EVT-1318,投资并购,中国神华定增吸引4家公募机构获配63.80亿元,,中国神华吸引财通基金、国泰基金、诺德基金和易方达基金4家公募机构参与定增，合计获配金额63.80亿元，为煤炭行业中唯一获公募参与定增的个股。,0.9,,,,,,,,,,
EVT-1319,Event,恒尚节能发布重大资产重组预案拟收购金胜电子100%股权,,,,,,,,,,,,,,,EVT-1319,投资并购,恒尚节能发布重大资产重组预案拟收购金胜电子100%股权,2026-06-30,恒尚节能拟以发行股份搭配现金支付方式收购沈嘉琦、青岛鼎量等持有的金胜电子100%股权，并募集配套资金，股票7月1日复牌。,0.95,,,,,,,,,,
EVT-1320,Event,恒尚节能今年以来中标多项重大工程项目,,,,,,,,,,,,,,,EVT-1320,重大合同,恒尚节能今年以来中标多项重大工程项目,,恒尚节能中标西安太古里商业综合体项目外立面专业分包工程、上海南外滩金融中心幕墙专业分包工程、无锡映月湖生态数字文体产业中心幕墙及亮化工程等。,0.9,,,,,,,,,,
EVT-1321,Event,恒尚节能联合无锡照明中标映月湖幕墙及亮化工程,,,,,,,,,,,,,,,EVT-1321,重大合同,恒尚节能联合无锡照明中标映月湖幕墙及亮化工程,,恒尚节能与无锡照明股份有限公司组成联合体参与锡山映月湖生态数字文体产业中心幕墙及亮化工程投标并中标，中标金额1.8亿元。,0.9,,,,,,,,,,
EVT-1322,Event,通威股份与炎和科技达成太空光伏战略合作,,,,,,,,,,,,,,,EVT-1322,重大合同,通威股份与炎和科技达成太空光伏战略合作,,通威股份与航天钙钛矿企业炎和科技达成战略合作，联合研发适配太空极端环境的叠层电池与柔性太阳翼，并推进航天级资质认证。,0.9,,,,,,,,,,
EVT-1323,Event,钧达股份参股航天光电企业切入太空光伏赛道,,,,,,,,,,,,,,,EVT-1323,投资并购,钧达股份参股航天光电企业切入太空光伏赛道,,钧达股份通过参股航天光电企业切入太空光伏赛道，重点研发卫星用柔性钙钛矿叠层电池，产品已进入实验室验证阶段。,0.85,,,,,,,,,,
EVT-1324,Event,华民股份向多家光伏企业供应太空光伏专用硅片,,,,,,,,,,,,,,,EVT-1324,重大经营,华民股份向多家光伏企业供应太空光伏专用硅片,2026-06-25,华民股份披露投资者关系活动记录表，显示公司已通过送样、订单等形式向迈为股份、东方日升、通威太阳能、天合光能等企业及部分海外客户供应太空光伏专用硅片。,0.9,,,,,,,,,,
EVT-1325,Event,两大太空能源联盟集中揭牌成立,,,,,,,,,,,,,,,EVT-1325,重大经营,两大太空能源联盟集中揭牌成立,,协鑫集团、天合光能牵头设立太空能源发展联盟，晶澳科技牵头联合赛伍技术、捷佳伟创等企业成立太空能源技术生态联盟。,0.85,,,,,,,,,,
EVT-1326,Event,央行开展695亿元7天期及6000亿元隔夜逆回购操作,,,,,,,,,,,,,,,EVT-1326,政策,央行开展695亿元7天期及6000亿元隔夜逆回购操作,2026-06-30,央行以固定利率、数量招标方式开展695亿元7天期逆回购操作并全额满足一级交易商需求，同时开展6000亿元隔夜逆回购操作。,0.95,,,,,,,,,,
EVT-1327,Event,央行6月29日同日开展7天期与隔夜逆回购组合操作,,,,,,,,,,,,,,,EVT-1327,政策,央行6月29日同日开展7天期与隔夜逆回购组合操作,2026-06-29,6月29日央行同日展开7天期逆回购、隔夜逆回购操作，之后再次落地组合型逆回购操作品种。,0.9,,,,,,,,,,
EVT-1328,Event,证监会主席吴清在2026陆家嘴论坛表示科技企业占千亿元市值公司比例达45%,,,,,,,,,,,,,,,EVT-1328,监管,证监会主席吴清在2026陆家嘴论坛表示科技企业占千亿元市值公司比例达45%,,证监会主席吴清在2026陆家嘴论坛上表示，A股科技板块市值占比超过三成，市值超千亿元上市公司中科技企业占比已达45%。,0.9,,,,,,,,,,
EVT-1329,Event,北京君正、澜起科技市值较去年同期大幅提升,,,,,,,,,,,,,,,EVT-1329,重大经营,北京君正、澜起科技市值较去年同期大幅提升,,半导体领域北京君正去年同期市值为330亿元、当前最新市值为1171亿元，澜起科技去年同期市值为918亿元、当前最新市值为3671亿元。,0.85,,,,,,,,,,
EVT-1330,Event,中国人民银行开展1575亿元7天期逆回购和3000亿元隔夜逆回购操作,,,,,,,,,,,,,,,EVT-1330,政策,中国人民银行开展1575亿元7天期逆回购和3000亿元隔夜逆回购操作,2026-06-29,中国人民银行以固定利率、数量招标方式开展1575亿元7天期逆回购操作，利率1.40%，同时开展3000亿元隔夜逆回购操作。,0.95,,,,,,,,,,
EVT-1331,Event,中国人民银行公告增加隔夜逆回购操作品种,,,,,,,,,,,,,,,EVT-1331,政策,中国人民银行公告增加隔夜逆回购操作品种,2026-06-25,中国人民银行公告将在6月29日、6月30日公开市场操作中增加隔夜逆回购操作品种。,0.95,,,,,,,,,,
EVT-1332,Event,中国银行信用卡APP“缤纷生活”全面停止服务,,,,,,,,,,,,,,,EVT-1332,重大经营,中国银行信用卡APP“缤纷生活”全面停止服务,2026-06-30,中国银行信用卡APP“缤纷生活”将全面停止服务，相关功能迁移至“中国银行”APP。,0.95,,,,,,,,,,
EVT-1333,Event,央行公布一季度信用卡和借贷合一卡数量,,,,,,,,,,,,,,,EVT-1333,监管,央行公布一季度信用卡和借贷合一卡数量,,央行披露截至一季度末信用卡和借贷合一卡为6.87亿张，较2022年三季度末顶峰下降1.2亿张。,0.85,,,,,,,,,,
EVT-1334,Event,多家商业银行关闭异地信用卡分中心,,,,,,,,,,,,,,,EVT-1334,重大经营,多家商业银行关闭异地信用卡分中心,,2025年以来交通银行、广发银行、民生银行等陆续关闭异地信用卡分中心，将信用卡业务转为属地经营。,0.9,,,,,,,,,,
EVT-1335,Event,建设银行2025年末信用卡贷款余额降至1.01万亿元,,,,,,,,,,,,,,,EVT-1335,业绩,建设银行2025年末信用卡贷款余额降至1.01万亿元,,截至2025年年末建设银行信用卡贷款1.01万亿元，较上年减少567.83亿元。,0.9,,,,,,,,,,
EVT-1336,Event,上海科技保险为科技企业提供风险保障,,,,,,,,,,,,,,,EVT-1336,业绩,上海科技保险为科技企业提供风险保障,,2025年全年上海科技保险为相关科技企业提供风险保障金额15.9万亿元，2026年一季度为5.39万亿元。,0.9,,,,,,,,,,
EVT-1337,Event,中国集成电路共保体累计提供风险保障约6.5万亿元,,,,,,,,,,,,,,,EVT-1337,业绩,中国集成电路共保体累计提供风险保障约6.5万亿元,,截至2025年末，中国集成电路共保体已累计为33家企业提供风险保障约6.5万亿元。,0.9,,,,,,,,,,
EVT-1338,Event,太保产险上海分公司主承中芯国际并服务华虹、华力,,,,,,,,,,,,,,,EVT-1338,重大经营,太保产险上海分公司主承中芯国际并服务华虹、华力,,太保产险上海分公司提供工程、财产、营业中断、供应链风险一体化保障，主承中芯国际，服务华虹、华力等行业龙头。,0.85,,,,,,,,,,
EVT-1339,Event,国寿财险上海分公司提升芯片领域承保能力,,,,,,,,,,,,,,,EVT-1339,重大经营,国寿财险上海分公司提升芯片领域承保能力,,国寿财险上海分公司搭建专业团队，配套专项风控与再保，实现中国人寿S基金项目中在沪被投企业保险保障全覆盖。,0.85,,,,,,,,,,
EVT-1340,Event,江苏银行小微企业贷款总量突破8800亿元,,,,,,,,,,,,,,,EVT-1340,业绩,江苏银行小微企业贷款总量突破8800亿元,,截至2026年3月末，江苏银行小微企业贷款总量突破8800亿元，连续多年位居全国城商行及江苏省同业首位。,0.95,,,,,,,,,,
EVT-1341,Event,江苏银行南通分行对专精特新“小巨人”核定800万元纯信用额度并放款,,,,,,,,,,,,,,,EVT-1341,重大经营,江苏银行南通分行对专精特新“小巨人”核定800万元纯信用额度并放款,,江苏银行南通分行借力“苏质贷”政策，将企业质量信誉转化为授信依据，核定800万元纯信用额度并迅速放款。,0.9,,,,,,,,,,
EVT-1342,Event,江苏银行镇江分行投放700万元短期流动资金贷款,,,,,,,,,,,,,,,EVT-1342,重大经营,江苏银行镇江分行投放700万元短期流动资金贷款,,江苏银行镇江分行为有700万元资金缺口的企业量身定制“财政助力贷”方案，高效投放短期流动资金贷款700万元。,0.9,,,,,,,,,,
EVT-1343,Event,江苏银行无锡分行运用贴息政策发放500万元贷款,,,,,,,,,,,,,,,EVT-1343,重大经营,江苏银行无锡分行运用贴息政策发放500万元贷款,,江苏银行无锡分行为某长城汽车经销商发放贷款500万元，叠加贴息后实际年化利率仅1.3%。,0.9,,,,,,,,,,
EVT-1344,Event,隆基绿能、通威股份、TCL中环等头部企业在2025年度报告集中披露大额业绩预亏,,,,,,,,,,,,,,,EVT-1344,业绩,隆基绿能、通威股份、TCL中环等头部企业在2025年度报告集中披露大额业绩预亏,,光伏头部龙头企业在2025年度报告集中披露大额业绩预亏，形成扩产越多亏损越深的恶性循环。,0.9,,,,,,,,,,
EVT-1345,Event,欧盟对我国新能源电动车征收最高45.3%反补贴税,,,,,,,,,,,,,,,EVT-1345,监管,欧盟对我国新能源电动车征收最高45.3%反补贴税,,2025至2026年欧美、印度等经济体密集加码新能源领域贸易壁垒，欧盟对我国新能源电动车征收最高45.3%反补贴税。,0.9,,,,,,,,,,
EVT-1346,Event,国家发改委对5500大卡秦皇岛动力煤划定570—770元/吨合理价格区间,,,,,,,,,,,,,,,EVT-1346,政策,国家发改委对5500大卡秦皇岛动力煤划定570—770元/吨合理价格区间,,国家发改委为5500大卡秦皇岛动力煤划定570—770元/吨合理价格区间，并配套动态产能储备调节机制。,0.9,,,,,,,,,,
EVT-1347,Event,开发区培育新质生产力暨数字智慧园区建设研讨会在武汉召开,,,,,,,,,,,,,,,EVT-1347,重大经营,开发区培育新质生产力暨数字智慧园区建设研讨会在武汉召开,2026-06-16,由中国国际投资促进会开发区工作委员会主办的“开发区培育新质生产力暨数字智慧园区建设研讨会”在武汉同日召开，与会嘉宾围绕智慧园区建设、数智化转型等发言交流。,0.9,,,,,,,,,,
EVT-1348,Event,2026年度“数字智慧园区”名单发布,,,,,,,,,,,,,,,EVT-1348,重大经营,2026年度“数字智慧园区”名单发布,,会上发布2026年度“数字智慧园区”名单，共14家开发区（园区）入选。,0.9,,,,,,,,,,
EVT-1349,Event,7月13日创新药板块多只个股涨停，立方制药3连板,,,,,,,,,,,,,,,EVT-1349,重大经营,7月13日创新药板块多只个股涨停，立方制药3连板,2026-07-13,7月13日创新药板块内多只个股涨停，立方制药斩获3连板，联环药业、哈药股份录得2连板，另有6只个股涨停。,0.9,,,,,,,,,,
EVT-1350,Event,《国家基本药物目录（2026年版）》首次纳入创新药,,,,,,,,,,,,,,,EVT-1350,政策,《国家基本药物目录（2026年版）》首次纳入创新药,,《国家基本药物目录（2026年版）》首次纳入创新药，新增16款（含4款国产Ⅰ类新药），打通基层医疗机构放量通道。,0.9,,,,,,,,,,
EVT-1351,Event,2026年上半年中国创新药对外授权交易金额达997亿美元,,,,,,,,,,,,,,,EVT-1351,重大合同,2026年上半年中国创新药对外授权交易金额达997亿美元,,医药魔方数据显示，2026年上半年中国创新药对外授权交易金额达997亿美元，接近2025年全年的73%。,0.85,,,,,,,,,,
EVT-1352,Event,13家创新药公司披露2026年半年度业绩预告，11家预喜,,,,,,,,,,,,,,,EVT-1352,业绩,13家创新药公司披露2026年半年度业绩预告，11家预喜,2026-07-13,截至7月13日记者发稿，已有13家公司披露2026年半年度业绩预告，其中11家公司业绩预喜。,0.9,,,,,,,,,,
EVT-1353,Event,百利天恒双抗ADC新药伦康依隆妥单抗获批上市,,,,,,,,,,,,,,,EVT-1353,产品,百利天恒双抗ADC新药伦康依隆妥单抗获批上市,,百利天恒双抗ADC新药伦康依隆妥单抗获批上市，实现国产新一代ADC商业化突破。,0.9,,,,,,,,,,
EVT-1354,Event,映恩生物科创板IPO申请获上交所受理,,,,,,,,,,,,,,,EVT-1354,股权,映恩生物科创板IPO申请获上交所受理,,港股映恩生物科创板IPO申请获上交所受理，拟募资41亿元用于新药研发。,0.9,,,,,,,,,,
EVT-1355,Event,宜联生物与罗氏就YL201项目达成独家许可协议,,,,,,,,,,,,,,,EVT-1355,重大合同,宜联生物与罗氏就YL201项目达成独家许可协议,,2026年1月，宜联生物与罗氏就YL201项目达成独家许可协议，对应5.7亿美元首付款及里程碑付款。,0.9,,,,,,,,,,
EVT-1356,Event,信达生物与辉瑞公司签署全球战略合作协议,,,,,,,,,,,,,,,EVT-1356,重大合同,信达生物与辉瑞公司签署全球战略合作协议,,5月底，信达生物与辉瑞公司就12个肿瘤早期及源头创新研发项目签署全球战略合作协议。,0.9,,,,,,,,,,
EVT-1357,Event,中上协医疗健康专业委员会第二届换届大会在上海召开,,,,,,,,,,,,,,,EVT-1357,重大经营,中上协医疗健康专业委员会第二届换届大会在上海召开,2026-06-23,6月23日，中国上市公司协会医疗健康专业委员会第二届换届大会在上海召开，由64家医药板块上市公司组成新一届委员会。,0.9,,,,,,,,,,
EVT-1358,Event,刘驹当选中上协医疗健康专业委员会主任委员,,,,,,,,,,,,,,,EVT-1358,重大经营,刘驹当选中上协医疗健康专业委员会主任委员,2026-06-23,华润双鹤副总裁、董事会秘书刘驹担任中上协第二届医疗健康专业委员会主任委员，丁红岩担任执行副主任委员。,0.9,,,,,,,,,,
EVT-1359,Event,十部门联合印发《医药工业发展“十五五”规划》,,,,,,,,,,,,,,,EVT-1359,政策,十部门联合印发《医药工业发展“十五五”规划》,2026-09-18,工业和信息化部、国家发展改革委等十部门联合印发《医药工业发展“十五五”规划》，提出到2030年生物医药研发与应用能力跻身世界前列。,0.95,,,,,,,,,,
EVT-1360,Event,恒瑞医药上半年创新药销售收入88.09亿元,,,,,,,,,,,,,,,EVT-1360,业绩,恒瑞医药上半年创新药销售收入88.09亿元,,恒瑞医药上半年创新药销售收入达88.09亿元，同比增长16.38%，占药品销售收入比重升至63.16%创历史新高。,0.9,,,,,,,,,,
EVT-1361,Event,恒瑞医药与百时美施贵宝达成合作,,,,,,,,,,,,,,,EVT-1361,重大合同,恒瑞医药与百时美施贵宝达成合作,,2026年5月恒瑞医药和百时美施贵宝（BMS）达成覆盖13个早期研发项目的合作，潜在交易总规模约152亿美元。,0.9,,,,,,,,,,
EVT-1362,Event,迪哲医药授权交易刷新国产小分子药物出海首付款纪录,,,,,,,,,,,,,,,EVT-1362,重大合同,迪哲医药授权交易刷新国产小分子药物出海首付款纪录,,迪哲医药授权交易以6亿美元首付款刷新国产小分子药物出海交易的首付款纪录。,0.9,,,,,,,,,,
EVT-1363,Event,2026年世界肺癌大会在韩国首尔举行,,,,,,,,,,,,,,,EVT-1363,重大经营,2026年世界肺癌大会在韩国首尔举行,,由国际肺癌研究协会主办的2026年世界肺癌大会于9月12日—15日在韩国首尔举行，多家国产药企在会上交出重磅临床数据。,0.9,,,,,,,,,,
EVT-1364,Event,2026年上半年我国原料药和中间体出口金额同比增长5.9%,,,,,,,,,,,,,,,EVT-1364,业绩,2026年上半年我国原料药和中间体出口金额同比增长5.9%,,中国医药保健品进出口商会数据显示，2026年上半年我国原料药和中间体出口金额达234.4亿美元，同比增长5.9%。,0.9,,,,,,,,,,
EVT-1365,Event,圣诺生物2026年上半年营业收入及境外收入增长,,,,,,,,,,,,,,,EVT-1365,业绩,圣诺生物2026年上半年营业收入及境外收入增长,,2026年上半年圣诺生物实现营业收入5.07亿元，同比增长50.27%，其中境外收入3.40亿元，同比增长81.80%。,0.9,,,,,,,,,,
EVT-1366,Event,皓元医药2026年上半年境外业务收入增长23.24%,,,,,,,,,,,,,,,EVT-1366,业绩,皓元医药2026年上半年境外业务收入增长23.24%,,2026年上半年皓元医药实现境外业务收入6.91亿元，同比增长23.24%，占公司营业收入比重约42%。,0.9,,,,,,,,,,
EVT-1367,Event,华海药业2026年上半年原料药及中间体销售收入增长24.23%,,,,,,,,,,,,,,,EVT-1367,业绩,华海药业2026年上半年原料药及中间体销售收入增长24.23%,,2026年上半年华海药业原料药及中间体实现销售收入20.61亿元，同比增长24.23%，其中新产品销售同比翻番。,0.9,,,,,,,,,,
EVT-1368,Event,圣诺生物2026年上半年营收与境外收入增长,,,,,,,,,,,,,,,EVT-1368,业绩,圣诺生物2026年上半年营收与境外收入增长,,圣诺生物2026年上半年实现营业收入5.07亿元，境外收入3.40亿元，原料药业务收入3.45亿元。,0.95,,,,,,,,,,
EVT-1369,Event,皓元医药2026年上半年境外业务收入增长,,,,,,,,,,,,,,,EVT-1369,业绩,皓元医药2026年上半年境外业务收入增长,,皓元医药2026年上半年实现境外业务收入6.91亿元，占公司营业收入比重约42%。,0.95,,,,,,,,,,
EVT-1370,Event,华海药业2026年上半年原料药及中间体销售收入增长,,,,,,,,,,,,,,,EVT-1370,业绩,华海药业2026年上半年原料药及中间体销售收入增长,,华海药业上半年原料药及中间体实现销售收入20.61亿元，新产品销售同比翻番。,0.95,,,,,,,,,,
EVT-1371,Event,2026年上半年我国原料药和中间体出口金额同比增长,,,,,,,,,,,,,,,EVT-1371,重大经营,2026年上半年我国原料药和中间体出口金额同比增长,,海关数据显示2026年上半年我国原料药和中间体出口金额234.4亿美元，出口数量同比增长11.1%。,0.9,,,,,,,,,,
EVT-1372,Event,复星医药2026年半年报创新药与境外业务收入增长,,,,,,,,,,,,,,,EVT-1372,业绩,复星医药2026年半年报创新药与境外业务收入增长,,复星医药2026年半年报显示创新药品收入49.11亿元、境外业务收入63.79亿元，同比分别增长13.84%和16.45%。,0.92,,,,,,,,,,
EVT-1373,Event,恒瑞医药累计研发投入超500亿元并完成多笔海外拓展交易,,,,,,,,,,,,,,,EVT-1373,重大经营,恒瑞医药累计研发投入超500亿元并完成多笔海外拓展交易,,恒瑞医药累计研发投入超500亿元，多款1类创新药获批，自2023年起完成多笔海外拓展交易，潜在总交易价值约420亿美元。,0.9,,,,,,,,,,
EVT-1374,Event,甘李药业与美纳里尼签署博凡格鲁肽海外独家许可协议,,,,,,,,,,,,,,,EVT-1374,重大合同,甘李药业与美纳里尼签署博凡格鲁肽海外独家许可协议,,2026年8月，甘李药业与美纳里尼就博凡格鲁肽肥胖/超重适应症在欧盟及英国、瑞士等39个国家签署独家许可协议，首付款6200万欧元、里程碑最高6.64亿欧元。,0.93,,,,,,,,,,
EVT-1375,Event,国家发展改革委召开“六张网”重大项目协调调度机制会,,,,,,,,,,,,,,,EVT-1375,政策,国家发展改革委召开“六张网”重大项目协调调度机制会,2026-08-19,国家发展改革委副主任岳修虎主持会议，研究建立算力网、新型电网、新一代通信网“2+3+N”协调机制，推动重大项目加快建设。,0.9,,,,,,,,,,
EVT-1376,Event,晶科科技与中卫市政府就宁夏中卫1GW算力中心项目达成合作意向,,,,,,,,,,,,,,,EVT-1376,重大合同,晶科科技与中卫市政府就宁夏中卫1GW算力中心项目达成合作意向,,晶科科技公告称与中卫市人民政府就宁夏中卫1GW算力中心项目达成合作意向，项目计划总投资约245亿元。,0.9,,,,,,,,,,
EVT-1377,Event,青龙管业中标宁夏、广西两个灌区工程采购项目,,,,,,,,,,,,,,,EVT-1377,重大合同,青龙管业中标宁夏、广西两个灌区工程采购项目,,青龙管业公告显示被确认为宁夏、广西两个灌区工程采购中标人，中标金额合计超7.8亿元。,0.9,,,,,,,,,,
EVT-1378,Event,中国移动上半年算力网投资156亿元,,,,,,,,,,,,,,,EVT-1378,业绩,中国移动上半年算力网投资156亿元,,中国移动半年报显示上半年算力网投资156亿元，同比增长71%。,0.9,,,,,,,,,,
EVT-1379,Event,康方生物依达方联合化疗一线治疗晚期鳞状非小细胞肺癌获批上市,,,,,,,,,,,,,,,EVT-1379,产品,康方生物依达方联合化疗一线治疗晚期鳞状非小细胞肺癌获批上市,,康方生物宣布其肿瘤免疫2.0基石药物依达方（依沃西单抗注射液）联合化疗一线治疗晚期鳞状非小细胞肺癌获批上市。,0.95,,,,,,,,,,
EVT-1380,Event,华东医药子公司道尔生物DR10624入选国家科技重大专项资助并承担心衰适应症Ⅱ期临床研究,,,,,,,,,,,,,,,EVT-1380,产品,华东医药子公司道尔生物DR10624入选国家科技重大专项资助并承担心衰适应症Ⅱ期临床研究,,浙江道尔生物科技有限公司自主研发的全球首创长效三靶点激动剂DR10624入选并获得国家科技重大专项资助，并承担其心力衰竭适应症Ⅱ期临床研究任务。,0.9,,,,,,,,,,
EVT-1381,Event,2026年上半年中国创新药对外授权交易潜在总额达1100亿美元,,,,,,,,,,,,,,,EVT-1381,重大合同,2026年上半年中国创新药对外授权交易潜在总额达1100亿美元,,中康科技数据显示，2026年上半年中国创新药对外授权交易潜在总额达1100亿美元，交易规模达到2025年全年的八成。,0.9,,,,,,,,,,
EVT-1382,Event,华润双鹤拟56.56亿元受让利尔化学23.5%股份并取得控制权,,,,,,,,,,,,,,,EVT-1382,股权,华润双鹤拟56.56亿元受让利尔化学23.5%股份并取得控制权,,华润双鹤发布重大资产重组预案，拟以现金向四川久远投资控股集团有限公司和四川化材科技有限公司购买利尔化学合计23.50%股份，交易后控股股东变更为华润双鹤，实际控制人变更为中国华润有限公司。,0.95,,,,,,,,,,
EVT-1383,Event,鲁抗医药拟投资3.7亿元建设绿色生物制造项目,,,,,,,,,,,,,,,EVT-1383,投资并购,鲁抗医药拟投资3.7亿元建设绿色生物制造项目,,鲁抗医药拟投资3.7亿元建设绿色生物制造项目，扩大生物制造产品产能并规划建成合成生物产品专用生产线。,0.95,,,,,,,,,,
EVT-1384,Event,上海新苡萃生物科技有限公司完成数千万元Pre-A轮融资,,,,,,,,,,,,,,,EVT-1384,投资并购,上海新苡萃生物科技有限公司完成数千万元Pre-A轮融资,,上海新苡萃生物科技有限公司宣布完成数千万元Pre-A轮融资，用于加速核心产品乳铁蛋白在中国的新食品原料合规申报进程等。,0.9,,,,,,,,,,
EVT-1385,Event,深圳中科欣扬生物科技有限公司完成亿元级融资,,,,,,,,,,,,,,,EVT-1385,投资并购,深圳中科欣扬生物科技有限公司完成亿元级融资,,深圳中科欣扬生物科技有限公司宣布完成亿元级融资，资金重点投向合成生物平台搭建及生物制造大宗生物制品战略布局。,0.9,,,,,,,,,,
EVT-1386,Event,信邦智能拟28.56亿元收购英迪芯微100%股权,,,,,,,,,,,,,,,EVT-1386,投资并购,信邦智能拟28.56亿元收购英迪芯微100%股权,,信邦智能拟通过发行股份及支付现金方式作价28.56亿元收购英迪芯微100%股权，并同步募集配套资金。,0.95,,,,,,,,,,
EVT-1387,Event,英迪芯微2025年实现营业收入6.64亿元,,,,,,,,,,,,,,,EVT-1387,业绩,英迪芯微2025年实现营业收入6.64亿元,,英迪芯微2025年实现营业收入6.64亿元，其中车规级芯片收入6.27亿元。,0.9,,,,,,,,,,
EVT-1388,Event,英迪芯微产品进入多家国内品牌汽车供应链,,,,,,,,,,,,,,,EVT-1388,产品,英迪芯微产品进入多家国内品牌汽车供应链,,英迪芯微产品已进入比亚迪、上汽集团、广汽集团、吉利汽车、蔚来、理想汽车等国内品牌汽车供应链。,0.9,,,,,,,,,,
EVT-1389,Event,英迪芯微管理层股东作出2026年度及2027年度业绩承诺,,,,,,,,,,,,,,,EVT-1389,业绩,英迪芯微管理层股东作出2026年度及2027年度业绩承诺,,英迪芯微管理层股东承诺2026年度及2027年度为业绩承诺期，以2024年净利润为基数设定净利润目标增长率241%。,0.9,,,,,,,,,,
EVT-1390,Event,港交所就第二阶段上市机制竞争力检讨展开市场咨询,,,,,,,,,,,,,,,EVT-1390,监管,港交所就第二阶段上市机制竞争力检讨展开市场咨询,2026-09-21,港交所刊发《咨询文件》，建议将母公司分拆上市暂止期由上市后三年缩短至一年。,0.95,,,,,,,,,,
EVT-1391,Event,信义玻璃拟分拆信义汽车玻璃上市,,,,,,,,,,,,,,,EVT-1391,股权,信义玻璃拟分拆信义汽车玻璃上市,2026-08-31,信义玻璃宣布拟通过实物分派方式分拆信义汽车玻璃上市，上市申请以保密形式递交。,0.92,,,,,,,,,,
EVT-1392,Event,金斯瑞生物科技拟分拆蓬勃生物独立上市,,,,,,,,,,,,,,,EVT-1392,股权,金斯瑞生物科技拟分拆蓬勃生物独立上市,2026-09-04,金斯瑞生物科技发布公告称拟分拆蓬勃生物独立上市。,0.92,,,,,,,,,,
EVT-1393,Event,香港中旅拟分拆港澳文旅上市,,,,,,,,,,,,,,,EVT-1393,股权,香港中旅拟分拆港澳文旅上市,2026-09-17,香港中旅在中报业绩里提到，计划以实物分派方式分拆全资附属公司港澳文旅上市。,0.92,,,,,,,,,,
EVT-1394,Event,上交所对电科数字和杭萧钢构出具监管警示决定书,,,,,,,,,,,,,,,EVT-1394,监管,上交所对电科数字和杭萧钢构出具监管警示决定书,2026-01-13,上交所因商业航天相关信息披露不准确、不完整、风险提示不足，对电科数字和杭萧钢构出具监管警示决定书。,0.9,,,,,,,,,,
EVT-1395,Event,A股商业航天板块2026年半年报业绩披露收官且内部分化,,,,,,,,,,,,,,,EVT-1395,业绩,A股商业航天板块2026年半年报业绩披露收官且内部分化,,2026年半年报披露收官后，商业航天板块业绩逐渐清晰，上游配套环节率先受益，中下游总体集成与数据应用环节业绩承压。,0.9,,,,,,,,,,
EVT-1396,Event,泰胜航天东台基地竣工投产,,,,,,,,,,,,,,,EVT-1396,重大经营,泰胜航天东台基地竣工投产,,泰胜风能旗下泰胜航天东台基地于2026年6月下旬竣工投产，首件火箭贮箱鉴定件同步下线。,0.9,,,,,,,,,,
EVT-1397,Event,航宇科技进入多家头部火箭厂商供应链,,,,,,,,,,,,,,,EVT-1397,重大经营,航宇科技进入多家头部火箭厂商供应链,,航宇科技表示已进入九州云箭、星河动力、蓝箭航天、天兵科技等头部火箭厂商供应链，并逐步向精加工交付及小系统级装配延伸。,0.9,,,,,,,,,,
EVT-1398,Event,食品饮料ETF华夏近10个交易日中有7日获资金净流入,,,,,,,,,,,,,,,EVT-1398,重大经营,食品饮料ETF华夏近10个交易日中有7日获资金净流入,2026-09-18,截至2026年9月18日，食品饮料ETF华夏近10个交易日内有7个交易日获资金净流入，显示部分资金持续布局低估赛道。,0.85,,,,,,,,,,
EVT-1399,Event,国务院常务会议部署应对人口老龄化、增加体育赛事供给等事项,,,,,,,,,,,,,,,EVT-1399,政策,国务院常务会议部署应对人口老龄化、增加体育赛事供给等事项,2026-09-18,国务院总理李强9月18日主持召开国务院常务会议，指出深入实施积极应对人口老龄化国家战略，增加高质量体育赛事供给，依靠科技创新提升医疗康复护理水平。,0.95,,,,,,,,,,
EVT-1400,Event,长鑫科技第五代技术平台正式量产,,,,,,,,,,,,,,,EVT-1400,产品,长鑫科技第五代技术平台正式量产,,长鑫科技在2026世界制造业大会上宣布第五代技术平台正式量产，基于该平台的24GB LPDDR5X产品已进入正式量产。,0.9,,,,,,,,,,
EVT-1401,Event,新华传媒拟发行股份购买界面财联社100%股权,,,,,,,,,,,,,,,EVT-1401,投资并购,新华传媒拟发行股份购买界面财联社100%股权,,新华传媒公告拟发行股份购买界面财联社100%股权，股票周一复牌。,0.9,,,,,,,,,,
EVT-1402,Event,上交所对沈鼓集团异常交易投资者采取自律监管措施,,,,,,,,,,,,,,,EVT-1402,监管,上交所对沈鼓集团异常交易投资者采取自律监管措施,,新股沈鼓集团上市以来股价大幅波动，上交所依规对存在异常交易行为的投资者采取暂停账户交易等自律监管措施。,0.9,,,,,,,,,,
EVT-1403,Event,奇想无限上线《零号档案：降临》互动影游,,,,,,,,,,,,,,,EVT-1403,产品,奇想无限上线《零号档案：降临》互动影游,,旗下奇想无限上线《零号档案：降临》互动影游，率先实现互动游戏AI智能体首发并打通全链路AI超创生态。,0.9,,,,,,,,,,
EVT-1404,Event,德才股份通过控股奇想无限与德芯智算布局人工智能,,,,,,,,,,,,,,,EVT-1404,投资并购,德才股份通过控股奇想无限与德芯智算布局人工智能,,德才股份于2025年通过控股奇想无限与德芯智算，前瞻布局人工智能赛道。,0.85,,,,,,,,,,
EVT-1405,Event,奇想无限推出业内首个互动影游Agent,,,,,,,,,,,,,,,EVT-1405,产品,奇想无限推出业内首个互动影游Agent,,依托自研奇想AI，奇想无限推出业内首个互动影游Agent并上线互动影游新作，打通AI内容生态闭环。,0.9,,,,,,,,,,
EVT-1406,Event,国信证券称2026年上半年食品饮料行业利润表现分化,,,,,,,,,,,,,,,EVT-1406,业绩,国信证券称2026年上半年食品饮料行业利润表现分化,,国信证券指出2026年上半年食品饮料行业利润表现呈现分化，饮料、零食龙头表现最好，白酒利润大幅下滑。,0.9,,,,,,,,,,
EVT-1407,Event,食品ETF华夏被动跟踪中证全指食品指数,,,,,,,,,,,,,,,EVT-1407,产品,食品ETF华夏被动跟踪中证全指食品指数,,食品ETF华夏（159151）被动跟踪中证全指食品指数，成分股聚焦大众食品，不含酒类。,0.8,,,,,,,,,,
EVT-1408,Event,海鸥股份8月涨幅达118.83%,,,,,,,,,,,,,,,EVT-1408,业绩,海鸥股份8月涨幅达118.83%,,华源证券推荐的海鸥股份8月份涨幅达118.83%，位居全部券商金股首位。,0.9,,,,,,,,,,
EVT-1409,Event,药明康德8月获11家券商推荐当月涨20.52%,,,,,,,,,,,,,,,EVT-1409,业绩,药明康德8月获11家券商推荐当月涨20.52%,,药明康德8月份共获得平安证券、国信证券等11家券商联合推荐，当月涨幅达20.52%。,0.9,,,,,,,,,,
EVT-1410,Event,浪潮信息8月获4家券商推荐当月涨18.62%,,,,,,,,,,,,,,,EVT-1410,业绩,浪潮信息8月获4家券商推荐当月涨18.62%,,浪潮信息获招商证券、浙商证券、华龙证券、国海证券联合推荐，当月涨幅为18.62%。,0.9,,,,,,,,,,
EVT-1411,Event,AR882国内Ⅱ/Ⅲ期临床试验获得顶线分析数据,,,,,,,,,,,,,,,EVT-1411,产品,AR882国内Ⅱ/Ⅲ期临床试验获得顶线分析数据,,一品红公告其全资子公司广州瑞安博医药科技有限公司牵头开展的AR882胶囊治疗痛风伴高尿酸血症患者Ⅱ/Ⅲ期临床试验获得顶线分析数据，试验结果理想，达到预期目的。,0.95,,,,,,,,,,
EVT-1412,Event,AR882全球关键性Ⅲ期REDUCE2研究取得积极顶线结果,,,,,,,,,,,,,,,EVT-1412,产品,AR882全球关键性Ⅲ期REDUCE2研究取得积极顶线结果,,AR882全球关键性Ⅲ期REDUCE2研究已取得积极顶线结果，两种剂量均达到主要疗效终点。,0.9,,,,,,,,,,
EVT-1413,Event,恒瑞医药1类新药鲁兹诺雷钠获批上市,,,,,,,,,,,,,,,EVT-1413,产品,恒瑞医药1类新药鲁兹诺雷钠获批上市,,国内URAT1抑制剂赛道竞争激烈，恒瑞医药的1类新药鲁兹诺雷钠已获批上市。,0.9,,,,,,,,,,
EVT-1414,Event,药明康德2026年二季度业绩增长强劲并上调全年业绩指引,,,,,,,,,,,,,,,EVT-1414,业绩,药明康德2026年二季度业绩增长强劲并上调全年业绩指引,,西部证券认为药明康德2026年二季度业绩增长强劲，全面上调2026年全年业绩指引，在手订单充沛。,0.9,,,,,,,,,,
EVT-1415,Event,开源证券金股指数8月累计上涨17.21%,,,,,,,,,,,,,,,EVT-1415,业绩,开源证券金股指数8月累计上涨17.21%,2026-08-31,开源证券金股指数8月累计上涨17.21%，其推荐的杰普特8月上涨逾43%。,0.85,,,,,,,,,,
EVT-1416,Event,海鸥股份8月连续3个交易日涨停、累计涨幅118.83%,,,,,,,,,,,,,,,EVT-1416,业绩,海鸥股份8月连续3个交易日涨停、累计涨幅118.83%,2026-08-31,截至8月31日收盘，华源证券推荐的海鸥股份连续3个交易日涨停，8月累计涨幅高达118.83%。,0.85,,,,,,,,,,
EVT-1417,Event,百济神州上半年研发投入达79.53亿元,,,,,,,,,,,,,,,EVT-1417,重大经营,百济神州上半年研发投入达79.53亿元,,百济神州今年上半年研发投入达79.53亿元，同比增长9.27%，研发投入稳居行业首位。,0.92,,,,,,,,,,
EVT-1418,Event,恒瑞医药披露2026年上半年营收及净利润,,,,,,,,,,,,,,,EVT-1418,业绩,恒瑞医药披露2026年上半年营收及净利润,,恒瑞医药上半年实现营收154.56亿元，同比小幅下滑1.94%，归母净利润44.65亿元，同比微增0.34%。,0.92,,,,,,,,,,
EVT-1419,Event,国家药监局上半年批准38款创新药上市,,,,,,,,,,,,,,,EVT-1419,监管,国家药监局上半年批准38款创新药上市,,国家药监局数据显示，今年上半年共批准38款创新药上市，其中国产创新药达31款。,0.9,,,,,,,,,,
EVT-1420,Event,英矽智能上半年上市以来首次半年报盈利,,,,,,,,,,,,,,,EVT-1420,业绩,英矽智能上半年上市以来首次半年报盈利,,英矽智能上半年实现总营收1.06亿美元，同比增长287.2%，上市以来首次在半年报中实现盈利。,0.92,,,,,,,,,,
EVT-1421,Event,药明康德上半年归母净利润首次突破百亿元,,,,,,,,,,,,,,,EVT-1421,业绩,药明康德上半年归母净利润首次突破百亿元,,药明康德上半年归母净利润110.8亿元，同比增长29.43%，化学业务收入249.9亿元。,0.95,,,,,,,,,,
EVT-1422,Event,百济神州上半年归母净利润同比增长627.1%,,,,,,,,,,,,,,,EVT-1422,业绩,百济神州上半年归母净利润同比增长627.1%,,百济神州上半年归母净利润32.71亿元，产品收入217.97亿元。,0.95,,,,,,,,,,
EVT-1423,Event,昭衍新药上半年归母净利润同比增长1126.8%,,,,,,,,,,,,,,,EVT-1423,业绩,昭衍新药上半年归母净利润同比增长1126.8%,,昭衍新药上半年归母净利润7.48亿元，在手订单约37亿元。,0.95,,,,,,,,,,
EVT-1424,Event,石药创新上半年同比扭亏为盈,,,,,,,,,,,,,,,EVT-1424,业绩,石药创新上半年同比扭亏为盈,,石药创新上半年归母净利润12.61亿元，去年同期亏损274.61万元，海外BD授权收入成核心增量。,0.95,,,,,,,,,,
EVT-1425,Event,财通多策略福鑫二季度清仓生益电子等并减持大族数控等,,,,,,,,,,,,,,,EVT-1425,股权,财通多策略福鑫二季度清仓生益电子等并减持大族数控等,,该基金一季度前十大重仓股中的生益电子、沪电股份、永鼎股份、烽火通信在二季度被完全清仓，大族数控、中际旭创、生益科技也被大幅减持。,0.9,,,,,,,,,,
EVT-1426,Event,鹏华核心优势二季度止盈再平衡并降低AI方向仓位,,,,,,,,,,,,,,,EVT-1426,重大经营,鹏华核心优势二季度止盈再平衡并降低AI方向仓位,,鹏华核心优势在二季度阶段性做了一定的止盈和再平衡，降低AI方向仓位和风险暴露，并加仓非AI领域中近期维度相对超跌的个股。,0.9,,,,,,,,,,
EVT-1427,Event,控股股东东宏集团获得增持专项贷款承诺函,,,,,,,,,,,,,,,EVT-1427,股权,控股股东东宏集团获得增持专项贷款承诺函,,控股股东山东东宏集团有限公司获得工商银行济宁分行出具的《贷款承诺函》，为其增持公司A股股份提供专项贷款支持，金额最高不超过5400万元，期限不超过3年。,0.9,,,,,,,,,,
EVT-1428,Event,东宏集团拟6个月内增持公司A股股份,,,,,,,,,,,,,,,EVT-1428,股权,东宏集团拟6个月内增持公司A股股份,2026-08-31,东宏集团拟在6个月内增持公司A股股份，增持总金额不低于3000万元、不超过6000万元，且增持数量不超过公司总股本的2%。,0.9,,,,,,,,,,
EVT-1429,Event,百济神州上半年营收超222亿元、泽布替尼全球销售额161.27亿元,,,,,,,,,,,,,,,EVT-1429,业绩,百济神州上半年营收超222亿元、泽布替尼全球销售额161.27亿元,,百济神州2026年上半年营收超222亿元，核心产品泽布替尼全球销售额达161.27亿元。,0.92,,,,,,,,,,
EVT-1430,Event,荣昌生物、石药创新依靠跨国药企首付款实现扭亏为盈,,,,,,,,,,,,,,,EVT-1430,业绩,荣昌生物、石药创新依靠跨国药企首付款实现扭亏为盈,,荣昌生物、石药创新等企业通过跨国药企的高额首付款实现扭亏为盈。,0.88,,,,,,,,,,
EVT-1431,Event,信达生物与辉瑞等合作的20个项目中5个采用共同开发共同商业化模式,,,,,,,,,,,,,,,EVT-1431,重大合同,信达生物与辉瑞等合作的20个项目中5个采用共同开发共同商业化模式,,信达生物半年报显示，与辉瑞等跨国药企合作的20个项目中有5个采用共同开发、共同商业化的深度合作模式。,0.9,,,,,,,,,,
EVT-1432,Event,恒瑞医药与百时美施贵宝达成全球战略合作,,,,,,,,,,,,,,,EVT-1432,重大合同,恒瑞医药与百时美施贵宝达成全球战略合作,,恒瑞医药与百时美施贵宝达成全球战略合作，其中5项创新项目采用共同研发，恒瑞可参与全球商业化。,0.9,,,,,,,,,,
EVT-1433,Event,中信证券二季度末重仓持有中信建投3.83亿股,,,,,,,,,,,,,,,EVT-1433,重大经营,中信证券二季度末重仓持有中信建投3.83亿股,,截至二季度末，中信证券持有中信建投3.83亿股，持仓市值达111.29亿元，持股数量与一季度末相比没有变动。,0.9,,,,,,,,,,
EVT-1434,Event,东吴证券增持华润江中829.27万股,,,,,,,,,,,,,,,EVT-1434,股权,东吴证券增持华润江中829.27万股,,券商二季度合计增持26只个股，其中华润江中被东吴证券增持829.27万股，增持数量居首。,0.9,,,,,,,,,,
EVT-1435,Event,长江证券另类子公司持有广合科技681.89万股,,,,,,,,,,,,,,,EVT-1435,投资并购,长江证券另类子公司持有广合科技681.89万股,,截至二季度末，长江证券另类子公司长江证券创新投资（湖北）有限公司持有广合科技681.89万股，持仓市值为16.18亿元。,0.9,,,,,,,,,,
EVT-1436,Event,广生堂定增完成发行募资7.23亿元,,,,,,,,,,,,,,,EVT-1436,股权,广生堂定增完成发行募资7.23亿元,2026-08-25,广生堂向特定对象发行A股股票顺利完成，募集资金总额7.23亿元，共发行人民币普通股8759389股。,0.95,,,,,,,,,,
EVT-1437,Event,广生堂定增获中国证监会同意注册批复,,,,,,,,,,,,,,,EVT-1437,监管,广生堂定增获中国证监会同意注册批复,,广生堂定增自2026年7月获中国证监会同意注册批复，从取得注册批复到完成锁价及发行仅用时1个月。,0.9,,,,,,,,,,
EVT-1438,Event,核心管线GST-HG141被纳入突破性治疗品种名单并进入III期临床,,,,,,,,,,,,,,,EVT-1438,产品,核心管线GST-HG141被纳入突破性治疗品种名单并进入III期临床,,GST-HG141于2024年12月被CDE纳入突破性治疗品种名单，已进入III期临床，并于2026年2月完成全部临床受试者入组给药。,0.9,,,,,,,,,,
EVT-1439,Event,GST-HG131联合GST-HG141的II期临床研究被纳入优化创新药临床试验审评审批试点项目,,,,,,,,,,,,,,,EVT-1439,政策,GST-HG131联合GST-HG141的II期临床研究被纳入优化创新药临床试验审评审批试点项目,,GST-HG131联合GST-HG141的II期临床研究经北京药监局与国家药监局药品审评中心商定，被北京市药监局纳入试点项目并获II期临床试验批准。,0.85,,,,,,,,,,
EVT-1440,Event,Moderna与默沙东mRNA个性化癌症疫苗Ⅲ期临床试验取得初步阳性结果,,,,,,,,,,,,,,,EVT-1440,产品,Moderna与默沙东mRNA个性化癌症疫苗Ⅲ期临床试验取得初步阳性结果,2026-08-19,Moderna与默沙东联合宣布合作的mRNA个性化癌症疫苗intismeran autogene首个Ⅲ期临床试验达到关键终点。,0.95,,,,,,,,,,
EVT-1441,Event,国家医疗保障局印发《全民医疗保障“十五五”规划》,,,,,,,,,,,,,,,EVT-1441,政策,国家医疗保障局印发《全民医疗保障“十五五”规划》,2026-08-19,规划提出按程序将符合条件的创新药纳入医保目录，完善商业健康保险创新药品目录。,0.95,,,,,,,,,,
EVT-1442,Event,沃森生物两款mRNA疫苗获《药物临床试验批准通知书》,,,,,,,,,,,,,,,EVT-1442,产品,沃森生物两款mRNA疫苗获《药物临床试验批准通知书》,,沃森生物在互动平台表示呼吸道合胞病毒mRNA疫苗和冻干带状疱疹病毒mRNA疫苗获得《药物临床试验批准通知书》。,0.9,,,,,,,,,,
EVT-1443,Event,三部门公布2026年版国家基本药物目录,,,,,,,,,,,,,,,EVT-1443,政策,三部门公布2026年版国家基本药物目录,2026-07-09,国家卫生健康委员会等三部门公布2026年版国家基本药物目录，4种国产Ⅰ类新药被调入目录。,0.9,,,,,,,,,,
EVT-1444,Event,联想集团披露2026/27财年第一财季业绩,,,,,,,,,,,,,,,EVT-1444,业绩,联想集团披露2026/27财年第一财季业绩,2026-08-13,联想集团披露第一财季业绩，AI相关业务收入同比增长60%至634亿元，AI服务器储备订单升至3600亿元。,0.95,,,,,,,,,,
EVT-1445,Event,五粮液禁止经销商低于800元/瓶抛售第八代五粮液,,,,,,,,,,,,,,,EVT-1445,监管,五粮液禁止经销商低于800元/瓶抛售第八代五粮液,2026-08-13,五粮液向经销商通知不得以低于800元/瓶价格低价抛售第八代五粮液，并将加强对低价出货和窜货经销商的处罚。,0.94,,,,,,,,,,
EVT-1446,Event,创新药领域8月10日单日落地三起重磅BD交易,,,,,,,,,,,,,,,EVT-1446,重大合同,创新药领域8月10日单日落地三起重磅BD交易,2026-08-10,创新药领域BD交易热度不减，8月10日单日落地三起重磅交易，涉及百济神州、信达生物、甘李药业的授权合作。,0.9,,,,,,,,,,
EVT-1447,Event,上海印发行动方案推广发放算力券、模型券、语料券,,,,,,,,,,,,,,,EVT-1447,政策,上海印发行动方案推广发放算力券、模型券、语料券,,上海印发行动方案，提出依法依规开展算力补贴并推广发放“算力券”“模型券”“语料券”，降低数字要素使用成本。,0.9,,,,,,,,,,
EVT-1448,Event,深圳证券信息有限公司发布创业板三条主题指数,,,,,,,,,,,,,,,EVT-1448,产品,深圳证券信息有限公司发布创业板三条主题指数,,深圳证券信息有限公司于近期陆续发布创业板智能驾驶指数、创业板机器人指数、创业板光伏指数三条主题指数相关公告。,0.9,,,,,,,,,,
EVT-1449,Event,百济神州披露上半年业绩并上调全年业绩指引,,,,,,,,,,,,,,,EVT-1449,业绩,百济神州披露上半年业绩并上调全年业绩指引,,百济神州上半年营业总收入222.20亿元、归母净利润32.71亿元，并上调2026年全年业绩指引。,0.9,,,,,,,,,,
EVT-1450,Event,泽璟制药交出上市以来首份盈利半年报,,,,,,,,,,,,,,,EVT-1450,业绩,泽璟制药交出上市以来首份盈利半年报,,泽璟制药上半年营收12.05亿元、归母净利润6.4亿元，为上市以来首份盈利半年报。,0.9,,,,,,,,,,
EVT-1451,Event,药明康德上半年业绩超预期并上调全年收入指引,,,,,,,,,,,,,,,EVT-1451,业绩,药明康德上半年业绩超预期并上调全年收入指引,,药明康德上半年营收288.97亿元、归母净利润110.8亿元，并上调2026年全年收入预期。,0.9,,,,,,,,,,
EVT-1452,Event,九洲药业接待77家机构调研,,,,,,,,,,,,,,,EVT-1452,重大经营,九洲药业接待77家机构调研,2026-08-04,九洲药业于8月4日接待77家机构调研，交流新签订单与海外业务拓展情况。,0.9,,,,,,,,,,
EVT-1453,Event,深证信息公告将于8月14日发布创业板光伏指数,,,,,,,,,,,,,,,EVT-1453,产品,深证信息公告将于8月14日发布创业板光伏指数,2026-08-14,深证信息发布公告称将于8月14日发布创业板光伏指数（代码970098）。,0.95,,,,,,,,,,
EVT-1454,Event,深证信息此前已发布创业板智能驾驶指数和创业板机器人指数,,,,,,,,,,,,,,,EVT-1454,产品,深证信息此前已发布创业板智能驾驶指数和创业板机器人指数,,深证信息此前已发布创业板智能驾驶指数（代码970097）和创业板机器人指数（代码970086）等创业板主题指数。,0.9,,,,,,,,,,
EVT-1455,Event,蜂助手子公司签署46.08亿元算力服务合同,,,,,,,,,,,,,,,EVT-1455,重大合同,蜂助手子公司签署46.08亿元算力服务合同,2026-08-04,蜂助手全资子公司雅安云智算力技术有限公司与B公司签署总金额46.08亿元的算力服务合同。,0.95,,,,,,,,,,
EVT-1456,Event,高乐股份子公司签署31.95亿元算力服务合同,,,,,,,,,,,,,,,EVT-1456,重大合同,高乐股份子公司签署31.95亿元算力服务合同,2026-08-03,高乐股份全资子公司哈尔滨智辰科技有限公司与客户签署总金额31.95亿元、期限5年的算力服务合同。,0.95,,,,,,,,,,
EVT-1457,Event,行云科技披露在手算力长期框架订单150.82亿元,,,,,,,,,,,,,,,EVT-1457,重大经营,行云科技披露在手算力长期框架订单150.82亿元,,行云科技在投资者关系活动记录表中表示，截至2026年7月末在手算力长期框架订单金额达150.82亿元。,0.9,,,,,,,,,,
EVT-1458,Event,国家发展改革委介绍上半年人工智能与算力建设进展,,,,,,,,,,,,,,,EVT-1458,政策,国家发展改革委介绍上半年人工智能与算力建设进展,,国家发展改革委新闻发言人蒋毅在新闻发布会上介绍上半年人工智能自主创新突破、全国智能算力规模及“十五五”算力网建设投资测算。,0.9,,,,,,,,,,
EVT-1459,Event,东宏股份与万华化学集团物资有限公司签订采购框架合同,,,,,,,,,,,,,,,EVT-1459,重大合同,东宏股份与万华化学集团物资有限公司签订采购框架合同,,东宏股份与万华化学集团物资有限公司分别签订中标标段对应的《采购框架合同》，合同预估总金额为人民币18，000万元。,0.95,,,,,,,,,,
EVT-1460,Event,海思科预计上半年归母净利润同比大增,,,,,,,,,,,,,,,EVT-1460,业绩,海思科预计上半年归母净利润同比大增,,海思科医药集团股份有限公司预计上半年实现归母净利润7.9亿元至8.7亿元，同比增长513.25%至575.35%。,0.95,,,,,,,,,,
EVT-1461,Event,石药创新预计上半年扭亏为盈,,,,,,,,,,,,,,,EVT-1461,业绩,石药创新预计上半年扭亏为盈,,石药创新制药股份有限公司预计今年上半年实现归母净利润11.8亿元至13.6亿元，同比扭亏为盈。,0.95,,,,,,,,,,
EVT-1462,Event,8月首个交易日A股缩量震荡,,,,,,,,,,,,,,,EVT-1462,重大经营,8月首个交易日A股缩量震荡,2026-08-03,8月3日A股市场缩量震荡，超4000只股票上涨，大盘科技股下跌带动指数调整。,0.9,,,,,,,,,,
EVT-1463,Event,中国人民银行开展1340亿元7天期及6000亿元隔夜逆回购操作,,,,,,,,,,,,,,,EVT-1463,政策,中国人民银行开展1340亿元7天期及6000亿元隔夜逆回购操作,2026-07-31,中国人民银行以固定利率、数量招标方式开展1340亿元7天期逆回购操作，操作利率1.40%，并开展6000亿元隔夜逆回购操作。,0.9,,,,,,,,,,
EVT-1464,Event,长鑫科技盘中涨超13%且总市值突破4万亿元,,,,,,,,,,,,,,,EVT-1464,重大经营,长鑫科技盘中涨超13%且总市值突破4万亿元,2026-07-31,长鑫科技当日盘中一度涨超13%，总市值突破4万亿元。,0.85,,,,,,,,,,
EVT-1465,Event,新易盛、中际旭创重回主力资金净流入前十,,,,,,,,,,,,,,,EVT-1465,重大经营,新易盛、中际旭创重回主力资金净流入前十,,新易盛获17.84亿元净流入、股价上涨6.71%，中际旭创获17.30亿元净流入、股价上涨4.40%，光通信龙头重回主力资金净流入前十。,0.85,,,,,,,,,,
EVT-1466,Event,智谱AI概念持续走高，传智教育5连板,,,,,,,,,,,,,,,EVT-1466,重大经营,智谱AI概念持续走高，传智教育5连板,,智谱AI概念板块持续走高，传智教育5连板，多只个股涨停或大幅上涨。,0.85,,,,,,,,,,
EVT-1467,Event,银行板块震荡走弱，农业银行跌超4%,,,,,,,,,,,,,,,EVT-1467,重大经营,银行板块震荡走弱，农业银行跌超4%,,银行板块震荡走弱，农业银行跌超4%，中国银行、宁波银行、交通银行、工商银行跟跌。,0.85,,,,,,,,,,
EVT-1468,Event,威海新北洋荣鑫科技股份有限公司中标中国工商银行2026年度网点新型客户交互终端项目,,,,,,,,,,,,,,,EVT-1468,重大合同,威海新北洋荣鑫科技股份有限公司中标中国工商银行2026年度网点新型客户交互终端项目,,新北洋控股子公司威海新北洋荣鑫科技股份有限公司收到中信国际招标有限公司签发的《中标通知书》，被确认为中国工商银行股份有限公司2026年度网点新型客户交互终端项目中标人。,0.95,,,,,,,,,,
EVT-1469,Event,宁德时代上半年营收与净利润双增长,,,,,,,,,,,,,,,EVT-1469,业绩,宁德时代上半年营收与净利润双增长,,宁德时代上半年实现营收2769.2亿元，同比增长54.8%；归母净利润432.8亿元，同比增长41.98%。,0.95,,,,,,,,,,
EVT-1470,Event,瑞银集团二季度新进持仓宁德时代2736.66万股,,,,,,,,,,,,,,,EVT-1470,股权,瑞银集团二季度新进持仓宁德时代2736.66万股,,瑞银集团二季度新进持仓宁德时代2736.66万股，为2018年底以来时隔7年多再次进入公司前十大流通股东名单。,0.9,,,,,,,,,,
EVT-1471,Event,金煤科技上半年同比扭亏为盈,,,,,,,,,,,,,,,EVT-1471,业绩,金煤科技上半年同比扭亏为盈,,金煤科技上半年实现营收4.78亿元，同比增长1.06%；归母净利润2041.38万元，同比扭亏为盈。,0.95,,,,,,,,,,
EVT-1472,Event,昊志机电上半年净利润同比增长266.57%,,,,,,,,,,,,,,,EVT-1472,业绩,昊志机电上半年净利润同比增长266.57%,,昊志机电上半年实现营收11.66亿元，同比增长65.86%；归母净利润2.32亿元，同比增长266.57%。,0.95,,,,,,,,,,
EVT-1473,Event,江波龙预计上半年净利润同比增长超600倍,,,,,,,,,,,,,,,EVT-1473,业绩,江波龙预计上半年净利润同比增长超600倍,,存储龙头江波龙预计上半年净利润92亿元至110亿元，同比增长超过600倍，成为已披露公司中的“预增王”。,0.95,,,,,,,,,,
EVT-1474,Event,埃斯顿等机器人产业链公司预计上半年业绩大幅预增,,,,,,,,,,,,,,,EVT-1474,业绩,埃斯顿等机器人产业链公司预计上半年业绩大幅预增,,埃斯顿预计上半年净利润同比增长超过20倍，凯尔达预计同比增长超过10倍，拓斯达预计增长213%至300%。,0.95,,,,,,,,,,
EVT-1475,Event,国家药监局上半年批准38个1类创新药上市,,,,,,,,,,,,,,,EVT-1475,监管,国家药监局上半年批准38个1类创新药上市,,今年上半年国家药监局共批准38个1类创新药上市，其中11个为全新靶点、全新机制药物，全部为国产。,0.9,,,,,,,,,,
EVT-1476,Event,昭衍新药预计上半年净利润同比增长885%至1377%,,,,,,,,,,,,,,,EVT-1476,业绩,昭衍新药预计上半年净利润同比增长885%至1377%,,医药研发外包龙头昭衍新药预计上半年净利润同比增长885%至1377%，海思科预计增长513%至575%。,0.95,,,,,,,,,,
EVT-1477,Event,新易盛预计2026年上半年净利润同比大幅增长,,,,,,,,,,,,,,,EVT-1477,业绩,新易盛预计2026年上半年净利润同比大幅增长,,新易盛预计2026年上半年实现净利润70亿元至80亿元，同比增长77.56%至102.93%。,0.95,,,,,,,,,,
EVT-1478,Event,鸿仕达预计上半年净利润同比增长近三倍,,,,,,,,,,,,,,,EVT-1478,业绩,鸿仕达预计上半年净利润同比增长近三倍,,鸿仕达预计上半年实现净利润2200万元至2600万元，同比增幅高达296.75%至368.88%。,0.95,,,,,,,,,,
EVT-1479,Event,天赐材料预计2026年上半年净利润同比增长逾9倍,,,,,,,,,,,,,,,EVT-1479,业绩,天赐材料预计2026年上半年净利润同比增长逾9倍,,天赐材料预计2026年上半年实现净利润27亿元至30亿元，同比增长907.84%至1019.82%。,0.95,,,,,,,,,,
EVT-1480,Event,恒逸石化和粤海饲料预计上半年净利润增幅上限超1300%,,,,,,,,,,,,,,,EVT-1480,业绩,恒逸石化和粤海饲料预计上半年净利润增幅上限超1300%,,恒逸石化和粤海饲料均预计上半年净利润同比增幅上限在1300%以上。,0.9,,,,,,,,,,
EVT-1481,Event,奥浦迈等发布半年度业绩预告,,,,,,,,,,,,,,,EVT-1481,业绩,奥浦迈等发布半年度业绩预告,2026-07-22,7月22日，联讯仪器、奥浦迈等发布半年度业绩预告，业绩预增的上市公司数量持续增加。,0.9,,,,,,,,,,
EVT-1482,Event,哈药股份连续5个交易日涨停,,,,,,,,,,,,,,,EVT-1482,重大经营,哈药股份连续5个交易日涨停,,近期发布中报业绩预告的低位股哈药股份、星网锐捷、亚联机械等在预告发布后第二天涨停，哈药股份连续5个交易日涨停。,0.85,,,,,,,,,,
EVT-1483,Event,泰诺麦博登陆科创板,,,,,,,,,,,,,,,EVT-1483,股权,泰诺麦博登陆科创板,2026-07-21,科创板第五套上市标准企业泰诺麦博登陆科创板，成为又一家上市时未盈利企业。,0.9,,,,,,,,,,
EVT-1484,Event,证监会宣布扩大第五套上市标准适用范围至人工智能大模型领域,,,,,,,,,,,,,,,EVT-1484,政策,证监会宣布扩大第五套上市标准适用范围至人工智能大模型领域,,证监会主席吴清在2026陆家嘴论坛宣布，科创板将扩大第五套上市标准适用范围至人工智能大模型领域，并支持量子科技、生物制造、具身智能等领域硬科技企业上市。,0.9,,,,,,,,,,
EVT-1485,Event,中芯国际收购中芯北方49%股权交易收官,,,,,,,,,,,,,,,EVT-1485,投资并购,中芯国际收购中芯北方49%股权交易收官,,中芯国际以406亿元收购中芯北方49%股权的交易正式收官，成为科创板设立以来规模最大的发行股份购买资产交易案。,0.9,,,,,,,,,,
EVT-1486,Event,芯导科技收购瞬雷科技项目获上交所审核通过,,,,,,,,,,,,,,,EVT-1486,投资并购,芯导科技收购瞬雷科技项目获上交所审核通过,2026-07-16,芯导科技发行可转债并配套现金收购瞬雷科技项目获上交所并购重组委审核通过。,0.9,,,,,,,,,,
EVT-1487,Event,证监会召开上市公司、行业机构、专家学者系列座谈会,,,,,,,,,,,,,,,EVT-1487,监管,证监会召开上市公司、行业机构、专家学者系列座谈会,2026-07-20,7月20日下午至21日证监会召开系列座谈会听取意见建议，表示将认真研究吸收，增强市场内在稳定性。,0.9,,,,,,,,,,
EVT-1488,Event,长鑫科技发行网上网下认购缴款结束,,,,,,,,,,,,,,,EVT-1488,股权,长鑫科技发行网上网下认购缴款结束,2026-07-20,长鑫科技公告本次发行的网上、网下认购缴款工作已于2026年7月20日（T+2日）结束。,0.9,,,,,,,,,,
EVT-1489,Event,中际旭创在香港发行5450万股,,,,,,,,,,,,,,,EVT-1489,股权,中际旭创在香港发行5450万股,,中际旭创公告将在香港发行5450万股，最高发行价每股1010港元，最高融资额料达550亿港元。,0.9,,,,,,,,,,
EVT-1490,Event,源杰科技预计上半年净利润同比增长1197%-1305%,,,,,,,,,,,,,,,EVT-1490,业绩,源杰科技预计上半年净利润同比增长1197%-1305%,,源杰科技公告预计上半年净利润6.00亿元-6.50亿元，同比增长1197%-1305%。,0.9,,,,,,,,,,
EVT-1491,Event,创业板新能源ETF华泰柏瑞（159069）上市,,,,,,,,,,,,,,,EVT-1491,产品,创业板新能源ETF华泰柏瑞（159069）上市,2026-07-21,创业板新能源ETF华泰柏瑞（159069）于7月21日上市，一键覆盖电池、光伏、自动化设备、风电及电网设备等新能源多元细分赛道。,0.95,,,,,,,,,,
EVT-1492,Event,海光信息预计上半年归母净利润17亿元至18.3亿元,,,,,,,,,,,,,,,EVT-1492,业绩,海光信息预计上半年归母净利润17亿元至18.3亿元,,海光信息技术股份有限公司预计上半年实现归母净利润17亿元至18.3亿元，同比增长41.50%至52.32%。,0.9,,,,,,,,,,
EVT-1493,Event,摩尔线程预计营业收入16.5亿元至17.5亿元,,,,,,,,,,,,,,,EVT-1493,业绩,摩尔线程预计营业收入16.5亿元至17.5亿元,,摩尔线程智能科技（北京）股份有限公司预计营业收入16.5亿元至17.5亿元，为上年同期的235.12%至249.37%。,0.9,,,,,,,,,,
EVT-1494,Event,芯原微电子新签订单合计146.53亿元,,,,,,,,,,,,,,,EVT-1494,重大合同,芯原微电子新签订单合计146.53亿元,,芯原微电子（上海）股份有限公司2026年1月1日至7月16日新签订单合计146.53亿元。,0.9,,,,,,,,,,
EVT-1495,Event,先惠技术及子公司收到宁德时代合同及定点通知单约9.2亿元,,,,,,,,,,,,,,,EVT-1495,重大合同,先惠技术及子公司收到宁德时代合同及定点通知单约9.2亿元,,上海先惠自动化技术股份有限公司及控股子公司自3月以来累计收到宁德时代新能源科技股份有限公司及其控股子公司合同及定点通知单约9.2亿元。,0.9,,,,,,,,,,
EVT-1496,Event,国家药监局上半年批准药品上市注册申请2318件、“全球新”创新药38个,,,,,,,,,,,,,,,EVT-1496,监管,国家药监局上半年批准药品上市注册申请2318件、“全球新”创新药38个,,国家药监局今年共批准药品上市注册申请2318件，其中“全球新”创新药38个。,0.9,,,,,,,,,,
EVT-1497,Event,多款全球首创创新药获批上市,,,,,,,,,,,,,,,EVT-1497,产品,多款全球首创创新药获批上市,2026-06-22,百利天恒双抗ADC、科济药业实体瘤CAR-T、智翔金泰双特异性抗体、普莱医药抗菌肽新药等全球首创产品获批。,0.9,,,,,,,,,,
EVT-1498,Event,百济神州、恒瑞医药创新药业绩兑现,,,,,,,,,,,,,,,EVT-1498,业绩,百济神州、恒瑞医药创新药业绩兑现,,百济神州2025年首次全年盈利并在2026年一季度延续，恒瑞医药2026年一季度创新药收入45.26亿元、同比增长25.75%。,0.9,,,,,,,,,,
EVT-1499,Event,品牌工程指数成分股上周涨幅居前,,,,,,,,,,,,,,,EVT-1499,业绩,品牌工程指数成分股上周涨幅居前,,上周品牌工程指数多只成分股表现强势，信立泰上涨32.94%排在涨幅榜首位，丸美生物上涨25.42%居次席。,0.9,,,,,,,,,,
EVT-1500,Event,2026年以来品牌工程指数成分股涨幅居前,,,,,,,,,,,,,,,EVT-1500,业绩,2026年以来品牌工程指数成分股涨幅居前,,2026年以来国瓷材料上涨231.65%排在涨幅榜首位，兆易创新上涨216.81%紧随其后，长电科技上涨147.36%。,0.9,,,,,,,,,,
EVT-1501,Event,创业板新能源ETF华泰柏瑞（159069）于6月22日发售,,,,,,,,,,,,,,,EVT-1501,产品,创业板新能源ETF华泰柏瑞（159069）于6月22日发售,2026-06-22,创业板新能源ETF华泰柏瑞（159069）于6月22日发售，一键打包光伏、锂电、储能、新能源车等赛道龙头。,0.9,,,,,,,,,,
EVT-1502,Event,华泰柏瑞基金累计八次荣获“被动投资金牛基金公司”,,,,,,,,,,,,,,,EVT-1502,业绩,华泰柏瑞基金累计八次荣获“被动投资金牛基金公司”,,华泰柏瑞基金累计八次荣获“被动投资金牛基金公司”，在被动投资领域累计摘得18座金牛奖。,0.85,,,,,,,,,,
EVT-1503,Event,《中华人民共和国审计法实施条例》经国务院常务会议修订通过并公布,,,,,,,,,,,,,,,EVT-1503,政策,《中华人民共和国审计法实施条例》经国务院常务会议修订通过并公布,2026-08-31,国务院第95次常务会议修订通过《中华人民共和国审计法实施条例》并予公布，自2026年12月1日起施行。,0.95,,,,,,,,,,
EVT-1504,Event,国务院令第847号第二次修订《中华人民共和国审计法实施条例》,,,,,,,,,,,,,,,EVT-1504,政策,国务院令第847号第二次修订《中华人民共和国审计法实施条例》,2026-09-19,国务院以第847号国务院令对《中华人民共和国审计法实施条例》进行第二次修订。,0.9,,,,,,,,,,
EVT-1505,Event,《中华人民共和国审计法实施条例》开始施行,,,,,,,,,,,,,,,EVT-1505,政策,《中华人民共和国审计法实施条例》开始施行,2026-12-01,本条例自2026年12月1日起施行。,0.9,,,,,,,,,,
EVT-1506,Event,国务院同意印发“高效办成一件事”2026年度第二批重点事项清单,,,,,,,,,,,,,,,EVT-1506,政策,国务院同意印发“高效办成一件事”2026年度第二批重点事项清单,,《“高效办成一件事”2026年度第二批重点事项清单》经国务院同意后印发实施。,0.9,,,,,,,,,,
EVT-1507,Event,国务院部署优化政务服务、推动“高效办成一件事”,,,,,,,,,,,,,,,EVT-1507,政策,国务院部署优化政务服务、推动“高效办成一件事”,,要求结合已推出重点事项，统筹做好2026年度第二批重点事项清单实施工作。,0.9,,,,,,,,,,
EVT-1508,Event,文化和旅游部印发《非物质文化遗产保护传承“十五五”规划》,,,,,,,,,,,,,,,EVT-1508,政策,文化和旅游部印发《非物质文化遗产保护传承“十五五”规划》,2026-09-20,文化和旅游部编制并印发《非物质文化遗产保护传承“十五五”规划》，要求结合实际认真组织实施。,0.95,,,,,,,,,,
EVT-1509,Event,农业农村部、工业和信息化部印发《全国农业机械化发展“十五五”规划》,,,,,,,,,,,,,,,EVT-1509,政策,农业农村部、工业和信息化部印发《全国农业机械化发展“十五五”规划》,2026-09-09,两部门研究制定并印发《全国农业机械化发展“十五五”规划》，要求各地认真贯彻落实。,0.95,,,,,,,,,,
EVT-1510,Event,经国务院同意提出进一步加强烟花爆竹全链条安全监管的意见,,,,,,,,,,,,,,,EVT-1510,政策,经国务院同意提出进一步加强烟花爆竹全链条安全监管的意见,,经国务院同意，就烟花爆竹生产、储存、经营、运输、燃放等各环节全链条安全监管提出意见。,0.95,,,,,,,,,,
EVT-1511,Event,本意见自印发之日起施行并废止国办发〔2010〕53号文件,,,,,,,,,,,,,,,EVT-1511,政策,本意见自印发之日起施行并废止国办发〔2010〕53号文件,,本意见自印发之日起施行，同时废止2010年国务院办公厅转发的烟花爆竹安全监督管理工作意见通知。,0.9,,,,,,,,,,
EVT-1512,Event,两部门印发《电子信息制造业发展“十五五”规划》,,,,,,,,,,,,,,,EVT-1512,政策,两部门印发《电子信息制造业发展“十五五”规划》,2026-09-10,工业和信息化部、国家发展改革委联合印发《电子信息制造业发展“十五五”规划》，要求结合实际认真贯彻实施。,0.95,,,,,,,,,,
EVT-1513,Event,商务部等8部门印发《促进智能家居消费行动方案》,,,,,,,,,,,,,,,EVT-1513,政策,商务部等8部门印发《促进智能家居消费行动方案》,2026-09-02,商务部等8部门联合印发促进智能家居消费行动方案，从研发、标准、补贴、适老化、回收等方面部署举措。,0.9,,,,,,,,,,
EVT-1514,Event,鼓励金融机构开发家居家装领域消费金融产品,,,,,,,,,,,,,,,EVT-1514,政策,鼓励金融机构开发家居家装领域消费金融产品,2026-09-02,政策提出用好个人消费贷款财政贴息政策，引导金融机构加大对智能家居消费等贷款支持力度。,0.8,,,,,,,,,,
EVT-1515,Event,推动基础电信企业家庭宽带网络设备默认开启IPv6,,,,,,,,,,,,,,,EVT-1515,政策,推动基础电信企业家庭宽带网络设备默认开启IPv6,,政策提出推动基础电信企业自有环境家庭宽带网络设备默认开启IPv6，提升家庭网络IPv6连通率。,0.85,,,,,,,,,,
EVT-1516,Event,四部门印发《关于加快农业保险高质量发展的实施方案》,,,,,,,,,,,,,,,EVT-1516,政策,四部门印发《关于加快农业保险高质量发展的实施方案》,2026-09-08,经国务院同意，财政部、农业农村部、金融监管总局、国家林草局联合印发《关于加快农业保险高质量发展的实施方案》，要求抓好贯彻落实。,0.9,,,,,,,,,,
EVT-1517,Event,健全农业保险领域常态化监督机制,,,,,,,,,,,,,,,EVT-1517,监管,健全农业保险领域常态化监督机制,,方案要求健全农业保险领域常态化监督机制，财政、农业农村、保险监管、林业草原等部门加强联动，加大监督力度。,0.85,,,,,,,,,,
EVT-1518,Event,工业和信息化部印发《“人工智能+软件”专项行动实施方案》,,,,,,,,,,,,,,,EVT-1518,政策,工业和信息化部印发《“人工智能+软件”专项行动实施方案》,2026-09-02,工业和信息化部于2026年9月2日印发《“人工智能+软件”专项行动实施方案》，要求各地结合实际抓好贯彻落实。,0.95,,,,,,,,,,
EVT-1519,Event,分行业明确合理账期并要求大型企业对中小企业最长付款期限限制在60日内,,,,,,,,,,,,,,,EVT-1519,政策,分行业明确合理账期并要求大型企业对中小企业最长付款期限限制在60日内,,各行业主管部门制定结算支付管理规定，引导本行业大型企业将对中小企业最长付款期限限制在60日内。,0.9,,,,,,,,,,
EVT-1520,Event,对故意拉长账期的大型企业开展联合约谈并督促整改,,,,,,,,,,,,,,,EVT-1520,监管,对故意拉长账期的大型企业开展联合约谈并督促整改,,行业主管部门或监管部门、中国人民银行、市场监管总局等对故意拉长账期的大型企业开展联合约谈并督促整改。,0.9,,,,,,,,,,
EVT-1521,Event,压减电子凭证最长付款期限至6个月并限制相关融资,,,,,,,,,,,,,,,EVT-1521,政策,压减电子凭证最长付款期限至6个月并限制相关融资,,电子凭证服务平台不得新开立付款期限超过6个月的电子凭证，商业银行、商业保理公司不得为超期电子凭证提供融资。,0.9,,,,,,,,,,
EVT-1522,Event,电子凭证服务平台经营数据全量接入上海票据交易所接受监测,,,,,,,,,,,,,,,EVT-1522,监管,电子凭证服务平台经营数据全量接入上海票据交易所接受监测,,电子凭证服务平台落实备案管理等合规要求并将经营数据全量接入上海票据交易所，由其跨机构、全口径监测大型企业商业汇票和电子凭证开立情况。,0.9,,,,,,,,,,
EVT-1523,Event,农业农村部印发《全国渔业发展“十五五”规划》,,,,,,,,,,,,,,,EVT-1523,政策,农业农村部印发《全国渔业发展“十五五”规划》,2026-09-04,农业农村部以农渔发〔2026〕17号将《全国渔业发展“十五五”规划》印发给各省、自治区、直辖市农业农村（农牧）、渔业厅（局、委）及新疆生产建设兵团农业农村局。,0.95,,,,,,,,,,
EVT-1524,Event,国家版权局印发《版权工作“十五五”规划》,,,,,,,,,,,,,,,EVT-1524,政策,国家版权局印发《版权工作“十五五”规划》,2026-08-31,国家版权局将《版权工作“十五五”规划》印发给各省级版权局等单位，要求结合实际认真贯彻落实。,0.95,,,,,,,,,,
EVT-1525,Event,工业和信息化部印发《信息通信行业发展“十五五”规划》,,,,,,,,,,,,,,,EVT-1525,政策,工业和信息化部印发《信息通信行业发展“十五五”规划》,2026-08-12,工业和信息化部于2026年8月12日印发《信息通信行业发展“十五五”规划》，要求各单位结合实际认真贯彻实施。,0.95,,,,,,,,,,
EVT-1526,Event,《电力安全事故应急处置和调查处理条例》修订通过并公布,,,,,,,,,,,,,,,EVT-1526,政策,《电力安全事故应急处置和调查处理条例》修订通过并公布,2026-08-21,国务院第94次常务会议修订通过该条例并予公布，自2027年1月1日起施行。,0.95,,,,,,,,,,
EVT-1527,Event,国务院能源主管部门加强电力安全监督管理,,,,,,,,,,,,,,,EVT-1527,监管,国务院能源主管部门加强电力安全监督管理,2026-08-30,国务院能源主管部门负责加强电力安全监督管理，建立健全事故应急处置和调查处理各项制度，组织或者参与事故调查处理。,0.9,,,,,,,,,,
EVT-1528,Event,组织编制国家大面积停电事件应急预案,,,,,,,,,,,,,,,EVT-1528,政策,组织编制国家大面积停电事件应急预案,,国务院能源主管部门组织编制国家大面积停电事件应急预案，报国务院批准。,0.9,,,,,,,,,,
EVT-1529,Event,较大事故、一般事故由派出能源监管机构组织事故调查,,,,,,,,,,,,,,,EVT-1529,监管,较大事故、一般事故由派出能源监管机构组织事故调查,,较大事故、一般事故由派出能源监管机构组织事故调查组进行调查，国务院能源主管部门认为必要时可组织对较大事故的调查。,0.9,,,,,,,,,,
EVT-1530,Event,国务院通过并公布修改《住房公积金管理条例》的决定,,,,,,,,,,,,,,,EVT-1530,政策,国务院通过并公布修改《住房公积金管理条例》的决定,2026-07-31,国务院第93次常务会议通过修改《住房公积金管理条例》的决定并予公布，自2026年9月20日起施行。,0.95,,,,,,,,,,
EVT-1531,Event,单位不办理缴存登记的罚款额度提高至5万元以上30万元以下,,,,,,,,,,,,,,,EVT-1531,监管,单位不办理缴存登记的罚款额度提高至5万元以上30万元以下,,条例明确单位不办理住房公积金缴存登记或不为职工办理账户设立手续，逾期不办理的处5万元以上30万元以下罚款。,0.9,,,,,,,,,,
EVT-1532,Event,违法提取或骗取住房公积金贷款设定3年、5年限制期,,,,,,,,,,,,,,,EVT-1532,监管,违法提取或骗取住房公积金贷款设定3年、5年限制期,,条例规定以欺诈等手段违法提取住房公积金的3年内不得提取或使用贷款，违法获得贷款的5年内不得提取或使用贷款。,0.9,,,,,,,,,,
EVT-1533,Event,灵活就业人员可自愿缴存住房公积金,,,,,,,,,,,,,,,EVT-1533,政策,灵活就业人员可自愿缴存住房公积金,,条例新增规定，个体工商户、非全日制从业人员及其他灵活就业人员可以自愿缴存住房公积金并享受相应政策支持。,0.9,,,,,,,,,,
EVT-1534,Event,国务院批复原则同意《特殊教育发展提升“十五五”行动计划》,,,,,,,,,,,,,,,EVT-1534,政策,国务院批复原则同意《特殊教育发展提升“十五五”行动计划》,,国务院对教育部等报送的《特殊教育发展提升“十五五”行动计划》作出批复，原则同意该行动计划并要求认真组织实施。,0.95,,,,,,,,,,
EVT-1535,Event,国务院通过并公布修改和废止部分行政法规的决定,,,,,,,,,,,,,,,EVT-1535,政策,国务院通过并公布修改和废止部分行政法规的决定,2026-07-31,《国务院关于修改和废止部分行政法规的决定》经2026年7月31日国务院第93次常务会议通过并公布，自2026年8月15日起施行。,0.95,,,,,,,,,,
EVT-1536,Event,国务院修改12部行政法规的部分条款,,,,,,,,,,,,,,,EVT-1536,政策,国务院修改12部行政法规的部分条款,2026-08-15,为贯彻实施《中华人民共和国生态环境法典》，国务院决定对12部行政法规的部分条款予以修改。,0.9,,,,,,,,,,
EVT-1537,Event,国务院废止3部行政法规,,,,,,,,,,,,,,,EVT-1537,政策,国务院废止3部行政法规,2026-08-15,国务院决定对3部行政法规予以废止。,0.9,,,,,,,,,,
EVT-1538,Event,国务院原则同意重点林区“十五五”期间森林年采伐限额,,,,,,,,,,,,,,,EVT-1538,政策,国务院原则同意重点林区“十五五”期间森林年采伐限额,,经国务院批准，国务院原则同意国家林草局编制的重点林区“十五五”期间森林年采伐限额，要求认真贯彻执行。,0.95,,,,,,,,,,
EVT-1539,Event,国家林草局加强指导督促严格执行限额采伐、凭证采伐制度,,,,,,,,,,,,,,,EVT-1539,监管,国家林草局加强指导督促严格执行限额采伐、凭证采伐制度,,要求国家林草局加强指导，督促各省（自治区、直辖市）严格执行限额采伐、凭证采伐制度，对乱砍滥伐等破坏森林资源行为依法依规追究责任。,0.9,,,,,,,,,,
EVT-1540,Event,《集成电路布图设计保护条例》经国务院常务会议修订通过并公布,,,,,,,,,,,,,,,EVT-1540,政策,《集成电路布图设计保护条例》经国务院常务会议修订通过并公布,2026-07-10,国务院第91次常务会议修订通过《集成电路布图设计保护条例》，予以公布，自2026年10月15日起施行。,0.95,,,,,,,,,,
EVT-1541,Event,国务院以第842号令修订《集成电路布图设计保护条例》,,,,,,,,,,,,,,,EVT-1541,政策,国务院以第842号令修订《集成电路布图设计保护条例》,2026-07-23,该条例由中华人民共和国国务院令第842号修订。,0.9,,,,,,,,,,
EVT-1542,Event,国务院印发《知识产权保护和运用“十五五”规划》,,,,,,,,,,,,,,,EVT-1542,政策,国务院印发《知识产权保护和运用“十五五”规划》,,国务院将《知识产权保护和运用“十五五”规划》印发给各省、自治区、直辖市人民政府及国务院各部门贯彻执行。,0.95,,,,,,,,,,
EVT-1543,Event,国家知识产权局统筹推进“十五五”知识产权规划实施,,,,,,,,,,,,,,,EVT-1543,政策,国家知识产权局统筹推进“十五五”知识产权规划实施,,国家知识产权局加强统筹协调，会同有关部门做好政策宣传解读，制定年度推进计划并开展动态监测、中期评估和总结评估。,0.9,,,,,,,,,,
EVT-1544,Event,国务院办公厅印发《关于国务院行政复议案件处理程序的若干规定》,,,,,,,,,,,,,,,EVT-1544,政策,国务院办公厅印发《关于国务院行政复议案件处理程序的若干规定》,,经国务院同意，国务院办公厅印发《关于国务院行政复议案件处理程序的若干规定》，要求认真贯彻执行。,0.95,,,,,,,,,,
EVT-1545,Event,《关于国务院行政复议案件处理程序的若干规定》自印发之日起施行并废止2001年通知,,,,,,,,,,,,,,,EVT-1545,政策,《关于国务院行政复议案件处理程序的若干规定》自印发之日起施行并废止2001年通知,,本规定自印发之日起施行，《国务院办公厅关于国务院行政复议案件处理程序若干问题的通知》（国办发〔2001〕38号）同时废止。,0.95,,,,,,,,,,
EVT-1546,Event,国务院印发《全民健身计划（2026 — 2030年）》,,,,,,,,,,,,,,,EVT-1546,政策,国务院印发《全民健身计划（2026 — 2030年）》,,国务院将《全民健身计划（2026 — 2030年）》印发给各省、自治区、直辖市人民政府及国务院各部委、各直属机构贯彻执行。,0.95,,,,,,,,,,
EVT-1547,Event,修订《全民健身条例》《社会体育指导员管理办法》等法规规章,,,,,,,,,,,,,,,EVT-1547,政策,修订《全民健身条例》《社会体育指导员管理办法》等法规规章,,计划提出修订《全民健身条例》、《社会体育指导员管理办法》等法规规章，并制定加强新时代老年人体育工作、推进体育志愿服务工作等文件。,0.9,,,,,,,,,,
EVT-1548,Event,深入实施“人工智能+”行动赋能全民健身发展,,,,,,,,,,,,,,,EVT-1548,政策,深入实施“人工智能+”行动赋能全民健身发展,,加快人工智能在全民健身场地设施、赛事活动、健身指导、宣传推广等方面的应用。,0.9,,,,,,,,,,
EVT-1549,Event,完善全国性群众赛事活动体系并举办多项群众赛事,,,,,,,,,,,,,,,EVT-1549,政策,完善全国性群众赛事活动体系并举办多项群众赛事,,完善全国性群众赛事活动体系，举办全运会群众赛事活动、全国少数民族传统体育运动会、全国全民健身大赛、社区运动会，广泛开展全民健身日等主题活动。,0.9,,,,,,,,,,
EVT-1550,Event,国务院办公厅转发生态环境部等部门《群众身边水体保护治理行动方案》,,,,,,,,,,,,,,,EVT-1550,政策,国务院办公厅转发生态环境部等部门《群众身边水体保护治理行动方案》,,经国务院同意，国务院办公厅将生态环境部等六部门制定的《群众身边水体保护治理行动方案》转发各省、自治区、直辖市人民政府和国务院各部门贯彻落实。,0.95,,,,,,,,,,
EVT-1551,Event,国务院批复原则同意《扩大消费“十五五”规划》,,,,,,,,,,,,,,,EVT-1551,政策,国务院批复原则同意《扩大消费“十五五”规划》,,国务院批复原则同意《扩大消费“十五五”规划》，并要求认真组织实施。,0.95,,,,,,,,,,
EVT-1552,Event,《扩大消费“十五五”规划》明确2030年社会消费品零售总额达到60万亿元左右,,,,,,,,,,,,,,,EVT-1552,政策,《扩大消费“十五五”规划》明确2030年社会消费品零售总额达到60万亿元左右,,规划提出到2030年消费市场总体规模持续扩大，居民消费率明显提高，社会消费品零售总额达到60万亿元左右。,0.9,,,,,,,,,,
EVT-1553,Event,国务院批复原则同意《旅游强国建设“十五五”规划》,,,,,,,,,,,,,,,EVT-1553,政策,国务院批复原则同意《旅游强国建设“十五五”规划》,,国务院对文化和旅游部呈报的《旅游强国建设“十五五”规划》作出批复，原则同意并要求认真组织实施。,0.95,,,,,,,,,,
EVT-1554,Event,国务院批复原则同意《残疾人保障和发展“十五五”规划》,,,,,,,,,,,,,,,EVT-1554,政策,国务院批复原则同意《残疾人保障和发展“十五五”规划》,,国务院对残工委报送的《残疾人保障和发展“十五五”规划（送审稿）》作出批复，原则同意该规划并要求认真组织实施。,0.95,,,,,,,,,,
EVT-1555,Event,国务院要求各省区市人民政府落实残疾人保障和发展任务,,,,,,,,,,,,,,,EVT-1555,政策,国务院要求各省区市人民政府落实残疾人保障和发展任务,,批复要求各省、自治区、直辖市人民政府把残疾人保障和发展作为本地区“十五五”时期经济和社会发展的重要任务，确保《规划》各项目标任务和政策措施落到实处。,0.9,,,,,,,,,,
EVT-1556,Event,国务院印发《教育发展“十五五”规划》,,,,,,,,,,,,,,,EVT-1556,政策,国务院印发《教育发展“十五五”规划》,,国务院将《教育发展“十五五”规划》印发给各省、自治区、直辖市人民政府及国务院各部委、各直属机构，要求认真贯彻执行。,0.95,,,,,,,,,,
EVT-1557,Event,教育部会同有关方面建立健全教育强国建设常态化监测评估机制,,,,,,,,,,,,,,,EVT-1557,监管,教育部会同有关方面建立健全教育强国建设常态化监测评估机制,,教育部要会同有关方面建立健全教育强国建设常态化监测评估机制，构建规划监测评估体系，推进规划实施。,0.9,,,,,,,,,,
EVT-1558,Event,水库移民后期扶持期限延长,,,,,,,,,,,,,,,EVT-1558,政策,水库移民后期扶持期限延长,,对已纳入扶持范围的移民在现有基础上延长扶持期限5年，并对在建及新建水库相关移民按25年计算扶持期限。,0.9,,,,,,,,,,
EVT-1559,Event,扶持对象标准方式保持不变,,,,,,,,,,,,,,,EVT-1559,政策,扶持对象标准方式保持不变,,扶持对象仍为大中型水库农村移民，扶持标准仍为每人每年600元，可发放到个人或实行项目扶持或两者结合。,0.9,,,,,,,,,,
EVT-1560,Event,水利部核定后期扶持人口,,,,,,,,,,,,,,,EVT-1560,监管,水利部核定后期扶持人口,2026-06-30,截至2026年6月30日的后期扶持人口由水利部核定，新建水库产生的需纳入扶持范围的移民由水利部会同有关部门每年核定一次。,0.9,,,,,,,,,,
EVT-1561,Event,支持库区和移民安置区发展特色产业,,,,,,,,,,,,,,,EVT-1561,政策,支持库区和移民安置区发展特色产业,,支持库区和移民安置区立足资源禀赋和产业基础发展特色种植养殖、农产品加工、生态康养等特色产业，壮大新型农村集体经济。,0.9,,,,,,,,,,
EVT-1562,Event,国务院原则同意浙江、福建、山东等3省国家级自然保护区和国家级风景名胜区整合优化方案,,,,,,,,,,,,,,,EVT-1562,政策,国务院原则同意浙江、福建、山东等3省国家级自然保护区和国家级风景名胜区整合优化方案,,国务院批复原则同意浙江、福建、山东等3省国家级自然保护区和国家级风景名胜区整合优化方案，并要求认真组织实施。,0.95,,,,,,,,,,
EVT-1563,Event,国家林草局公布整合优化后自然保护地名称、区域范围、管控分区,,,,,,,,,,,,,,,EVT-1563,政策,国家林草局公布整合优化后自然保护地名称、区域范围、管控分区,,整合优化后国家级自然保护区和国家级风景名胜区的名称、区域范围、管控分区由国家林草局公布。,0.9,,,,,,,,,,
EVT-1564,Event,证监会对陈欢、周厚禄、李萍萍操纵证券市场作出行政处罚,,,,,,,,,,,,,,,EVT-1564,监管,证监会对陈欢、周厚禄、李萍萍操纵证券市场作出行政处罚,,"三人操纵证券市场相关交易无违法所得,被合计处以800万元罚款,其中陈欢300万元、周厚禄200万元、李萍萍300万元。",0.95,,,,,,,,,,
EVT-1565,Event,证监会对陈欢、李萍萍采取3年、对周厚禄采取2年证券市场禁止交易措施,,,,,,,,,,,,,,,EVT-1565,监管,证监会对陈欢、李萍萍采取3年、对周厚禄采取2年证券市场禁止交易措施,,"鉴于违法行为情节严重,对陈欢、李萍萍采取3年证券市场禁止交易措施,对周厚禄采取2年证券市场禁止交易措施。",0.95,,,,,,,,,,
EVT-1566,Event,相关公司公告筹划发行股份及支付现金购买某公司控制权,,,,,,,,,,,,,,,EVT-1566,投资并购,相关公司公告筹划发行股份及支付现金购买某公司控制权,2025-02-22,相关公司公告筹划以发行股份及支付现金方式购买某公司控制权并募集配套资金，构成重大资产重组内幕信息。,0.85,,,,,,,,,,
EVT-1567,Event,证监会对杨将内幕交易作出行政处罚,,,,,,,,,,,,,,,EVT-1567,监管,证监会对杨将内幕交易作出行政处罚,,"证监会认定杨将构成内幕交易，决定没收其违法所得2,156,230.61元并处6,468,691.83元罚款。",0.95,,,,,,,,,,
EVT-1568,Event,相关公司公告筹划发行股份及支付现金购买资产并募集配套资金,,,,,,,,,,,,,,,EVT-1568,投资并购,相关公司公告筹划发行股份及支付现金购买资产并募集配套资金,2025-02-22,相关公司公告筹划以发行股份及支付现金方式购买某公司控制权并募集配套资金，该重大资产重组事项构成内幕信息。,0.95,,,,,,,,,,
EVT-1569,Event,翁宇轩内幕交易相关公司股票,,,,,,,,,,,,,,,EVT-1569,监管,翁宇轩内幕交易相关公司股票,,"翁宇轩在内幕信息敏感期内与内幕信息知情人联络接触，控制使用多个证券账户买卖相关公司股票，盈利312,555.81元。",0.95,,,,,,,,,,
EVT-1570,Event,证监会对翁宇轩内幕交易作出行政处罚,,,,,,,,,,,,,,,EVT-1570,监管,证监会对翁宇轩内幕交易作出行政处罚,,"证监会责令翁宇轩依法处理非法持有的证券，没收违法所得312,555.81元并处以500,000元罚款。",0.95,,,,,,,,,,
EVT-1571,Event,元道通信在公告的证券发行文件中编造重大虚假内容,,,,,,,,,,,,,,,EVT-1571,监管,元道通信在公告的证券发行文件中编造重大虚假内容,,"2019年至2021年元道通信通过虚构工作量确认单等方式虚增营业收入,在公告的证券发行文件中编造重大虚假内容,违反《证券法》第十九条第一款。",0.95,,,,,,,,,,
EVT-1572,Event,元道通信2022年年度报告存在虚假记载,,,,,,,,,,,,,,,EVT-1572,监管,元道通信2022年年度报告存在虚假记载,,"元道通信2022年通过虚构工作量确认单等方式虚增营业收入166,218,396.33元,年报信息披露存在虚假记载。",0.95,,,,,,,,,,
EVT-1573,Event,证监会对元道通信及相关责任人员作出行政处罚,,,,,,,,,,,,,,,EVT-1573,监管,证监会对元道通信及相关责任人员作出行政处罚,,证监会对元道通信欺诈发行及信息披露违法行为作出罚款等行政处罚决定。,0.95,,,,,,,,,,
EVT-1574,Event,证监会对李晋、曹亚蕾采取证券市场禁入措施,,,,,,,,,,,,,,,EVT-1574,监管,证监会对李晋、曹亚蕾采取证券市场禁入措施,,"因违法情节严重,证监会对李晋采取5年、对曹亚蕾采取4年证券市场禁入措施。",0.95,,,,,,,,,,
EVT-1575,Event,大华所为东方集团出具的年报审计报告存在虚假记载,,,,,,,,,,,,,,,EVT-1575,监管,大华所为东方集团出具的年报审计报告存在虚假记载,,大华所在为东方集团提供2020年至2023年年报审计服务中未勤勉尽责，出具的审计报告存在虚假记载。,0.95,,,,,,,,,,
EVT-1576,Event,东方集团2020年至2023年年度报告因虚增收入成本存在虚假记载,,,,,,,,,,,,,,,EVT-1576,监管,东方集团2020年至2023年年度报告因虚增收入成本存在虚假记载,,东方集团通过人为增加业务环节或虚构业务链条，长期开展农产品融资性贸易和空转循环贸易，虚增收入和成本。,0.9,,,,,,,,,,
EVT-1577,Event,证监会对大华所及高世茂、霍耀俊作出行政处罚,,,,,,,,,,,,,,,EVT-1577,监管,证监会对大华所及高世茂、霍耀俊作出行政处罚,,依据《证券法》第二百一十三条第三款，证监会决定对大华所责令改正、没收审计业务收入并罚款，对高世茂、霍耀俊给予警告并罚款。,0.95,,,,,,,,,,
EVT-1578,Event,陈广华使用自媒体账号发布含税率调整内容的虚假信息,,,,,,,,,,,,,,,EVT-1578,监管,陈广华使用自媒体账号发布含税率调整内容的虚假信息,2026-02-03,陈广华用其实名认证、粉丝超103万的自媒体账号发布含有税率调整内容的信息，经查该信息为虚假信息。,0.95,,,,,,,,,,
EVT-1579,Event,证监会因陈广华编造、传播虚假信息对其处以20万元罚款,,,,,,,,,,,,,,,EVT-1579,监管,证监会因陈广华编造、传播虚假信息对其处以20万元罚款,,证监会认定陈广华违反《证券法》第五十六条第一款，构成编造、传播虚假信息行为，对其处以20万元罚款。,0.95,,,,,,,,,,
EVT-1580,Event,卢润凯编造、传播虚假信息,,,,,,,,,,,,,,,EVT-1580,监管,卢润凯编造、传播虚假信息,2026-02-02,卢润凯通过某APP生成含税率调整内容的文章并于当日用本人账号全文发布，经查该信息为虚假信息。,0.95,,,,,,,,,,
EVT-1581,Event,证监会对卢润凯处以20万元罚款,,,,,,,,,,,,,,,EVT-1581,监管,证监会对卢润凯处以20万元罚款,,中国证监会认定卢润凯构成编造、传播虚假信息行为，依据《证券法》第一百九十三条第一款决定对其处以20万元罚款。,0.95,,,,,,,,,,
EVT-1582,Event,马星瑞转发涉及税率调整的虚假信息,,,,,,,,,,,,,,,EVT-1582,监管,马星瑞转发涉及税率调整的虚假信息,2025-12-16,"马星瑞在微信群内浏览到涉及税率调整的相关信息后于当日原文转发至其他微信群,经查该信息为虚假信息。",0.95,,,,,,,,,,
EVT-1583,Event,证监会对马星瑞传播虚假信息处以30万元罚款,,,,,,,,,,,,,,,EVT-1583,监管,证监会对马星瑞传播虚假信息处以30万元罚款,,"我会认定马星瑞违反《证券法》第五十六条第一款,构成编造、传播虚假信息行为,决定对其处以30万元罚款。",0.95,,,,,,,,,,
EVT-1584,Event,宗建树编造并传播税率调整虚假信息,,,,,,,,,,,,,,,EVT-1584,监管,宗建树编造并传播税率调整虚假信息,2025-12-16,宗建树编造税率调整相关信息并在微信群内发布，经查为虚假信息，在互联网平台广泛传播，扰乱证券市场。,0.95,,,,,,,,,,
EVT-1585,Event,公安机关对宗建树处以罚款的行政处罚,,,,,,,,,,,,,,,EVT-1585,监管,公安机关对宗建树处以罚款的行政处罚,,公安机关已对宗建树处以罚款的行政处罚，证监会据此不再对其相关违法行为给予罚款。,0.9,,,,,,,,,,
EVT-1586,Event,证监会对宗建树采取5年市场禁入措施,,,,,,,,,,,,,,,EVT-1586,监管,证监会对宗建树采取5年市场禁入措施,,因违法行为情节严重，证监会决定对宗建树采取5年市场禁入措施。,0.95,,,,,,,,,,
EVT-1587,Event,证监会对柳玉平、王叶兰内幕交易作出行政处罚,,,,,,,,,,,,,,,EVT-1587,监管,证监会对柳玉平、王叶兰内幕交易作出行政处罚,,"证监会认定柳玉平、王叶兰共同实施内幕交易,决定没收违法所得并处罚款。",0.95,,,,,,,,,,
EVT-1588,Event,相关公司发布筹划发行股份及支付现金购买资产停牌公告,,,,,,,,,,,,,,,EVT-1588,投资并购,相关公司发布筹划发行股份及支付现金购买资产停牌公告,2024-11-22,"相关公司发布筹划发行股份及支付现金购买资产并募集配套资金事项的停牌公告,该信息构成内幕信息。",0.9,,,,,,,,,,
EVT-1589,Event,柳玉平、王叶兰内幕交易案听证与复核,,,,,,,,,,,,,,,EVT-1589,监管,柳玉平、王叶兰内幕交易案听证与复核,,"当事人提出换仓、无主观故意等申辩意见,证监会复核后不予采纳。",0.9,,,,,,,,,,
EVT-1590,Event,九有股份2020年无偿受让相关公司90%股权并记入营业外收入,,,,,,,,,,,,,,,EVT-1590,股权,九有股份2020年无偿受让相关公司90%股权并记入营业外收入,,九有股份披露无偿受让相关公司90%股权并记入营业外收入，实质为关联自然人无偿赠与，构成关联交易未及时披露。,0.9,,,,,,,,,,
EVT-1591,Event,九有股份子公司虚构互联网信息服务业务虚增收入和利润,,,,,,,,,,,,,,,EVT-1591,业绩,九有股份子公司虚构互联网信息服务业务虚增收入和利润,,2021年至2023年，九有股份子公司通过虚构互联网信息服务业务的方式虚增收入和利润，年度报告存在虚假记载。,0.9,,,,,,,,,,
EVT-1592,Event,证监会对中兴财光华及相关签字会计师作出行政处罚,,,,,,,,,,,,,,,EVT-1592,监管,证监会对中兴财光华及相关签字会计师作出行政处罚,,证监会认定中兴财光华审计执业未勤勉尽责、出具的审计报告存在虚假记载，决定没收业务收入并处罚款，对签字会计师给予警告并罚款。,0.9,,,,,,,,,,
EVT-1593,Event,相关公司发布收到要约收购报告书的公告,,,,,,,,,,,,,,,EVT-1593,股权,相关公司发布收到要约收购报告书的公告,2025-01-17,"相关公司发布关于收到要约收购报告书的公告,该要约收购事项公开前属于内幕信息。",0.92,,,,,,,,,,
EVT-1594,Event,公茂江内幕交易相关公司股票并获利,,,,,,,,,,,,,,,EVT-1594,监管,公茂江内幕交易相关公司股票并获利,2025-01-16,"公茂江控制使用多个证券账户在内幕信息公开前买入相关公司股票,公开后全部卖出,获利607,237.75元。",0.93,,,,,,,,,,
EVT-1595,Event,证监会对公茂江内幕交易作出行政处罚,,,,,,,,,,,,,,,EVT-1595,监管,证监会对公茂江内幕交易作出行政处罚,,"证监会决定没收公茂江违法所得607,237.75元,并处以1,821,713.25元罚款。",0.93,,,,,,,,,,
EVT-1596,Event,相关公司发布筹划发行股份及支付现金购买资产并募集配套资金公告,,,,,,,,,,,,,,,EVT-1596,投资并购,相关公司发布筹划发行股份及支付现金购买资产并募集配套资金公告,2025-05-14,相关公司公告筹划发行股份及支付现金购买资产并募集配套资金暨关联交易，该事项公开前构成内幕信息。,0.9,,,,,,,,,,
EVT-1597,Event,证监会认定柳锡专内幕交易并作出行政处罚,,,,,,,,,,,,,,,EVT-1597,监管,证监会认定柳锡专内幕交易并作出行政处罚,,"柳锡专在内幕信息敏感期内控制使用他人证券账户买入相关公司股票获利3,090,448.12元，被没收违法所得并处罚款。",0.95,,,,,,,,,,
EVT-1598,Event,证监会对吴凌玥、韩佩佩内幕交易案作出行政处罚,,,,,,,,,,,,,,,EVT-1598,监管,证监会对吴凌玥、韩佩佩内幕交易案作出行政处罚,,"证监会认定吴凌玥、韩佩佩共同控制证券账户买卖相关公司股票构成内幕交易，决定没收违法所得22,562,372.92元并处以67,687,118.76元罚款。",0.95,,,,,,,,,,
EVT-1599,Event,相关公司发布重大资产重组公告，构成内幕信息,,,,,,,,,,,,,,,EVT-1599,投资并购,相关公司发布重大资产重组公告，构成内幕信息,2024-09-29,相关公司发布重大资产重组公告，该事项构成内幕信息，内幕信息形成于2024年3月29日、公开于2024年9月29日。,0.9,,,,,,,,,,
EVT-1600,Event,吴凌玥、罗征内幕交易相关公司股票,,,,,,,,,,,,,,,EVT-1600,监管,吴凌玥、罗征内幕交易相关公司股票,,"内幕信息敏感期内二人共同控制使用“罗征”证券账户买入相关公司股票，内幕信息公开后全部卖出，违法所得15,577,694.08元。",0.9,,,,,,,,,,
EVT-1601,Event,证监会对吴凌玥、罗征作出行政处罚决定,,,,,,,,,,,,,,,EVT-1601,监管,证监会对吴凌玥、罗征作出行政处罚决定,,"证监会决定没收吴凌玥、罗征违法所得15,577,694.08元，并处以46,733,082.24元罚款，合计62,310,776.32元。",0.9,,,,,,,,,,
EVT-1602,Event,证监会对际华集团年报虚假记载作出行政处罚,,,,,,,,,,,,,,,EVT-1602,监管,证监会对际华集团年报虚假记载作出行政处罚,,"证监会认定际华集团2018年至2021年年度报告存在虚假记载,决定对际华集团及相关责任人给予警告并罚款。",0.95,,,,,,,,,,
EVT-1603,Event,际华集团跨期确认土地出售收入导致2020年年报虚减利润,,,,,,,,,,,,,,,EVT-1603,业绩,际华集团跨期确认土地出售收入导致2020年年报虚减利润,,"际华集团全资子公司跨期确认襄阳土地出售收入,导致2020年年度报告虚减利润总额502,111,658.99元。",0.9,,,,,,,,,,
EVT-1604,Event,际华国贸开展融资性贸易致际华集团虚增营业收入,,,,,,,,,,,,,,,EVT-1604,业绩,际华国贸开展融资性贸易致际华集团虚增营业收入,,"2018年至2019年际华国贸与多家公司开展融资性贸易业务并确认营业收入和营业成本,导致际华集团相应年度营收成本虚增。",0.9,,,,,,,,,,
EVT-1605,Event,际华新材料开展代理业务致际华集团虚增营业收入,,,,,,,,,,,,,,,EVT-1605,业绩,际华新材料开展代理业务致际华集团虚增营业收入,,"2020年至2021年际华新材料与多家公司开展代理业务并用总额法确认收入,导致际华集团相应年度营收成本虚增。",0.9,,,,,,,,,,
EVT-1606,Event,中兴财光华为江苏吴中2022年、2023年年报审计出具存在虚假记载的审计报告,,,,,,,,,,,,,,,EVT-1606,监管,中兴财光华为江苏吴中2022年、2023年年报审计出具存在虚假记载的审计报告,,"中兴财光华受聘为江苏吴中2022年和2023年年度财务报表提供审计服务并出具标准无保留意见审计报告,因未勤勉尽责致审计报告存在虚假记载。",0.95,,,,,,,,,,
EVT-1607,Event,证监会对中兴财光华责令改正并没收收入、处以罚款,,,,,,,,,,,,,,,EVT-1607,监管,证监会对中兴财光华责令改正并没收收入、处以罚款,,"证监会决定对中兴财光华会计师事务所(特殊普通合伙)责令改正,没收审计业务收入2,075,471.68元,并处6,226,415.04元罚款。",0.95,,,,,,,,,,
EVT-1608,Event,证监会对签字注册会计师俞俊、楼佳男给予警告并罚款,,,,,,,,,,,,,,,EVT-1608,监管,证监会对签字注册会计师俞俊、楼佳男给予警告并罚款,,"证监会决定对签字注册会计师俞俊、楼佳男给予警告,并分别处以50万元罚款。",0.95,,,,,,,,,,
EVT-1609,Event,江苏吴中2020年、2021年虚增收入成本利润并形成关联方非经营性占用资金,,,,,,,,,,,,,,,EVT-1609,业绩,江苏吴中2020年、2021年虚增收入成本利润并形成关联方非经营性占用资金,,"江苏吴中2020年和2021年通过无商业实质的贸易业务虚增营业收入、营业成本和利润,形成关联方非经营性占用资金且未按规定披露。",0.9,,,,,,,,,,
EVT-1610,Event,证监会对中汇所及签字注册会计师孙玉霞、孙业亮作出行政处罚,,,,,,,,,,,,,,,EVT-1610,监管,证监会对中汇所及签字注册会计师孙玉霞、孙业亮作出行政处罚,,"中汇所为江苏吴中2020年、2021年年报审计未勤勉尽责、审计报告存在虚假记载,证监会对中汇所责令改正、没收审计业务收入并罚款,对孙玉霞、孙业亮给予警告并各罚款50万元。",0.9,,,,,,,,,,
EVT-1611,Event,天健所出具的普利制药2021年、2022年年度审计报告存在虚假记载,,,,,,,,,,,,,,,EVT-1611,监管,天健所出具的普利制药2021年、2022年年度审计报告存在虚假记载,,"天健所为普利制药2021年、2022年年报审计机构,出具标准无保留意见审计报告,未勤勉尽责,审计报告存在虚假记载。",0.95,,,,,,,,,,
EVT-1612,Event,普利制药2021年至2022年虚增收入、利润,,,,,,,,,,,,,,,EVT-1612,业绩,普利制药2021年至2022年虚增收入、利润,,"普利制药通过虚构药品销售业务、将不具有控制权的贸易业务按总额法核算等方式虚增收入、利润,导致2021年和2022年年报存在虚假记载。",0.95,,,,,,,,,,
EVT-1613,Event,证监会对天健所责令改正、没收收入并处罚款,,,,,,,,,,,,,,,EVT-1613,监管,证监会对天健所责令改正、没收收入并处罚款,,"证监会决定对天健会计师事务所(特殊普通合伙)责令改正,没收审计业务收入210万元,并处以420万元罚款。",0.95,,,,,,,,,,
EVT-1614,Event,证监会对施其林、沈筱敏、何昌坚给予警告并处罚款,,,,,,,,,,,,,,,EVT-1614,监管,证监会对施其林、沈筱敏、何昌坚给予警告并处罚款,,"施其林、沈筱敏、何昌坚为直接负责的主管人员,被分别给予警告并处以60万元、60万元、30万元罚款。",0.9,,,,,,,,,,
EVT-1615,Event,赵杨等四人操纵股票被立案查处,,,,,,,,,,,,,,,EVT-1615,监管,赵杨等四人操纵股票被立案查处,2020-02-05,"赵杨、全寿山、王立华、班学钦控制多个他人证券账户,通过连续买卖等手法影响相关股票价格和交易量,共计获利156,779,370.92元。",0.95,,,,,,,,,,
EVT-1616,Event,证监会作出行政处罚:没收违法所得并罚款,,,,,,,,,,,,,,,EVT-1616,监管,证监会作出行政处罚:没收违法所得并罚款,,"证监会依据《证券法》第一百九十二条,没收四人违法所得156,779,370.92元,并处以470,338,112.76元罚款。",0.95,,,,,,,,,,
POL-0001,Policy,"""人工智能+""行动",,,,,,,,,,,,,,,,,,,,,POL-0001,"""人工智能+""行动",,,,,,,,
POL-0002,Policy,2023 年第一期股票期权激励计划,,,,,,,,,,,,,,,,,,,,,POL-0002,2023 年第一期股票期权激励计划,,,,,,,,
POL-0003,Policy,《2023年股票期权激励计划》,,,,,,,,,,,,,,,,,,,,,POL-0003,《2023年股票期权激励计划》,,,,,,,,
POL-0004,Policy,《2023年限制性股票激励计划》,,,,,,,,,,,,,,,,,,,,,POL-0004,《2023年限制性股票激励计划》,,,,,,,,
POL-0005,Policy,2026年H股激勵計劃,,,,,,,,,,,,,,,,,,,,,POL-0005,2026年H股激勵計劃,,,,,,,,
POL-0006,Policy,《2026 年度“提质增效重回报”行动方案》,,,,,,,,,,,,,,,,,,,,,POL-0006,《2026 年度“提质增效重回报”行动方案》,,,,,,,,
POL-0007,Policy,《2026 年贵州茅台酒市场化运营方案》,,,,,,,,,,,,,,,,,,,,,POL-0007,《2026 年贵州茅台酒市场化运营方案》,,,,,,,,
POL-0008,Policy,GB9706.1-2020,,,,,,,,,,,,,,,,,,,,,POL-0008,GB9706.1-2020,,,,,,,,
POL-0009,Policy,H 股“全流通”改革,,,,,,,,,,,,,,,,,,,,,POL-0009,H 股“全流通”改革,,,,,,,,
POL-0010,Policy,《“人工智能+软件”专项行动实施方案》,,,,,,,,,,,,,,,,,,,,,POL-0010,《“人工智能+软件”专项行动实施方案》,,,,,,,,
POL-0011,Policy,“十五五”规划纲要,,,,,,,,,,,,,,,,,,,,,POL-0011,“十五五”规划纲要,,,,,,,,
POL-0012,Policy,“高效办成一件事”2026年度第二批重点事项清单,,,,,,,,,,,,,,,,,,,,,POL-0012,“高效办成一件事”2026年度第二批重点事项清单,,,,,,,,
POL-0013,Policy,《化学药品注册分类及申报资料要求的通告》（2020 年第44 号）,,,,,,,,,,,,,,,,,,,,,POL-0013,《化学药品注册分类及申报资料要求的通告》（2020 年第44 号）,,,,,,,,
POL-0014,Policy,《上市公司信息披露管理办法》,,,,,,,,,,,,,,,,,,,,,POL-0014,《上市公司信息披露管理办法》,,,,,,,,
POL-0015,Policy,《上市公司募集资金监管规则》,,,,,,,,,,,,,,,,,,,,,POL-0015,《上市公司募集资金监管规则》,,,,,,,,
POL-0016,Policy,上市公司治理准则,,,,,,,,,,,,,,,,,,,,,POL-0016,上市公司治理准则,,,,,,,,
POL-0017,Policy,上市公司独立董事管理办法,,,,,,,,,,,,,,,,,,,,,POL-0017,上市公司独立董事管理办法,,,,,,,,
POL-0018,Policy,《上市公司监管指引第3 号——上市公司现金分红》,,,,,,,,,,,,,,,,,,,,,POL-0018,《上市公司监管指引第3 号——上市公司现金分红》,,,,,,,,
POL-0019,Policy,《上市公司股东会规则》,,,,,,,,,,,,,,,,,,,,,POL-0019,《上市公司股东会规则》,,,,,,,,
POL-0020,Policy,上市公司股份回购规则,,,,,,,,,,,,,,,,,,,,,POL-0020,上市公司股份回购规则,,,,,,,,
POL-0021,Policy,《上市公司股权激励管理办法》,,,,,,,,,,,,,,,,,,,,,POL-0021,《上市公司股权激励管理办法》,,,,,,,,
POL-0022,Policy,《上市公司董事会秘书监管规则》,,,,,,,,,,,,,,,,,,,,,POL-0022,《上市公司董事会秘书监管规则》,,,,,,,,
POL-0023,Policy,《上市公司证券发行注册管理办法》,,,,,,,,,,,,,,,,,,,,,POL-0023,《上市公司证券发行注册管理办法》,,,,,,,,
POL-0024,Policy,《上市规则》,,,,,,,,,,,,,,,,,,,,,POL-0024,《上市规则》,,,,,,,,
POL-0025,Policy,《上海市贯彻落实〈关于进一步促进民间投资发展的若干措施〉的行动方案》,,,,,,,,,,,,,,,,,,,,,POL-0025,《上海市贯彻落实〈关于进一步促进民间投资发展的若干措施〉的行动方案》,,,,,,,,
POL-0026,Policy,《上海汽车集团股份有限公司重大信息内部报告制度》,,,,,,,,,,,,,,,,,,,,,POL-0026,《上海汽车集团股份有限公司重大信息内部报告制度》,,,,,,,,
POL-0027,Policy,《上海证券交易所上市公司自律监管指引第12 号——可转换公司债券》,,,,,,,,,,,,,,,,,,,,,POL-0027,《上海证券交易所上市公司自律监管指引第12 号——可转换公司债券》,,,,,,,,
POL-0028,Policy,《上海证券交易所上市公司自律监管指引第7 号——回购股份》,,,,,,,,,,,,,,,,,,,,,POL-0028,《上海证券交易所上市公司自律监管指引第7 号——回购股份》,,,,,,,,
POL-0029,Policy,《上海证券交易所上市公司自律监管指引第7 号—回购股份》,,,,,,,,,,,,,,,,,,,,,POL-0029,《上海证券交易所上市公司自律监管指引第7 号—回购股份》,,,,,,,,
POL-0030,Policy,上海证券交易所科创板股票上市规则,,,,,,,,,,,,,,,,,,,,,POL-0030,上海证券交易所科创板股票上市规则,,,,,,,,
POL-0031,Policy,《上海证券交易所股票上市规则》,,,,,,,,,,,,,,,,,,,,,POL-0031,《上海证券交易所股票上市规则》,,,,,,,,
POL-0032,Policy,中医药领域国家标准,,,,,,,,,,,,,,,,,,,,,POL-0032,中医药领域国家标准,,,,,,,,
POL-0033,Policy,《中华人民共和国体育法》,,,,,,,,,,,,,,,,,,,,,POL-0033,《中华人民共和国体育法》,,,,,,,,
POL-0034,Policy,中华人民共和国公司法,,,,,,,,,,,,,,,,,,,,,POL-0034,中华人民共和国公司法,,,,,,,,
POL-0035,Policy,《中华人民共和国国民经济和社会发展第十五个五年规划纲要》,,,,,,,,,,,,,,,,,,,,,POL-0035,《中华人民共和国国民经济和社会发展第十五个五年规划纲要》,,,,,,,,
POL-0036,Policy,中华人民共和国审计法,,,,,,,,,,,,,,,,,,,,,POL-0036,中华人民共和国审计法,,,,,,,,
POL-0037,Policy,中华人民共和国审计法实施条例,,,,,,,,,,,,,,,,,,,,,POL-0037,中华人民共和国审计法实施条例,,,,,,,,
POL-0038,Policy,《中华人民共和国生态环境法典》,,,,,,,,,,,,,,,,,,,,,POL-0038,《中华人民共和国生态环境法典》,,,,,,,,
POL-0039,Policy,中华人民共和国突发事件应对法,,,,,,,,,,,,,,,,,,,,,POL-0039,中华人民共和国突发事件应对法,,,,,,,,
POL-0040,Policy,《中华人民共和国药品管理法》,,,,,,,,,,,,,,,,,,,,,POL-0040,《中华人民共和国药品管理法》,,,,,,,,
POL-0041,Policy,《中华人民共和国行政复议法》,,,,,,,,,,,,,,,,,,,,,POL-0041,《中华人民共和国行政复议法》,,,,,,,,
POL-0042,Policy,《中华人民共和国行政许可法》,,,,,,,,,,,,,,,,,,,,,POL-0042,《中华人民共和国行政许可法》,,,,,,,,
POL-0043,Policy,中华人民共和国证券法,,,,,,,,,,,,,,,,,,,,,POL-0043,中华人民共和国证券法,,,,,,,,
POL-0044,Policy,《中国工商银行“十五五”时期发展规划》,,,,,,,,,,,,,,,,,,,,,POL-0044,《中国工商银行“十五五”时期发展规划》,,,,,,,,
POL-0045,Policy,中国建筑股份有限公司董事及高级管理人员薪酬与考核管理办法,,,,,,,,,,,,,,,,,,,,,POL-0045,中国建筑股份有限公司董事及高级管理人员薪酬与考核管理办法,,,,,,,,
POL-0046,Policy,《中药饮片追溯码编码要求》,,,,,,,,,,,,,,,,,,,,,POL-0046,《中药饮片追溯码编码要求》,,,,,,,,
POL-0047,Policy,《企业会计准则》,,,,,,,,,,,,,,,,,,,,,POL-0047,《企业会计准则》,,,,,,,,
POL-0048,Policy,《企业会计准则第25 号——保险合同》,,,,,,,,,,,,,,,,,,,,,POL-0048,《企业会计准则第25 号——保险合同》,,,,,,,,
POL-0049,Policy,《企业会计准则第27 号》,,,,,,,,,,,,,,,,,,,,,POL-0049,《企业会计准则第27 号》,,,,,,,,
POL-0050,Policy,《企业会计准则解释第19 号》,,,,,,,,,,,,,,,,,,,,,POL-0050,《企业会计准则解释第19 号》,,,,,,,,
POL-0051,Policy,《企业会计准则解释第20 号》,,,,,,,,,,,,,,,,,,,,,POL-0051,《企业会计准则解释第20 号》,,,,,,,,
POL-0052,Policy,企业集团财务公司管理办法,,,,,,,,,,,,,,,,,,,,,POL-0052,企业集团财务公司管理办法,,,,,,,,
POL-0053,Policy,住房公积金管理条例,,,,,,,,,,,,,,,,,,,,,POL-0053,住房公积金管理条例,,,,,,,,
POL-0054,Policy,《保障中小企业款项支付条例》,,,,,,,,,,,,,,,,,,,,,POL-0054,《保障中小企业款项支付条例》,,,,,,,,
POL-0055,Policy,《信息通信行业发展“十五五”规划》,,,,,,,,,,,,,,,,,,,,,POL-0055,《信息通信行业发展“十五五”规划》,,,,,,,,
POL-0056,Policy,《全国农业机械化发展“十五五”规划》,,,,,,,,,,,,,,,,,,,,,POL-0056,《全国农业机械化发展“十五五”规划》,,,,,,,,
POL-0057,Policy,《全国污染源普查条例》,,,,,,,,,,,,,,,,,,,,,POL-0057,《全国污染源普查条例》,,,,,,,,
POL-0058,Policy,全国渔业发展“十五五”规划,,,,,,,,,,,,,,,,,,,,,POL-0058,全国渔业发展“十五五”规划,,,,,,,,
POL-0059,Policy,全国畜牧兽医行业发展“十五五”规划,,,,,,,,,,,,,,,,,,,,,POL-0059,全国畜牧兽医行业发展“十五五”规划,,,,,,,,
POL-0060,Policy,《全民健身条例》,,,,,,,,,,,,,,,,,,,,,POL-0060,《全民健身条例》,,,,,,,,
POL-0061,Policy,全民健身计划（2026 — 2030年）,,,,,,,,,,,,,,,,,,,,,POL-0061,全民健身计划（2026 — 2030年）,,,,,,,,
POL-0062,Policy,《全民医疗保障“十五五”规划》,,,,,,,,,,,,,,,,,,,,,POL-0062,《全民医疗保障“十五五”规划》,,,,,,,,
POL-0063,Policy,《公司2023 年持股计划持有人日常管理办法》,,,,,,,,,,,,,,,,,,,,,POL-0063,《公司2023 年持股计划持有人日常管理办法》,,,,,,,,
POL-0064,Policy,《公司信用类债券信息披露管理办法》,,,,,,,,,,,,,,,,,,,,,POL-0064,《公司信用类债券信息披露管理办法》,,,,,,,,
POL-0065,Policy,《公司债券发行与交易管理办法》,,,,,,,,,,,,,,,,,,,,,POL-0065,《公司债券发行与交易管理办法》,,,,,,,,
POL-0066,Policy,《公司未来三年(2026—2028 年)股东回报规划》,,,,,,,,,,,,,,,,,,,,,POL-0066,《公司未来三年(2026—2028 年)股东回报规划》,,,,,,,,
POL-0067,Policy,《公司法》,,,,,,,,,,,,,,,,,,,,,POL-0067,《公司法》,,,,,,,,
POL-0068,Policy,公司章程,,,,,,,,,,,,,,,,,,,,,POL-0068,公司章程,,,,,,,,
POL-0069,Policy,《公开征集上市公司股东权利管理暂行规定》,,,,,,,,,,,,,,,,,,,,,POL-0069,《公开征集上市公司股东权利管理暂行规定》,,,,,,,,
POL-0070,Policy,六张网,,,,,,,,,,,,,,,,,,,,,POL-0070,六张网,,,,,,,,
POL-0071,Policy,关于上市公司实施员工持股计划试点的指导意见,,,,,,,,,,,,,,,,,,,,,POL-0071,关于上市公司实施员工持股计划试点的指导意见,,,,,,,,
POL-0072,Policy,《关于上市公司股息红利差别化个人所得税政策有关问题的通知》,,,,,,,,,,,,,,,,,,,,,POL-0072,《关于上市公司股息红利差别化个人所得税政策有关问题的通知》,,,,,,,,
POL-0073,Policy,《关于加快农业保险高质量发展的实施方案》,,,,,,,,,,,,,,,,,,,,,POL-0073,《关于加快农业保险高质量发展的实施方案》,,,,,,,,
POL-0074,Policy,《关于国务院行政复议案件处理程序的若干规定》,,,,,,,,,,,,,,,,,,,,,POL-0074,《关于国务院行政复议案件处理程序的若干规定》,,,,,,,,
POL-0075,Policy,《关于实施上市公司股息红利差别化个人所得税政策有关问题的通知》,,,,,,,,,,,,,,,,,,,,,POL-0075,《关于实施上市公司股息红利差别化个人所得税政策有关问题的通知》,,,,,,,,
POL-0076,Policy,关于调整优化节能产品、环境标志产品政府采购执行机制的通知,,,,,,,,,,,,,,,,,,,,,POL-0076,关于调整优化节能产品、环境标志产品政府采购执行机制的通知,,,,,,,,
POL-0077,Policy,《关于进一步规范债券发行业务有关事项的通知》,,,,,,,,,,,,,,,,,,,,,POL-0077,《关于进一步规范债券发行业务有关事项的通知》,,,,,,,,
POL-0078,Policy,《关联交易管理办法》,,,,,,,,,,,,,,,,,,,,,POL-0078,《关联交易管理办法》,,,,,,,,
POL-0079,Policy,《兽药管理条例》,,,,,,,,,,,,,,,,,,,,,POL-0079,《兽药管理条例》,,,,,,,,
POL-0080,Policy,《农业保险条例》,,,,,,,,,,,,,,,,,,,,,POL-0080,《农业保险条例》,,,,,,,,
POL-0081,Policy,《加快农业农村现代化“十五五”规划》,,,,,,,,,,,,,,,,,,,,,POL-0081,《加快农业农村现代化“十五五”规划》,,,,,,,,
POL-0082,Policy,《化学药品注册分类及申报资料要求的通告》,,,,,,,,,,,,,,,,,,,,,POL-0082,《化学药品注册分类及申报资料要求的通告》,,,,,,,,
POL-0083,Policy,医药工业发展“十五五”规划,,,,,,,,,,,,,,,,,,,,,POL-0083,医药工业发展“十五五”规划,,,,,,,,
POL-0084,Policy,《可转换公司债券管理办法》,,,,,,,,,,,,,,,,,,,,,POL-0084,《可转换公司债券管理办法》,,,,,,,,
POL-0085,Policy,《咨询文件》,,,,,,,,,,,,,,,,,,,,,POL-0085,《咨询文件》,,,,,,,,
POL-0086,Policy,《商业银行内部审计指引》,,,,,,,,,,,,,,,,,,,,,POL-0086,《商业银行内部审计指引》,,,,,,,,
POL-0087,Policy,《回购指引》,,,,,,,,,,,,,,,,,,,,,POL-0087,《回购指引》,,,,,,,,
POL-0088,Policy,《国务院办公厅关于国务院行政复议案件处理程序若干问题的通知》,,,,,,,,,,,,,,,,,,,,,POL-0088,《国务院办公厅关于国务院行政复议案件处理程序若干问题的通知》,,,,,,,,
POL-0089,Policy,《国家基本药物目录》,,,,,,,,,,,,,,,,,,,,,POL-0089,《国家基本药物目录》,,,,,,,,
POL-0090,Policy,《国家基本药物目录（2026年版）》,,,,,,,,,,,,,,,,,,,,,POL-0090,《国家基本药物目录（2026年版）》,,,,,,,,
POL-0091,Policy,《国民健康“十五五”规划》,,,,,,,,,,,,,,,,,,,,,POL-0091,《国民健康“十五五”规划》,,,,,,,,
POL-0092,Policy,《地下水管理条例》,,,,,,,,,,,,,,,,,,,,,POL-0092,《地下水管理条例》,,,,,,,,
POL-0093,Policy,《城镇排水与污水处理条例》,,,,,,,,,,,,,,,,,,,,,POL-0093,《城镇排水与污水处理条例》,,,,,,,,
POL-0094,Policy,大中型水库移民后期扶持政策,,,,,,,,,,,,,,,,,,,,,POL-0094,大中型水库移民后期扶持政策,,,,,,,,
POL-0095,Policy,《宝山钢铁股份有限公司章程》,,,,,,,,,,,,,,,,,,,,,POL-0095,《宝山钢铁股份有限公司章程》,,,,,,,,
POL-0096,Policy,开曼群岛公司法,,,,,,,,,,,,,,,,,,,,,POL-0096,开曼群岛公司法,,,,,,,,
POL-0097,Policy,《快递暂行条例》,,,,,,,,,,,,,,,,,,,,,POL-0097,《快递暂行条例》,,,,,,,,
POL-0098,Policy,《扩大消费“十五五”规划》,,,,,,,,,,,,,,,,,,,,,POL-0098,《扩大消费“十五五”规划》,,,,,,,,
POL-0099,Policy,《收购办法》,,,,,,,,,,,,,,,,,,,,,POL-0099,《收购办法》,,,,,,,,
POL-0100,Policy,《政府工作报告》,,,,,,,,,,,,,,,,,,,,,POL-0100,《政府工作报告》,,,,,,,,
POL-0101,Policy,《教育发展“十五五”规划》,,,,,,,,,,,,,,,,,,,,,POL-0101,《教育发展“十五五”规划》,,,,,,,,
POL-0102,Policy,《教育强国建设规划纲要（2024—2035年）》,,,,,,,,,,,,,,,,,,,,,POL-0102,《教育强国建设规划纲要（2024—2035年）》,,,,,,,,
POL-0103,Policy,《旅游强国建设“十五五”规划》,,,,,,,,,,,,,,,,,,,,,POL-0103,《旅游强国建设“十五五”规划》,,,,,,,,
POL-0104,Policy,《智能体支付应用自律公约》,,,,,,,,,,,,,,,,,,,,,POL-0104,《智能体支付应用自律公约》,,,,,,,,
POL-0105,Policy,核电厂核事故应急管理条例,,,,,,,,,,,,,,,,,,,,,POL-0105,核电厂核事故应急管理条例,,,,,,,,
POL-0106,Policy,《歌尔股份有限公司“家园7 号”员工持股计划管理办法（修订稿）》,,,,,,,,,,,,,,,,,,,,,POL-0106,《歌尔股份有限公司“家园7 号”员工持股计划管理办法（修订稿）》,,,,,,,,
POL-0107,Policy,《残疾人保障和发展“十五五”规划》,,,,,,,,,,,,,,,,,,,,,POL-0107,《残疾人保障和发展“十五五”规划》,,,,,,,,
POL-0108,Policy,《江苏中天科技股份有限公司第二期员工持股计划（修订稿）》,,,,,,,,,,,,,,,,,,,,,POL-0108,《江苏中天科技股份有限公司第二期员工持股计划（修订稿）》,,,,,,,,
POL-0109,Policy,浙江、福建、山东等3省国家级自然保护区和国家级风景名胜区整合优化方案,,,,,,,,,,,,,,,,,,,,,POL-0109,浙江、福建、山东等3省国家级自然保护区和国家级风景名胜区整合优化方案,,,,,,,,
POL-0110,Policy,《消耗臭氧层物质管理条例》,,,,,,,,,,,,,,,,,,,,,POL-0110,《消耗臭氧层物质管理条例》,,,,,,,,
POL-0111,Policy,消费品以旧换新政策,,,,,,,,,,,,,,,,,,,,,POL-0111,消费品以旧换新政策,,,,,,,,
POL-0112,Policy,《深圳证券交易所创业板股票上市规则》,,,,,,,,,,,,,,,,,,,,,POL-0112,《深圳证券交易所创业板股票上市规则》,,,,,,,,
POL-0113,Policy,《深圳证券交易所股票上市规则》,,,,,,,,,,,,,,,,,,,,,POL-0113,《深圳证券交易所股票上市规则》,,,,,,,,
POL-0114,Policy,《烟花爆竹 安全与质量》,,,,,,,,,,,,,,,,,,,,,POL-0114,《烟花爆竹 安全与质量》,,,,,,,,
POL-0115,Policy,《烟花爆竹工程设计安全标准》,,,,,,,,,,,,,,,,,,,,,POL-0115,《烟花爆竹工程设计安全标准》,,,,,,,,
POL-0116,Policy,版权工作“十五五”规划,,,,,,,,,,,,,,,,,,,,,POL-0116,版权工作“十五五”规划,,,,,,,,
POL-0117,Policy,《特殊教育发展提升“十五五”行动计划》,,,,,,,,,,,,,,,,,,,,,POL-0117,《特殊教育发展提升“十五五”行动计划》,,,,,,,,
POL-0118,Policy,生产安全事故报告和调查处理条例,,,,,,,,,,,,,,,,,,,,,POL-0118,生产安全事故报告和调查处理条例,,,,,,,,
POL-0119,Policy,《生态环境监测条例》,,,,,,,,,,,,,,,,,,,,,POL-0119,《生态环境监测条例》,,,,,,,,
POL-0120,Policy,电力安全事故应急处置和调查处理条例,,,,,,,,,,,,,,,,,,,,,POL-0120,电力安全事故应急处置和调查处理条例,,,,,,,,
POL-0121,Policy,电子信息制造业发展“十五五”规划,,,,,,,,,,,,,,,,,,,,,POL-0121,电子信息制造业发展“十五五”规划,,,,,,,,
POL-0122,Policy,《知识产权保护和运用“十五五”规划》,,,,,,,,,,,,,,,,,,,,,POL-0122,《知识产权保护和运用“十五五”规划》,,,,,,,,
POL-0123,Policy,《碳排放权交易管理暂行条例》,,,,,,,,,,,,,,,,,,,,,POL-0123,《碳排放权交易管理暂行条例》,,,,,,,,
POL-0124,Policy,《社会体育指导员管理办法》,,,,,,,,,,,,,,,,,,,,,POL-0124,《社会体育指导员管理办法》,,,,,,,,
POL-0125,Policy,《群众身边水体保护治理行动方案》,,,,,,,,,,,,,,,,,,,,,POL-0125,《群众身边水体保护治理行动方案》,,,,,,,,
POL-0126,Policy,《职工带薪年休假条例》,,,,,,,,,,,,,,,,,,,,,POL-0126,《职工带薪年休假条例》,,,,,,,,
POL-0127,Policy,《聯交所上市規則》,,,,,,,,,,,,,,,,,,,,,POL-0127,《聯交所上市規則》,,,,,,,,
POL-0128,Policy,股东回报规划,,,,,,,,,,,,,,,,,,,,,POL-0128,股东回报规划,,,,,,,,
POL-0129,Policy,股利分配管理办法,,,,,,,,,,,,,,,,,,,,,POL-0129,股利分配管理办法,,,,,,,,
POL-0130,Policy,节能产品政府采购品目清单,,,,,,,,,,,,,,,,,,,,,POL-0130,节能产品政府采购品目清单,,,,,,,,
POL-0131,Policy,苏质贷,,,,,,,,,,,,,,,,,,,,,POL-0131,苏质贷,,,,,,,,
POL-0132,Policy,《药品临床试验批准通知书》,,,,,,,,,,,,,,,,,,,,,POL-0132,《药品临床试验批准通知书》,,,,,,,,
POL-0133,Policy,《董事、高级管理人员薪酬管理制度》,,,,,,,,,,,,,,,,,,,,,POL-0133,《董事、高级管理人员薪酬管理制度》,,,,,,,,
POL-0134,Policy,《董事会授权决策方案》,,,,,,,,,,,,,,,,,,,,,POL-0134,《董事会授权决策方案》,,,,,,,,
POL-0135,Policy,《薪酬管理制度》,,,,,,,,,,,,,,,,,,,,,POL-0135,《薪酬管理制度》,,,,,,,,
POL-0136,Policy,《行政事业性国有资产管理条例》,,,,,,,,,,,,,,,,,,,,,POL-0136,《行政事业性国有资产管理条例》,,,,,,,,
POL-0137,Policy,《证券市场禁入规定》,,,,,,,,,,,,,,,,,,,,,POL-0137,《证券市场禁入规定》,,,,,,,,
POL-0138,Policy,《证券法》,,,,,,,,,,,,,,,,,,,,,POL-0138,《证券法》,,,,,,,,
POL-0139,Policy,词元八条,,,,,,,,,,,,,,,,,,,,,POL-0139,词元八条,,,,,,,,
POL-0140,Policy,《负债管理制度》,,,,,,,,,,,,,,,,,,,,,POL-0140,《负债管理制度》,,,,,,,,
POL-0141,Policy,财政助力贷,,,,,,,,,,,,,,,,,,,,,POL-0141,财政助力贷,,,,,,,,
POL-0142,Policy,财税〔2012〕85 号《通知》,,,,,,,,,,,,,,,,,,,,,POL-0142,财税〔2012〕85 号《通知》,,,,,,,,
POL-0143,Policy,违规经营投资责任追究实施办法,,,,,,,,,,,,,,,,,,,,,POL-0143,违规经营投资责任追究实施办法,,,,,,,,
POL-0144,Policy,重点林区“十五五”期间森林年采伐限额,,,,,,,,,,,,,,,,,,,,,POL-0144,重点林区“十五五”期间森林年采伐限额,,,,,,,,
POL-0145,Policy,《金融服务协议》,,,,,,,,,,,,,,,,,,,,,POL-0145,《金融服务协议》,,,,,,,,
POL-0146,Policy,《银行保险机构关联交易管理办法》,,,,,,,,,,,,,,,,,,,,,POL-0146,《银行保险机构关联交易管理办法》,,,,,,,,
POL-0147,Policy,隔夜逆回购操作,,,,,,,,,,,,,,,,,,,,,POL-0147,隔夜逆回购操作,,,,,,,,
POL-0148,Policy,集成电路布图设计保护条例,,,,,,,,,,,,,,,,,,,,,POL-0148,集成电路布图设计保护条例,,,,,,,,
POL-0149,Policy,《青海盐湖工业股份有限公司章程》,,,,,,,,,,,,,,,,,,,,,POL-0149,《青海盐湖工业股份有限公司章程》,,,,,,,,
POL-0150,Policy,非物质文化遗产保护传承“十五五”规划,,,,,,,,,,,,,,,,,,,,,POL-0150,非物质文化遗产保护传承“十五五”规划,,,,,,,,
POL-0151,Policy,《香港上市规则》,,,,,,,,,,,,,,,,,,,,,POL-0151,《香港上市规则》,,,,,,,,
POL-0152,Policy,香港联合交易所有限公司证券上市规则,,,,,,,,,,,,,,,,,,,,,POL-0152,香港联合交易所有限公司证券上市规则,,,,,,,,
POL-0153,Policy,“高效办成一件事”,,,,,,,,,,,,,,,,,,,,,POL-0153,“高效办成一件事”,,,,,,,,
1001,Document,长城汽车股份有限公司关于公司股票期权限制行权期间的提示性公告,,,,,,,,,,,,,,,,,,,,,,,,,1001,长城汽车股份有限公司关于公司股票期权限制行权期间的提示性公告,巨潮资讯网,https://static.cninfo.com.cn/finalpage/2026-09-25/1225581315.PDF,2026-09-25,公告
1004,Document,恒瑞医药2026年第一次临时股东会决议公告,,,,,,,,,,,,,,,,,,,,,,,,,1004,恒瑞医药2026年第一次临时股东会决议公告,巨潮资讯网,https://static.cninfo.com.cn/finalpage/2026-09-25/1225582847.PDF,2026-09-25,公告
1005,Document,保利发展控股集团股份有限公司2026年度第一期中期票据发行结果公告,,,,,,,,,,,,,,,,,,,,,,,,,1005,保利发展控股集团股份有限公司2026年度第一期中期票据发行结果公告,巨潮资讯网,https://static.cninfo.com.cn/finalpage/2026-09-25/1225582458.PDF,2026-09-25,公告
1006,Document,中国神华2026年第三次临时股东会决议公告,,,,,,,,,,,,,,,,,,,,,,,,,1006,中国神华2026年第三次临时股东会决议公告,巨潮资讯网,https://static.cninfo.com.cn/finalpage/2026-09-24/1225579981.PDF,2026-09-24,公告
1007,Document,内蒙古伊利实业集团股份有限公司关于2023年持股计划（第三期）完成股票购买的公告,,,,,,,,,,,,,,,,,,,,,,,,,1007,内蒙古伊利实业集团股份有限公司关于2023年持股计划（第三期）完成股票购买的公告,巨潮资讯网,https://static.cninfo.com.cn/finalpage/2026-09-24/1225578520.PDF,2026-09-24,公告
1008,Document,湖南启元律师事务所关于三一重工股份有限公司2026年第二次临时股东会的法律意见书,,,,,,,,,,,,,,,,,,,,,,,,,1008,湖南启元律师事务所关于三一重工股份有限公司2026年第二次临时股东会的法律意见书,巨潮资讯网,https://static.cninfo.com.cn/finalpage/2026-09-24/1225579778.PDF,2026-09-24,公告
1010,Document,关于控股子公司与专业投资机构共同投资设立合伙企业的进展公告,,,,,,,,,,,,,,,,,,,,,,,,,1010,关于控股子公司与专业投资机构共同投资设立合伙企业的进展公告,巨潮资讯网,https://static.cninfo.com.cn/finalpage/2026-09-24/1225581029.PDF,2026-09-24,公告
1012,Document,招商银行股份有限公司关于董事任职资格核准及董事会专门委员会成员调整的公告,,,,,,,,,,,,,,,,,,,,,,,,,1012,招商银行股份有限公司关于董事任职资格核准及董事会专门委员会成员调整的公告,巨潮资讯网,https://static.cninfo.com.cn/finalpage/2026-09-23/1225577460.PDF,2026-09-23,公告
1013,Document,2026年半年度A股分红派息实施公告,,,,,,,,,,,,,,,,,,,,,,,,,1013,2026年半年度A股分红派息实施公告,巨潮资讯网,https://static.cninfo.com.cn/finalpage/2026-09-23/1225576461.PDF,2026-09-23,公告
1014,Document,关于“立讯转债”即将到期及停止交易的第三次提示性公告,,,,,,,,,,,,,,,,,,,,,,,,,1014,关于“立讯转债”即将到期及停止交易的第三次提示性公告,巨潮资讯网,https://static.cninfo.com.cn/finalpage/2026-09-23/1225576263.PDF,2026-09-23,公告
1015,Document,A股股票交易异常波动公告,,,,,,,,,,,,,,,,,,,,,,,,,1015,A股股票交易异常波动公告,巨潮资讯网,https://static.cninfo.com.cn/finalpage/2026-09-23/1225577684.PDF,2026-09-23,公告
1016,Document,中国中铁2026年中期权益分派实施公告,,,,,,,,,,,,,,,,,,,,,,,,,1016,中国中铁2026年中期权益分派实施公告,巨潮资讯网,https://static.cninfo.com.cn/finalpage/2026-09-22/1225574687.PDF,2026-09-22,公告
1018,Document,国电南瑞关于2026年半年度权益分派实施后调整回购价格上限的公告,,,,,,,,,,,,,,,,,,,,,,,,,1018,国电南瑞关于2026年半年度权益分派实施后调整回购价格上限的公告,巨潮资讯网,https://static.cninfo.com.cn/finalpage/2026-09-22/1225575120.PDF,2026-09-22,公告
1019,Document,国电南瑞2026年半年度权益分派实施公告,,,,,,,,,,,,,,,,,,,,,,,,,1019,国电南瑞2026年半年度权益分派实施公告,巨潮资讯网,https://static.cninfo.com.cn/finalpage/2026-09-22/1225575117.PDF,2026-09-22,公告
1021,Document,关于2026年度第七期绿色科技创新债券发行完成的公告,,,,,,,,,,,,,,,,,,,,,,,,,1021,关于2026年度第七期绿色科技创新债券发行完成的公告,巨潮资讯网,https://static.cninfo.com.cn/finalpage/2026-09-22/1225577258.PDF,2026-09-22,公告
1022,Document,东方财富信息股份有限公司关于签署最高额保证合同的公告,,,,,,,,,,,,,,,,,,,,,,,,,1022,东方财富信息股份有限公司关于签署最高额保证合同的公告,巨潮资讯网,https://static.cninfo.com.cn/finalpage/2026-09-22/1225575206.PDF,2026-09-22,公告
1023,Document,关于2026年金融债券（第一期）发行完毕的公告,,,,,,,,,,,,,,,,,,,,,,,,,1023,关于2026年金融债券（第一期）发行完毕的公告,巨潮资讯网,https://static.cninfo.com.cn/finalpage/2026-09-22/1225574840.PDF,2026-09-22,公告
1024,Document,中国建筑2026年1-8月经营情况简报,,,,,,,,,,,,,,,,,,,,,,,,,1024,中国建筑2026年1-8月经营情况简报,巨潮资讯网,https://static.cninfo.com.cn/finalpage/2026-09-19/1225571294.PDF,2026-09-19,公告
1025,Document,富士康工业互联网股份有限公司关于股份回购实施结果暨股份变动的公告,,,,,,,,,,,,,,,,,,,,,,,,,1025,富士康工业互联网股份有限公司关于股份回购实施结果暨股份变动的公告,巨潮资讯网,https://static.cninfo.com.cn/finalpage/2026-09-19/1225571407.PDF,2026-09-19,公告
1026,Document,万华化学2026年半年度业绩说明会公告,,,,,,,,,,,,,,,,,,,,,,,,,1026,万华化学2026年半年度业绩说明会公告,巨潮资讯网,https://static.cninfo.com.cn/finalpage/2026-09-19/1225571262.PDF,2026-09-19,公告
1027,Document,关于2026年员工持股计划实施进展的公告,,,,,,,,,,,,,,,,,,,,,,,,,1027,关于2026年员工持股计划实施进展的公告,巨潮资讯网,https://static.cninfo.com.cn/finalpage/2026-09-19/1225571934.PDF,2026-09-19,公告
1030,Document,经营合同进展公告,,,,,,,,,,,,,,,,,,,,,,,,,1030,经营合同进展公告,巨潮资讯网,https://static.cninfo.com.cn/finalpage/2026-09-18/1225569412.PDF,2026-09-18,公告
1031,Document,关于京东方科技集团股份有限公司2026年第一次临时股东会的法律意见书,,,,,,,,,,,,,,,,,,,,,,,,,1031,关于京东方科技集团股份有限公司2026年第一次临时股东会的法律意见书,巨潮资讯网,https://static.cninfo.com.cn/finalpage/2026-09-18/1225569811.PDF,2026-09-18,公告
1032,Document,2026年第一次临时股东会决议公告,,,,,,,,,,,,,,,,,,,,,,,,,1032,2026年第一次临时股东会决议公告,巨潮资讯网,https://static.cninfo.com.cn/finalpage/2026-09-18/1225569810.PDF,2026-09-18,公告
1033,Document,紫金矿业集团股份有限公司关于为参股公司提供担保的公告,,,,,,,,,,,,,,,,,,,,,,,,,1033,紫金矿业集团股份有限公司关于为参股公司提供担保的公告,巨潮资讯网,https://static.cninfo.com.cn/finalpage/2026-09-17/1225569069.PDF,2026-09-17,公告
1034,Document,紫金矿业集团股份有限公司关于全资子公司与关联人共同投资的公告,,,,,,,,,,,,,,,,,,,,,,,,,1034,紫金矿业集团股份有限公司关于全资子公司与关联人共同投资的公告,巨潮资讯网,https://static.cninfo.com.cn/finalpage/2026-09-17/1225569068.PDF,2026-09-17,公告
1035,Document,内蒙古伊利实业集团股份有限公司2026年第一次临时股东会决议公告,,,,,,,,,,,,,,,,,,,,,,,,,1035,内蒙古伊利实业集团股份有限公司2026年第一次临时股东会决议公告,巨潮资讯网,https://static.cninfo.com.cn/finalpage/2026-09-17/1225568026.PDF,2026-09-17,公告
1036,Document,北京市汉坤（深圳）律师事务所关于立讯精密工业股份有限公司2026年第一次临时股东会的法律意见书,,,,,,,,,,,,,,,,,,,,,,,,,1036,北京市汉坤（深圳）律师事务所关于立讯精密工业股份有限公司2026年第一次临时股东会的法律意见书,巨潮资讯网,https://static.cninfo.com.cn/finalpage/2026-09-17/1225568991.PDF,2026-09-17,公告
1037,Document,平安银行股份有限公司内部审计章程,,,,,,,,,,,,,,,,,,,,,,,,,1037,平安银行股份有限公司内部审计章程,巨潮资讯网,https://static.cninfo.com.cn/finalpage/2026-09-17/1225568477.PDF,2026-09-17,公告
1038,Document,2026年半年度权益分派实施公告,,,,,,,,,,,,,,,,,,,,,,,,,1038,2026年半年度权益分派实施公告,巨潮资讯网,https://static.cninfo.com.cn/finalpage/2026-09-17/1225568476.PDF,2026-09-17,公告
1039,Document,上海电气关于挂牌转让子公司股权的进展公告,,,,,,,,,,,,,,,,,,,,,,,,,1039,上海电气关于挂牌转让子公司股权的进展公告,巨潮资讯网,https://static.cninfo.com.cn/finalpage/2026-09-16/1225564763.PDF,2026-09-16,公告
1040,Document,工商银行关于境内优先股“工行优2”股息派发实施的公告,,,,,,,,,,,,,,,,,,,,,,,,,1040,工商银行关于境内优先股“工行优2”股息派发实施的公告,巨潮资讯网,https://static.cninfo.com.cn/finalpage/2026-09-16/1225565912.PDF,2026-09-16,公告
1041,Document,中国神华2026年8月份主要运营数据公告,,,,,,,,,,,,,,,,,,,,,,,,,1041,中国神华2026年8月份主要运营数据公告,巨潮资讯网,https://static.cninfo.com.cn/finalpage/2026-09-16/1225565223.PDF,2026-09-16,公告
1042,Document,三一重工股份有限公司关于控股股东2020年非公开发行可交换公司债券完成摘牌的公告,,,,,,,,,,,,,,,,,,,,,,,,,1042,三一重工股份有限公司关于控股股东2020年非公开发行可交换公司债券完成摘牌的公告,巨潮资讯网,https://static.cninfo.com.cn/finalpage/2026-09-16/1225565737.PDF,2026-09-16,公告
1043,Document,中信证券股份有限公司关于向专业投资者公开发行永续次级债券获得中国证监会注册批复的公告,,,,,,,,,,,,,,,,,,,,,,,,,1043,中信证券股份有限公司关于向专业投资者公开发行永续次级债券获得中国证监会注册批复的公告,巨潮资讯网,https://static.cninfo.com.cn/finalpage/2026-09-16/1225565225.PDF,2026-09-16,公告
1044,Document,关于2025年持股计划第一个锁定期届满暨解锁条件成就的提示性公告,,,,,,,,,,,,,,,,,,,,,,,,,1044,关于2025年持股计划第一个锁定期届满暨解锁条件成就的提示性公告,巨潮资讯网,https://static.cninfo.com.cn/finalpage/2026-09-16/1225565666.PDF,2026-09-16,公告
1045,Document,第五届董事会第十九次会议决议公告,,,,,,,,,,,,,,,,,,,,,,,,,1045,第五届董事会第十九次会议决议公告,巨潮资讯网,https://static.cninfo.com.cn/finalpage/2026-09-16/1225565665.PDF,2026-09-16,公告
1046,Document,关于参加中国五矿集团有限公司控股上市公司集体业绩说明会暨召开2026年半年度业绩说明会的公告,,,,,,,,,,,,,,,,,,,,,,,,,1046,关于参加中国五矿集团有限公司控股上市公司集体业绩说明会暨召开2026年半年度业绩说明会的公告,巨潮资讯网,https://static.cninfo.com.cn/finalpage/2026-09-16/1225565146.PDF,2026-09-16,公告
1047,Document,关于注销部分激励对象已获授但不符合行权条件的股票期权的公告,,,,,,,,,,,,,,,,,,,,,,,,,1047,关于注销部分激励对象已获授但不符合行权条件的股票期权的公告,巨潮资讯网,https://static.cninfo.com.cn/finalpage/2026-09-15/1225562974.PDF,2026-09-15,公告
1048,Document,关于2023年第一期股票期权激励计划第三个行权期符合行权条件的公告,,,,,,,,,,,,,,,,,,,,,,,,,1048,关于2023年第一期股票期权激励计划第三个行权期符合行权条件的公告,巨潮资讯网,https://static.cninfo.com.cn/finalpage/2026-09-15/1225562971.PDF,2026-09-15,公告
1049,Document,北京市天元律师事务所关于豪威集成电路（集团）股份有限公司2023年第一期股票期权激励计划第三个行权期符合行权条件、注销部分股票期权的法律意见,,,,,,,,,,,,,,,,,,,,,,,,,1049,北京市天元律师事务所关于豪威集成电路（集团）股份有限公司2023年第一期股票期权激励计划第三个行权期符合行权条件、注销部分股票期权的法律意见,巨潮资讯网,https://static.cninfo.com.cn/finalpage/2026-09-15/1225562961.PDF,2026-09-15,公告
1050,Document,关于“隆22转债”预计满足转股价格向下修正条件的提示性公告,,,,,,,,,,,,,,,,,,,,,,,,,1050,关于“隆22转债”预计满足转股价格向下修正条件的提示性公告,巨潮资讯网,https://static.cninfo.com.cn/finalpage/2026-09-15/1225562366.PDF,2026-09-15,公告
1052,Document,中国石化回购实施结果暨股份变动公告,,,,,,,,,,,,,,,,,,,,,,,,,1052,中国石化回购实施结果暨股份变动公告,巨潮资讯网,https://static.cninfo.com.cn/finalpage/2026-09-15/1225563388.PDF,2026-09-15,公告
1053,Document,关于参与投资厦门时代深远创业投资基金合伙企业（有限合伙）的公告,,,,,,,,,,,,,,,,,,,,,,,,,1053,关于参与投资厦门时代深远创业投资基金合伙企业（有限合伙）的公告,巨潮资讯网,https://static.cninfo.com.cn/finalpage/2026-09-15/1225566768.PDF,2026-09-15,公告
1054,Document,北京市中伦（上海）律师事务所关于中证中小投资者服务中心有限责任公司公开征集阳光电源股份有限公司表决权的法律意见书,,,,,,,,,,,,,,,,,,,,,,,,,1054,北京市中伦（上海）律师事务所关于中证中小投资者服务中心有限责任公司公开征集阳光电源股份有限公司表决权的法律意见书,巨潮资讯网,https://static.cninfo.com.cn/finalpage/2026-09-15/1225566672.PDF,2026-09-15,公告
1055,Document,潍柴动力股份有限公司关于高管变动的公告,,,,,,,,,,,,,,,,,,,,,,,,,1055,潍柴动力股份有限公司关于高管变动的公告,巨潮资讯网,https://static.cninfo.com.cn/finalpage/2026-09-15/1225563701.PDF,2026-09-15,公告
1056,Document,北京市通商律师事务所关于潍柴动力股份有限公司2026年第二次临时股东会的法律意见书,,,,,,,,,,,,,,,,,,,,,,,,,1056,北京市通商律师事务所关于潍柴动力股份有限公司2026年第二次临时股东会的法律意见书,巨潮资讯网,https://static.cninfo.com.cn/finalpage/2026-09-15/1225563700.PDF,2026-09-15,公告
1057,Document,潍柴动力股份有限公司2026年第二次临时股东会决议公告,,,,,,,,,,,,,,,,,,,,,,,,,1057,潍柴动力股份有限公司2026年第二次临时股东会决议公告,巨潮资讯网,https://static.cninfo.com.cn/finalpage/2026-09-15/1225563699.PDF,2026-09-15,公告
1058,Document,海天味业关于回购公司A股股份的进展公告,,,,,,,,,,,,,,,,,,,,,,,,,1058,海天味业关于回购公司A股股份的进展公告,巨潮资讯网,https://static.cninfo.com.cn/finalpage/2026-09-12/1225561199.PDF,2026-09-12,公告
1059,Document,关于“家园7号”员工持股计划第三个锁定期届满的提示性公告,,,,,,,,,,,,,,,,,,,,,,,,,1059,关于“家园7号”员工持股计划第三个锁定期届满的提示性公告,巨潮资讯网,https://static.cninfo.com.cn/finalpage/2026-09-12/1225560312.PDF,2026-09-12,公告
1061,Document,海天味业关于召开2026年半年度业绩说明会的公告,,,,,,,,,,,,,,,,,,,,,,,,,1061,海天味业关于召开2026年半年度业绩说明会的公告,巨潮资讯网,https://static.cninfo.com.cn/finalpage/2026-09-11/1225556889.PDF,2026-09-11,公告
1062,Document,工商银行关于2026年无固定期限资本债券（第四期）（债券通）发行完毕的公告,,,,,,,,,,,,,,,,,,,,,,,,,1062,工商银行关于2026年无固定期限资本债券（第四期）（债券通）发行完毕的公告,巨潮资讯网,https://static.cninfo.com.cn/finalpage/2026-09-11/1225557607.PDF,2026-09-11,公告
1063,Document,中国中铁关于2026年中期利润分配实施的提示性公告,,,,,,,,,,,,,,,,,,,,,,,,,1063,中国中铁关于2026年中期利润分配实施的提示性公告,巨潮资讯网,https://static.cninfo.com.cn/finalpage/2026-09-11/1225557260.PDF,2026-09-11,公告
1065,Document,关于青海盐湖工业股份有限公司2026年第二次临时股东会之法律意见书,,,,,,,,,,,,,,,,,,,,,,,,,1065,关于青海盐湖工业股份有限公司2026年第二次临时股东会之法律意见书,巨潮资讯网,https://static.cninfo.com.cn/finalpage/2026-09-11/1225558163.PDF,2026-09-11,公告
1066,Document,2026年第二次临时股东会决议公告,,,,,,,,,,,,,,,,,,,,,,,,,1066,2026年第二次临时股东会决议公告,巨潮资讯网,https://static.cninfo.com.cn/finalpage/2026-09-11/1225558162.PDF,2026-09-11,公告
1067,Document,关于举行业绩网上说明会并征集相关问题的公告,,,,,,,,,,,,,,,,,,,,,,,,,1067,关于举行业绩网上说明会并征集相关问题的公告,巨潮资讯网,https://static.cninfo.com.cn/finalpage/2026-09-11/1225558030.PDF,2026-09-11,公告
1068,Document,长城汽车股份有限公司关于参加2026年河北辖区上市公司投资者网上集体接待日暨2026年半年报业绩说明会的公告,,,,,,,,,,,,,,,,,,,,,,,,,1068,长城汽车股份有限公司关于参加2026年河北辖区上市公司投资者网上集体接待日暨2026年半年报业绩说明会的公告,巨潮资讯网,https://static.cninfo.com.cn/finalpage/2026-09-10/1225555258.PDF,2026-09-10,公告
1069,Document,通威股份有限公司关于发行股份及支付现金购买资产并募集配套资金事项的进展暨无法在规定时间内发出召开股东会通知的专项说明,,,,,,,,,,,,,,,,,,,,,,,,,1069,通威股份有限公司关于发行股份及支付现金购买资产并募集配套资金事项的进展暨无法在规定时间内发出召开股东会通知的专项说明,巨潮资讯网,https://static.cninfo.com.cn/finalpage/2026-09-10/1225555225.PDF,2026-09-10,公告
1070,Document,保利发展控股集团股份有限公司关于参加2026年广东辖区投资者集体接待日活动暨召开2026年半年度业绩说明会的公告,,,,,,,,,,,,,,,,,,,,,,,,,1070,保利发展控股集团股份有限公司关于参加2026年广东辖区投资者集体接待日活动暨召开2026年半年度业绩说明会的公告,巨潮资讯网,https://static.cninfo.com.cn/finalpage/2026-09-10/1225556318.PDF,2026-09-10,公告
1071,Document,宝钢股份2026年上半年度权益分派实施公告,,,,,,,,,,,,,,,,,,,,,,,,,1071,宝钢股份2026年上半年度权益分派实施公告,巨潮资讯网,https://static.cninfo.com.cn/finalpage/2026-09-10/1225556087.PDF,2026-09-10,公告
1072,Document,上海市方达律师事务所关于宝山钢铁股份有限公司差异化分红事项之法律意见书,,,,,,,,,,,,,,,,,,,,,,,,,1072,上海市方达律师事务所关于宝山钢铁股份有限公司差异化分红事项之法律意见书,巨潮资讯网,https://static.cninfo.com.cn/finalpage/2026-09-10/1225556086.PDF,2026-09-10,公告
1073,Document,关于召开2026年第一次临时股东会的提示性公告,,,,,,,,,,,,,,,,,,,,,,,,,1073,关于召开2026年第一次临时股东会的提示性公告,巨潮资讯网,https://static.cninfo.com.cn/finalpage/2026-09-10/1225555193.PDF,2026-09-10,公告
1075,Document,中国建筑国际信用评级结果公告,,,,,,,,,,,,,,,,,,,,,,,,,1075,中国建筑国际信用评级结果公告,巨潮资讯网,https://static.cninfo.com.cn/finalpage/2026-09-09/1225554107.PDF,2026-09-09,公告
1076,Document,招商银行股份有限公司关于独立董事任职资格核准及董事会专门委员会成员调整的公告,,,,,,,,,,,,,,,,,,,,,,,,,1076,招商银行股份有限公司关于独立董事任职资格核准及董事会专门委员会成员调整的公告,巨潮资讯网,https://static.cninfo.com.cn/finalpage/2026-09-09/1225554309.PDF,2026-09-09,公告
1077,Document,中芯国际关于2021年科创板限制性股票激励计划预留授予部分第四个归属期归属结果暨股份上市的公告,,,,,,,,,,,,,,,,,,,,,,,,,1077,中芯国际关于2021年科创板限制性股票激励计划预留授予部分第四个归属期归属结果暨股份上市的公告,巨潮资讯网,https://static.cninfo.com.cn/finalpage/2026-09-08/1225552083.PDF,2026-09-08,公告
1078,Document,中国平安关于选举第十三届董事会职工董事的公告,,,,,,,,,,,,,,,,,,,,,,,,,1078,中国平安关于选举第十三届董事会职工董事的公告,巨潮资讯网,https://static.cninfo.com.cn/finalpage/2026-09-08/1225551900.PDF,2026-09-08,公告
1079,Document,H股公告-为2026年第一次临时股东会暂停办理H股股份过户登记手续,,,,,,,,,,,,,,,,,,,,,,,,,1079,H股公告-为2026年第一次临时股东会暂停办理H股股份过户登记手续,巨潮资讯网,https://static.cninfo.com.cn/finalpage/2026-09-08/1225552209.PDF,2026-09-08,公告
1080,Document,招商银行股份有限公司关于高级管理人员离任的公告,,,,,,,,,,,,,,,,,,,,,,,,,1080,招商银行股份有限公司关于高级管理人员离任的公告,巨潮资讯网,https://static.cninfo.com.cn/finalpage/2026-09-08/1225552023.PDF,2026-09-08,公告
1081,Document,中信证券股份有限公司第八届董事会第五十四次会议决议公告,,,,,,,,,,,,,,,,,,,,,,,,,1081,中信证券股份有限公司第八届董事会第五十四次会议决议公告,巨潮资讯网,https://static.cninfo.com.cn/finalpage/2026-09-08/1225551087.PDF,2026-09-08,公告
1082,Document,中国石化持续关联交易调整的公告,,,,,,,,,,,,,,,,,,,,,,,,,1082,中国石化持续关联交易调整的公告,巨潮资讯网,https://static.cninfo.com.cn/finalpage/2026-09-08/1225551263.PDF,2026-09-08,公告
1083,Document,关于注销部分已授予尚未行权的股票期权的公告,,,,,,,,,,,,,,,,,,,,,,,,,1083,关于注销部分已授予尚未行权的股票期权的公告,巨潮资讯网,https://static.cninfo.com.cn/finalpage/2026-09-08/1225554556.PDF,2026-09-08,公告
1084,Document,2026年8月份销售简报,,,,,,,,,,,,,,,,,,,,,,,,,1084,2026年8月份销售简报,巨潮资讯网,https://static.cninfo.com.cn/finalpage/2026-09-08/1225551030.PDF,2026-09-08,公告
1085,Document,H股公告（暂停办理过户登记）,,,,,,,,,,,,,,,,,,,,,,,,,1085,H股公告（暂停办理过户登记）,巨潮资讯网,https://static.cninfo.com.cn/finalpage/2026-09-08/1225551665.PDF,2026-09-08,公告
1086,Document,H股公告（临时股东会通告）,,,,,,,,,,,,,,,,,,,,,,,,,1086,H股公告（临时股东会通告）,巨潮资讯网,https://static.cninfo.com.cn/finalpage/2026-09-08/1225551664.PDF,2026-09-08,公告
1087,Document,H股公告（通函）,,,,,,,,,,,,,,,,,,,,,,,,,1087,H股公告（通函）,巨潮资讯网,https://static.cninfo.com.cn/finalpage/2026-09-08/1225551663.PDF,2026-09-08,公告
1088,Document,关于2023年股票期权激励计划首次授予部分第三个行权期采用自主行权模式的提示性公告,,,,,,,,,,,,,,,,,,,,,,,,,1088,关于2023年股票期权激励计划首次授予部分第三个行权期采用自主行权模式的提示性公告,巨潮资讯网,https://static.cninfo.com.cn/finalpage/2026-09-08/1225551449.PDF,2026-09-08,公告
1089,Document,中国建筑第四届董事会第四十二次会议决议公告,,,,,,,,,,,,,,,,,,,,,,,,,1089,中国建筑第四届董事会第四十二次会议决议公告,巨潮资讯网,https://static.cninfo.com.cn/finalpage/2026-09-07/1225550275.PDF,2026-09-07,公告
1090,Document,工商银行关于签署《附条件生效的股份认购协议》的公告,,,,,,,,,,,,,,,,,,,,,,,,,1090,工商银行关于签署《附条件生效的股份认购协议》的公告,巨潮资讯网,https://static.cninfo.com.cn/finalpage/2026-09-07/1225550297.PDF,2026-09-07,公告
1091,Document,万华化学2026年半年度权益分派实施公告,,,,,,,,,,,,,,,,,,,,,,,,,1091,万华化学2026年半年度权益分派实施公告,巨潮资讯网,https://static.cninfo.com.cn/finalpage/2026-09-07/1225550253.PDF,2026-09-07,公告
1092,Document,紫金矿业集团股份有限公司关于定期报告财务报表附注部分相关文字错误的更正公告,,,,,,,,,,,,,,,,,,,,,,,,,1092,紫金矿业集团股份有限公司关于定期报告财务报表附注部分相关文字错误的更正公告,巨潮资讯网,https://static.cninfo.com.cn/finalpage/2026-09-05/1225550225.PDF,2026-09-05,公告
1093,Document,H股公告-股东特别大会之投票表决结果,,,,,,,,,,,,,,,,,,,,,,,,,1093,H股公告-股东特别大会之投票表决结果,巨潮资讯网,https://static.cninfo.com.cn/finalpage/2026-09-05/1225549936.PDF,2026-09-05,公告
1094,Document,内蒙古伊利实业集团股份有限公司2023年持股计划（第三期）第二次持有人会议决议公告,,,,,,,,,,,,,,,,,,,,,,,,,1094,内蒙古伊利实业集团股份有限公司2023年持股计划（第三期）第二次持有人会议决议公告,巨潮资讯网,https://static.cninfo.com.cn/finalpage/2026-09-05/1225547701.PDF,2026-09-05,公告
1095,Document,中国神华2026年第三次临时股东会会议资料,,,,,,,,,,,,,,,,,,,,,,,,,1095,中国神华2026年第三次临时股东会会议资料,巨潮资讯网,https://static.cninfo.com.cn/finalpage/2026-09-04/1225546779.PDF,2026-09-04,公告
1096,Document,关于完成工商变更登记的公告,,,,,,,,,,,,,,,,,,,,,,,,,1096,关于完成工商变更登记的公告,巨潮资讯网,https://static.cninfo.com.cn/finalpage/2026-09-04/1225545978.PDF,2026-09-04,公告
1097,Document,万华化学关于使用闲置资金购买结构性存款的进展公告,,,,,,,,,,,,,,,,,,,,,,,,,1097,万华化学关于使用闲置资金购买结构性存款的进展公告,巨潮资讯网,https://static.cninfo.com.cn/finalpage/2026-09-04/1225545935.PDF,2026-09-04,公告
1098,Document,关于公司部分股票期权注销完成的公告,,,,,,,,,,,,,,,,,,,,,,,,,1098,关于公司部分股票期权注销完成的公告,巨潮资讯网,https://static.cninfo.com.cn/finalpage/2026-09-04/1225545491.PDF,2026-09-04,公告
1099,Document,H股公告-委任联席公司秘书、授权代表及法律程序文件的代理人之进展公告,,,,,,,,,,,,,,,,,,,,,,,,,1099,H股公告-委任联席公司秘书、授权代表及法律程序文件的代理人之进展公告,巨潮资讯网,https://static.cninfo.com.cn/finalpage/2026-09-03/1225545182.PDF,2026-09-03,公告
1100,Document,富士康工业互联网股份有限公司关于股份回购进展公告,,,,,,,,,,,,,,,,,,,,,,,,,1100,富士康工业互联网股份有限公司关于股份回购进展公告,巨潮资讯网,https://static.cninfo.com.cn/finalpage/2026-09-03/1225543319.PDF,2026-09-03,公告
1101,Document,联合资信评估股份有限公司关于通威股份有限公司2026年半年度亏损的关注公告,,,,,,,,,,,,,,,,,,,,,,,,,1101,联合资信评估股份有限公司关于通威股份有限公司2026年半年度亏损的关注公告,巨潮资讯网,https://static.cninfo.com.cn/finalpage/2026-09-03/1225544402.PDF,2026-09-03,公告
1103,Document,国电南瑞关于以集中竞价交易方式股份回购进展情况的公告,,,,,,,,,,,,,,,,,,,,,,,,,1103,国电南瑞关于以集中竞价交易方式股份回购进展情况的公告,巨潮资讯网,https://static.cninfo.com.cn/finalpage/2026-09-03/1225543119.PDF,2026-09-03,公告
1104,Document,关于中证中小投资者服务中心有限责任公司公开征集表决权的公告,,,,,,,,,,,,,,,,,,,,,,,,,1104,关于中证中小投资者服务中心有限责任公司公开征集表决权的公告,巨潮资讯网,https://static.cninfo.com.cn/finalpage/2026-09-03/1225546767.PDF,2026-09-03,公告
1106,Document,关于2026年A股持股计划非交易过户完成的公告,,,,,,,,,,,,,,,,,,,,,,,,,1106,关于2026年A股持股计划非交易过户完成的公告,巨潮资讯网,https://static.cninfo.com.cn/finalpage/2026-09-03/1225544482.PDF,2026-09-03,公告
1108,Document,上海电气关于重大诉讼的进展公告,,,,,,,,,,,,,,,,,,,,,,,,,1108,上海电气关于重大诉讼的进展公告,巨潮资讯网,https://static.cninfo.com.cn/finalpage/2026-09-02/1225540583.PDF,2026-09-02,公告
1109,Document,长城汽车股份有限公司2026年8月产销快报,,,,,,,,,,,,,,,,,,,,,,,,,1109,长城汽车股份有限公司2026年8月产销快报,巨潮资讯网,https://static.cninfo.com.cn/finalpage/2026-09-02/1225542270.PDF,2026-09-02,公告
1112,Document,江苏中天科技股份有限公司关于召开2026年半年度业绩说明会的公告,,,,,,,,,,,,,,,,,,,,,,,,,1112,江苏中天科技股份有限公司关于召开2026年半年度业绩说明会的公告,巨潮资讯网,https://static.cninfo.com.cn/finalpage/2026-09-02/1225540487.PDF,2026-09-02,公告
1113,Document,上汽集团2026年8月份产销快报,,,,,,,,,,,,,,,,,,,,,,,,,1113,上汽集团2026年8月份产销快报,巨潮资讯网,https://static.cninfo.com.cn/finalpage/2026-09-02/1225540953.PDF,2026-09-02,公告
1114,Document,三一重工股份有限公司关于回购公司A股股份的进展公告,,,,,,,,,,,,,,,,,,,,,,,,,1114,三一重工股份有限公司关于回购公司A股股份的进展公告,巨潮资讯网,https://static.cninfo.com.cn/finalpage/2026-09-02/1225540327.PDF,2026-09-02,公告
1118,Document,中国中铁关于总会计师离任的公告,,,,,,,,,,,,,,,,,,,,,,,,,1118,中国中铁关于总会计师离任的公告,巨潮资讯网,https://static.cninfo.com.cn/finalpage/2026-09-01/1225536426.PDF,2026-09-01,公告
1119,Document,宝钢股份第九届董事会第十四次会议决议公告,,,,,,,,,,,,,,,,,,,,,,,,,1119,宝钢股份第九届董事会第十四次会议决议公告,巨潮资讯网,https://static.cninfo.com.cn/finalpage/2026-09-01/1225537150.PDF,2026-09-01,公告
1120,Document,关于2023年股票期权激励计划首次授予部分第三个行权期行权条件成就的公告,,,,,,,,,,,,,,,,,,,,,,,,,1120,关于2023年股票期权激励计划首次授予部分第三个行权期行权条件成就的公告,巨潮资讯网,https://static.cninfo.com.cn/finalpage/2026-09-01/1225536730.PDF,2026-09-01,公告
1121,Document,上海电气关于计提减值准备的公告,,,,,,,,,,,,,,,,,,,,,,,,,1121,上海电气关于计提减值准备的公告,巨潮资讯网,https://static.cninfo.com.cn/finalpage/2026-08-31/1225534984.PDF,2026-08-31,公告
1122,Document,长江电力关于三峡财务有限责任公司的风险持续评估报告,,,,,,,,,,,,,,,,,,,,,,,,,1122,长江电力关于三峡财务有限责任公司的风险持续评估报告,巨潮资讯网,https://static.cninfo.com.cn/finalpage/2026-08-31/1225534823.PDF,2026-08-31,公告
1123,Document,长江电力关于召开2026年半年度业绩说明会的公告,,,,,,,,,,,,,,,,,,,,,,,,,1123,长江电力关于召开2026年半年度业绩说明会的公告,巨潮资讯网,https://static.cninfo.com.cn/finalpage/2026-08-31/1225534244.PDF,2026-08-31,公告
1124,Document,长江电力第七届董事会第三次会议决议公告,,,,,,,,,,,,,,,,,,,,,,,,,1124,长江电力第七届董事会第三次会议决议公告,巨潮资讯网,https://static.cninfo.com.cn/finalpage/2026-08-31/1225534160.PDF,2026-08-31,公告
1125,Document,三一重工股份有限公司董事会秘书工作制度（2026年8月修订）,,,,,,,,,,,,,,,,,,,,,,,,,1125,三一重工股份有限公司董事会秘书工作制度（2026年8月修订）,巨潮资讯网,https://static.cninfo.com.cn/finalpage/2026-08-31/1225535201.PDF,2026-08-31,公告
1126,Document,关于举行2026年半年度业绩说明会并征集相关问题的公告,,,,,,,,,,,,,,,,,,,,,,,,,1126,关于举行2026年半年度业绩说明会并征集相关问题的公告,巨潮资讯网,https://static.cninfo.com.cn/finalpage/2026-08-31/1225534913.PDF,2026-08-31,公告
1127,Document,工商银行董事会决议公告,,,,,,,,,,,,,,,,,,,,,,,,,1127,工商银行董事会决议公告,巨潮资讯网,https://static.cninfo.com.cn/finalpage/2026-08-29/1225526407.PDF,2026-08-29,公告
1128,Document,中国中铁关于2026年中期分红方案的公告,,,,,,,,,,,,,,,,,,,,,,,,,1128,中国中铁关于2026年中期分红方案的公告,巨潮资讯网,https://static.cninfo.com.cn/finalpage/2026-08-29/1225531645.PDF,2026-08-29,公告
1129,Document,中国铁建第六届董事会第十二次会议决议公告,,,,,,,,,,,,,,,,,,,,,,,,,1129,中国铁建第六届董事会第十二次会议决议公告,巨潮资讯网,https://static.cninfo.com.cn/finalpage/2026-08-29/1225528716.PDF,2026-08-29,公告
1130,Document,中国铁建关于中国铁建财务有限公司风险持续评估报告,,,,,,,,,,,,,,,,,,,,,,,,,1130,中国铁建关于中国铁建财务有限公司风险持续评估报告,巨潮资讯网,https://static.cninfo.com.cn/finalpage/2026-08-29/1225528649.PDF,2026-08-29,公告
1131,Document,中国中材国际工程股份有限公司关于2026年半年度业绩说明会召开情况的公告,,,,,,,,,,,,,,,,,,,,,,,,,1131,中国中材国际工程股份有限公司关于2026年半年度业绩说明会召开情况的公告,巨潮资讯网,https://static.cninfo.com.cn/finalpage/2026-08-29/1225529841.PDF,2026-08-29,公告
1134,Document,上汽集团董事会授权管理办法,,,,,,,,,,,,,,,,,,,,,,,,,1134,上汽集团董事会授权管理办法,巨潮资讯网,https://static.cninfo.com.cn/finalpage/2026-08-29/1225526662.PDF,2026-08-29,公告
1135,Document,上汽集团内幕信息知情人登记管理制度,,,,,,,,,,,,,,,,,,,,,,,,,1135,上汽集团内幕信息知情人登记管理制度,巨潮资讯网,https://static.cninfo.com.cn/finalpage/2026-08-29/1225526661.PDF,2026-08-29,公告
1137,Document,H股公告（建议修订《公司章程》建议重选董事、选举新董事及厘定董事薪酬）,,,,,,,,,,,,,,,,,,,,,,,,,1137,H股公告（建议修订《公司章程》建议重选董事、选举新董事及厘定董事薪酬）,巨潮资讯网,https://static.cninfo.com.cn/finalpage/2026-08-29/1225531850.PDF,2026-08-29,公告
1138,Document,第七届董事会2026年第11次会议决议公告,,,,,,,,,,,,,,,,,,,,,,,,,1138,第七届董事会2026年第11次会议决议公告,巨潮资讯网,https://static.cninfo.com.cn/finalpage/2026-08-29/1225531255.PDF,2026-08-29,公告
1139,Document,三星电气关于子公司签订海外经营合同的公告,,,,,,,,,,,,,,,,,,,,,,,,,1139,三星电气关于子公司签订海外经营合同的公告,巨潮资讯网,https://static.cninfo.com.cn/finalpage/2026-09-24/1225578867.PDF,2026-09-24,公告
1140,Document,关于项目中标及签订合同的公告,,,,,,,,,,,,,,,,,,,,,,,,,1140,关于项目中标及签订合同的公告,巨潮资讯网,https://static.cninfo.com.cn/finalpage/2026-09-24/1225582697.PDF,2026-09-24,公告
1141,Document,公司治理制度修订对照表,,,,,,,,,,,,,,,,,,,,,,,,,1141,公司治理制度修订对照表,巨潮资讯网,https://static.cninfo.com.cn/finalpage/2026-08-29/1225526276.PDF,2026-08-29,公告
1142,Document,第五届董事会第十八次会议决议公告,,,,,,,,,,,,,,,,,,,,,,,,,1142,第五届董事会第十八次会议决议公告,巨潮资讯网,https://static.cninfo.com.cn/finalpage/2026-08-29/1225531407.PDF,2026-08-29,公告
1143,Document,关于2026年中期利润分配方案的公告,,,,,,,,,,,,,,,,,,,,,,,,,1143,关于2026年中期利润分配方案的公告,巨潮资讯网,https://static.cninfo.com.cn/finalpage/2026-08-29/1225531406.PDF,2026-08-29,公告
1144,Document,中芯国际关于2026年度“提质增效重回报”行动方案的半年度评估报告,,,,,,,,,,,,,,,,,,,,,,,,,1144,中芯国际关于2026年度“提质增效重回报”行动方案的半年度评估报告,巨潮资讯网,https://static.cninfo.com.cn/finalpage/2026-08-28/1225520310.PDF,2026-08-28,公告
1145,Document,紫金矿业集团股份有限公司关于向西藏吉隆泥石流灾区捐赠的公告,,,,,,,,,,,,,,,,,,,,,,,,,1145,紫金矿业集团股份有限公司关于向西藏吉隆泥石流灾区捐赠的公告,巨潮资讯网,https://static.cninfo.com.cn/finalpage/2026-08-28/1225523549.PDF,2026-08-28,公告
1147,Document,中国神华关于举办2026年半年度业绩说明会的公告,,,,,,,,,,,,,,,,,,,,,,,,,1147,中国神华关于举办2026年半年度业绩说明会的公告,巨潮资讯网,https://static.cninfo.com.cn/finalpage/2026-08-28/1225520528.PDF,2026-08-28,公告
1148,Document,江苏中天科技股份有限公司第九届董事会第十六次会议决议公告,,,,,,,,,,,,,,,,,,,,,,,,,1148,江苏中天科技股份有限公司第九届董事会第十六次会议决议公告,巨潮资讯网,https://static.cninfo.com.cn/finalpage/2026-08-28/1225518260.PDF,2026-08-28,公告
1149,Document,江苏中天科技股份有限公司关于2026年半年度募集资金存放、管理与实际使用情况的专项报告,,,,,,,,,,,,,,,,,,,,,,,,,1149,江苏中天科技股份有限公司关于2026年半年度募集资金存放、管理与实际使用情况的专项报告,巨潮资讯网,https://static.cninfo.com.cn/finalpage/2026-08-28/1225518251.PDF,2026-08-28,公告
1150,Document,中信证券股份有限公司关于参加中信股份2026年中期业绩联合发布会的公告,,,,,,,,,,,,,,,,,,,,,,,,,1150,中信证券股份有限公司关于参加中信股份2026年中期业绩联合发布会的公告,巨潮资讯网,https://static.cninfo.com.cn/finalpage/2026-08-28/1225519700.PDF,2026-08-28,公告
1151,Document,潍柴动力股份有限公司章程修订条文对照表,,,,,,,,,,,,,,,,,,,,,,,,,1151,潍柴动力股份有限公司章程修订条文对照表,巨潮资讯网,https://static.cninfo.com.cn/finalpage/2026-08-28/1225520953.PDF,2026-08-28,公告
1152,Document,关于计提2026年半年度减值准备的公告,,,,,,,,,,,,,,,,,,,,,,,,,1152,关于计提2026年半年度减值准备的公告,巨潮资讯网,https://static.cninfo.com.cn/finalpage/2026-08-28/1225521956.PDF,2026-08-28,公告
1153,Document,关于累计诉讼、仲裁情况的公告,,,,,,,,,,,,,,,,,,,,,,,,,1153,关于累计诉讼、仲裁情况的公告,巨潮资讯网,https://static.cninfo.com.cn/finalpage/2026-08-28/1225521955.PDF,2026-08-28,公告
1154,Document,第二十一届董事会第二次会议决议公告,,,,,,,,,,,,,,,,,,,,,,,,,1154,第二十一届董事会第二次会议决议公告,巨潮资讯网,https://static.cninfo.com.cn/finalpage/2026-08-28/1225521954.PDF,2026-08-28,公告
1155,Document,H股公告-（1）变更联席公司秘书、授权代表及法律程序文件的代理人；及（2）申请豁免严格遵守《联交所上市规则》第3.28条及第8.17条及（3）变更香港主要营业地点地址,,,,,,,,,,,,,,,,,,,,,,,,,1155,H股公告-（1）变更联席公司秘书、授权代表及法律程序文件的代理人；及（2）申请豁免严格遵守《联交所上市规则》第3.28条及第8.17条及（3）变更香港主要营业地点地址,巨潮资讯网,https://static.cninfo.com.cn/finalpage/2026-08-27/1225513019.PDF,2026-08-27,公告
1157,Document,内蒙古伊利实业集团股份有限公司关于计提资产减值准备的公告,,,,,,,,,,,,,,,,,,,,,,,,,1157,内蒙古伊利实业集团股份有限公司关于计提资产减值准备的公告,巨潮资讯网,https://static.cninfo.com.cn/finalpage/2026-08-27/1225511493.PDF,2026-08-27,公告
1158,Document,通威股份有限公司第九届董事会第十二次会议决议公告,,,,,,,,,,,,,,,,,,,,,,,,,1158,通威股份有限公司第九届董事会第十二次会议决议公告,巨潮资讯网,https://static.cninfo.com.cn/finalpage/2026-08-27/1225509904.PDF,2026-08-27,公告
1159,Document,国电南瑞第九届董事会第十五次会议决议公告,,,,,,,,,,,,,,,,,,,,,,,,,1159,国电南瑞第九届董事会第十五次会议决议公告,巨潮资讯网,https://static.cninfo.com.cn/finalpage/2026-08-27/1225508123.PDF,2026-08-27,公告
1160,Document,恒瑞医药关于以集中竞价交易方式回购公司A股股份事项的回购报告书,,,,,,,,,,,,,,,,,,,,,,,,,1160,恒瑞医药关于以集中竞价交易方式回购公司A股股份事项的回购报告书,巨潮资讯网,https://static.cninfo.com.cn/finalpage/2026-08-27/1225511498.PDF,2026-08-27,公告
1161,Document,保利发展控股集团股份有限公司第八届董事会第二次会议决议公告,,,,,,,,,,,,,,,,,,,,,,,,,1161,保利发展控股集团股份有限公司第八届董事会第二次会议决议公告,巨潮资讯网,https://static.cninfo.com.cn/finalpage/2026-08-27/1225515372.PDF,2026-08-27,公告
1162,Document,招商银行股份有限公司董事会决议公告,,,,,,,,,,,,,,,,,,,,,,,,,1162,招商银行股份有限公司董事会决议公告,巨潮资讯网,https://static.cninfo.com.cn/finalpage/2026-08-27/1225512401.PDF,2026-08-27,公告
1163,Document,关于2026年度第六期绿色科技创新债券发行完成的公告,,,,,,,,,,,,,,,,,,,,,,,,,1163,关于2026年度第六期绿色科技创新债券发行完成的公告,巨潮资讯网,https://static.cninfo.com.cn/finalpage/2026-08-27/1225519101.PDF,2026-08-27,公告
1164,Document,东方财富信息股份有限公司关于完成工商变更登记的公告,,,,,,,,,,,,,,,,,,,,,,,,,1164,东方财富信息股份有限公司关于完成工商变更登记的公告,巨潮资讯网,https://static.cninfo.com.cn/finalpage/2026-08-27/1225520710.PDF,2026-08-27,公告
1167,Document,关于子公司之间提供担保的公告,,,,,,,,,,,,,,,,,,,,,,,,,1167,关于子公司之间提供担保的公告,巨潮资讯网,https://static.cninfo.com.cn/finalpage/2026-08-27/1225515007.PDF,2026-08-27,公告
1168,Document,中国建筑2026年1-7月经营情况简报,,,,,,,,,,,,,,,,,,,,,,,,,1168,中国建筑2026年1-7月经营情况简报,巨潮资讯网,https://static.cninfo.com.cn/finalpage/2026-08-26/1225505838.PDF,2026-08-26,公告
1169,Document,长城汽车股份有限公司第九届董事会第六次会议决议公告,,,,,,,,,,,,,,,,,,,,,,,,,1169,长城汽车股份有限公司第九届董事会第六次会议决议公告,巨潮资讯网,https://static.cninfo.com.cn/finalpage/2026-08-26/1225502463.PDF,2026-08-26,公告
1170,Document,工商银行关于赎回境外无固定期限资本债券的公告,,,,,,,,,,,,,,,,,,,,,,,,,1170,工商银行关于赎回境外无固定期限资本债券的公告,巨潮资讯网,https://static.cninfo.com.cn/finalpage/2026-08-26/1225502442.PDF,2026-08-26,公告
1171,Document,中国建材集团财务有限公司2026年半年度风险评估报告,,,,,,,,,,,,,,,,,,,,,,,,,1171,中国建材集团财务有限公司2026年半年度风险评估报告,巨潮资讯网,https://static.cninfo.com.cn/finalpage/2026-08-26/1225503081.PDF,2026-08-26,公告
1172,Document,关于东方电气集团财务有限公司2026年半年度风险评估情况的报告,,,,,,,,,,,,,,,,,,,,,,,,,1172,关于东方电气集团财务有限公司2026年半年度风险评估情况的报告,巨潮资讯网,https://static.cninfo.com.cn/finalpage/2026-08-26/1225506124.PDF,2026-08-26,公告
1173,Document,董事会十一届二十一次会议决议公告,,,,,,,,,,,,,,,,,,,,,,,,,1173,董事会十一届二十一次会议决议公告,巨潮资讯网,https://static.cninfo.com.cn/finalpage/2026-08-26/1225505927.PDF,2026-08-26,公告
1174,Document,关于2026年半年度募集资金存放、管理与使用情况的专项报告,,,,,,,,,,,,,,,,,,,,,,,,,1174,关于2026年半年度募集资金存放、管理与使用情况的专项报告,巨潮资讯网,https://static.cninfo.com.cn/finalpage/2026-08-26/1225505530.PDF,2026-08-26,公告
1175,Document,万华化学关于子公司匈牙利宝思德化学公司装置复产公告,,,,,,,,,,,,,,,,,,,,,,,,,1175,万华化学关于子公司匈牙利宝思德化学公司装置复产公告,巨潮资讯网,https://static.cninfo.com.cn/finalpage/2026-08-26/1225502705.PDF,2026-08-26,公告
1176,Document,三一重工股份有限公司关于2026年A股员工持股计划完成股票非交易过户的公告,,,,,,,,,,,,,,,,,,,,,,,,,1176,三一重工股份有限公司关于2026年A股员工持股计划完成股票非交易过户的公告,巨潮资讯网,https://static.cninfo.com.cn/finalpage/2026-08-26/1225505562.PDF,2026-08-26,公告
1177,Document,中信证券股份有限公司关于间接子公司发行中期票据并由全资子公司提供担保的公告,,,,,,,,,,,,,,,,,,,,,,,,,1177,中信证券股份有限公司关于间接子公司发行中期票据并由全资子公司提供担保的公告,巨潮资讯网,https://static.cninfo.com.cn/finalpage/2026-08-26/1225503054.PDF,2026-08-26,公告
1178,Document,2026年半年度募集资金存放与使用情况的专项报告,,,,,,,,,,,,,,,,,,,,,,,,,1178,2026年半年度募集资金存放与使用情况的专项报告,巨潮资讯网,https://static.cninfo.com.cn/finalpage/2026-08-26/1225501906.PDF,2026-08-26,公告
1179,Document,关于续聘公司2026年度财务报表和内部控制审计机构的公告,,,,,,,,,,,,,,,,,,,,,,,,,1179,关于续聘公司2026年度财务报表和内部控制审计机构的公告,巨潮资讯网,https://static.cninfo.com.cn/finalpage/2026-08-26/1225504173.PDF,2026-08-26,公告
1180,Document,潍柴动力股份有限公司关于召开2026年第二次临时股东会的通知,,,,,,,,,,,,,,,,,,,,,,,,,1180,潍柴动力股份有限公司关于召开2026年第二次临时股东会的通知,巨潮资讯网,https://static.cninfo.com.cn/finalpage/2026-08-26/1225500695.PDF,2026-08-26,公告
1181,Document,关于会计政策变更的公告,,,,,,,,,,,,,,,,,,,,,,,,,1181,关于会计政策变更的公告,巨潮资讯网,https://static.cninfo.com.cn/finalpage/2026-08-25/1225498531.PDF,2026-08-25,公告
1182,Document,北京市天元律师事务所关于中国长江电力股份有限公司控股股东增持公司股份的专项核查意见,,,,,,,,,,,,,,,,,,,,,,,,,1182,北京市天元律师事务所关于中国长江电力股份有限公司控股股东增持公司股份的专项核查意见,巨潮资讯网,https://static.cninfo.com.cn/finalpage/2026-08-25/1225494048.PDF,2026-08-25,公告
1183,Document,内蒙古伊利实业集团股份有限公司关于收到中国银行间市场交易商协会《接受注册通知书》的公告,,,,,,,,,,,,,,,,,,,,,,,,,1183,内蒙古伊利实业集团股份有限公司关于收到中国银行间市场交易商协会《接受注册通知书》的公告,巨潮资讯网,https://static.cninfo.com.cn/finalpage/2026-08-25/1225496541.PDF,2026-08-25,公告
1184,Document,国电南瑞关于召开2026年半年度业绩说明会的公告,,,,,,,,,,,,,,,,,,,,,,,,,1184,国电南瑞关于召开2026年半年度业绩说明会的公告,巨潮资讯网,https://static.cninfo.com.cn/finalpage/2026-08-25/1225494046.PDF,2026-08-25,公告
1185,Document,恒瑞医药关于药品上市许可申请获受理的提示性公告,,,,,,,,,,,,,,,,,,,,,,,,,1185,恒瑞医药关于药品上市许可申请获受理的提示性公告,巨潮资讯网,https://static.cninfo.com.cn/finalpage/2026-08-25/1225496461.PDF,2026-08-25,公告
1186,Document,关于申报医疗器械注册获得受理的公告,,,,,,,,,,,,,,,,,,,,,,,,,1186,关于申报医疗器械注册获得受理的公告,巨潮资讯网,https://static.cninfo.com.cn/finalpage/2026-09-24/1225581569.PDF,2026-09-24,公告
1187,Document,H股公告（变更香港的主要营业地址）,,,,,,,,,,,,,,,,,,,,,,,,,1187,H股公告（变更香港的主要营业地址）,巨潮资讯网,https://static.cninfo.com.cn/finalpage/2026-08-25/1225502236.PDF,2026-08-25,公告
1188,Document,东方财富信息股份有限公司关于子公司东方财富证券股份有限公司2026年面向专业投资者公开发行公司债券（第四期）发行结果的公告,,,,,,,,,,,,,,,,,,,,,,,,,1188,东方财富信息股份有限公司关于子公司东方财富证券股份有限公司2026年面向专业投资者公开发行公司债券（第四期）发行结果的公告,巨潮资讯网,https://static.cninfo.com.cn/finalpage/2026-08-25/1225504789.PDF,2026-08-25,公告
1189,Document,关于2026年半年度利润分配方案的公告,,,,,,,,,,,,,,,,,,,,,,,,,1189,关于2026年半年度利润分配方案的公告,巨潮资讯网,https://static.cninfo.com.cn/finalpage/2026-08-25/1225500282.PDF,2026-08-25,公告
1190,Document,上汽集团关于召开2026年半年度业绩说明会的公告,,,,,,,,,,,,,,,,,,,,,,,,,1190,上汽集团关于召开2026年半年度业绩说明会的公告,巨潮资讯网,https://static.cninfo.com.cn/finalpage/2026-08-24/1225493825.PDF,2026-08-24,公告
1191,Document,2026年上半年计提减值准备的公告,,,,,,,,,,,,,,,,,,,,,,,,,1191,2026年上半年计提减值准备的公告,巨潮资讯网,https://static.cninfo.com.cn/finalpage/2026-08-24/1225493868.PDF,2026-08-24,公告
1192,Document,紫金矿业集团股份有限公司关于调整2026年员工持股计划受让价格的公告,,,,,,,,,,,,,,,,,,,,,,,,,1192,紫金矿业集团股份有限公司关于调整2026年员工持股计划受让价格的公告,巨潮资讯网,https://static.cninfo.com.cn/finalpage/2026-08-22/1225493660.PDF,2026-08-22,公告
1193,Document,中国中铁2026年第二季度对外担保被担保人基本情况及担保协议主要内容情况,,,,,,,,,,,,,,,,,,,,,,,,,1193,中国中铁2026年第二季度对外担保被担保人基本情况及担保协议主要内容情况,巨潮资讯网,https://static.cninfo.com.cn/finalpage/2026-08-22/1225489962.PDF,2026-08-22,公告
1194,Document,中国铁建关于召开2026年半年度业绩说明会的公告,,,,,,,,,,,,,,,,,,,,,,,,,1194,中国铁建关于召开2026年半年度业绩说明会的公告,巨潮资讯网,https://static.cninfo.com.cn/finalpage/2026-08-22/1225489238.PDF,2026-08-22,公告
1195,Document,通威股份有限公司2026年度第六期绿色超短期融资券发行结果公告,,,,,,,,,,,,,,,,,,,,,,,,,1195,通威股份有限公司2026年度第六期绿色超短期融资券发行结果公告,巨潮资讯网,https://static.cninfo.com.cn/finalpage/2026-08-22/1225491084.PDF,2026-08-22,公告
1196,Document,招商银行股份有限公司关于召开2026年中期业绩说明会的公告,,,,,,,,,,,,,,,,,,,,,,,,,1196,招商银行股份有限公司关于召开2026年中期业绩说明会的公告,巨潮资讯网,https://static.cninfo.com.cn/finalpage/2026-08-22/1225491092.PDF,2026-08-22,公告
1197,Document,宝钢股份第九届董事会第十三次会议决议公告,,,,,,,,,,,,,,,,,,,,,,,,,1197,宝钢股份第九届董事会第十三次会议决议公告,巨潮资讯网,https://static.cninfo.com.cn/finalpage/2026-08-22/1225489245.PDF,2026-08-22,公告
1198,Document,关于完成工商变更登记并换发营业执照的公告,,,,,,,,,,,,,,,,,,,,,,,,,1198,关于完成工商变更登记并换发营业执照的公告,巨潮资讯网,https://static.cninfo.com.cn/finalpage/2026-08-22/1225492154.PDF,2026-08-22,公告
1199,Document,公司信用类债券信息披露管理制度,,,,,,,,,,,,,,,,,,,,,,,,,1199,公司信用类债券信息披露管理制度,巨潮资讯网,https://static.cninfo.com.cn/finalpage/2026-08-22/1225490143.PDF,2026-08-22,公告
1200,Document,关于职工董事任职资格核准的公告,,,,,,,,,,,,,,,,,,,,,,,,,1200,关于职工董事任职资格核准的公告,巨潮资讯网,https://static.cninfo.com.cn/finalpage/2026-08-22/1225490393.PDF,2026-08-22,公告
1201,Document,上海电气关于境外子公司发行境外债券完成情况的公告,,,,,,,,,,,,,,,,,,,,,,,,,1201,上海电气关于境外子公司发行境外债券完成情况的公告,巨潮资讯网,https://static.cninfo.com.cn/finalpage/2026-08-21/1225484787.PDF,2026-08-21,公告
1202,Document,中国平安2026年中期投资者保护工作报告暨“提质增效重回报”执行情况报告,,,,,,,,,,,,,,,,,,,,,,,,,1202,中国平安2026年中期投资者保护工作报告暨“提质增效重回报”执行情况报告,巨潮资讯网,https://static.cninfo.com.cn/finalpage/2026-08-21/1225487487.PDF,2026-08-21,公告
1203,Document,关于2026年度第一期短期融资券（乡村振兴）发行结果的公告,,,,,,,,,,,,,,,,,,,,,,,,,1203,关于2026年度第一期短期融资券（乡村振兴）发行结果的公告,巨潮资讯网,https://static.cninfo.com.cn/finalpage/2026-08-21/1225485226.PDF,2026-08-21,公告
1204,Document,关于“质量回报双提升”行动方案的进展公告,,,,,,,,,,,,,,,,,,,,,,,,,1204,关于“质量回报双提升”行动方案的进展公告,巨潮资讯网,https://static.cninfo.com.cn/finalpage/2026-08-21/1225484423.PDF,2026-08-21,公告
1205,Document,关于2025年年度权益分派实施后调整股份回购价格上限的公告,,,,,,,,,,,,,,,,,,,,,,,,,1205,关于2025年年度权益分派实施后调整股份回购价格上限的公告,巨潮资讯网,https://static.cninfo.com.cn/finalpage/2026-08-21/1225487187.PDF,2026-08-21,公告
1206,Document,港股公告：董事会批准发布2026年中期业绩通知,,,,,,,,,,,,,,,,,,,,,,,,,1206,港股公告：董事会批准发布2026年中期业绩通知,巨潮资讯网,https://static.cninfo.com.cn/finalpage/2026-08-20/1225483219.PDF,2026-08-20,公告
1207,Document,富士康工业互联网股份有限公司关于以集中竞价交易方式首次回购股份的公告,,,,,,,,,,,,,,,,,,,,,,,,,1207,富士康工业互联网股份有限公司关于以集中竞价交易方式首次回购股份的公告,巨潮资讯网,https://static.cninfo.com.cn/finalpage/2026-08-20/1225482317.PDF,2026-08-20,公告
1208,Document,中国铁建H股公告,,,,,,,,,,,,,,,,,,,,,,,,,1208,中国铁建H股公告,巨潮资讯网,https://static.cninfo.com.cn/finalpage/2026-08-19/1225479846.PDF,2026-08-19,公告
1209,Document,特变电工股份有限公司2026年第三次临时股东会会议资料,,,,,,,,,,,,,,,,,,,,,,,,,1209,特变电工股份有限公司2026年第三次临时股东会会议资料,巨潮资讯网,https://static.cninfo.com.cn/finalpage/2026-08-18/1225477680.PDF,2026-08-18,公告
1210,Document,宝钢股份关于召开2026年半年度业绩网上说明会的公告,,,,,,,,,,,,,,,,,,,,,,,,,1210,宝钢股份关于召开2026年半年度业绩网上说明会的公告,巨潮资讯网,https://static.cninfo.com.cn/finalpage/2026-08-18/1225476252.PDF,2026-08-18,公告
1211,Document,东方财富信息股份有限公司关于子公司东方财富证券股份有限公司2026年面向专业投资者公开发行次级债券（第三期）发行结果的公告,,,,,,,,,,,,,,,,,,,,,,,,,1211,东方财富信息股份有限公司关于子公司东方财富证券股份有限公司2026年面向专业投资者公开发行次级债券（第三期）发行结果的公告,巨潮资讯网,https://static.cninfo.com.cn/finalpage/2026-08-18/1225480877.PDF,2026-08-18,公告
1212,Document,2026年第一次临时股东会法律意见书,,,,,,,,,,,,,,,,,,,,,,,,,1212,2026年第一次临时股东会法律意见书,巨潮资讯网,https://static.cninfo.com.cn/finalpage/2026-08-18/1225477024.PDF,2026-08-18,公告
1213,Document,H股公告-董事会会议召开日期,,,,,,,,,,,,,,,,,,,,,,,,,1213,H股公告-董事会会议召开日期,巨潮资讯网,https://static.cninfo.com.cn/finalpage/2026-08-15/1225474978.PDF,2026-08-15,公告
1214,Document,贵州茅台关于会计政策变更的公告,,,,,,,,,,,,,,,,,,,,,,,,,1214,贵州茅台关于会计政策变更的公告,巨潮资讯网,https://static.cninfo.com.cn/finalpage/2026-08-15/1225475864.PDF,2026-08-15,公告
1215,Document,贵州茅台关于贵州茅台集团财务有限公司的风险评估报告,,,,,,,,,,,,,,,,,,,,,,,,,1215,贵州茅台关于贵州茅台集团财务有限公司的风险评估报告,巨潮资讯网,https://static.cninfo.com.cn/finalpage/2026-08-15/1225475863.PDF,2026-08-15,公告
1216,Document,贵州茅台第五届董事会2026年度第三次会议决议公告,,,,,,,,,,,,,,,,,,,,,,,,,1216,贵州茅台第五届董事会2026年度第三次会议决议公告,巨潮资讯网,https://static.cninfo.com.cn/finalpage/2026-08-15/1225475862.PDF,2026-08-15,公告
1217,Document,贵州茅台关于召开2026年半年度业绩说明会的公告,,,,,,,,,,,,,,,,,,,,,,,,,1217,贵州茅台关于召开2026年半年度业绩说明会的公告,巨潮资讯网,https://static.cninfo.com.cn/finalpage/2026-08-15/1225475856.PDF,2026-08-15,公告
1218,Document,独立董事专门会议2026年第三次会议审核意见,,,,,,,,,,,,,,,,,,,,,,,,,1218,独立董事专门会议2026年第三次会议审核意见,巨潮资讯网,https://static.cninfo.com.cn/finalpage/2026-08-15/1225474798.PDF,2026-08-15,公告
1219,Document,港股公告：中芯国际截至2026年6月30日止三个月未经审核业绩公布,,,,,,,,,,,,,,,,,,,,,,,,,1219,港股公告：中芯国际截至2026年6月30日止三个月未经审核业绩公布,巨潮资讯网,https://static.cninfo.com.cn/finalpage/2026-08-14/1225471507.PDF,2026-08-14,公告
1220,Document,中国神华2026年7月份主要运营数据公告,,,,,,,,,,,,,,,,,,,,,,,,,1220,中国神华2026年7月份主要运营数据公告,巨潮资讯网,https://static.cninfo.com.cn/finalpage/2026-08-14/1225471783.PDF,2026-08-14,公告
1222,Document,关于董事会会议召开日期的公告,,,,,,,,,,,,,,,,,,,,,,,,,1222,关于董事会会议召开日期的公告,巨潮资讯网,https://static.cninfo.com.cn/finalpage/2026-08-14/1225472445.PDF,2026-08-14,公告
1223,Document,关于董事辞职的公告,,,,,,,,,,,,,,,,,,,,,,,,,1223,关于董事辞职的公告,巨潮资讯网,https://static.cninfo.com.cn/finalpage/2026-08-13/1225469474.PDF,2026-08-13,公告
1224,Document,富士康工业互联网股份有限公司2026年半年度募集资金存放、管理与实际使用情况的专项报告,,,,,,,,,,,,,,,,,,,,,,,,,1224,富士康工业互联网股份有限公司2026年半年度募集资金存放、管理与实际使用情况的专项报告,巨潮资讯网,https://static.cninfo.com.cn/finalpage/2026-08-12/1225468096.PDF,2026-08-12,公告
1225,Document,董事会十一届二十次会议决议公告,,,,,,,,,,,,,,,,,,,,,,,,,1225,董事会十一届二十次会议决议公告,巨潮资讯网,https://static.cninfo.com.cn/finalpage/2026-08-12/1225468069.PDF,2026-08-12,公告
1226,Document,保利发展控股集团股份有限公司2026年7月份销售情况简报,,,,,,,,,,,,,,,,,,,,,,,,,1226,保利发展控股集团股份有限公司2026年7月份销售情况简报,巨潮资讯网,https://static.cninfo.com.cn/finalpage/2026-08-12/1225468496.PDF,2026-08-12,公告
1227,Document,保利发展控股集团股份有限公司关于本公司获得房地产项目的公告,,,,,,,,,,,,,,,,,,,,,,,,,1227,保利发展控股集团股份有限公司关于本公司获得房地产项目的公告,巨潮资讯网,https://static.cninfo.com.cn/finalpage/2026-08-12/1225468483.PDF,2026-08-12,公告
1228,Document,关于按照《香港上市规则》公布董事会会议通告,,,,,,,,,,,,,,,,,,,,,,,,,1228,关于按照《香港上市规则》公布董事会会议通告,巨潮资讯网,https://static.cninfo.com.cn/finalpage/2026-08-12/1225467997.PDF,2026-08-12,公告
1229,Document,中国中材国际工程股份有限公司关于与苏州中材建设有限公司共同为所属中材国际埃塞子公司提供担保的进展公告,,,,,,,,,,,,,,,,,,,,,,,,,1229,中国中材国际工程股份有限公司关于与苏州中材建设有限公司共同为所属中材国际埃塞子公司提供担保的进展公告,巨潮资讯网,https://static.cninfo.com.cn/finalpage/2026-08-08/1225462954.PDF,2026-08-08,公告
1230,Document,高级管理人员减持股份结果公告,,,,,,,,,,,,,,,,,,,,,,,,,1230,高级管理人员减持股份结果公告,巨潮资讯网,https://static.cninfo.com.cn/finalpage/2026-08-08/1225462992.PDF,2026-08-08,公告
1231,Document,关于召开2026年半年度业绩说明会的公告,,,,,,,,,,,,,,,,,,,,,,,,,1231,关于召开2026年半年度业绩说明会的公告,巨潮资讯网,https://static.cninfo.com.cn/finalpage/2026-08-08/1225463626.PDF,2026-08-08,公告
1232,Document,特变电工股份有限公司2026年第十一次临时董事会会议决议公告,,,,,,,,,,,,,,,,,,,,,,,,,1232,特变电工股份有限公司2026年第十一次临时董事会会议决议公告,巨潮资讯网,https://static.cninfo.com.cn/finalpage/2026-08-07/1225462102.PDF,2026-08-07,公告
1233,Document,特变电工股份有限公司关于延长向不特定对象发行可转换公司债券股东会决议有效期及相关授权期限的公告,,,,,,,,,,,,,,,,,,,,,,,,,1233,特变电工股份有限公司关于延长向不特定对象发行可转换公司债券股东会决议有效期及相关授权期限的公告,巨潮资讯网,https://static.cninfo.com.cn/finalpage/2026-08-07/1225462091.PDF,2026-08-07,公告
1234,Document,关于首次回购公司股份的公告,,,,,,,,,,,,,,,,,,,,,,,,,1234,关于首次回购公司股份的公告,巨潮资讯网,https://static.cninfo.com.cn/finalpage/2026-08-07/1225464070.PDF,2026-08-07,公告
1235,Document,H股公告（董事会会议通告）,,,,,,,,,,,,,,,,,,,,,,,,,1235,H股公告（董事会会议通告）,巨潮资讯网,https://static.cninfo.com.cn/finalpage/2026-08-07/1225462591.PDF,2026-08-07,公告
1236,Document,关于四川省宜宾五粮液集团有限公司增持公司股票的进展公告,,,,,,,,,,,,,,,,,,,,,,,,,1236,关于四川省宜宾五粮液集团有限公司增持公司股票的进展公告,巨潮资讯网,https://static.cninfo.com.cn/finalpage/2026-08-07/1225461522.PDF,2026-08-07,公告
1237,Document,潍柴动力股份有限公司2025年度A股分红派息实施公告,,,,,,,,,,,,,,,,,,,,,,,,,1237,潍柴动力股份有限公司2025年度A股分红派息实施公告,巨潮资讯网,https://static.cninfo.com.cn/finalpage/2026-08-07/1225462610.PDF,2026-08-07,公告
1238,Document,长江电力关于公司总法律顾问辞职的公告,,,,,,,,,,,,,,,,,,,,,,,,,1238,长江电力关于公司总法律顾问辞职的公告,巨潮资讯网,https://static.cninfo.com.cn/finalpage/2026-08-06/1225458807.PDF,2026-08-06,公告
1239,Document,关于2026年员工持股计划开户完成的公告,,,,,,,,,,,,,,,,,,,,,,,,,1239,关于2026年员工持股计划开户完成的公告,巨潮资讯网,https://static.cninfo.com.cn/finalpage/2026-08-06/1225458992.PDF,2026-08-06,公告
1241,Document,第七届董事会第十九次会议决议公告,,,,,,,,,,,,,,,,,,,,,,,,,1241,第七届董事会第十九次会议决议公告,巨潮资讯网,https://static.cninfo.com.cn/finalpage/2026-08-05/1225458205.PDF,2026-08-05,公告
1242,Document,中国铁建2026年第二季度主要经营数据公告,,,,,,,,,,,,,,,,,,,,,,,,,1242,中国铁建2026年第二季度主要经营数据公告,巨潮资讯网,https://static.cninfo.com.cn/finalpage/2026-08-05/1225456944.PDF,2026-08-05,公告
1243,Document,关于提供担保的进展公告,,,,,,,,,,,,,,,,,,,,,,,,,1243,关于提供担保的进展公告,巨潮资讯网,https://static.cninfo.com.cn/finalpage/2026-08-05/1225458123.PDF,2026-08-05,公告
1244,Document,江苏中天科技股份有限公司关于第六期以集中竞价交易方式股份回购进展公告,,,,,,,,,,,,,,,,,,,,,,,,,1244,江苏中天科技股份有限公司关于第六期以集中竞价交易方式股份回购进展公告,巨潮资讯网,https://static.cninfo.com.cn/finalpage/2026-08-05/1225456778.PDF,2026-08-05,公告
1245,Document,通威股份有限公司关于对外提供担保的进展公告,,,,,,,,,,,,,,,,,,,,,,,,,1245,通威股份有限公司关于对外提供担保的进展公告,巨潮资讯网,https://static.cninfo.com.cn/finalpage/2026-08-05/1225457972.PDF,2026-08-05,公告
1246,Document,万华化学烟台产业园MDI装置停产检修公告,,,,,,,,,,,,,,,,,,,,,,,,,1246,万华化学烟台产业园MDI装置停产检修公告,巨潮资讯网,https://static.cninfo.com.cn/finalpage/2026-08-05/1225456806.PDF,2026-08-05,公告
1247,Document,恒瑞医药关于回购公司A股股份的进展公告,,,,,,,,,,,,,,,,,,,,,,,,,1247,恒瑞医药关于回购公司A股股份的进展公告,巨潮资讯网,https://static.cninfo.com.cn/finalpage/2026-08-05/1225457431.PDF,2026-08-05,公告
1248,Document,关于为子公司提供担保的进展公告,,,,,,,,,,,,,,,,,,,,,,,,,1248,关于为子公司提供担保的进展公告,巨潮资讯网,https://static.cninfo.com.cn/finalpage/2026-08-05/1225456707.PDF,2026-08-05,公告
1249,Document,关于回购公司股份的进展公告,,,,,,,,,,,,,,,,,,,,,,,,,1249,关于回购公司股份的进展公告,巨潮资讯网,https://static.cninfo.com.cn/finalpage/2026-08-05/1225457014.PDF,2026-08-05,公告
1250,Document,海天味业关于2024年员工持股计划A股股份回购注销实施公告,,,,,,,,,,,,,,,,,,,,,,,,,1250,海天味业关于2024年员工持股计划A股股份回购注销实施公告,巨潮资讯网,https://static.cninfo.com.cn/finalpage/2026-08-04/1225455468.PDF,2026-08-04,公告
1251,Document,紫金矿业H股市场公告,,,,,,,,,,,,,,,,,,,,,,,,,1251,紫金矿业H股市场公告,巨潮资讯网,https://static.cninfo.com.cn/finalpage/2026-08-04/1225454884.PDF,2026-08-04,公告
1252,Document,上海电气H股市场公告,,,,,,,,,,,,,,,,,,,,,,,,,1252,上海电气H股市场公告,巨潮资讯网,https://static.cninfo.com.cn/finalpage/2026-08-04/1225454773.PDF,2026-08-04,公告
1255,Document,中国中材国际工程股份有限公司关于签署经营合同的公告,,,,,,,,,,,,,,,,,,,,,,,,,1255,中国中材国际工程股份有限公司关于签署经营合同的公告,巨潮资讯网,https://static.cninfo.com.cn/finalpage/2026-08-04/1225454263.PDF,2026-08-04,公告
1257,Document,2026年中期分红A股实施公告,,,,,,,,,,,,,,,,,,,,,,,,,1257,2026年中期分红A股实施公告,巨潮资讯网,https://static.cninfo.com.cn/finalpage/2026-08-04/1225456175.PDF,2026-08-04,公告
1258,Document,关于股份回购进展情况的公告,,,,,,,,,,,,,,,,,,,,,,,,,1258,关于股份回购进展情况的公告,巨潮资讯网,https://static.cninfo.com.cn/finalpage/2026-08-04/1225454785.PDF,2026-08-04,公告
1259,Document,关于回购公司股份进展的公告,,,,,,,,,,,,,,,,,,,,,,,,,1259,关于回购公司股份进展的公告,巨潮资讯网,https://static.cninfo.com.cn/finalpage/2026-08-04/1225454939.PDF,2026-08-04,公告
1261,Document,长城汽车股份有限公司关于“长汽转债”可选择回售的第七次提示性公告,,,,,,,,,,,,,,,,,,,,,,,,,1261,长城汽车股份有限公司关于“长汽转债”可选择回售的第七次提示性公告,巨潮资讯网,https://static.cninfo.com.cn/finalpage/2026-08-03/1225452790.PDF,2026-08-03,公告
1262,Document,上汽集团2026年7月份产销快报,,,,,,,,,,,,,,,,,,,,,,,,,1262,上汽集团2026年7月份产销快报,巨潮资讯网,https://static.cninfo.com.cn/finalpage/2026-08-03/1225452764.PDF,2026-08-03,公告
1263,Document,第六届董事会第二次会议决议公告,,,,,,,,,,,,,,,,,,,,,,,,,1263,第六届董事会第二次会议决议公告,巨潮资讯网,https://static.cninfo.com.cn/finalpage/2026-08-03/1225456083.PDF,2026-08-03,公告
1264,Document,2026年7月产销快报,,,,,,,,,,,,,,,,,,,,,,,,,1264,2026年7月产销快报,巨潮资讯网,https://static.cninfo.com.cn/finalpage/2026-08-03/1225452785.PDF,2026-08-03,公告
1265,Document,中国中铁关于公司董事会秘书辞职并由董事长代行董事会秘书职责的公告,,,,,,,,,,,,,,,,,,,,,,,,,1265,中国中铁关于公司董事会秘书辞职并由董事长代行董事会秘书职责的公告,巨潮资讯网,https://static.cninfo.com.cn/finalpage/2026-08-01/1225451386.PDF,2026-08-01,公告
1266,Document,关于暂不向下修正“隆22转债”转股价格的公告,,,,,,,,,,,,,,,,,,,,,,,,,1266,关于暂不向下修正“隆22转债”转股价格的公告,巨潮资讯网,https://static.cninfo.com.cn/finalpage/2026-08-01/1225450042.PDF,2026-08-01,公告
1267,Document,国电南瑞关于公司职工董事辞职的公告,,,,,,,,,,,,,,,,,,,,,,,,,1267,国电南瑞关于公司职工董事辞职的公告,巨潮资讯网,https://static.cninfo.com.cn/finalpage/2026-08-01/1225450021.PDF,2026-08-01,公告
1268,Document,三一重工股份有限公司关于回购股份事项前十大股东和前十大无限售条件股东持股情况的公告,,,,,,,,,,,,,,,,,,,,,,,,,1268,三一重工股份有限公司关于回购股份事项前十大股东和前十大无限售条件股东持股情况的公告,巨潮资讯网,https://static.cninfo.com.cn/finalpage/2026-08-01/1225450291.PDF,2026-08-01,公告
1269,Document,青海盐湖工业股份有限公司关联交易管理办法,,,,,,,,,,,,,,,,,,,,,,,,,1269,青海盐湖工业股份有限公司关联交易管理办法,巨潮资讯网,https://static.cninfo.com.cn/finalpage/2026-08-01/1225451232.PDF,2026-08-01,公告
1270,Document,青海盐湖工业股份有限公司总经理办公会议事规则,,,,,,,,,,,,,,,,,,,,,,,,,1270,青海盐湖工业股份有限公司总经理办公会议事规则,巨潮资讯网,https://static.cninfo.com.cn/finalpage/2026-08-01/1225451231.PDF,2026-08-01,公告
1271,Document,青海盐湖工业股份有限公司董事会授权管理办法,,,,,,,,,,,,,,,,,,,,,,,,,1271,青海盐湖工业股份有限公司董事会授权管理办法,巨潮资讯网,https://static.cninfo.com.cn/finalpage/2026-08-01/1225451230.PDF,2026-08-01,公告
1272,Document,关于为子公司提供担保的公告,,,,,,,,,,,,,,,,,,,,,,,,,1272,关于为子公司提供担保的公告,巨潮资讯网,https://static.cninfo.com.cn/finalpage/2026-08-01/1225450766.PDF,2026-08-01,公告
1273,Document,广东信达律师事务所关于万科企业股份有限公司2026年第一次临时股东会的法律意见书,,,,,,,,,,,,,,,,,,,,,,,,,1273,广东信达律师事务所关于万科企业股份有限公司2026年第一次临时股东会的法律意见书,巨潮资讯网,https://static.cninfo.com.cn/finalpage/2026-08-01/1225451859.PDF,2026-08-01,公告
1274,Document,关联交易公告,,,,,,,,,,,,,,,,,,,,,,,,,1274,关联交易公告,巨潮资讯网,https://static.cninfo.com.cn/finalpage/2026-08-01/1225451412.PDF,2026-08-01,公告
1275,Document,中芯国际关于召开2026年第二季度业绩说明会的预告公告,,,,,,,,,,,,,,,,,,,,,,,,,1275,中芯国际关于召开2026年第二季度业绩说明会的预告公告,巨潮资讯网,https://static.cninfo.com.cn/finalpage/2026-07-31/1225448405.PDF,2026-07-31,公告
1276,Document,中信证券股份有限公司第八届董事会第五十一次会议决议公告,,,,,,,,,,,,,,,,,,,,,,,,,1276,中信证券股份有限公司第八届董事会第五十一次会议决议公告,巨潮资讯网,https://static.cninfo.com.cn/finalpage/2026-07-31/1225448407.PDF,2026-07-31,公告
1277,Document,中国建筑重大项目公告,,,,,,,,,,,,,,,,,,,,,,,,,1277,中国建筑重大项目公告,巨潮资讯网,https://static.cninfo.com.cn/finalpage/2026-07-30/1225446764.PDF,2026-07-30,公告
1278,Document,招商银行股份有限公司关于行长任职资格核准的公告,,,,,,,,,,,,,,,,,,,,,,,,,1278,招商银行股份有限公司关于行长任职资格核准的公告,巨潮资讯网,https://static.cninfo.com.cn/finalpage/2026-07-29/1225444610.PDF,2026-07-29,公告
1279,Document,富士康工业互联网股份有限公司关于以集中竞价交易方式回购股份的回购报告书,,,,,,,,,,,,,,,,,,,,,,,,,1279,富士康工业互联网股份有限公司关于以集中竞价交易方式回购股份的回购报告书,巨潮资讯网,https://static.cninfo.com.cn/finalpage/2026-07-28/1225442540.PDF,2026-07-28,公告
1280,Document,中国神华关于第六届董事会第二十次会议决议的公告,,,,,,,,,,,,,,,,,,,,,,,,,1280,中国神华关于第六届董事会第二十次会议决议的公告,巨潮资讯网,https://static.cninfo.com.cn/finalpage/2026-07-24/1225439796.PDF,2026-07-24,公告
1281,Document,东方财富信息股份有限公司关于子公司东方财富证券股份有限公司2026年面向专业投资者公开发行公司债券（第三期）发行结果的公告,,,,,,,,,,,,,,,,,,,,,,,,,1281,东方财富信息股份有限公司关于子公司东方财富证券股份有限公司2026年面向专业投资者公开发行公司债券（第三期）发行结果的公告,巨潮资讯网,https://static.cninfo.com.cn/finalpage/2026-07-24/1225441502.PDF,2026-07-24,公告
1282,Document,内蒙古伊利实业集团股份有限公司关于补选2023年持股计划管理委员会委员的公告,,,,,,,,,,,,,,,,,,,,,,,,,1282,内蒙古伊利实业集团股份有限公司关于补选2023年持股计划管理委员会委员的公告,巨潮资讯网,https://static.cninfo.com.cn/finalpage/2026-07-23/1225436626.PDF,2026-07-23,公告
1283,Document,2025年度A股权益分派实施公告,,,,,,,,,,,,,,,,,,,,,,,,,1283,2025年度A股权益分派实施公告,巨潮资讯网,https://static.cninfo.com.cn/finalpage/2026-07-23/1225436927.PDF,2026-07-23,公告
1284,Document,中芯国际关于作废处理2021年科创板限制性股票激励计划部分限制性股票的公告,,,,,,,,,,,,,,,,,,,,,,,,,1284,中芯国际关于作废处理2021年科创板限制性股票激励计划部分限制性股票的公告,巨潮资讯网,https://static.cninfo.com.cn/finalpage/2026-07-22/1225435935.PDF,2026-07-22,公告
1285,Document,关于注册发行非金融企业债务融资工具及应收账款资产支持商业票据的公告,,,,,,,,,,,,,,,,,,,,,,,,,1285,关于注册发行非金融企业债务融资工具及应收账款资产支持商业票据的公告,巨潮资讯网,https://static.cninfo.com.cn/finalpage/2026-07-22/1225435702.PDF,2026-07-22,公告
1286,Document,2025年员工持股计划第二次持有人会议决议公告,,,,,,,,,,,,,,,,,,,,,,,,,1286,2025年员工持股计划第二次持有人会议决议公告,巨潮资讯网,https://static.cninfo.com.cn/finalpage/2026-07-22/1225435701.PDF,2026-07-22,公告
1287,Document,关于收到董事长提议回购公司股份的提示性公告,,,,,,,,,,,,,,,,,,,,,,,,,1287,关于收到董事长提议回购公司股份的提示性公告,巨潮资讯网,https://static.cninfo.com.cn/finalpage/2026-07-21/1225434932.PDF,2026-07-21,公告
1288,Document,关于公司董事和高级管理人员加快实施增持股份计划暨实施结果公告,,,,,,,,,,,,,,,,,,,,,,,,,1288,关于公司董事和高级管理人员加快实施增持股份计划暨实施结果公告,巨潮资讯网,https://static.cninfo.com.cn/finalpage/2026-07-21/1225432023.PDF,2026-07-21,公告
1289,Document,关于回购A股股份实施结果暨股份变动的公告,,,,,,,,,,,,,,,,,,,,,,,,,1289,关于回购A股股份实施结果暨股份变动的公告,巨潮资讯网,https://static.cninfo.com.cn/finalpage/2026-07-21/1225432729.PDF,2026-07-21,公告
1290,Document,中国铁建2025年年度权益分派实施公告,,,,,,,,,,,,,,,,,,,,,,,,,1290,中国铁建2025年年度权益分派实施公告,巨潮资讯网,https://static.cninfo.com.cn/finalpage/2026-07-20/1225431400.PDF,2026-07-20,公告
1291,Document,国电南瑞关于董事长提议回购公司部分股份的提示性公告,,,,,,,,,,,,,,,,,,,,,,,,,1291,国电南瑞关于董事长提议回购公司部分股份的提示性公告,巨潮资讯网,https://static.cninfo.com.cn/finalpage/2026-07-20/1225431549.PDF,2026-07-20,公告
1292,Document,关于以集中竞价交易方式回购A股股份进展情况的公告,,,,,,,,,,,,,,,,,,,,,,,,,1292,关于以集中竞价交易方式回购A股股份进展情况的公告,巨潮资讯网,https://static.cninfo.com.cn/finalpage/2026-07-20/1225431508.pdf,2026-07-20,公告
1293,Document,长江电力关于公司控股股东发行可交换公司债券对持有的部分本公司A股股票办理补充担保及信托登记的公告,,,,,,,,,,,,,,,,,,,,,,,,,1293,长江电力关于公司控股股东发行可交换公司债券对持有的部分本公司A股股票办理补充担保及信托登记的公告,巨潮资讯网,https://static.cninfo.com.cn/finalpage/2026-07-18/1225429337.PDF,2026-07-18,公告
1294,Document,江苏中天科技股份有限公司关于第六期以集中竞价交易方式首次回购公司股份的公告,,,,,,,,,,,,,,,,,,,,,,,,,1294,江苏中天科技股份有限公司关于第六期以集中竞价交易方式首次回购公司股份的公告,巨潮资讯网,https://static.cninfo.com.cn/finalpage/2026-07-18/1225429649.PDF,2026-07-18,公告
1295,Document,贵州茅台重大事项公告,,,,,,,,,,,,,,,,,,,,,,,,,1295,贵州茅台重大事项公告,巨潮资讯网,https://static.cninfo.com.cn/finalpage/2026-07-18/1225431263.PDF,2026-07-18,公告
1296,Document,2025年年度权益分派实施公告,,,,,,,,,,,,,,,,,,,,,,,,,1296,2025年年度权益分派实施公告,巨潮资讯网,https://static.cninfo.com.cn/finalpage/2026-07-17/1225427945.PDF,2026-07-17,公告
1297,Document,中国中材国际工程股份有限公司关于重大诉讼的进展公告,,,,,,,,,,,,,,,,,,,,,,,,,1297,中国中材国际工程股份有限公司关于重大诉讼的进展公告,巨潮资讯网,https://static.cninfo.com.cn/finalpage/2026-07-16/1225426125.PDF,2026-07-16,公告
1298,Document,关于持股5%以上股东股份补充质押的公告,,,,,,,,,,,,,,,,,,,,,,,,,1298,关于持股5%以上股东股份补充质押的公告,巨潮资讯网,https://static.cninfo.com.cn/finalpage/2026-07-16/1225426975.PDF,2026-07-16,公告
1299,Document,关于控股股东部分股权质押的公告,,,,,,,,,,,,,,,,,,,,,,,,,1299,关于控股股东部分股权质押的公告,巨潮资讯网,https://static.cninfo.com.cn/finalpage/2026-07-15/1225423120.PDF,2026-07-15,公告
1301,Document,2026年半年度业绩快报,,,,,,,,,,,,,,,,,,,,,,,,,1301,2026年半年度业绩快报,巨潮资讯网,https://static.cninfo.com.cn/finalpage/2026-07-15/1225424439.PDF,2026-07-15,公告
1302,Document,潍柴动力股份有限公司关于部分A股限制性股票注销完成的公告,,,,,,,,,,,,,,,,,,,,,,,,,1302,潍柴动力股份有限公司关于部分A股限制性股票注销完成的公告,巨潮资讯网,https://static.cninfo.com.cn/finalpage/2026-07-15/1225423631.PDF,2026-07-15,公告
1303,Document,H股公告（董事会会议召开日期）,,,,,,,,,,,,,,,,,,,,,,,,,1303,H股公告（董事会会议召开日期）,巨潮资讯网,https://static.cninfo.com.cn/finalpage/2026-07-14/1225423612.PDF,2026-07-14,公告
1304,Document,海天味业关于回购A股股份事项前十大股东和前十大无限售条件股东持股情况的公告,,,,,,,,,,,,,,,,,,,,,,,,,1304,海天味业关于回购A股股份事项前十大股东和前十大无限售条件股东持股情况的公告,巨潮资讯网,https://static.cninfo.com.cn/finalpage/2026-07-11/1225418790.PDF,2026-07-11,公告
1305,Document,工商银行关于2026年无固定期限资本债券（第三期）（债券通）发行完毕的公告,,,,,,,,,,,,,,,,,,,,,,,,,1305,工商银行关于2026年无固定期限资本债券（第三期）（债券通）发行完毕的公告,巨潮资讯网,https://static.cninfo.com.cn/finalpage/2026-07-11/1225418853.PDF,2026-07-11,公告
1306,Document,内蒙古伊利实业集团股份有限公司关于全资子公司内蒙古惠商融资担保有限公司2026年第二季度对外担保情况公告,,,,,,,,,,,,,,,,,,,,,,,,,1306,内蒙古伊利实业集团股份有限公司关于全资子公司内蒙古惠商融资担保有限公司2026年第二季度对外担保情况公告,巨潮资讯网,https://static.cninfo.com.cn/finalpage/2026-07-11/1225418978.PDF,2026-07-11,公告
1307,Document,保利发展控股集团股份有限公司2026年第一次临时股东会会议资料,,,,,,,,,,,,,,,,,,,,,,,,,1307,保利发展控股集团股份有限公司2026年第一次临时股东会会议资料,巨潮资讯网,https://static.cninfo.com.cn/finalpage/2026-07-11/1225420213.PDF,2026-07-11,公告
1308,Document,[H股公告]招商银行股份有限公司更换联席公司秘书,,,,,,,,,,,,,,,,,,,,,,,,,1308,[H股公告]招商银行股份有限公司更换联席公司秘书,巨潮资讯网,https://static.cninfo.com.cn/finalpage/2026-07-11/1225419261.PDF,2026-07-11,公告
1309,Document,中信证券股份有限公司2026年半年度业绩预增公告,,,,,,,,,,,,,,,,,,,,,,,,,1309,中信证券股份有限公司2026年半年度业绩预增公告,巨潮资讯网,https://static.cninfo.com.cn/finalpage/2026-07-11/1225418583.PDF,2026-07-11,公告
1310,Document,独立董事候选人声明与承诺（杨兆）,,,,,,,,,,,,,,,,,,,,,,,,,1310,独立董事候选人声明与承诺（杨兆）,巨潮资讯网,https://static.cninfo.com.cn/finalpage/2026-07-11/1225418916.PDF,2026-07-11,公告
1311,Document,紫金矿业集团股份有限公司2026年半年度业绩预增公告,,,,,,,,,,,,,,,,,,,,,,,,,1311,紫金矿业集团股份有限公司2026年半年度业绩预增公告,巨潮资讯网,https://static.cninfo.com.cn/finalpage/2026-07-10/1225417751.PDF,2026-07-10,公告
1312,Document,上海电气关于挂牌转让房地产的进展公告,,,,,,,,,,,,,,,,,,,,,,,,,1312,上海电气关于挂牌转让房地产的进展公告,巨潮资讯网,https://static.cninfo.com.cn/finalpage/2026-07-10/1225416566.PDF,2026-07-10,公告
1313,Document,中国中铁关于2025年度利润分配实施的提示性公告,,,,,,,,,,,,,,,,,,,,,,,,,1313,中国中铁关于2025年度利润分配实施的提示性公告,巨潮资讯网,https://static.cninfo.com.cn/finalpage/2026-07-10/1225416711.PDF,2026-07-10,公告
1314,Document,富士康工业互联网股份有限公司2026年半年度业绩预增公告,,,,,,,,,,,,,,,,,,,,,,,,,1314,富士康工业互联网股份有限公司2026年半年度业绩预增公告,巨潮资讯网,https://static.cninfo.com.cn/finalpage/2026-07-10/1225417297.PDF,2026-07-10,公告
1315,Document,恒瑞医药收到关于注射用卡瑞利珠单抗的完整回复信的公告,,,,,,,,,,,,,,,,,,,,,,,,,1315,恒瑞医药收到关于注射用卡瑞利珠单抗的完整回复信的公告,巨潮资讯网,https://static.cninfo.com.cn/finalpage/2026-07-10/1225418138.PDF,2026-07-10,公告
1316,Document,湖南启元律师事务所关于三一重工股份有限公司差异化分红的法律意见书,,,,,,,,,,,,,,,,,,,,,,,,,1316,湖南启元律师事务所关于三一重工股份有限公司差异化分红的法律意见书,巨潮资讯网,https://static.cninfo.com.cn/finalpage/2026-07-10/1225416848.PDF,2026-07-10,公告
1317,Document,关于境外上市外资股（H股）挂牌并上市交易的公告,,,,,,,,,,,,,,,,,,,,,,,,,1317,关于境外上市外资股（H股）挂牌并上市交易的公告,巨潮资讯网,https://static.cninfo.com.cn/finalpage/2026-07-10/1225417914.PDF,2026-07-10,公告
1318,Document,2025年度分红派息实施公告,,,,,,,,,,,,,,,,,,,,,,,,,1318,2025年度分红派息实施公告,巨潮资讯网,https://static.cninfo.com.cn/finalpage/2026-07-10/1225417855.PDF,2026-07-10,公告
1319,Document,中国中材国际工程股份有限公司关于公司2026年第二季度主要经营数据公告,,,,,,,,,,,,,,,,,,,,,,,,,1319,中国中材国际工程股份有限公司关于公司2026年第二季度主要经营数据公告,巨潮资讯网,https://static.cninfo.com.cn/finalpage/2026-07-09/1225415226.PDF,2026-07-09,公告
1320,Document,北京市环球律师事务所上海分所关于江苏中天科技股份有限公司差异化权益分派事项的法律意见书,,,,,,,,,,,,,,,,,,,,,,,,,1320,北京市环球律师事务所上海分所关于江苏中天科技股份有限公司差异化权益分派事项的法律意见书,巨潮资讯网,https://static.cninfo.com.cn/finalpage/2026-07-09/1225414953.PDF,2026-07-09,公告
1321,Document,通威股份有限公司关于不向下修正“通22转债”转股价格的公告,,,,,,,,,,,,,,,,,,,,,,,,,1321,通威股份有限公司关于不向下修正“通22转债”转股价格的公告,巨潮资讯网,https://static.cninfo.com.cn/finalpage/2026-07-09/1225415632.PDF,2026-07-09,公告
1322,Document,上汽集团九届十一次董事会会议决议公告,,,,,,,,,,,,,,,,,,,,,,,,,1322,上汽集团九届十一次董事会会议决议公告,巨潮资讯网,https://static.cninfo.com.cn/finalpage/2026-07-09/1225414904.PDF,2026-07-09,公告
1323,Document,关于“家园6号”员工持股计划第三个锁定期届满的提示性公告,,,,,,,,,,,,,,,,,,,,,,,,,1323,关于“家园6号”员工持股计划第三个锁定期届满的提示性公告,巨潮资讯网,https://static.cninfo.com.cn/finalpage/2026-07-09/1225414846.PDF,2026-07-09,公告
1325,Document,关于2022年限制性股票激励计划的第三次解除限售期解锁上市流通的提示性公告,,,,,,,,,,,,,,,,,,,,,,,,,1325,关于2022年限制性股票激励计划的第三次解除限售期解锁上市流通的提示性公告,巨潮资讯网,https://static.cninfo.com.cn/finalpage/2026-07-09/1225415692.PDF,2026-07-09,公告
1326,Document,中国建筑2025年年度权益分派实施公告,,,,,,,,,,,,,,,,,,,,,,,,,1326,中国建筑2025年年度权益分派实施公告,巨潮资讯网,https://static.cninfo.com.cn/finalpage/2026-07-08/1225413471.PDF,2026-07-08,公告
1327,Document,长城汽车股份有限公司关于调整公司2023年限制性股票激励计划预留授予限制性股票回购价格及2023年股票期权激励计划预留授予股票期权行权价格的公告,,,,,,,,,,,,,,,,,,,,,,,,,1327,长城汽车股份有限公司关于调整公司2023年限制性股票激励计划预留授予限制性股票回购价格及2023年股票期权激励计划预留授予股票期权行权价格的公告,巨潮资讯网,https://static.cninfo.com.cn/finalpage/2026-07-07/1225411698.PDF,2026-07-07,公告
1328,Document,长江电力2026年半年度发电量完成情况公告,,,,,,,,,,,,,,,,,,,,,,,,,1328,长江电力2026年半年度发电量完成情况公告,巨潮资讯网,https://static.cninfo.com.cn/finalpage/2026-07-07/1225411192.PDF,2026-07-07,公告
1329,Document,万华化学2026年半年度业绩预增公告,,,,,,,,,,,,,,,,,,,,,,,,,1329,万华化学2026年半年度业绩预增公告,巨潮资讯网,https://static.cninfo.com.cn/finalpage/2026-07-07/1225411166.PDF,2026-07-07,公告
1330,Document,2026年6月份销售简报,,,,,,,,,,,,,,,,,,,,,,,,,1330,2026年6月份销售简报,巨潮资讯网,https://static.cninfo.com.cn/finalpage/2026-07-07/1225411958.PDF,2026-07-07,公告
1331,Document,中国神华2025年度权益分派实施公告,,,,,,,,,,,,,,,,,,,,,,,,,1331,中国神华2025年度权益分派实施公告,巨潮资讯网,https://static.cninfo.com.cn/finalpage/2026-07-06/1225410284.PDF,2026-07-06,公告
1332,Document,东方财富信息股份有限公司关于与专业投资机构共同投资的公告,,,,,,,,,,,,,,,,,,,,,,,,,1332,东方财富信息股份有限公司关于与专业投资机构共同投资的公告,巨潮资讯网,https://static.cninfo.com.cn/finalpage/2026-07-04/1225409684.PDF,2026-07-04,公告
1334,Document,关于以集中竞价交易方式回购A股股份的进展公告,,,,,,,,,,,,,,,,,,,,,,,,,1334,关于以集中竞价交易方式回购A股股份的进展公告,巨潮资讯网,https://static.cninfo.com.cn/finalpage/2026-07-03/1225405321.PDF,2026-07-03,公告
1335,Document,2026年半年度业绩预告,,,,,,,,,,,,,,,,,,,,,,,,,1335,2026年半年度业绩预告,巨潮资讯网,https://static.cninfo.com.cn/finalpage/2026-07-03/1225407140.PDF,2026-07-03,公告
1336,Document,关于回购A股股份的进展公告,,,,,,,,,,,,,,,,,,,,,,,,,1336,关于回购A股股份的进展公告,巨潮资讯网,https://static.cninfo.com.cn/finalpage/2026-07-03/1225405410.PDF,2026-07-03,公告
1337,Document,董事会决议公告,,,,,,,,,,,,,,,,,,,,,,,,,1337,董事会决议公告,巨潮资讯网,https://static.cninfo.com.cn/finalpage/2026-07-03/1225406051.PDF,2026-07-03,公告
1338,Document,2026年6月产销快报,,,,,,,,,,,,,,,,,,,,,,,,,1338,2026年6月产销快报,巨潮资讯网,https://static.cninfo.com.cn/finalpage/2026-07-02/1225403848.PDF,2026-07-02,公告
1339,Document,富士康工业互联网股份有限公司2026年第一次临时股东会会议资料,,,,,,,,,,,,,,,,,,,,,,,,,1339,富士康工业互联网股份有限公司2026年第一次临时股东会会议资料,巨潮资讯网,https://static.cninfo.com.cn/finalpage/2026-07-01/1225398422.PDF,2026-07-01,公告
1340,Document,特变电工股份有限公司2026年第九次临时董事会会议决议公告,,,,,,,,,,,,,,,,,,,,,,,,,1340,特变电工股份有限公司2026年第九次临时董事会会议决议公告,巨潮资讯网,https://static.cninfo.com.cn/finalpage/2026-07-01/1225400109.PDF,2026-07-01,公告
1341,Document,关于在交易商协会披露《关于2023年度第四期中期票据本息偿付安排的公告》的提示性公告,,,,,,,,,,,,,,,,,,,,,,,,,1341,关于在交易商协会披露《关于2023年度第四期中期票据本息偿付安排的公告》的提示性公告,巨潮资讯网,https://static.cninfo.com.cn/finalpage/2026-07-01/1225400820.PDF,2026-07-01,公告
1342,Document,特变电工股份有限公司控股公司特变电工新疆新能源股份有限公司2026年度第一期绿色科技创新债券发行结果的公告,,,,,,,,,,,,,,,,,,,,,,,,,1342,特变电工股份有限公司控股公司特变电工新疆新能源股份有限公司2026年度第一期绿色科技创新债券发行结果的公告,巨潮资讯网,https://static.cninfo.com.cn/finalpage/2026-06-30/1225396172.PDF,2026-06-30,公告
1344,Document,宝钢股份第九届董事会第十二次会议决议公告,,,,,,,,,,,,,,,,,,,,,,,,,1344,宝钢股份第九届董事会第十二次会议决议公告,巨潮资讯网,https://static.cninfo.com.cn/finalpage/2026-06-30/1225395375.PDF,2026-06-30,公告
1345,Document,宝钢股份2026年第二次临时股东会决议公告,,,,,,,,,,,,,,,,,,,,,,,,,1345,宝钢股份2026年第二次临时股东会决议公告,巨潮资讯网,https://static.cninfo.com.cn/finalpage/2026-06-30/1225395369.PDF,2026-06-30,公告
1346,Document,关于为子公司提供担保额度预计的进展公告,,,,,,,,,,,,,,,,,,,,,,,,,1346,关于为子公司提供担保额度预计的进展公告,巨潮资讯网,https://static.cninfo.com.cn/finalpage/2026-06-30/1225400434.PDF,2026-06-30,公告
1347,Document,关于按照《香港上市规则》公布关于派发末期股息的说明,,,,,,,,,,,,,,,,,,,,,,,,,1347,关于按照《香港上市规则》公布关于派发末期股息的说明,巨潮资讯网,https://static.cninfo.com.cn/finalpage/2026-06-30/1225396818.PDF,2026-06-30,公告
1348,Document,中芯国际董事会议事规则,,,,,,,,,,,,,,,,,,,,,,,,,1348,中芯国际董事会议事规则,巨潮资讯网,https://static.cninfo.com.cn/finalpage/2026-06-27/1225393412.PDF,2026-06-27,公告
1349,Document,中国铁建高级管理人员薪酬管理办法,,,,,,,,,,,,,,,,,,,,,,,,,1349,中国铁建高级管理人员薪酬管理办法,巨潮资讯网,https://static.cninfo.com.cn/finalpage/2026-06-27/1225392364.PDF,2026-06-27,公告
1350,Document,关于中标项目签订合同的公告,,,,,,,,,,,,,,,,,,,,,,,,,1350,关于中标项目签订合同的公告,巨潮资讯网,https://static.cninfo.com.cn/finalpage/2026-09-24/1225580810.PDF,2026-09-24,公告
1351,Document,关于董事长离任及选举董事长的公告,,,,,,,,,,,,,,,,,,,,,,,,,1351,关于董事长离任及选举董事长的公告,巨潮资讯网,https://static.cninfo.com.cn/finalpage/2026-06-27/1225391502.PDF,2026-06-27,公告
1352,Document,中国平安H股公告,,,,,,,,,,,,,,,,,,,,,,,,,1352,中国平安H股公告,巨潮资讯网,https://static.cninfo.com.cn/finalpage/2026-06-26/1225388634.PDF,2026-06-26,公告
1353,Document,鲁抗医药关于控股子公司获得药品注册证书的公告,,,,,,,,,,,,,,,,,,,,,,,,,1353,鲁抗医药关于控股子公司获得药品注册证书的公告,巨潮资讯网,https://static.cninfo.com.cn/finalpage/2026-09-23/1225576317.PDF,2026-09-23,公告
1354,Document,北京市天元律师事务所关于歌尔股份有限公司2026年第一次临时股东会的法律意见,,,,,,,,,,,,,,,,,,,,,,,,,1354,北京市天元律师事务所关于歌尔股份有限公司2026年第一次临时股东会的法律意见,巨潮资讯网,https://static.cninfo.com.cn/finalpage/2026-06-26/1225388861.PDF,2026-06-26,公告
1355,Document,关于副行长任职资格核准的公告,,,,,,,,,,,,,,,,,,,,,,,,,1355,关于副行长任职资格核准的公告,巨潮资讯网,https://static.cninfo.com.cn/finalpage/2026-06-26/1225387929.PDF,2026-06-26,公告
1356,Document,国泰海通证券股份有限公司关于中芯国际集成电路制造有限公司发行股份购买资产暨关联交易实施情况之独立财务顾问核查意见,,,,,,,,,,,,,,,,,,,,,,,,,1356,国泰海通证券股份有限公司关于中芯国际集成电路制造有限公司发行股份购买资产暨关联交易实施情况之独立财务顾问核查意见,巨潮资讯网,https://static.cninfo.com.cn/finalpage/2026-06-25/1225386203.PDF,2026-06-25,公告
1357,Document,2026年H股激励计划,,,,,,,,,,,,,,,,,,,,,,,,,1357,2026年H股激励计划,巨潮资讯网,https://static.cninfo.com.cn/finalpage/2026-06-25/1225386333.PDF,2026-06-25,公告
1358,Document,三一重工股份有限公司2026年第一次职工代表大会决议公告,,,,,,,,,,,,,,,,,,,,,,,,,1358,三一重工股份有限公司2026年第一次职工代表大会决议公告,巨潮资讯网,https://static.cninfo.com.cn/finalpage/2026-06-25/1225385669.PDF,2026-06-25,公告
1359,Document,2025年度权益分派实施公告,,,,,,,,,,,,,,,,,,,,,,,,,1359,2025年度权益分派实施公告,巨潮资讯网,https://static.cninfo.com.cn/finalpage/2026-06-25/1225385294.PDF,2026-06-25,公告
1360,Document,关于控股股东股份解除质押的公告,,,,,,,,,,,,,,,,,,,,,,,,,1360,关于控股股东股份解除质押的公告,巨潮资讯网,https://static.cninfo.com.cn/finalpage/2026-06-24/1225382616.PDF,2026-06-24,公告
1361,Document,长江电力2026年第一次临时股东会决议公告,,,,,,,,,,,,,,,,,,,,,,,,,1361,长江电力2026年第一次临时股东会决议公告,巨潮资讯网,https://static.cninfo.com.cn/finalpage/2026-06-24/1225383773.PDF,2026-06-24,公告
1362,Document,上海东方华银律师事务所关于国电南瑞科技股份有限公司差异化分红之法律意见书,,,,,,,,,,,,,,,,,,,,,,,,,1362,上海东方华银律师事务所关于国电南瑞科技股份有限公司差异化分红之法律意见书,巨潮资讯网,https://static.cninfo.com.cn/finalpage/2026-06-24/1225383662.PDF,2026-06-24,公告
1363,Document,海天味业第六届董事会第十四次会议决议公告,,,,,,,,,,,,,,,,,,,,,,,,,1363,海天味业第六届董事会第十四次会议决议公告,巨潮资讯网,https://static.cninfo.com.cn/finalpage/2026-06-23/1225381899.PDF,2026-06-23,公告
1364,Document,江苏中天科技股份有限公司关于第二期员工持股计划第二个锁定期届满暨解锁条件成就的公告,,,,,,,,,,,,,,,,,,,,,,,,,1364,江苏中天科技股份有限公司关于第二期员工持股计划第二个锁定期届满暨解锁条件成就的公告,巨潮资讯网,https://static.cninfo.com.cn/finalpage/2026-06-23/1225380531.PDF,2026-06-23,公告
1365,Document,通威股份有限公司公开发行A股可转换公司债券受托管理事务报告（2025年度）,,,,,,,,,,,,,,,,,,,,,,,,,1365,通威股份有限公司公开发行A股可转换公司债券受托管理事务报告（2025年度）,巨潮资讯网,https://static.cninfo.com.cn/finalpage/2026-06-23/1225380532.PDF,2026-06-23,公告
1366,Document,H股公告（二零二五年末期股息-股息货币选择表格）,,,,,,,,,,,,,,,,,,,,,,,,,1366,H股公告（二零二五年末期股息-股息货币选择表格）,巨潮资讯网,https://static.cninfo.com.cn/finalpage/2026-06-23/1225381495.PDF,2026-06-23,公告
1367,Document,2025年股票期权激励计划首次授予部分注销股票期权数量及人员名单,,,,,,,,,,,,,,,,,,,,,,,,,1367,2025年股票期权激励计划首次授予部分注销股票期权数量及人员名单,巨潮资讯网,https://static.cninfo.com.cn/finalpage/2026-06-23/1225382006.PDF,2026-06-23,公告
1368,Document,关于回购公司部分社会公众股份（A股）的报告书,,,,,,,,,,,,,,,,,,,,,,,,,1368,关于回购公司部分社会公众股份（A股）的报告书,巨潮资讯网,https://static.cninfo.com.cn/finalpage/2026-06-23/1225381579.PDF,2026-06-23,公告
1369,Document,北京市通商律师事务所关于潍柴动力股份有限公司2025年度股东会的法律意见书,,,,,,,,,,,,,,,,,,,,,,,,,1369,北京市通商律师事务所关于潍柴动力股份有限公司2025年度股东会的法律意见书,巨潮资讯网,https://static.cninfo.com.cn/finalpage/2026-06-23/1225381061.PDF,2026-06-23,公告
1370,Document,福建至理律师事务所关于紫金矿业集团股份有限公司差异化分红事项的法律意见书,,,,,,,,,,,,,,,,,,,,,,,,,1370,福建至理律师事务所关于紫金矿业集团股份有限公司差异化分红事项的法律意见书,巨潮资讯网,https://static.cninfo.com.cn/finalpage/2026-06-22/1225379972.PDF,2026-06-22,公告
1371,Document,贵州茅台2025年年度权益分派实施公告,,,,,,,,,,,,,,,,,,,,,,,,,1371,贵州茅台2025年年度权益分派实施公告,巨潮资讯网,https://static.cninfo.com.cn/finalpage/2026-06-22/1225379934.PDF,2026-06-22,公告
1372,Document,关于公司高级管理人员辞职的公告,,,,,,,,,,,,,,,,,,,,,,,,,1372,关于公司高级管理人员辞职的公告,巨潮资讯网,https://static.cninfo.com.cn/finalpage/2026-06-22/1225378612.PDF,2026-06-22,公告
1373,Document,经营合同公告,,,,,,,,,,,,,,,,,,,,,,,,,1373,经营合同公告,巨潮资讯网,https://static.cninfo.com.cn/finalpage/2026-06-22/1225380002.PDF,2026-06-22,公告
1374,Document,关于2026年A股持股计划管理委员会选聘的公告,,,,,,,,,,,,,,,,,,,,,,,,,1374,关于2026年A股持股计划管理委员会选聘的公告,巨潮资讯网,https://static.cninfo.com.cn/finalpage/2026-06-22/1225379222.PDF,2026-06-22,公告
1375,Document,长城汽车股份有限公司董事会薪酬委员会关于2026年限制性股票激励计划激励对象名单的核查意见及公示情况说明,,,,,,,,,,,,,,,,,,,,,,,,,1375,长城汽车股份有限公司董事会薪酬委员会关于2026年限制性股票激励计划激励对象名单的核查意见及公示情况说明,巨潮资讯网,https://static.cninfo.com.cn/finalpage/2026-06-19/1225378817.PDF,2026-06-19,公告
1376,Document,工商银行H股公告,,,,,,,,,,,,,,,,,,,,,,,,,1376,工商银行H股公告,巨潮资讯网,https://static.cninfo.com.cn/finalpage/2026-06-19/1225378693.PDF,2026-06-19,公告
1377,Document,中国中铁2025年年度股东会会议资料,,,,,,,,,,,,,,,,,,,,,,,,,1377,中国中铁2025年年度股东会会议资料,巨潮资讯网,https://static.cninfo.com.cn/finalpage/2026-06-19/1225378595.PDF,2026-06-19,公告
1378,Document,富士康工业互联网股份有限公司关于召开2026年第一次临时股东会的通知,,,,,,,,,,,,,,,,,,,,,,,,,1378,富士康工业互联网股份有限公司关于召开2026年第一次临时股东会的通知,巨潮资讯网,https://static.cninfo.com.cn/finalpage/2026-06-19/1225377792.PDF,2026-06-19,公告
1379,Document,中信证券股份有限公司关于为间接全资子公司发行欧洲商业票据提供担保及全资子公司为间接子公司发行中期票据提供担保的公告,,,,,,,,,,,,,,,,,,,,,,,,,1379,中信证券股份有限公司关于为间接全资子公司发行欧洲商业票据提供担保及全资子公司为间接子公司发行中期票据提供担保的公告,巨潮资讯网,https://static.cninfo.com.cn/finalpage/2026-06-19/1225378498.PDF,2026-06-19,公告
1380,Document,关于以集中竞价交易方式本轮首次回购A股股份的公告,,,,,,,,,,,,,,,,,,,,,,,,,1380,关于以集中竞价交易方式本轮首次回购A股股份的公告,巨潮资讯网,https://static.cninfo.com.cn/finalpage/2026-06-19/1225377978.PDF,2026-06-19,公告
1381,Document,上海电气关于子公司收购股份暨关联交易的公告,,,,,,,,,,,,,,,,,,,,,,,,,1381,上海电气关于子公司收购股份暨关联交易的公告,巨潮资讯网,https://static.cninfo.com.cn/finalpage/2026-06-18/1225376636.PDF,2026-06-18,公告
1382,Document,中国神华2026年5月份主要运营数据公告,,,,,,,,,,,,,,,,,,,,,,,,,1382,中国神华2026年5月份主要运营数据公告,巨潮资讯网,https://static.cninfo.com.cn/finalpage/2026-06-18/1225376199.PDF,2026-06-18,公告
1383,Document,万华化学关于持股5%以上股东部分股份解除质押公告,,,,,,,,,,,,,,,,,,,,,,,,,1383,万华化学关于持股5%以上股东部分股份解除质押公告,巨潮资讯网,https://static.cninfo.com.cn/finalpage/2026-06-18/1225375139.PDF,2026-06-18,公告
1384,Document,上汽集团2025年年度股东会资料,,,,,,,,,,,,,,,,,,,,,,,,,1384,上汽集团2025年年度股东会资料,巨潮资讯网,https://static.cninfo.com.cn/finalpage/2026-06-18/1225375062.PDF,2026-06-18,公告
1385,Document,特变电工股份有限公司关于参加新疆辖区上市公司2026年投资者网上集体接待日活动的公告,,,,,,,,,,,,,,,,,,,,,,,,,1385,特变电工股份有限公司关于参加新疆辖区上市公司2026年投资者网上集体接待日活动的公告,巨潮资讯网,https://static.cninfo.com.cn/finalpage/2026-06-18/1225375511.PDF,2026-06-18,公告
1386,Document,宝钢股份2025年下半年度权益分派实施公告,,,,,,,,,,,,,,,,,,,,,,,,,1386,宝钢股份2025年下半年度权益分派实施公告,巨潮资讯网,https://static.cninfo.com.cn/finalpage/2026-06-18/1225375479.PDF,2026-06-18,公告
1387,Document,H股公告（变更公司名称）,,,,,,,,,,,,,,,,,,,,,,,,,1387,H股公告（变更公司名称）,巨潮资讯网,https://static.cninfo.com.cn/finalpage/2026-06-18/1225376823.PDF,2026-06-18,公告
1388,Document,公司章程,,,,,,,,,,,,,,,,,,,,,,,,,1388,公司章程,巨潮资讯网,https://static.cninfo.com.cn/finalpage/2026-06-18/1225377020.PDF,2026-06-18,公告
1389,Document,北京市君合（深圳）律师事务所关于公司二〇二五年度股东会的法律意见书,,,,,,,,,,,,,,,,,,,,,,,,,1389,北京市君合（深圳）律师事务所关于公司二〇二五年度股东会的法律意见书,巨潮资讯网,https://static.cninfo.com.cn/finalpage/2026-06-18/1225376574.PDF,2026-06-18,公告
1390,Document,中国建筑2026年第一次临时股东会会议资料,,,,,,,,,,,,,,,,,,,,,,,,,1390,中国建筑2026年第一次临时股东会会议资料,巨潮资讯网,https://static.cninfo.com.cn/finalpage/2026-06-17/1225373364.PDF,2026-06-17,公告
1391,Document,中国中材国际工程股份有限公司2026年第二次临时股东会材料,,,,,,,,,,,,,,,,,,,,,,,,,1391,中国中材国际工程股份有限公司2026年第二次临时股东会材料,巨潮资讯网,https://static.cninfo.com.cn/finalpage/2026-06-17/1225372995.PDF,2026-06-17,公告
1392,Document,内蒙古伊利实业集团股份有限公司关于为控股子公司提供担保的进展公告,,,,,,,,,,,,,,,,,,,,,,,,,1392,内蒙古伊利实业集团股份有限公司关于为控股子公司提供担保的进展公告,巨潮资讯网,https://static.cninfo.com.cn/finalpage/2026-06-17/1225373317.PDF,2026-06-17,公告
1393,Document,恒瑞医药关于获得药品注册批准的公告,,,,,,,,,,,,,,,,,,,,,,,,,1393,恒瑞医药关于获得药品注册批准的公告,巨潮资讯网,https://static.cninfo.com.cn/finalpage/2026-06-17/1225373923.PDF,2026-06-17,公告
1394,Document,保利发展控股集团股份有限公司关于实施2025年度权益分派时“保利定转”停止转股暨转股价格调整的提示性公告,,,,,,,,,,,,,,,,,,,,,,,,,1394,保利发展控股集团股份有限公司关于实施2025年度权益分派时“保利定转”停止转股暨转股价格调整的提示性公告,巨潮资讯网,https://static.cninfo.com.cn/finalpage/2026-06-17/1225373536.PDF,2026-06-17,公告
1395,Document,招商银行股份有限公司关于无固定期限资本债券发行完毕的公告,,,,,,,,,,,,,,,,,,,,,,,,,1395,招商银行股份有限公司关于无固定期限资本债券发行完毕的公告,巨潮资讯网,https://static.cninfo.com.cn/finalpage/2026-06-17/1225373720.PDF,2026-06-17,公告
1396,Document,宁德时代新能源科技股份有限公司2026年面向专业投资者公开发行科技创新公司债券（第二期）票面利率公告,,,,,,,,,,,,,,,,,,,,,,,,,1396,宁德时代新能源科技股份有限公司2026年面向专业投资者公开发行科技创新公司债券（第二期）票面利率公告,巨潮资讯网,https://static.cninfo.com.cn/finalpage/2026-06-17/1225376442.PDF,2026-06-17,公告
1397,Document,东方财富信息股份有限公司关于子公司东方财富证券股份有限公司2026年面向专业投资者公开发行公司债券（第二期）发行结果的公告,,,,,,,,,,,,,,,,,,,,,,,,,1397,东方财富信息股份有限公司关于子公司东方财富证券股份有限公司2026年面向专业投资者公开发行公司债券（第二期）发行结果的公告,巨潮资讯网,https://static.cninfo.com.cn/finalpage/2026-06-17/1225376814.PDF,2026-06-17,公告
1398,Document,鲁抗医药关于获得药品注册证书及化学原料药上市申请批准通知书的公告,,,,,,,,,,,,,,,,,,,,,,,,,1398,鲁抗医药关于获得药品注册证书及化学原料药上市申请批准通知书的公告,巨潮资讯网,https://static.cninfo.com.cn/finalpage/2026-09-23/1225576312.PDF,2026-09-23,公告
1399,Document,新华医疗关于子公司产品获得三类医疗器械注册证的公告,,,,,,,,,,,,,,,,,,,,,,,,,1399,新华医疗关于子公司产品获得三类医疗器械注册证的公告,巨潮资讯网,https://static.cninfo.com.cn/finalpage/2026-09-23/1225576121.PDF,2026-09-23,公告
1400,Document,关于申报医疗器械注册证获得受理的公告,,,,,,,,,,,,,,,,,,,,,,,,,1400,关于申报医疗器械注册证获得受理的公告,巨潮资讯网,https://static.cninfo.com.cn/finalpage/2026-09-23/1225580234.PDF,2026-09-23,公告
1401,Document,关于全资子公司拟签订采购合同暨关联交易的公告,,,,,,,,,,,,,,,,,,,,,,,,,1401,关于全资子公司拟签订采购合同暨关联交易的公告,巨潮资讯网,https://static.cninfo.com.cn/finalpage/2026-09-23/1225576827.PDF,2026-09-23,公告
1402,Document,关于子公司收到中标通知书的公告,,,,,,,,,,,,,,,,,,,,,,,,,1402,关于子公司收到中标通知书的公告,巨潮资讯网,https://static.cninfo.com.cn/finalpage/2026-09-23/1225578115.PDF,2026-09-23,公告
1403,Document,关于公司签订采购算力服务重大合同的进展公告,,,,,,,,,,,,,,,,,,,,,,,,,1403,关于公司签订采购算力服务重大合同的进展公告,巨潮资讯网,https://static.cninfo.com.cn/finalpage/2026-09-23/1225577675.PDF,2026-09-23,公告
1404,Document,关于子公司重组人源抗呼吸道合胞病毒单克隆抗体注射液组合制剂临床试验申请获得受理的公告,,,,,,,,,,,,,,,,,,,,,,,,,1404,关于子公司重组人源抗呼吸道合胞病毒单克隆抗体注射液组合制剂临床试验申请获得受理的公告,巨潮资讯网,https://static.cninfo.com.cn/finalpage/2026-09-23/1225577743.PDF,2026-09-23,公告
1405,Document,津药药业股份有限公司关于子公司获得药品注册证书的公告,,,,,,,,,,,,,,,,,,,,,,,,,1405,津药药业股份有限公司关于子公司获得药品注册证书的公告,巨潮资讯网,https://static.cninfo.com.cn/finalpage/2026-09-22/1225573808.PDF,2026-09-22,公告
1406,Document,关于公司医疗器械注册证变更的公告,,,,,,,,,,,,,,,,,,,,,,,,,1406,关于公司医疗器械注册证变更的公告,巨潮资讯网,https://static.cninfo.com.cn/finalpage/2026-09-22/1225576099.PDF,2026-09-22,公告
1407,Document,关于联合体中标广西桂西北治旱龙江河谷灌区工程侧岭、德思干线标施工（含引入配套工程股权投资）+运营总承包的公告,,,,,,,,,,,,,,,,,,,,,,,,,1407,关于联合体中标广西桂西北治旱龙江河谷灌区工程侧岭、德思干线标施工（含引入配套工程股权投资）+运营总承包的公告,巨潮资讯网,https://static.cninfo.com.cn/finalpage/2026-09-22/1225573775.PDF,2026-09-22,公告
1408,Document,关于收到中国邮政集团有限公司中标通知书的公告,,,,,,,,,,,,,,,,,,,,,,,,,1408,关于收到中国邮政集团有限公司中标通知书的公告,巨潮资讯网,https://static.cninfo.com.cn/finalpage/2026-09-22/1225574497.PDF,2026-09-22,公告
1409,Document,关于全资子公司获得复方聚乙二醇（3350）电解质口服溶液注册证书的公告,,,,,,,,,,,,,,,,,,,,,,,,,1409,关于全资子公司获得复方聚乙二醇（3350）电解质口服溶液注册证书的公告,巨潮资讯网,https://static.cninfo.com.cn/finalpage/2026-09-21/1225573554.PDF,2026-09-21,公告
1410,Document,关于中国移动2026年至2027年（一年期）智能家庭网关产品集中采购项目进展暨签订框架协议的公告,,,,,,,,,,,,,,,,,,,,,,,,,1410,关于中国移动2026年至2027年（一年期）智能家庭网关产品集中采购项目进展暨签订框架协议的公告,巨潮资讯网,https://static.cninfo.com.cn/finalpage/2026-09-21/1225575460.PDF,2026-09-21,公告
1411,Document,关于公司全资子公司签订重大经营合同的公告,,,,,,,,,,,,,,,,,,,,,,,,,1411,关于公司全资子公司签订重大经营合同的公告,巨潮资讯网,https://static.cninfo.com.cn/finalpage/2026-09-21/1225573543.PDF,2026-09-21,公告
1412,Document,关于获得《药物临床试验批准通知书》的公告,,,,,,,,,,,,,,,,,,,,,,,,,1412,关于获得《药物临床试验批准通知书》的公告,巨潮资讯网,https://static.cninfo.com.cn/finalpage/2026-09-19/1225571164.PDF,2026-09-19,公告
1413,Document,关于获得药品注册证书的公告,,,,,,,,,,,,,,,,,,,,,,,,,1413,关于获得药品注册证书的公告,巨潮资讯网,https://static.cninfo.com.cn/finalpage/2026-09-19/1225571328.PDF,2026-09-19,公告
1414,Document,天邑股份：关于中选《中国移动2026年至2027年（一年期）智能家庭网关产品集中采购项目》进展暨签订框架协议的公告,,,,,,,,,,,,,,,,,,,,,,,,,1414,天邑股份：关于中选《中国移动2026年至2027年（一年期）智能家庭网关产品集中采购项目》进展暨签订框架协议的公告,巨潮资讯网,https://static.cninfo.com.cn/finalpage/2026-09-18/1225572416.PDF,2026-09-18,公告
1415,Document,关于产品获得医疗器械注册证的公告,,,,,,,,,,,,,,,,,,,,,,,,,1415,关于产品获得医疗器械注册证的公告,巨潮资讯网,https://static.cninfo.com.cn/finalpage/2026-09-16/1225566298.PDF,2026-09-16,公告
1416,Document,浙江华海药业股份有限公司关于制剂产品获得境外上市许可的公告,,,,,,,,,,,,,,,,,,,,,,,,,1416,浙江华海药业股份有限公司关于制剂产品获得境外上市许可的公告,巨潮资讯网,https://static.cninfo.com.cn/finalpage/2026-09-15/1225563130.PDF,2026-09-15,公告
1417,Document,浙江海正药业股份有限公司关于子公司获得兽药产品批准文号批件的公告,,,,,,,,,,,,,,,,,,,,,,,,,1417,浙江海正药业股份有限公司关于子公司获得兽药产品批准文号批件的公告,巨潮资讯网,https://static.cninfo.com.cn/finalpage/2026-09-15/1225562581.PDF,2026-09-15,公告
1418,Document,华润双鹤关于全资子公司华润赛科药业有限责任公司依折麦布阿托伐他汀钙片获得药品注册证书的公告,,,,,,,,,,,,,,,,,,,,,,,,,1418,华润双鹤关于全资子公司华润赛科药业有限责任公司依折麦布阿托伐他汀钙片获得药品注册证书的公告,巨潮资讯网,https://static.cninfo.com.cn/finalpage/2026-09-15/1225562589.PDF,2026-09-15,公告
1419,Document,关于拟签订《技术转让合同》暨关联交易的补充公告,,,,,,,,,,,,,,,,,,,,,,,,,1419,关于拟签订《技术转让合同》暨关联交易的补充公告,巨潮资讯网,https://static.cninfo.com.cn/finalpage/2026-09-15/1225562716.PDF,2026-09-15,公告
1420,Document,关于子公司收到中标结果的提示性公告,,,,,,,,,,,,,,,,,,,,,,,,,1420,关于子公司收到中标结果的提示性公告,巨潮资讯网,https://static.cninfo.com.cn/finalpage/2026-09-15/1225564742.PDF,2026-09-15,公告
1421,Document,关于全资子公司收到医疗器械注册申请受理通知书的公告,,,,,,,,,,,,,,,,,,,,,,,,,1421,关于全资子公司收到医疗器械注册申请受理通知书的公告,巨潮资讯网,https://static.cninfo.com.cn/finalpage/2026-09-15/1225563211.PDF,2026-09-15,公告
1422,Document,四川百利天恒药业股份有限公司自愿披露关于注射用T-Bren（HER2 ADC）在HER2阳性乳腺癌新辅助治疗的III期临床试验完成首例受试者入组的公告,,,,,,,,,,,,,,,,,,,,,,,,,1422,四川百利天恒药业股份有限公司自愿披露关于注射用T-Bren（HER2 ADC）在HER2阳性乳腺癌新辅助治疗的III期临床试验完成首例受试者入组的公告,巨潮资讯网,https://static.cninfo.com.cn/finalpage/2026-09-14/1225562026.PDF,2026-09-14,公告
1423,Document,关于获得医疗器械注册证的公告,,,,,,,,,,,,,,,,,,,,,,,,,1423,关于获得医疗器械注册证的公告,巨潮资讯网,https://static.cninfo.com.cn/finalpage/2026-09-14/1225562356.PDF,2026-09-14,公告
1424,Document,复星医药关于控股子公司药品注册申请获受理的公告,,,,,,,,,,,,,,,,,,,,,,,,,1424,复星医药关于控股子公司药品注册申请获受理的公告,巨潮资讯网,https://static.cninfo.com.cn/finalpage/2026-09-12/1225559975.PDF,2026-09-12,公告
1425,Document,关于间苯三酚口崩片获得药品注册证书的公告,,,,,,,,,,,,,,,,,,,,,,,,,1425,关于间苯三酚口崩片获得药品注册证书的公告,巨潮资讯网,https://static.cninfo.com.cn/finalpage/2026-09-12/1225559102.PDF,2026-09-12,公告
1426,Document,国联民生证券承销保荐有限公司关于福建广生堂药业股份有限公司签订《技术转让合同》暨关联交易的核查意见,,,,,,,,,,,,,,,,,,,,,,,,,1426,国联民生证券承销保荐有限公司关于福建广生堂药业股份有限公司签订《技术转让合同》暨关联交易的核查意见,巨潮资讯网,https://static.cninfo.com.cn/finalpage/2026-09-12/1225561537.PDF,2026-09-12,公告
1427,Document,关于拟签订《技术转让合同》暨关联交易的公告,,,,,,,,,,,,,,,,,,,,,,,,,1427,关于拟签订《技术转让合同》暨关联交易的公告,巨潮资讯网,https://static.cninfo.com.cn/finalpage/2026-09-12/1225561536.PDF,2026-09-12,公告
1428,Document,关于全资子公司获得药品注册证书的公告,,,,,,,,,,,,,,,,,,,,,,,,,1428,关于全资子公司获得药品注册证书的公告,巨潮资讯网,https://static.cninfo.com.cn/finalpage/2026-09-11/1225556976.PDF,2026-09-11,公告
1429,Document,关于签订重大合同的进展公告,,,,,,,,,,,,,,,,,,,,,,,,,1429,关于签订重大合同的进展公告,巨潮资讯网,https://static.cninfo.com.cn/finalpage/2026-09-11/1225556900.PDF,2026-09-11,公告
1430,Document,（伦康依隆妥单抗，BL-B01D1/iza-bren）用于不可切除EGFR突变非小细胞肺癌同步放化疗后维持治疗的III期临床试验完成首例受试者入组的公告,,,,,,,,,,,,,,,,,,,,,,,,,1430,（伦康依隆妥单抗，BL-B01D1/iza-bren）用于不可切除EGFR突变非小细胞肺癌同步放化疗后维持治疗的III期临床试验完成首例受试者入组的公告,巨潮资讯网,https://static.cninfo.com.cn/finalpage/2026-09-10/1225555454.PDF,2026-09-10,公告
1431,Document,圣晖集成关于子公司重大项目收到中标结果的公告,,,,,,,,,,,,,,,,,,,,,,,,,1431,圣晖集成关于子公司重大项目收到中标结果的公告,巨潮资讯网,https://static.cninfo.com.cn/finalpage/2026-09-10/1225554900.PDF,2026-09-10,公告
1432,Document,关于控股子公司申报医疗器械注册获得受理的公告,,,,,,,,,,,,,,,,,,,,,,,,,1432,关于控股子公司申报医疗器械注册获得受理的公告,巨潮资讯网,https://static.cninfo.com.cn/finalpage/2026-09-10/1225556698.PDF,2026-09-10,公告
1433,Document,重大合同中标进展公告,,,,,,,,,,,,,,,,,,,,,,,,,1433,重大合同中标进展公告,巨潮资讯网,https://static.cninfo.com.cn/finalpage/2026-09-10/1225556933.PDF,2026-09-10,公告
1434,Document,关于子公司项目中标的公告,,,,,,,,,,,,,,,,,,,,,,,,,1434,关于子公司项目中标的公告,巨潮资讯网,https://static.cninfo.com.cn/finalpage/2026-09-10/1225556502.PDF,2026-09-10,公告
1435,Document,复星医药关于控股子公司药品获临床试验批准的公告,,,,,,,,,,,,,,,,,,,,,,,,,1435,复星医药关于控股子公司药品获临床试验批准的公告,巨潮资讯网,https://static.cninfo.com.cn/finalpage/2026-09-09/1225553375.PDF,2026-09-09,公告
1436,Document,华润双鹤关于复方葡萄糖/电解质颅脑手术冲洗液获得药品注册证书的公告,,,,,,,,,,,,,,,,,,,,,,,,,1436,华润双鹤关于复方葡萄糖/电解质颅脑手术冲洗液获得药品注册证书的公告,巨潮资讯网,https://static.cninfo.com.cn/finalpage/2026-09-09/1225553374.PDF,2026-09-09,公告
1437,Document,关于GZC8072片Ⅰ期临床试验完成首例受试者给药的公告,,,,,,,,,,,,,,,,,,,,,,,,,1437,关于GZC8072片Ⅰ期临床试验完成首例受试者给药的公告,巨潮资讯网,https://static.cninfo.com.cn/finalpage/2026-09-08/1225550565.PDF,2026-09-08,公告
1438,Document,浙江海正药业股份有限公司关于子公司获得新兽药注册证书的公告,,,,,,,,,,,,,,,,,,,,,,,,,1438,浙江海正药业股份有限公司关于子公司获得新兽药注册证书的公告,巨潮资讯网,https://static.cninfo.com.cn/finalpage/2026-09-08/1225550954.PDF,2026-09-08,公告
1439,Document,关于下属公司签订日常经营重大合同的公告,,,,,,,,,,,,,,,,,,,,,,,,,1439,关于下属公司签订日常经营重大合同的公告,巨潮资讯网,https://static.cninfo.com.cn/finalpage/2026-09-07/1225551464.PDF,2026-09-07,公告
1440,Document,关于子公司GenSci133注射液境内生产药品注册临床试验申请获得批准的公告,,,,,,,,,,,,,,,,,,,,,,,,,1440,关于子公司GenSci133注射液境内生产药品注册临床试验申请获得批准的公告,巨潮资讯网,https://static.cninfo.com.cn/finalpage/2026-09-05/1225547797.PDF,2026-09-05,公告
1441,Document,关于获得GZC8072片新适应症《药物临床试验批准通知书》的公告,,,,,,,,,,,,,,,,,,,,,,,,,1441,关于获得GZC8072片新适应症《药物临床试验批准通知书》的公告,巨潮资讯网,https://static.cninfo.com.cn/finalpage/2026-09-04/1225545752.PDF,2026-09-04,公告
1442,Document,关于RFUS-949片进入II期临床试验研究的公告,,,,,,,,,,,,,,,,,,,,,,,,,1442,关于RFUS-949片进入II期临床试验研究的公告,巨潮资讯网,https://static.cninfo.com.cn/finalpage/2026-09-04/1225545671.PDF,2026-09-04,公告
1443,Document,重大合同预中标提示性公告,,,,,,,,,,,,,,,,,,,,,,,,,1443,重大合同预中标提示性公告,巨潮资讯网,https://static.cninfo.com.cn/finalpage/2026-09-04/1225547712.PDF,2026-09-04,公告
1445,Document,东宏股份关于项目中标的公告,,,,,,,,,,,,,,,,,,,,,,,,,1445,东宏股份关于项目中标的公告,巨潮资讯网,https://static.cninfo.com.cn/finalpage/2026-09-03/1225544172.PDF,2026-09-03,公告
1446,Document,新华医疗关于公司产品获得三类和二类医疗器械注册证的公告,,,,,,,,,,,,,,,,,,,,,,,,,1446,新华医疗关于公司产品获得三类和二类医疗器械注册证的公告,巨潮资讯网,https://static.cninfo.com.cn/finalpage/2026-09-03/1225543196.PDF,2026-09-03,公告
1447,Document,关于中标项目废标的公告,,,,,,,,,,,,,,,,,,,,,,,,,1447,关于中标项目废标的公告,巨潮资讯网,https://static.cninfo.com.cn/finalpage/2026-09-03/1225545670.PDF,2026-09-03,公告
1448,Document,关于全资子公司获得盐酸舍曲林口服溶液注册证书的公告,,,,,,,,,,,,,,,,,,,,,,,,,1448,关于全资子公司获得盐酸舍曲林口服溶液注册证书的公告,巨潮资讯网,https://static.cninfo.com.cn/finalpage/2026-09-03/1225545496.PDF,2026-09-03,公告
1449,Document,关于子公司药品上市许可申请获受理的提示性公告,,,,,,,,,,,,,,,,,,,,,,,,,1449,关于子公司药品上市许可申请获受理的提示性公告,巨潮资讯网,https://static.cninfo.com.cn/finalpage/2026-09-01/1225535860.PDF,2026-09-01,公告
1450,Document,华润双鹤关于控股子公司华润双鹤湘中药业(湖南)有限公司奥卡西平片获得药品注册证书的公告,,,,,,,,,,,,,,,,,,,,,,,,,1450,华润双鹤关于控股子公司华润双鹤湘中药业(湖南)有限公司奥卡西平片获得药品注册证书的公告,巨潮资讯网,https://static.cninfo.com.cn/finalpage/2026-09-01/1225537137.PDF,2026-09-01,公告
1451,Document,关于收到中标通知书的公告,,,,,,,,,,,,,,,,,,,,,,,,,1451,关于收到中标通知书的公告,巨潮资讯网,https://static.cninfo.com.cn/finalpage/2026-09-01/1225542138.PDF,2026-09-01,公告
1452,Document,关于医疗器械注册证完成延续注册的公告,,,,,,,,,,,,,,,,,,,,,,,,,1452,关于医疗器械注册证完成延续注册的公告,巨潮资讯网,https://static.cninfo.com.cn/finalpage/2026-09-01/1225542518.PDF,2026-09-01,公告
1453,Document,关于子公司GenSci161注射液境内生产药品注册临床试验申请获得受理的公告,,,,,,,,,,,,,,,,,,,,,,,,,1453,关于子公司GenSci161注射液境内生产药品注册临床试验申请获得受理的公告,巨潮资讯网,https://static.cninfo.com.cn/finalpage/2026-09-01/1225538099.PDF,2026-09-01,公告
1454,Document,国金证券股份有限公司关于北京九州一轨环境科技股份有限公司签订金刚石芯片基板建设项目（一期）变配电工程合同暨关联交易的核查意见,,,,,,,,,,,,,,,,,,,,,,,,,1454,国金证券股份有限公司关于北京九州一轨环境科技股份有限公司签订金刚石芯片基板建设项目（一期）变配电工程合同暨关联交易的核查意见,巨潮资讯网,https://static.cninfo.com.cn/finalpage/2026-08-31/1225534363.PDF,2026-08-31,公告
1455,Document,北京九州一轨环境科技股份有限公司关于签订金刚石芯片基板建设项目（一期）变配电工程合同暨关联交易的公告,,,,,,,,,,,,,,,,,,,,,,,,,1455,北京九州一轨环境科技股份有限公司关于签订金刚石芯片基板建设项目（一期）变配电工程合同暨关联交易的公告,巨潮资讯网,https://static.cninfo.com.cn/finalpage/2026-08-31/1225534325.PDF,2026-08-31,公告
1456,Document,签署重大合同的法律意见,,,,,,,,,,,,,,,,,,,,,,,,,1456,签署重大合同的法律意见,巨潮资讯网,https://static.cninfo.com.cn/finalpage/2026-08-31/1225537432.PDF,2026-08-31,公告
1457,Document,关于控股子公司SYH2092注射液启动I期临床试验的公告,,,,,,,,,,,,,,,,,,,,,,,,,1457,关于控股子公司SYH2092注射液启动I期临床试验的公告,巨潮资讯网,https://static.cninfo.com.cn/finalpage/2026-08-31/1225536067.PDF,2026-08-31,公告
1458,Document,关于控股子公司取得医疗器械注册证的公告,,,,,,,,,,,,,,,,,,,,,,,,,1458,关于控股子公司取得医疗器械注册证的公告,巨潮资讯网,https://static.cninfo.com.cn/finalpage/2026-08-31/1225537798.PDF,2026-08-31,公告
1459,Document,关于控股子公司中标关联方项目暨关联交易的公告,,,,,,,,,,,,,,,,,,,,,,,,,1459,关于控股子公司中标关联方项目暨关联交易的公告,巨潮资讯网,https://static.cninfo.com.cn/finalpage/2026-08-31/1225537856.PDF,2026-08-31,公告
1460,Document,浙江华海药业股份有限公司关于获得药品注册证书的公告,,,,,,,,,,,,,,,,,,,,,,,,,1460,浙江华海药业股份有限公司关于获得药品注册证书的公告,巨潮资讯网,https://static.cninfo.com.cn/finalpage/2026-08-29/1225526009.PDF,2026-08-29,公告
1461,Document,关于全资子公司获得化学原料药上市申请批准通知书的公告,,,,,,,,,,,,,,,,,,,,,,,,,1461,关于全资子公司获得化学原料药上市申请批准通知书的公告,巨潮资讯网,https://static.cninfo.com.cn/finalpage/2026-08-28/1225516224.PDF,2026-08-28,公告
1462,Document,关于公司控股子公司近期签订货物买卖合同的公告,,,,,,,,,,,,,,,,,,,,,,,,,1462,关于公司控股子公司近期签订货物买卖合同的公告,巨潮资讯网,https://static.cninfo.com.cn/finalpage/2026-08-28/1225520452.PDF,2026-08-28,公告
1463,Document,关于项目中标结果公示并收到中标通知书的公告,,,,,,,,,,,,,,,,,,,,,,,,,1463,关于项目中标结果公示并收到中标通知书的公告,巨潮资讯网,https://static.cninfo.com.cn/finalpage/2026-08-28/1225524631.PDF,2026-08-28,公告
1464,Document,关于控股子公司SYH2092注射液获得药物临床试验批准通知书的公告,,,,,,,,,,,,,,,,,,,,,,,,,1464,关于控股子公司SYH2092注射液获得药物临床试验批准通知书的公告,巨潮资讯网,https://static.cninfo.com.cn/finalpage/2026-08-27/1225517880.PDF,2026-08-27,公告
1465,Document,关于公司控股子公司近期收到中标通知书的公告,,,,,,,,,,,,,,,,,,,,,,,,,1465,关于公司控股子公司近期收到中标通知书的公告,巨潮资讯网,https://static.cninfo.com.cn/finalpage/2026-08-27/1225511681.PDF,2026-08-27,公告
1466,Document,（伦康依隆妥单抗，BL-B01D1/iza-bren）用于局部晚期、复发或转移性HR+HER2-乳腺癌的III期临床试验的期中分析达到主要终点的公告,,,,,,,,,,,,,,,,,,,,,,,,,1466,（伦康依隆妥单抗，BL-B01D1/iza-bren）用于局部晚期、复发或转移性HR+HER2-乳腺癌的III期临床试验的期中分析达到主要终点的公告,巨潮资讯网,https://static.cninfo.com.cn/finalpage/2026-08-26/1225504968.PDF,2026-08-26,公告
1467,Document,关于调整日常经营重大合同自愿性披露标准的公告,,,,,,,,,,,,,,,,,,,,,,,,,1467,关于调整日常经营重大合同自愿性披露标准的公告,巨潮资讯网,https://static.cninfo.com.cn/finalpage/2026-08-26/1225507375.PDF,2026-08-26,公告
1468,Document,关于公司为第一中标候选人公示的提示性公告,,,,,,,,,,,,,,,,,,,,,,,,,1468,关于公司为第一中标候选人公示的提示性公告,巨潮资讯网,https://static.cninfo.com.cn/finalpage/2026-08-26/1225514547.PDF,2026-08-26,公告
1469,Document,中信证券股份有限公司关于内蒙古电投能源股份有限公司与国家电投香港财资管理有限公司签订《金融服务框架协议》暨关联交易的核查意见,,,,,,,,,,,,,,,,,,,,,,,,,1469,中信证券股份有限公司关于内蒙古电投能源股份有限公司与国家电投香港财资管理有限公司签订《金融服务框架协议》暨关联交易的核查意见,巨潮资讯网,https://static.cninfo.com.cn/finalpage/2026-08-26/1225504333.PDF,2026-08-26,公告
1470,Document,《金融服务框架协议》,,,,,,,,,,,,,,,,,,,,,,,,,1470,《金融服务框架协议》,巨潮资讯网,https://static.cninfo.com.cn/finalpage/2026-08-26/1225504331.PDF,2026-08-26,公告
1471,Document,内蒙古电投能源股份有限公司关于拟与国家电投香港财资管理有限公司签订《金融服务框架协议》暨关联交易公告,,,,,,,,,,,,,,,,,,,,,,,,,1471,内蒙古电投能源股份有限公司关于拟与国家电投香港财资管理有限公司签订《金融服务框架协议》暨关联交易公告,巨潮资讯网,https://static.cninfo.com.cn/finalpage/2026-08-26/1225504329.PDF,2026-08-26,公告
1472,Document,关于全资子公司获得医疗器械注册证的公告,,,,,,,,,,,,,,,,,,,,,,,,,1472,关于全资子公司获得医疗器械注册证的公告,巨潮资讯网,https://static.cninfo.com.cn/finalpage/2026-08-26/1225506995.PDF,2026-08-26,公告
1473,Document,关于全资子公司获得药物临床试验批准通知书的公告,,,,,,,,,,,,,,,,,,,,,,,,,1473,关于全资子公司获得药物临床试验批准通知书的公告,巨潮资讯网,https://static.cninfo.com.cn/finalpage/2026-08-26/1225506994.PDF,2026-08-26,公告
1474,Document,东宏股份关于项目预中标公示的提示性公告,,,,,,,,,,,,,,,,,,,,,,,,,1474,东宏股份关于项目预中标公示的提示性公告,巨潮资讯网,https://static.cninfo.com.cn/finalpage/2026-08-25/1225498929.PDF,2026-08-25,公告
1475,Document,关于签订合作框架协议暨关联交易预计的公告,,,,,,,,,,,,,,,,,,,,,,,,,1475,关于签订合作框架协议暨关联交易预计的公告,巨潮资讯网,https://static.cninfo.com.cn/finalpage/2026-08-25/1225496580.PDF,2026-08-25,公告
1476,Document,北京福元医药股份有限公司关于甲磺酸溴隐亭片获得药品注册证书的公告,,,,,,,,,,,,,,,,,,,,,,,,,1476,北京福元医药股份有限公司关于甲磺酸溴隐亭片获得药品注册证书的公告,巨潮资讯网,https://static.cninfo.com.cn/finalpage/2026-08-22/1225488583.PDF,2026-08-22,公告
1477,Document,关于咪达唑仑注射液获得英国药品和健康产品监管局（MHRA）上市许可的公告,,,,,,,,,,,,,,,,,,,,,,,,,1477,关于咪达唑仑注射液获得英国药品和健康产品监管局（MHRA）上市许可的公告,巨潮资讯网,https://static.cninfo.com.cn/finalpage/2026-08-21/1225484324.PDF,2026-08-21,公告
1478,Document,关于全资子公司创新药APH03867片获得临床试验批准通知书的公告,,,,,,,,,,,,,,,,,,,,,,,,,1478,关于全资子公司创新药APH03867片获得临床试验批准通知书的公告,巨潮资讯网,https://static.cninfo.com.cn/finalpage/2026-08-21/1225488085.PDF,2026-08-21,公告
1479,Document,鲁抗医药关于控股子公司获得克立硼罗软膏补充申请批准通知书暨成为药品上市许可持有人的公告,,,,,,,,,,,,,,,,,,,,,,,,,1479,鲁抗医药关于控股子公司获得克立硼罗软膏补充申请批准通知书暨成为药品上市许可持有人的公告,巨潮资讯网,https://static.cninfo.com.cn/finalpage/2026-08-20/1225481684.PDF,2026-08-20,公告
1480,Document,华润双鹤关于盐酸利多卡因凝胶获得药品注册证书的公告,,,,,,,,,,,,,,,,,,,,,,,,,1480,华润双鹤关于盐酸利多卡因凝胶获得药品注册证书的公告,巨潮资讯网,https://static.cninfo.com.cn/finalpage/2026-08-19/1225480292.PDF,2026-08-19,公告
1481,Document,关于项目中标的提示性公告,,,,,,,,,,,,,,,,,,,,,,,,,1481,关于项目中标的提示性公告,巨潮资讯网,https://static.cninfo.com.cn/finalpage/2026-08-19/1225482484.PDF,2026-08-19,公告
1482,Document,关于签订日常经营重大销售合同暨收到中标通知书的进展公告,,,,,,,,,,,,,,,,,,,,,,,,,1482,关于签订日常经营重大销售合同暨收到中标通知书的进展公告,巨潮资讯网,https://static.cninfo.com.cn/finalpage/2026-08-19/1225483521.PDF,2026-08-19,公告
1483,Document,关于控股子公司SYS6090启动Ib/II期临床试验的公告,,,,,,,,,,,,,,,,,,,,,,,,,1483,关于控股子公司SYS6090启动Ib/II期临床试验的公告,巨潮资讯网,https://static.cninfo.com.cn/finalpage/2026-08-19/1225481238.PDF,2026-08-19,公告
1484,Document,关于签订日常经营重大合同的公告,,,,,,,,,,,,,,,,,,,,,,,,,1484,关于签订日常经营重大合同的公告,巨潮资讯网,https://static.cninfo.com.cn/finalpage/2026-08-19/1225482421.PDF,2026-08-19,公告
1485,Document,关于项目中标的公告,,,,,,,,,,,,,,,,,,,,,,,,,1485,关于项目中标的公告,巨潮资讯网,https://static.cninfo.com.cn/finalpage/2026-08-19/1225479261.PDF,2026-08-19,公告
1486,Document,三星电气关于子公司经营合同预中标的提示性公告,,,,,,,,,,,,,,,,,,,,,,,,,1486,三星电气关于子公司经营合同预中标的提示性公告,巨潮资讯网,https://static.cninfo.com.cn/finalpage/2026-08-18/1225476370.PDF,2026-08-18,公告
1487,Document,津药药业股份有限公司关于子公司小儿复方氨基酸注射液（18AA-I）获得缅甸卫生部药品注册证书的公告,,,,,,,,,,,,,,,,,,,,,,,,,1487,津药药业股份有限公司关于子公司小儿复方氨基酸注射液（18AA-I）获得缅甸卫生部药品注册证书的公告,巨潮资讯网,https://static.cninfo.com.cn/finalpage/2026-08-18/1225476243.PDF,2026-08-18,公告
1488,Document,关于全资子公司创新药APH04935片获得临床试验批准通知书的公告,,,,,,,,,,,,,,,,,,,,,,,,,1488,关于全资子公司创新药APH04935片获得临床试验批准通知书的公告,巨潮资讯网,https://static.cninfo.com.cn/finalpage/2026-08-18/1225477316.PDF,2026-08-18,公告
1489,Document,复星医药关于控股子公司药品临床试验进展的公告,,,,,,,,,,,,,,,,,,,,,,,,,1489,复星医药关于控股子公司药品临床试验进展的公告,巨潮资讯网,https://static.cninfo.com.cn/finalpage/2026-08-14/1225471298.PDF,2026-08-14,公告
1490,Document,关于变更医疗器械注册证获得受理的公告,,,,,,,,,,,,,,,,,,,,,,,,,1490,关于变更医疗器械注册证获得受理的公告,巨潮资讯网,https://static.cninfo.com.cn/finalpage/2026-08-12/1225470524.PDF,2026-08-12,公告
1491,Document,关于收到中国邮政速递物流股份有限公司中标通知书的公告,,,,,,,,,,,,,,,,,,,,,,,,,1491,关于收到中国邮政速递物流股份有限公司中标通知书的公告,巨潮资讯网,https://static.cninfo.com.cn/finalpage/2026-08-12/1225467682.PDF,2026-08-12,公告
1492,Document,南海22/05合同区重大合同进展公告,,,,,,,,,,,,,,,,,,,,,,,,,1492,南海22/05合同区重大合同进展公告,巨潮资讯网,https://static.cninfo.com.cn/finalpage/2026-08-11/1225468713.PDF,2026-08-11,公告
1493,Document,关于签订重大合同的公告,,,,,,,,,,,,,,,,,,,,,,,,,1493,关于签订重大合同的公告,巨潮资讯网,https://static.cninfo.com.cn/finalpage/2026-08-11/1225467465.PDF,2026-08-11,公告
1494,Document,关于全资子公司签订工程总承包合同的进展公告,,,,,,,,,,,,,,,,,,,,,,,,,1494,关于全资子公司签订工程总承包合同的进展公告,巨潮资讯网,https://static.cninfo.com.cn/finalpage/2026-08-11/1225465435.PDF,2026-08-11,公告
1495,Document,关于子公司GenSci148注射液境内生产药品注册临床试验申请获得批准的公告,,,,,,,,,,,,,,,,,,,,,,,,,1495,关于子公司GenSci148注射液境内生产药品注册临床试验申请获得批准的公告,巨潮资讯网,https://static.cninfo.com.cn/finalpage/2026-08-11/1225466298.PDF,2026-08-11,公告
1496,Document,北京福元医药股份有限公司关于布瑞哌唑口崩片获得药品注册证书的公告,,,,,,,,,,,,,,,,,,,,,,,,,1496,北京福元医药股份有限公司关于布瑞哌唑口崩片获得药品注册证书的公告,巨潮资讯网,https://static.cninfo.com.cn/finalpage/2026-08-08/1225464351.PDF,2026-08-08,公告
1497,Document,北京福元医药股份有限公司关于洛索洛芬钠贴剂获得药品注册证书的公告,,,,,,,,,,,,,,,,,,,,,,,,,1497,北京福元医药股份有限公司关于洛索洛芬钠贴剂获得药品注册证书的公告,巨潮资讯网,https://static.cninfo.com.cn/finalpage/2026-08-08/1225464327.PDF,2026-08-08,公告
1498,Document,鲁抗医药关于获得药品注册证书的公告,,,,,,,,,,,,,,,,,,,,,,,,,1498,鲁抗医药关于获得药品注册证书的公告,巨潮资讯网,https://static.cninfo.com.cn/finalpage/2026-08-08/1225464578.PDF,2026-08-08,公告
1499,Document,鲁抗医药关于控股子公司获得硫酸阿米卡星注射液补充申请批准通知书的公告,,,,,,,,,,,,,,,,,,,,,,,,,1499,鲁抗医药关于控股子公司获得硫酸阿米卡星注射液补充申请批准通知书的公告,巨潮资讯网,https://static.cninfo.com.cn/finalpage/2026-08-08/1225463770.PDF,2026-08-08,公告
1500,Document,东宏股份关于中标项目签订合同的进展公告,,,,,,,,,,,,,,,,,,,,,,,,,1500,东宏股份关于中标项目签订合同的进展公告,巨潮资讯网,https://static.cninfo.com.cn/finalpage/2026-08-07/1225462071.PDF,2026-08-07,公告
1501,Document,华润双鹤关于全资子公司华润双鹤利民药业(济南)有限公司普瑞巴林缓释片完成Ⅲ期临床试验的公告,,,,,,,,,,,,,,,,,,,,,,,,,1501,华润双鹤关于全资子公司华润双鹤利民药业(济南)有限公司普瑞巴林缓释片完成Ⅲ期临床试验的公告,巨潮资讯网,https://static.cninfo.com.cn/finalpage/2026-08-07/1225461641.PDF,2026-08-07,公告
1502,Document,天邑股份：关于成交《中国电信家庭FTTR产品（2026年-2027年）集中采购项目》进展暨签订框架协议的公告,,,,,,,,,,,,,,,,,,,,,,,,,1502,天邑股份：关于成交《中国电信家庭FTTR产品（2026年-2027年）集中采购项目》进展暨签订框架协议的公告,巨潮资讯网,https://static.cninfo.com.cn/finalpage/2026-08-07/1225464281.PDF,2026-08-07,公告
1503,Document,渤海09/17重大合同进展公告,,,,,,,,,,,,,,,,,,,,,,,,,1503,渤海09/17重大合同进展公告,巨潮资讯网,https://static.cninfo.com.cn/finalpage/2026-08-06/1225460418.PDF,2026-08-06,公告
1504,Document,关于全资孙公司获得化学原料药上市申请批准通知书的公告,,,,,,,,,,,,,,,,,,,,,,,,,1504,关于全资孙公司获得化学原料药上市申请批准通知书的公告,巨潮资讯网,https://static.cninfo.com.cn/finalpage/2026-08-05/1225456807.PDF,2026-08-05,公告
1505,Document,关于取得医疗器械变更注册（备案）文件及申报医疗器械注册获得受理的公告,,,,,,,,,,,,,,,,,,,,,,,,,1505,关于取得医疗器械变更注册（备案）文件及申报医疗器械注册获得受理的公告,巨潮资讯网,https://static.cninfo.com.cn/finalpage/2026-08-05/1225460349.PDF,2026-08-05,公告
1506,Document,湖南麓骏律师事务所关于行云科技股份有限公司全资子公司签署重大合同之补充协议的法律意见书,,,,,,,,,,,,,,,,,,,,,,,,,1506,湖南麓骏律师事务所关于行云科技股份有限公司全资子公司签署重大合同之补充协议的法律意见书,巨潮资讯网,https://static.cninfo.com.cn/finalpage/2026-08-05/1225458174.PDF,2026-08-05,公告
1507,Document,关于项目预中标的提示性公告,,,,,,,,,,,,,,,,,,,,,,,,,1507,关于项目预中标的提示性公告,巨潮资讯网,https://static.cninfo.com.cn/finalpage/2026-08-03/1225453358.PDF,2026-08-03,公告
1508,Document,关于公司控股子公司收到中标通知书的公告,,,,,,,,,,,,,,,,,,,,,,,,,1508,关于公司控股子公司收到中标通知书的公告,巨潮资讯网,https://static.cninfo.com.cn/finalpage/2026-08-03/1225452791.PDF,2026-08-03,公告
1509,Document,关于签订船舶建造日常经营重大合同的公告,,,,,,,,,,,,,,,,,,,,,,,,,1509,关于签订船舶建造日常经营重大合同的公告,巨潮资讯网,https://static.cninfo.com.cn/finalpage/2026-08-01/1225450163.PDF,2026-08-01,公告
1510,Document,四川百利天恒药业股份有限公司自愿披露关于注射用BL-B01D1（皮下注射）治疗晚期实体瘤获得药物临床试验批准通知书的公告,,,,,,,,,,,,,,,,,,,,,,,,,1510,四川百利天恒药业股份有限公司自愿披露关于注射用BL-B01D1（皮下注射）治疗晚期实体瘤获得药物临床试验批准通知书的公告,巨潮资讯网,https://static.cninfo.com.cn/finalpage/2026-07-31/1225449080.PDF,2026-07-31,公告
1511,Document,关于控股子公司签署《药品上市许可转让合同》的进展公告,,,,,,,,,,,,,,,,,,,,,,,,,1511,关于控股子公司签署《药品上市许可转让合同》的进展公告,巨潮资讯网,https://static.cninfo.com.cn/finalpage/2026-07-31/1225448508.PDF,2026-07-31,公告
1512,Document,关于控股子公司SYS6041启动Ⅱ期临床试验的公告,,,,,,,,,,,,,,,,,,,,,,,,,1512,关于控股子公司SYS6041启动Ⅱ期临床试验的公告,巨潮资讯网,https://static.cninfo.com.cn/finalpage/2026-07-31/1225450143.PDF,2026-07-31,公告
1513,Document,关于收到中国工商银行股份有限公司中标通知书的公告,,,,,,,,,,,,,,,,,,,,,,,,,1513,关于收到中国工商银行股份有限公司中标通知书的公告,巨潮资讯网,https://static.cninfo.com.cn/finalpage/2026-07-31/1225447653.PDF,2026-07-31,公告
1514,Document,浙江华海药业股份有限公司关于子公司获得药品注册批准的公告,,,,,,,,,,,,,,,,,,,,,,,,,1514,浙江华海药业股份有限公司关于子公司获得药品注册批准的公告,巨潮资讯网,https://static.cninfo.com.cn/finalpage/2026-07-30/1225447132.PDF,2026-07-30,公告
1515,Document,圣晖集成关于重大项目收到中标结果的公告,,,,,,,,,,,,,,,,,,,,,,,,,1515,圣晖集成关于重大项目收到中标结果的公告,巨潮资讯网,https://static.cninfo.com.cn/finalpage/2026-07-29/1225445056.PDF,2026-07-29,公告
1516,Document,北京福元医药股份有限公司关于子公司获得药品补充申请批准通知书的公告,,,,,,,,,,,,,,,,,,,,,,,,,1516,北京福元医药股份有限公司关于子公司获得药品补充申请批准通知书的公告,巨潮资讯网,https://static.cninfo.com.cn/finalpage/2026-07-29/1225444184.PDF,2026-07-29,公告
1517,Document,浙江华海药业股份有限公司关于下属子公司获得药物临床试验许可的公告,,,,,,,,,,,,,,,,,,,,,,,,,1517,浙江华海药业股份有限公司关于下属子公司获得药物临床试验许可的公告,巨潮资讯网,https://static.cninfo.com.cn/finalpage/2026-07-25/1225440808.PDF,2026-07-25,公告
1518,Document,浙江海正药业股份有限公司关于全资子公司制剂产品磷酸氟达拉滨注射液获得美国FDA批准的公告,,,,,,,,,,,,,,,,,,,,,,,,,1518,浙江海正药业股份有限公司关于全资子公司制剂产品磷酸氟达拉滨注射液获得美国FDA批准的公告,巨潮资讯网,https://static.cninfo.com.cn/finalpage/2026-07-25/1225440259.PDF,2026-07-25,公告
1519,Document,关于酒石酸长春瑞滨软胶囊获得药品注册证书的公告,,,,,,,,,,,,,,,,,,,,,,,,,1519,关于酒石酸长春瑞滨软胶囊获得药品注册证书的公告,巨潮资讯网,https://static.cninfo.com.cn/finalpage/2026-07-25/1225440069.PDF,2026-07-25,公告
1520,Document,东宏股份关于收到中标通知书的公告,,,,,,,,,,,,,,,,,,,,,,,,,1520,东宏股份关于收到中标通知书的公告,巨潮资讯网,https://static.cninfo.com.cn/finalpage/2026-07-24/1225439231.PDF,2026-07-24,公告
1521,Document,关于全资子公司获得苯溴马隆片注册证书的公告,,,,,,,,,,,,,,,,,,,,,,,,,1521,关于全资子公司获得苯溴马隆片注册证书的公告,巨潮资讯网,https://static.cninfo.com.cn/finalpage/2026-07-24/1225438146.PDF,2026-07-24,公告
1522,Document,关于子公司注射用GenSci136境内生产药品注册临床试验申请获得受理的公告,,,,,,,,,,,,,,,,,,,,,,,,,1522,关于子公司注射用GenSci136境内生产药品注册临床试验申请获得受理的公告,巨潮资讯网,https://static.cninfo.com.cn/finalpage/2026-07-24/1225438204.PDF,2026-07-24,公告
1523,Document,关于项目中标公告的更正公告,,,,,,,,,,,,,,,,,,,,,,,,,1523,关于项目中标公告的更正公告,巨潮资讯网,https://static.cninfo.com.cn/finalpage/2026-07-23/1225438107.PDF,2026-07-23,公告
1524,Document,关于项目中标的公告（更正后),,,,,,,,,,,,,,,,,,,,,,,,,1524,关于项目中标的公告（更正后),巨潮资讯网,https://static.cninfo.com.cn/finalpage/2026-07-23/1225438106.PDF,2026-07-23,公告
1525,Document,中标候选人公示的提示性公告,,,,,,,,,,,,,,,,,,,,,,,,,1525,中标候选人公示的提示性公告,巨潮资讯网,https://static.cninfo.com.cn/finalpage/2026-07-22/1225437111.PDF,2026-07-22,公告
1526,Document,关于签订船舶建造合同的自愿性公告,,,,,,,,,,,,,,,,,,,,,,,,,1526,关于签订船舶建造合同的自愿性公告,巨潮资讯网,https://static.cninfo.com.cn/finalpage/2026-07-22/1225435290.PDF,2026-07-22,公告
1527,Document,关于中标项目的公告,,,,,,,,,,,,,,,,,,,,,,,,,1527,关于中标项目的公告,巨潮资讯网,https://static.cninfo.com.cn/finalpage/2026-07-22/1225434500.PDF,2026-07-22,公告
1528,Document,关于控股子公司完成医疗器械注册证变更的公告,,,,,,,,,,,,,,,,,,,,,,,,,1528,关于控股子公司完成医疗器械注册证变更的公告,巨潮资讯网,https://static.cninfo.com.cn/finalpage/2026-07-21/1225435602.PDF,2026-07-21,公告
1529,Document,关于公司签订采购算力服务重大合同及框架协议的公告,,,,,,,,,,,,,,,,,,,,,,,,,1529,关于公司签订采购算力服务重大合同及框架协议的公告,巨潮资讯网,https://static.cninfo.com.cn/finalpage/2026-07-21/1225433899.PDF,2026-07-21,公告
1530,Document,四川百利天恒药业股份有限公司自愿披露关于伦康依隆妥单抗/宜泽康（BL-B01D1/iza-bren）食管癌适应症上市申请获得批准的公告,,,,,,,,,,,,,,,,,,,,,,,,,1530,四川百利天恒药业股份有限公司自愿披露关于伦康依隆妥单抗/宜泽康（BL-B01D1/iza-bren）食管癌适应症上市申请获得批准的公告,巨潮资讯网,https://static.cninfo.com.cn/finalpage/2026-07-17/1225428812.PDF,2026-07-17,公告
1531,Document,关于子公司注销医疗器械注册证的公告,,,,,,,,,,,,,,,,,,,,,,,,,1531,关于子公司注销医疗器械注册证的公告,巨潮资讯网,https://static.cninfo.com.cn/finalpage/2026-07-17/1225429883.PDF,2026-07-17,公告
1532,Document,关于完成医疗器械注册证变更的公告,,,,,,,,,,,,,,,,,,,,,,,,,1532,关于完成医疗器械注册证变更的公告,巨潮资讯网,https://static.cninfo.com.cn/finalpage/2026-07-17/1225429243.PDF,2026-07-17,公告
1533,Document,天邑股份：关于成交《中国电信天翼智屏产品（2026年）集中采购项目》进展暨签订框架协议的公告,,,,,,,,,,,,,,,,,,,,,,,,,1533,天邑股份：关于成交《中国电信天翼智屏产品（2026年）集中采购项目》进展暨签订框架协议的公告,巨潮资讯网,https://static.cninfo.com.cn/finalpage/2026-07-17/1225429717.PDF,2026-07-17,公告
1534,Document,关于控股子公司SYS6043启动Ⅲ期临床试验的公告,,,,,,,,,,,,,,,,,,,,,,,,,1534,关于控股子公司SYS6043启动Ⅲ期临床试验的公告,巨潮资讯网,https://static.cninfo.com.cn/finalpage/2026-07-16/1225427696.PDF,2026-07-16,公告
1535,Document,新华医疗关于公司产品获得二类医疗器械注册证的公告,,,,,,,,,,,,,,,,,,,,,,,,,1535,新华医疗关于公司产品获得二类医疗器械注册证的公告,巨潮资讯网,https://static.cninfo.com.cn/finalpage/2026-07-15/1225422851.PDF,2026-07-15,公告
1536,Document,南海2205合同区重大合同进展公告,,,,,,,,,,,,,,,,,,,,,,,,,1536,南海2205合同区重大合同进展公告,巨潮资讯网,https://static.cninfo.com.cn/finalpage/2026-07-15/1225426283.PDF,2026-07-15,公告
1537,Document,关于公司与关联方签订最高额借款合同的公告,,,,,,,,,,,,,,,,,,,,,,,,,1537,关于公司与关联方签订最高额借款合同的公告,巨潮资讯网,https://static.cninfo.com.cn/finalpage/2026-07-15/1225424754.PDF,2026-07-15,公告
1538,Document,浙江海正药业股份有限公司关于获得药品注册证书的公告,,,,,,,,,,,,,,,,,,,,,,,,,1538,浙江海正药业股份有限公司关于获得药品注册证书的公告,巨潮资讯网,https://static.cninfo.com.cn/finalpage/2026-07-14/1225420918.PDF,2026-07-14,公告
1539,Document,关于公司签订重大合同暨关联交易的公告,,,,,,,,,,,,,,,,,,,,,,,,,1539,关于公司签订重大合同暨关联交易的公告,巨潮资讯网,https://static.cninfo.com.cn/finalpage/2026-07-14/1225422159.PDF,2026-07-14,公告
1540,Document,关于智慧城市业务中标项目的公告,,,,,,,,,,,,,,,,,,,,,,,,,1540,关于智慧城市业务中标项目的公告,巨潮资讯网,https://static.cninfo.com.cn/finalpage/2026-07-14/1225421532.PDF,2026-07-14,公告
1541,Document,关于控股子公司获得药物临床试验批准通知书的公告,,,,,,,,,,,,,,,,,,,,,,,,,1541,关于控股子公司获得药物临床试验批准通知书的公告,巨潮资讯网,https://static.cninfo.com.cn/finalpage/2026-07-14/1225421761.PDF,2026-07-14,公告
1542,Document,关于获得医疗器械注册证及变更的公告,,,,,,,,,,,,,,,,,,,,,,,,,1542,关于获得医疗器械注册证及变更的公告,巨潮资讯网,https://static.cninfo.com.cn/finalpage/2026-07-13/1225421044.PDF,2026-07-13,公告
1543,Document,关于蒙古Ergel-12区块重大合同进展公告,,,,,,,,,,,,,,,,,,,,,,,,,1543,关于蒙古Ergel-12区块重大合同进展公告,巨潮资讯网,https://static.cninfo.com.cn/finalpage/2026-07-13/1225421789.PDF,2026-07-13,公告
1544,Document,圣晖集成关于已中标重大项目签订合同的进展公告,,,,,,,,,,,,,,,,,,,,,,,,,1544,圣晖集成关于已中标重大项目签订合同的进展公告,巨潮资讯网,https://static.cninfo.com.cn/finalpage/2026-07-11/1225419140.PDF,2026-07-11,公告
1545,Document,关于签订海工订单的自愿性公告,,,,,,,,,,,,,,,,,,,,,,,,,1545,关于签订海工订单的自愿性公告,巨潮资讯网,https://static.cninfo.com.cn/finalpage/2026-07-11/1225418171.PDF,2026-07-11,公告
1546,Document,关于甘精胰岛素注射液（预填充笔）获得洪都拉斯药品注册批件的公告,,,,,,,,,,,,,,,,,,,,,,,,,1546,关于甘精胰岛素注射液（预填充笔）获得洪都拉斯药品注册批件的公告,巨潮资讯网,https://static.cninfo.com.cn/finalpage/2026-07-10/1225416839.PDF,2026-07-10,公告
1547,Document,关于公司签订重大经营合同的公告,,,,,,,,,,,,,,,,,,,,,,,,,1547,关于公司签订重大经营合同的公告,巨潮资讯网,https://static.cninfo.com.cn/finalpage/2026-07-10/1225416502.PDF,2026-07-10,公告
1548,Document,津药药业股份有限公司关于倍他米松原料药获得巴西卫生监督局批准上市的公告,,,,,,,,,,,,,,,,,,,,,,,,,1548,津药药业股份有限公司关于倍他米松原料药获得巴西卫生监督局批准上市的公告,巨潮资讯网,https://static.cninfo.com.cn/finalpage/2026-07-08/1225413377.PDF,2026-07-08,公告
1549,Document,关于取得中标通知书的公告,,,,,,,,,,,,,,,,,,,,,,,,,1549,关于取得中标通知书的公告,巨潮资讯网,https://static.cninfo.com.cn/finalpage/2026-07-07/1225414402.PDF,2026-07-07,公告
1550,Document,德才股份关于项目签订合同的公告,,,,,,,,,,,,,,,,,,,,,,,,,1550,德才股份关于项目签订合同的公告,巨潮资讯网,https://static.cninfo.com.cn/finalpage/2026-07-07/1225411194.PDF,2026-07-07,公告
1551,Document,关于签订买卖合同的公告,,,,,,,,,,,,,,,,,,,,,,,,,1551,关于签订买卖合同的公告,巨潮资讯网,https://static.cninfo.com.cn/finalpage/2026-07-07/1225411659.PDF,2026-07-07,公告
1552,Document,关于公司收到中标通知书的公告,,,,,,,,,,,,,,,,,,,,,,,,,1552,关于公司收到中标通知书的公告,巨潮资讯网,https://static.cninfo.com.cn/finalpage/2026-07-04/1225408933.PDF,2026-07-04,公告
1553,Document,关于收到中标通知书及签订框架协议的公告,,,,,,,,,,,,,,,,,,,,,,,,,1553,关于收到中标通知书及签订框架协议的公告,巨潮资讯网,https://static.cninfo.com.cn/finalpage/2026-07-03/1225406902.PDF,2026-07-03,公告
1554,Document,签订重要合同的公告,,,,,,,,,,,,,,,,,,,,,,,,,1554,签订重要合同的公告,巨潮资讯网,https://static.cninfo.com.cn/finalpage/2026-07-02/1225406267.PDF,2026-07-02,公告
1555,Document,北京福元医药股份有限公司关于左甲状腺素钠片获得药品补充申请批准通知书的公告,,,,,,,,,,,,,,,,,,,,,,,,,1555,北京福元医药股份有限公司关于左甲状腺素钠片获得药品补充申请批准通知书的公告,巨潮资讯网,https://static.cninfo.com.cn/finalpage/2026-07-02/1225403151.PDF,2026-07-02,公告
1556,Document,关于中国移动2026年绿色多频段基站天线产品（补充采购）集中采购项目进展暨签订框架协议的公告,,,,,,,,,,,,,,,,,,,,,,,,,1556,关于中国移动2026年绿色多频段基站天线产品（补充采购）集中采购项目进展暨签订框架协议的公告,巨潮资讯网,https://static.cninfo.com.cn/finalpage/2026-07-02/1225405907.PDF,2026-07-02,公告
1557,Document,关于收到拟中标通知书的公告,,,,,,,,,,,,,,,,,,,,,,,,,1557,关于收到拟中标通知书的公告,巨潮资讯网,https://static.cninfo.com.cn/finalpage/2026-07-02/1225403714.PDF,2026-07-02,公告
1558,Document,关于中标候选人公示的提示性公告,,,,,,,,,,,,,,,,,,,,,,,,,1558,关于中标候选人公示的提示性公告,巨潮资讯网,https://static.cninfo.com.cn/finalpage/2026-07-02/1225402548.PDF,2026-07-02,公告
1559,Document,津药药业股份有限公司关于甲泼尼龙片获得白俄罗斯共和国卫生部药品注册证书的公告,,,,,,,,,,,,,,,,,,,,,,,,,1559,津药药业股份有限公司关于甲泼尼龙片获得白俄罗斯共和国卫生部药品注册证书的公告,巨潮资讯网,https://static.cninfo.com.cn/finalpage/2026-07-01/1225398330.PDF,2026-07-01,公告
1560,Document,工程中标公告,,,,,,,,,,,,,,,,,,,,,,,,,1560,工程中标公告,巨潮资讯网,https://static.cninfo.com.cn/finalpage/2026-07-01/1225401123.PDF,2026-07-01,公告
1561,Document,关于与关联方签订合同暨关联交易的公告,,,,,,,,,,,,,,,,,,,,,,,,,1561,关于与关联方签订合同暨关联交易的公告,巨潮资讯网,https://static.cninfo.com.cn/finalpage/2026-07-01/1225400567.PDF,2026-07-01,公告
1562,Document,浙江海正药业股份有限公司关于来特莫韦原料药获得《化学原料药上市申请批准通知书》的公告,,,,,,,,,,,,,,,,,,,,,,,,,1562,浙江海正药业股份有限公司关于来特莫韦原料药获得《化学原料药上市申请批准通知书》的公告,巨潮资讯网,https://static.cninfo.com.cn/finalpage/2026-06-30/1225394712.PDF,2026-06-30,公告
1563,Document,关于控股子公司SYS6010启动Ⅲ期临床试验的公告,,,,,,,,,,,,,,,,,,,,,,,,,1563,关于控股子公司SYS6010启动Ⅲ期临床试验的公告,巨潮资讯网,https://static.cninfo.com.cn/finalpage/2026-06-30/1225399107.PDF,2026-06-30,公告
1564,Document,2026-38 工程中标公告,,,,,,,,,,,,,,,,,,,,,,,,,1564,2026-38 工程中标公告,巨潮资讯网,https://static.cninfo.com.cn/finalpage/2026-06-30/1225395645.PDF,2026-06-30,公告
1565,Document,2026-39 工程中标公告,,,,,,,,,,,,,,,,,,,,,,,,,1565,2026-39 工程中标公告,巨潮资讯网,https://static.cninfo.com.cn/finalpage/2026-06-30/1225395644.PDF,2026-06-30,公告
1566,Document,关于全资子公司取得医疗器械注册证的公告,,,,,,,,,,,,,,,,,,,,,,,,,1566,关于全资子公司取得医疗器械注册证的公告,巨潮资讯网,https://static.cninfo.com.cn/finalpage/2026-06-29/1225395702.PDF,2026-06-29,公告
1567,Document,关于甘精胰岛素注射液获得洪都拉斯药品注册批件的公告,,,,,,,,,,,,,,,,,,,,,,,,,1567,关于甘精胰岛素注射液获得洪都拉斯药品注册批件的公告,巨潮资讯网,https://static.cninfo.com.cn/finalpage/2026-06-27/1225391477.PDF,2026-06-27,公告
1568,Document,浙江华海药业股份有限公司关于子公司药品上市许可申请获得受理的提示性公告,,,,,,,,,,,,,,,,,,,,,,,,,1568,浙江华海药业股份有限公司关于子公司药品上市许可申请获得受理的提示性公告,巨潮资讯网,https://static.cninfo.com.cn/finalpage/2026-06-26/1225387777.PDF,2026-06-26,公告
1569,Document,关于工程项目中标的公告,,,,,,,,,,,,,,,,,,,,,,,,,1569,关于工程项目中标的公告,巨潮资讯网,https://static.cninfo.com.cn/finalpage/2026-06-26/1225386997.PDF,2026-06-26,公告
1570,Document,关于联合体预中标云南省大理市再生水资源综合利用项目（一期）工程总承包（EPC）的公告,,,,,,,,,,,,,,,,,,,,,,,,,1570,关于联合体预中标云南省大理市再生水资源综合利用项目（一期）工程总承包（EPC）的公告,巨潮资讯网,https://static.cninfo.com.cn/finalpage/2026-06-25/1225385019.PDF,2026-06-25,公告
1571,Document,国金证券股份有限公司关于北京九州一轨环境科技股份有限公司签订金刚石芯片基板建设项目（一期）总承包合同暨关联交易的核查意见,,,,,,,,,,,,,,,,,,,,,,,,,1571,国金证券股份有限公司关于北京九州一轨环境科技股份有限公司签订金刚石芯片基板建设项目（一期）总承包合同暨关联交易的核查意见,巨潮资讯网,https://static.cninfo.com.cn/finalpage/2026-06-24/1225383870.PDF,2026-06-24,公告
1572,Document,北京九州一轨环境科技股份有限公司关于签订金刚石芯片基板建设项目（一期）总承包合同暨关联交易的公告,,,,,,,,,,,,,,,,,,,,,,,,,1572,北京九州一轨环境科技股份有限公司关于签订金刚石芯片基板建设项目（一期）总承包合同暨关联交易的公告,巨潮资讯网,https://static.cninfo.com.cn/finalpage/2026-06-24/1225383863.PDF,2026-06-24,公告
1573,Document,圣晖集成关于子公司已中标重大项目签订合同的进展公告,,,,,,,,,,,,,,,,,,,,,,,,,1573,圣晖集成关于子公司已中标重大项目签订合同的进展公告,巨潮资讯网,https://static.cninfo.com.cn/finalpage/2026-06-24/1225383066.PDF,2026-06-24,公告
1574,Document,新华医疗关于子公司产品获得二类医疗器械注册证的公告,,,,,,,,,,,,,,,,,,,,,,,,,1574,新华医疗关于子公司产品获得二类医疗器械注册证的公告,巨潮资讯网,https://static.cninfo.com.cn/finalpage/2026-06-24/1225382568.PDF,2026-06-24,公告
1575,Document,关于下属子公司获得药品注册证书的公告,,,,,,,,,,,,,,,,,,,,,,,,,1575,关于下属子公司获得药品注册证书的公告,巨潮资讯网,https://static.cninfo.com.cn/finalpage/2026-06-24/1225382750.PDF,2026-06-24,公告
1576,Document,关于签订日常经营重大销售合同的公告,,,,,,,,,,,,,,,,,,,,,,,,,1576,关于签订日常经营重大销售合同的公告,巨潮资讯网,https://static.cninfo.com.cn/finalpage/2026-06-24/1225384831.PDF,2026-06-24,公告
1577,Document,关于拟中标项目的提示性公告,,,,,,,,,,,,,,,,,,,,,,,,,1577,关于拟中标项目的提示性公告,巨潮资讯网,https://static.cninfo.com.cn/finalpage/2026-06-24/1225385468.PDF,2026-06-24,公告
1578,Document,关于收到新疆维吾尔自治区阿克苏地区塔里木河干流盖孜库木片区生态综合治理项目施工标段中标通知书的公告,,,,,,,,,,,,,,,,,,,,,,,,,1578,关于收到新疆维吾尔自治区阿克苏地区塔里木河干流盖孜库木片区生态综合治理项目施工标段中标通知书的公告,巨潮资讯网,https://static.cninfo.com.cn/finalpage/2026-06-24/1225382619.PDF,2026-06-24,公告
1579,Document,四川百利天恒药业股份有限公司自愿披露关于伦康依隆妥单抗（BL-B01D1/iza-bren）获批上市的公告,,,,,,,,,,,,,,,,,,,,,,,,,1579,四川百利天恒药业股份有限公司自愿披露关于伦康依隆妥单抗（BL-B01D1/iza-bren）获批上市的公告,巨潮资讯网,https://static.cninfo.com.cn/finalpage/2026-06-23/1225380568.PDF,2026-06-23,公告
1580,Document,德才股份关于项目中标的公告,,,,,,,,,,,,,,,,,,,,,,,,,1580,德才股份关于项目中标的公告,巨潮资讯网,https://static.cninfo.com.cn/finalpage/2026-06-23/1225380204.PDF,2026-06-23,公告
1581,Document,鲁抗医药关于阿瑞匹坦获得化学原料药上市申请批准通知书的公告,,,,,,,,,,,,,,,,,,,,,,,,,1581,鲁抗医药关于阿瑞匹坦获得化学原料药上市申请批准通知书的公告,巨潮资讯网,https://static.cninfo.com.cn/finalpage/2026-06-23/1225380741.PDF,2026-06-23,公告
1582,Document,关于盐酸他喷他多口服溶液获得药物临床试验批准通知书的公告,,,,,,,,,,,,,,,,,,,,,,,,,1582,关于盐酸他喷他多口服溶液获得药物临床试验批准通知书的公告,巨潮资讯网,https://static.cninfo.com.cn/finalpage/2026-06-23/1225380271.PDF,2026-06-23,公告
1583,Document,关于签订项目工程总承包合同的公告,,,,,,,,,,,,,,,,,,,,,,,,,1583,关于签订项目工程总承包合同的公告,巨潮资讯网,https://static.cninfo.com.cn/finalpage/2026-06-23/1225382899.PDF,2026-06-23,公告
1584,Document,关于签订项目施工合同的公告,,,,,,,,,,,,,,,,,,,,,,,,,1584,关于签订项目施工合同的公告,巨潮资讯网,https://static.cninfo.com.cn/finalpage/2026-06-23/1225382898.PDF,2026-06-23,公告
1585,Document,关于子公司注射用醋酸曲普瑞林（II）获得《药品注册证书》的公告,,,,,,,,,,,,,,,,,,,,,,,,,1585,关于子公司注射用醋酸曲普瑞林（II）获得《药品注册证书》的公告,巨潮资讯网,https://static.cninfo.com.cn/finalpage/2026-06-23/1225380416.PDF,2026-06-23,公告
1586,Document,关于收到中标结果的公告,,,,,,,,,,,,,,,,,,,,,,,,,1586,关于收到中标结果的公告,巨潮资讯网,https://static.cninfo.com.cn/finalpage/2026-06-22/1225380006.PDF,2026-06-22,公告
1587,Document,关于甘精胰岛素注射液（预填充笔）获得阿联酋药品注册批件的公告,,,,,,,,,,,,,,,,,,,,,,,,,1587,关于甘精胰岛素注射液（预填充笔）获得阿联酋药品注册批件的公告,巨潮资讯网,https://static.cninfo.com.cn/finalpage/2026-06-19/1225378001.PDF,2026-06-19,公告
1588,Document,关于全资子公司创新药APH03867片获得临床试验注册申请受理的公告,,,,,,,,,,,,,,,,,,,,,,,,,1588,关于全资子公司创新药APH03867片获得临床试验注册申请受理的公告,巨潮资讯网,https://static.cninfo.com.cn/finalpage/2026-06-18/1225377316.PDF,2026-06-18,公告
1589,Document,关于全资子公司签订工程EPC总承包合同的进展公告,,,,,,,,,,,,,,,,,,,,,,,,,1589,关于全资子公司签订工程EPC总承包合同的进展公告,巨潮资讯网,https://static.cninfo.com.cn/finalpage/2026-06-18/1225376140.PDF,2026-06-18,公告
1590,Document,德才股份关于项目预中标的提示性公告,,,,,,,,,,,,,,,,,,,,,,,,,1590,德才股份关于项目预中标的提示性公告,巨潮资讯网,https://static.cninfo.com.cn/finalpage/2026-06-17/1225372857.PDF,2026-06-17,公告
1591,Document,北京福元医药股份有限公司关于克立硼罗软膏获得药品注册证书的公告,,,,,,,,,,,,,,,,,,,,,,,,,1591,北京福元医药股份有限公司关于克立硼罗软膏获得药品注册证书的公告,巨潮资讯网,https://static.cninfo.com.cn/finalpage/2026-06-17/1225373084.PDF,2026-06-17,公告
1592,Document,华润双鹤关于子公司部分产品获得药品注册证书的公告,,,,,,,,,,,,,,,,,,,,,,,,,1592,华润双鹤关于子公司部分产品获得药品注册证书的公告,巨潮资讯网,https://static.cninfo.com.cn/finalpage/2026-06-17/1225373321.PDF,2026-06-17,公告
1593,Document,湖南麓骏律师事务所关于行云科技股份有限公司全资子公司签署重大合同之法律意见书,,,,,,,,,,,,,,,,,,,,,,,,,1593,湖南麓骏律师事务所关于行云科技股份有限公司全资子公司签署重大合同之法律意见书,巨潮资讯网,https://static.cninfo.com.cn/finalpage/2026-06-17/1225374398.PDF,2026-06-17,公告
2001,Document,阳光电源：2026年半年度营业收入为30912265605.12元,,,,,,,,,,,,,,,,,,,,,,,,,2001,阳光电源：2026年半年度营业收入为30912265605.12元,证券日报网,http://www.zqrb.cn/gscy/ggkx/2026-08-28/A1787914927066.html,2026-08-28,财经新闻
2002,Document,中材国际：公司将于8月28日召开2026年半年度业绩说明会,,,,,,,,,,,,,,,,,,,,,,,,,2002,中材国际：公司将于8月28日召开2026年半年度业绩说明会,证券日报网,http://www.zqrb.cn/gscy/ggkx/2026-08-28/A1787914927024.html,2026-08-28,财经新闻
2003,Document,中国铁建：第六届董事会第十二次会议决议公告,,,,,,,,,,,,,,,,,,,,,,,,,2003,中国铁建：第六届董事会第十二次会议决议公告,证券日报网,http://www.zqrb.cn/gscy/ggkx/2026-08-28/A1787914926838.html,2026-08-28,财经新闻
2004,Document,阳光电源：第六届董事会第三次会议决议公告,,,,,,,,,,,,,,,,,,,,,,,,,2004,阳光电源：第六届董事会第三次会议决议公告,证券日报网,http://www.zqrb.cn/gscy/ggkx/2026-08-28/A1787914926644.html,2026-08-28,财经新闻
2005,Document,东方电气：公司将于9月3日召开2026年半年度业绩说明会,,,,,,,,,,,,,,,,,,,,,,,,,2005,东方电气：公司将于9月3日召开2026年半年度业绩说明会,证券日报网,http://www.zqrb.cn/gscy/ggkx/2026-08-28/A1787904416494.html,2026-08-28,财经新闻
2006,Document,保利发展：2026年上半年实现销售签约金额1351亿元,,,,,,,,,,,,,,,,,,,,,,,,,2006,保利发展：2026年上半年实现销售签约金额1351亿元,人民网财经,http://finance.people.com.cn/n1/2026/0828/c1004-40787723.html,2026-08-28,财经新闻
2007,Document,认识当下的国内汽车市场，重构汽车市场新逻辑,,,,,,,,,,,,,,,,,,,,,,,,,2007,认识当下的国内汽车市场，重构汽车市场新逻辑,人民网财经,http://finance.people.com.cn/n1/2026/0828/c1004-40787479.html,2026-08-28,财经新闻
2008,Document,中证商品期货系列板块指数发布,,,,,,,,,,,,,,,,,,,,,,,,,2008,中证商品期货系列板块指数发布,中证网,https://www.cs.com.cn/zzqh2020/2026/08/27/detail_2026082710034498.html,2026-08-27,财经新闻
2009,Document,银行变身“算力伯乐”：Token消耗成为科创企业授信新变量,,,,,,,,,,,,,,,,,,,,,,,,,2009,银行变身“算力伯乐”：Token消耗成为科创企业授信新变量,中证网,https://www.cs.com.cn/yh/04/2026/08/27/detail_2026082710034509.html,2026-08-27,财经新闻
2010,Document,万科上半年营收逾701亿元 交付2.3万套房屋,,,,,,,,,,,,,,,,,,,,,,,,,2010,万科上半年营收逾701亿元 交付2.3万套房屋,中证网,https://www.cs.com.cn/ssgs/01/2026/08/27/detail_2026082710034840.html,2026-08-27,财经新闻
2011,Document,川环科技：上半年实现净利润7510.89万元,,,,,,,,,,,,,,,,,,,,,,,,,2011,川环科技：上半年实现净利润7510.89万元,中证网,https://www.cs.com.cn/ssgs/01/2026/08/27/detail_2026082710034682.html,2026-08-27,财经新闻
2012,Document,艾尼氪品牌入华 北京现代加快新能源转型,,,,,,,,,,,,,,,,,,,,,,,,,2012,艾尼氪品牌入华 北京现代加快新能源转型,中证网,https://www.cs.com.cn/ssgs/01/2026/08/27/detail_2026082710034674.html,2026-08-27,财经新闻
2013,Document,ST朗进：上半年轨道交通基本盘稳固 储能低空热泵业务多点突破,,,,,,,,,,,,,,,,,,,,,,,,,2013,ST朗进：上半年轨道交通基本盘稳固 储能低空热泵业务多点突破,中证网,https://www.cs.com.cn/ssgs/01/2026/08/27/detail_2026082710034591.html,2026-08-27,财经新闻
2014,Document,极狐披露多项合作安排 阿里生态将持续接入车端,,,,,,,,,,,,,,,,,,,,,,,,,2014,极狐披露多项合作安排 阿里生态将持续接入车端,中证网,https://www.cs.com.cn/ssgs/01/2026/08/27/detail_2026082710034590.html,2026-08-27,财经新闻
2015,Document,长城汽车发布2026半年报：营收站上千亿关口 海外销量反超国内,,,,,,,,,,,,,,,,,,,,,,,,,2015,长城汽车发布2026半年报：营收站上千亿关口 海外销量反超国内,中证网,https://www.cs.com.cn/ssgs/01/2026/08/27/detail_2026082710034577.html,2026-08-27,财经新闻
2016,Document,海天味业上半年归母净利润41.9亿元 营养健康系列产品表现突出,,,,,,,,,,,,,,,,,,,,,,,,,2016,海天味业上半年归母净利润41.9亿元 营养健康系列产品表现突出,中证网,https://www.cs.com.cn/ssgs/01/2026/08/27/detail_2026082710034569.html,2026-08-27,财经新闻
2017,Document,格力电器上半年实现归母净利润132.78亿元 智能装备营收连续双位数增长,,,,,,,,,,,,,,,,,,,,,,,,,2017,格力电器上半年实现归母净利润132.78亿元 智能装备营收连续双位数增长,中证网,https://www.cs.com.cn/ssgs/01/2026/08/27/detail_2026082710034566.html,2026-08-27,财经新闻
2018,Document,多家上市券商中期业绩显著增长 板块投资价值凸显,,,,,,,,,,,,,,,,,,,,,,,,,2018,多家上市券商中期业绩显著增长 板块投资价值凸显,中证网,https://www.cs.com.cn/qs/2026/08/27/detail_2026082710034495.html,2026-08-27,财经新闻
2019,Document,中报核心经营利润率持续提升、股东回报再加码 伊利股份增长“含金量”十足,,,,,,,,,,,,,,,,,,,,,,,,,2019,中报核心经营利润率持续提升、股东回报再加码 伊利股份增长“含金量”十足,证券日报网,http://www.zqrb.cn/shipin/shipinhangye/2026-08-27/A1787798283966.html,2026-08-27,财经新闻
2020,Document,伊利拟实施最高20亿元回购计划 上市以来累计分红金额近673亿元,,,,,,,,,,,,,,,,,,,,,,,,,2020,伊利拟实施最高20亿元回购计划 上市以来累计分红金额近673亿元,证券日报网,http://www.zqrb.cn/shipin/shipinhangye/2026-08-27/A1787798283957.html,2026-08-27,财经新闻
2021,Document,万科上半年实现营收701.69亿元 持续攻坚化险任务,,,,,,,,,,,,,,,,,,,,,,,,,2021,万科上半年实现营收701.69亿元 持续攻坚化险任务,证券日报网,http://www.zqrb.cn/gscy/gongsi/2026-08-27/A1787838131199.html,2026-08-27,财经新闻
2022,Document,五大业务板块协同共进 潍柴动力上半年归母净利润创同期历史新高,,,,,,,,,,,,,,,,,,,,,,,,,2022,五大业务板块协同共进 潍柴动力上半年归母净利润创同期历史新高,证券日报网,http://www.zqrb.cn/gscy/gongsi/2026-08-27/A1787835179539.html,2026-08-27,财经新闻
2023,Document,万科A：2026年半年度营业收入为70169108549.07元,,,,,,,,,,,,,,,,,,,,,,,,,2023,万科A：2026年半年度营业收入为70169108549.07元,证券日报网,http://www.zqrb.cn/gscy/ggkx/2026-08-27/A1787835179665.html,2026-08-27,财经新闻
2024,Document,潍柴动力：第七届董事会第八次会议决议公告,,,,,,,,,,,,,,,,,,,,,,,,,2024,潍柴动力：第七届董事会第八次会议决议公告,证券日报网,http://www.zqrb.cn/gscy/ggkx/2026-08-27/A1787832524549.html,2026-08-27,财经新闻
2025,Document,如何给AI支付立规矩（有问有答）,,,,,,,,,,,,,,,,,,,,,,,,,2025,如何给AI支付立规矩（有问有答）,人民网财经,http://finance.people.com.cn/n1/2026/0827/c1004-40786810.html,2026-08-27,财经新闻
2026,Document,五大维度透视传统蓝筹 价值修复窗口或已开启,,,,,,,,,,,,,,,,,,,,,,,,,2026,五大维度透视传统蓝筹 价值修复窗口或已开启,中证网,https://www.cs.com.cn/gppd/gsyj/2026/07/03/detail_2026070310022097.html,2026-07-03,财经新闻
2027,Document,科技板块遭遇深度调整 机构建议聚焦细分龙头,,,,,,,,,,,,,,,,,,,,,,,,,2027,科技板块遭遇深度调整 机构建议聚焦细分龙头,中证网,https://www.cs.com.cn/gppd/gsyj/2026/07/03/detail_2026070310022056.html,2026-07-03,财经新闻
2028,Document,上海召开四方座谈会，规范汽车行业网上信息传播秩序！上汽集团、比亚迪、特斯拉等参加,,,,,,,,,,,,,,,,,,,,,,,,,2028,上海召开四方座谈会，规范汽车行业网上信息传播秩序！上汽集团、比亚迪、特斯拉等参加,中证网,https://jnzstatic.cs.com.cn/zzb/htmlInfo/126694.html,2026-07-03,财经新闻
2029,Document,一级半市场成超额“富矿”公募定增策略浮盈分化,,,,,,,,,,,,,,,,,,,,,,,,,2029,一级半市场成超额“富矿”公募定增策略浮盈分化,中证网,https://www.cs.com.cn/tzjj/01/2026/07/02/detail_2026070210021805.html,2026-07-02,财经新闻
2030,Document,午评：创业板指跌3.47% 贵金属、培育钻石概念板块逆市上涨,,,,,,,,,,,,,,,,,,,,,,,,,2030,午评：创业板指跌3.47% 贵金属、培育钻石概念板块逆市上涨,中证网,https://www.cs.com.cn/gppd/gsyj/2026/07/02/detail_2026070210021896.html,2026-07-02,财经新闻
2031,Document,上半年券商金股指数逾八成上涨,,,,,,,,,,,,,,,,,,,,,,,,,2031,上半年券商金股指数逾八成上涨,中证网,https://www.cs.com.cn/gppd/gsyj/2026/07/02/detail_2026070210021807.html,2026-07-02,财经新闻
2032,Document,港股2日涨0.76% 收报23055.03点,,,,,,,,,,,,,,,,,,,,,,,,,2032,港股2日涨0.76% 收报23055.03点,中证网,https://www.cs.com.cn/gppd/ggzx/2026/07/02/detail_2026070210021983.html,2026-07-02,财经新闻
2034,Document,今天，科技股调整，北方华创、东山精密等龙头股跌停,,,,,,,,,,,,,,,,,,,,,,,,,2034,今天，科技股调整，北方华创、东山精密等龙头股跌停,中证网,https://jnzstatic.cs.com.cn/zzb/htmlInfo/126609.html,2026-07-02,财经新闻
2035,Document,受权发布丨中共中央关于表彰全国优秀共产党员、全国优秀党务工作者和全国先进基层党组织的决定,,,,,,,,,,,,,,,,,,,,,,,,,2035,受权发布丨中共中央关于表彰全国优秀共产党员、全国优秀党务工作者和全国先进基层党组织的决定,中证网,https://www.cs.com.cn/xwzx/01/2026/07/01/detail_2026070110021745.html,2026-07-01,财经新闻
2036,Document,兴业基金：中证科技优势成长50策略指数调仓完成，关注科技成长ETF兴业配置价值,,,,,,,,,,,,,,,,,,,,,,,,,2036,兴业基金：中证科技优势成长50策略指数调仓完成，关注科技成长ETF兴业配置价值,中证网,https://www.cs.com.cn/tzjj/etf/2026/07/01/detail_2026070110021559.html,2026-07-01,财经新闻
2037,Document,助力投资者把握“AI+金融”投资机遇金融科技ETF广发（159086）今起发售,,,,,,,,,,,,,,,,,,,,,,,,,2037,助力投资者把握“AI+金融”投资机遇金融科技ETF广发（159086）今起发售,中证网,https://www.cs.com.cn/tzjj/etf/2026/07/01/detail_2026070110021532.html,2026-07-01,财经新闻
2038,Document,5月末银行理财规模超35万亿元 创历史新高,,,,,,,,,,,,,,,,,,,,,,,,,2038,5月末银行理财规模超35万亿元 创历史新高,人民网财经,http://finance.people.com.cn/n1/2026/0701/c1004-40751460.html,2026-07-01,财经新闻
2039,Document,中国银联联合平安银行、腾讯云首发“AI智算卡”,,,,,,,,,,,,,,,,,,,,,,,,,2039,中国银联联合平安银行、腾讯云首发“AI智算卡”,人民网财经,http://finance.people.com.cn/n1/2026/0701/c1004-40751347.html,2026-07-01,财经新闻
2040,Document,年内公募定增获配金额同比激增逾2倍,,,,,,,,,,,,,,,,,,,,,,,,,2040,年内公募定增获配金额同比激增逾2倍,中证网,https://www.cs.com.cn/tzjj/01/2026/06/30/detail_2026063010021468.html,2026-06-30,财经新闻
2041,Document,恒尚节能：拟全资收购金胜电子 加速构建双轮驱动格局,,,,,,,,,,,,,,,,,,,,,,,,,2041,恒尚节能：拟全资收购金胜电子 加速构建双轮驱动格局,中证网,https://www.cs.com.cn/ssgs/01/2026/06/30/detail_2026063010021492.html,2026-06-30,财经新闻
2042,Document,太空光伏产业加速破局 A股上市公司抢滩万亿新赛道,,,,,,,,,,,,,,,,,,,,,,,,,2042,太空光伏产业加速破局 A股上市公司抢滩万亿新赛道,中证网,https://www.cs.com.cn/ssgs/01/2026/06/30/detail_2026063010021269.html,2026-06-30,财经新闻
2043,Document,央行开展695亿元7天期、6000亿元隔夜逆回购操作,,,,,,,,,,,,,,,,,,,,,,,,,2043,央行开展695亿元7天期、6000亿元隔夜逆回购操作,人民网财经,http://finance.people.com.cn/n1/2026/0630/c1004-40750821.html,2026-06-30,财经新闻
2044,Document,A股千亿元市值公司合计数量超200家,,,,,,,,,,,,,,,,,,,,,,,,,2044,A股千亿元市值公司合计数量超200家,人民网财经,http://finance.people.com.cn/n1/2026/0630/c1004-40750557.html,2026-06-30,财经新闻
2045,Document,央行3000亿元隔夜逆回购操作落地,,,,,,,,,,,,,,,,,,,,,,,,,2045,央行3000亿元隔夜逆回购操作落地,人民网财经,http://finance.people.com.cn/n1/2026/0630/c1004-40750551.html,2026-06-30,财经新闻
2046,Document,专属APP退场+发卡放缓 银行信用卡重构增长逻辑,,,,,,,,,,,,,,,,,,,,,,,,,2046,专属APP退场+发卡放缓 银行信用卡重构增长逻辑,中证网,https://www.cs.com.cn/yh/04/2026/06/29/detail_2026062910021051.html,2026-06-29,财经新闻
2047,Document,一季度上海科技保险为相关企业提供风险保障金额5.39万亿元,,,,,,,,,,,,,,,,,,,,,,,,,2047,一季度上海科技保险为相关企业提供风险保障金额5.39万亿元,中证网,https://www.cs.com.cn/yh/bx/2026/06/26/detail_2026062610020727.html,2026-06-26,财经新闻
2048,Document,江苏银行：以“苏超”为新支点 擦亮普惠金融金名片,,,,,,,,,,,,,,,,,,,,,,,,,2048,江苏银行：以“苏超”为新支点 擦亮普惠金融金名片,中证网,https://www.cs.com.cn/yh/04/2026/06/23/detail_2026062310019939.html,2026-06-23,财经新闻
2049,Document,标本兼治、划界稳价：以有效市场与有为政府协同扭转光伏储能行业内卷困局,,,,,,,,,,,,,,,,,,,,,,,,,2049,标本兼治、划界稳价：以有效市场与有为政府协同扭转光伏储能行业内卷困局,人民网财经,http://finance.people.com.cn/n1/2026/0620/c1004-40743987.html,2026-06-20,财经新闻
2050,Document,投促会：开发区应以智慧园区建设为主抓手 推动治理能力从传统经验型向数字智能型跃升,,,,,,,,,,,,,,,,,,,,,,,,,2050,投促会：开发区应以智慧园区建设为主抓手 推动治理能力从传统经验型向数字智能型跃升,中证网,https://www.cs.com.cn/xwzx/01/2026/06/17/detail_2026061710018802.html,2026-06-17,财经新闻
2051,Document,利好驱动！创新药板块抗跌性凸显,,,,,,,,,,,,,,,,,,,,,,,,,2051,利好驱动！创新药板块抗跌性凸显,证券日报网,http://www.zqrb.cn/stock/redian/2026-07-13/A1783939725213.html,2026-07-13,财经新闻
2052,Document,国产ADC赛道风起云涌 重塑肿瘤治疗格局,,,,,,,,,,,,,,,,,,,,,,,,,2052,国产ADC赛道风起云涌 重塑肿瘤治疗格局,中证网,https://www.cs.com.cn/ssgs/01/2026/06/29/detail_2026062910021024.html,2026-06-29,财经新闻
2053,Document,华润双鹤副总裁刘驹当选中上协医疗健康专业委员会主任委员,,,,,,,,,,,,,,,,,,,,,,,,,2053,华润双鹤副总裁刘驹当选中上协医疗健康专业委员会主任委员,中证网,https://www.cs.com.cn/ssgs/01/2026/06/24/detail_2026062410020177.html,2026-06-24,财经新闻
2054,Document,沪市医药公司推动产业迭代升级 资本市场韧性筑牢创新根基,,,,,,,,,,,,,,,,,,,,,,,,,2054,沪市医药公司推动产业迭代升级 资本市场韧性筑牢创新根基,证券日报网,http://www.zqrb.cn/gscy/gongsi/2026-09-20/A1789735683587.html,2026-09-20,财经新闻
2055,Document,A股三大指数集体收跌 医药生物板块上涨2.22%,,,,,,,,,,,,,,,,,,,,,,,,,2055,A股三大指数集体收跌 医药生物板块上涨2.22%,证券日报网,http://www.zqrb.cn/gscy/gongsi/2026-09-14/A1789375157504.html,2026-09-14,财经新闻
2057,Document,原料药企业差异化体系化拓展海外增量,,,,,,,,,,,,,,,,,,,,,,,,,2057,原料药企业差异化体系化拓展海外增量,证券日报网,http://www.zqrb.cn/gscy/qiyexinxi/2026-09-02/A1788354240036.html,2026-09-02,财经新闻
2058,Document,原料药上半年加速出海 差异化产品与体系化布局拓增量,,,,,,,,,,,,,,,,,,,,,,,,,2058,原料药上半年加速出海 差异化产品与体系化布局拓增量,证券日报网,http://www.zqrb.cn/gscy/gongsi/2026-09-02/A1788333326012.html,2026-09-02,财经新闻
2059,Document,沪市蓝筹韧性·价值引领｜沪市医药公司加速创新 全球竞争力成价值锚点,,,,,,,,,,,,,,,,,,,,,,,,,2059,沪市蓝筹韧性·价值引领｜沪市医药公司加速创新 全球竞争力成价值锚点,证券日报网,http://www.zqrb.cn/finance/hslcrx/2026-08-26/A1787645783106.html,2026-08-26,财经新闻
2060,Document,“六张网”建设提速 上市公司掘金新机遇,,,,,,,,,,,,,,,,,,,,,,,,,2060,“六张网”建设提速 上市公司掘金新机遇,中证网,https://www.cs.com.cn/xwzx/01/2026/08/20/detail_2026082010032492.html,2026-08-20,财经新闻
2061,Document,医药创新迈入深耕期 全球化与造血能力成关键考题,,,,,,,,,,,,,,,,,,,,,,,,,2061,医药创新迈入深耕期 全球化与造血能力成关键考题,中证网,https://www.cs.com.cn/ssgs/01/2026/08/18/detail_2026081810031937.html,2026-08-18,财经新闻
2062,Document,生物制造驶入发展快车道 产业资本密集布局,,,,,,,,,,,,,,,,,,,,,,,,,2062,生物制造驶入发展快车道 产业资本密集布局,中证网,https://www.cs.com.cn/ssgs/01/2026/08/08/detail_2026080810030098.html,2026-08-08,财经新闻
2063,Document,拟作价28.56亿元收购英迪芯微 信邦智能布局车规芯片构建多元化业务架构,,,,,,,,,,,,,,,,,,,,,,,,,2063,拟作价28.56亿元收购英迪芯微 信邦智能布局车规芯片构建多元化业务架构,证券日报网,http://www.zqrb.cn/gscy/gongsi/2026-09-24/A1790231243205.html,2026-09-24,财经新闻
2066,Document,港股分拆上市政策有望“松绑”,,,,,,,,,,,,,,,,,,,,,,,,,2066,港股分拆上市政策有望“松绑”,证券日报网,http://www.zqrb.cn/ggztc/hkstock/2026-09-23/A1790078811491.html,2026-09-23,财经新闻
2067,Document,商业航天概念板块业绩分化 配套环节率先兑现,,,,,,,,,,,,,,,,,,,,,,,,,2067,商业航天概念板块业绩分化 配套环节率先兑现,中证网,https://www.cs.com.cn/gppd/gsyj/2026/09/22/detail_2026092210040819.html,2026-09-22,财经新闻
2068,Document,地产拉升，食品饮料“接棒”！食品饮料ETF华夏（515170）受到关注,,,,,,,,,,,,,,,,,,,,,,,,,2068,地产拉升，食品饮料“接棒”！食品饮料ETF华夏（515170）受到关注,中证网,https://www.cs.com.cn/tzjj/etf/2026/09/21/detail_2026092110040681.html,2026-09-21,财经新闻
2069,Document,开盘：三大指数集体高开 MLCC概念涨幅居前,,,,,,,,,,,,,,,,,,,,,,,,,2069,开盘：三大指数集体高开 MLCC概念涨幅居前,证券日报网,http://www.zqrb.cn/stock/zuixinbobao/2026-09-21/A1789954452013.html,2026-09-21,财经新闻
2070,Document,德才股份AI新业务迎里程碑式突破 奇想无限互动影游重磅上线,,,,,,,,,,,,,,,,,,,,,,,,,2070,德才股份AI新业务迎里程碑式突破 奇想无限互动影游重磅上线,证券日报网,http://www.zqrb.cn/gscy/gongsi/2026-09-21/A1789989858690.html,2026-09-21,财经新闻
2071,Document,食品饮料表现分化，安井食品、伊利股份盘中上涨，中证全指食品指数估值处于近十年低位,,,,,,,,,,,,,,,,,,,,,,,,,2071,食品饮料表现分化，安井食品、伊利股份盘中上涨，中证全指食品指数估值处于近十年低位,中证网,https://www.cs.com.cn/tzjj/etf/2026/09/10/detail_2026091010038121.html,2026-09-10,财经新闻
2072,Document,券商9月金股渐次出炉 四大配置主线显现,,,,,,,,,,,,,,,,,,,,,,,,,2072,券商9月金股渐次出炉 四大配置主线显现,证券日报网,http://www.zqrb.cn/jrjg/quanshang/2026-09-04/A1788425656926.html,2026-09-04,财经新闻
2073,Document,一品红：在研痛风创新药AR882国内Ⅲ期临床取得积极顶线结果 商业化进程加速,,,,,,,,,,,,,,,,,,,,,,,,,2073,一品红：在研痛风创新药AR882国内Ⅲ期临床取得积极顶线结果 商业化进程加速,中证网,https://www.cs.com.cn/ssgs/01/2026/09/03/detail_2026090310036748.html,2026-09-03,财经新闻
2075,Document,券商9月“金股”扎堆四大行业 机构看好核心资产配置价值,,,,,,,,,,,,,,,,,,,,,,,,,2075,券商9月“金股”扎堆四大行业 机构看好核心资产配置价值,中证网,https://www.cs.com.cn/gppd/gsyj/2026/09/01/detail_2026090110036058.html,2026-09-01,财经新闻
2076,Document,生物医药迈向“源头创新”,,,,,,,,,,,,,,,,,,,,,,,,,2076,生物医药迈向“源头创新”,证券日报网,http://www.zqrb.cn/finance/hangyedongtai/2026-09-01/A1788186400901.html,2026-09-01,财经新闻
2077,Document,创新出海双向提速 医药企业半年报释放回暖信号,,,,,,,,,,,,,,,,,,,,,,,,,2077,创新出海双向提速 医药企业半年报释放回暖信号,中证网,https://www.cs.com.cn/xwzx/01/2026/08/31/detail_2026083110035688.html,2026-08-31,财经新闻
2078,Document,基金半年报隐形重仓股扫描：主线坚持与边界探索,,,,,,,,,,,,,,,,,,,,,,,,,2078,基金半年报隐形重仓股扫描：主线坚持与边界探索,中证网,https://www.cs.com.cn/tzjj/01/2026/08/31/detail_2026083110035687.html,2026-08-31,财经新闻
2079,Document,东宏股份：关于控股股东取得股票增持专项贷款承诺函的公告,,,,,,,,,,,,,,,,,,,,,,,,,2079,东宏股份：关于控股股东取得股票增持专项贷款承诺函的公告,证券日报网,http://www.zqrb.cn/gscy/ggkx/2026-08-31/A1788163957099.html,2026-08-31,财经新闻
2080,Document,政策加码、出海升级 创新药迈入价值兑现期,,,,,,,,,,,,,,,,,,,,,,,,,2080,政策加码、出海升级 创新药迈入价值兑现期,人民网财经,http://finance.people.com.cn/n1/2026/0829/c1004-40788533.html,2026-08-29,财经新闻
2081,Document,35家券商二季度调仓方向揭晓​,,,,,,,,,,,,,,,,,,,,,,,,,2081,35家券商二季度调仓方向揭晓​,证券日报网,http://www.zqrb.cn/jrjg/quanshang/2026-08-26/A1787674957185.html,2026-08-26,财经新闻
2082,Document,广生堂定增快速完成发行 资本赋能创新药研发与战略进阶,,,,,,,,,,,,,,,,,,,,,,,,,2082,广生堂定增快速完成发行 资本赋能创新药研发与战略进阶,中证网,https://www.cs.com.cn/ssgs/01/2026/08/25/detail_2026082510033993.html,2026-08-25,财经新闻
2083,Document,30cm、20cm涨停刷屏！一则消息，引爆这一板块！,,,,,,,,,,,,,,,,,,,,,,,,,2083,30cm、20cm涨停刷屏！一则消息，引爆这一板块！,证券日报网,http://www.zqrb.cn/stock/redian/2026-08-20/A1787196775369.html,2026-08-20,财经新闻
2085,Document,收评：三大指数高开低走翻绿，沪指跌0.50%，医药股集体大涨,,,,,,,,,,,,,,,,,,,,,,,,,2085,收评：三大指数高开低走翻绿，沪指跌0.50%，医药股集体大涨,证券日报网,http://www.zqrb.cn/stock/zuixinbobao/2026-08-13/A1786605091178.html,2026-08-13,财经新闻
2086,Document,创业板再添三条新指数,,,,,,,,,,,,,,,,,,,,,,,,,2086,创业板再添三条新指数,中证网,https://www.cs.com.cn/xwzx/01/2026/08/12/detail_2026081210030775.html,2026-08-12,财经新闻
2087,Document,中报窗口期机构密集调研 创新药步入业绩与国际化兑现期,,,,,,,,,,,,,,,,,,,,,,,,,2087,中报窗口期机构密集调研 创新药步入业绩与国际化兑现期,中证网,https://www.cs.com.cn/ssgs/01/2026/08/11/detail_2026081110030528.html,2026-08-11,财经新闻
2088,Document,“创系列”再添三条新指数 新质生产力投资工具持续丰富,,,,,,,,,,,,,,,,,,,,,,,,,2088,“创系列”再添三条新指数 新质生产力投资工具持续丰富,证券日报网,http://www.zqrb.cn/stock/gupiaoyaowen/2026-08-11/A1786449571469.html,2026-08-11,财经新闻
2089,Document,国产模型与算力共振 AI全产业链景气度持续上升,,,,,,,,,,,,,,,,,,,,,,,,,2089,国产模型与算力共振 AI全产业链景气度持续上升,中证网,https://www.cs.com.cn/gppd/gsyj/2026/08/06/detail_2026080610029642.html,2026-08-06,财经新闻
2090,Document,东宏股份：关于中标项目签订合同的进展公告,,,,,,,,,,,,,,,,,,,,,,,,,2090,东宏股份：关于中标项目签订合同的进展公告,证券日报网,http://www.zqrb.cn/gscy/ggkx/2026-08-06/A1786008993806.html,2026-08-06,财经新闻
2091,Document,中国创新药“换挡提速”,,,,,,,,,,,,,,,,,,,,,,,,,2091,中国创新药“换挡提速”,证券日报网,http://www.zqrb.cn/gscy/gongsi/2026-08-05/A1785831135985.html,2026-08-05,财经新闻
2092,Document,8月首个交易日A股超4000只个股上涨 市场或迎来蓄势上攻,,,,,,,,,,,,,,,,,,,,,,,,,2092,8月首个交易日A股超4000只个股上涨 市场或迎来蓄势上攻,中证网,https://www.cs.com.cn/gppd/gsyj/2026/08/04/detail_2026080410029192.html,2026-08-04,财经新闻
2093,Document,A股科技板块全线反攻 机构称调整或接近尾声,,,,,,,,,,,,,,,,,,,,,,,,,2093,A股科技板块全线反攻 机构称调整或接近尾声,中证网,https://www.cs.com.cn/gppd/gsyj/2026/08/01/detail_2026080110028732.html,2026-08-01,财经新闻
2094,Document,午评：创业板指高开震荡涨5.04% AI应用方向全面走高,,,,,,,,,,,,,,,,,,,,,,,,,2094,午评：创业板指高开震荡涨5.04% AI应用方向全面走高,证券日报网,http://www.zqrb.cn/stock/zuixinbobao/2026-07-31/A1785469286221.html,2026-07-31,财经新闻
2095,Document,新北洋：关于收到中国工商银行股份有限公司中标通知书的公告,,,,,,,,,,,,,,,,,,,,,,,,,2095,新北洋：关于收到中国工商银行股份有限公司中标通知书的公告,证券日报网,http://www.zqrb.cn/gscy/ggkx/2026-07-30/A1785401607608.html,2026-07-30,财经新闻
2096,Document,QFII二季度调仓新动向 绩优标的成布局核心,,,,,,,,,,,,,,,,,,,,,,,,,2096,QFII二季度调仓新动向 绩优标的成布局核心,中证网,https://www.cs.com.cn/tzjj/01/2026/07/29/detail_2026072910027839.html,2026-07-29,财经新闻
2097,Document,新动能赛道业绩表现亮眼,,,,,,,,,,,,,,,,,,,,,,,,,2097,新动能赛道业绩表现亮眼,人民网财经,http://finance.people.com.cn/n1/2026/0727/c1004-40768313.html,2026-07-27,财经新闻
2098,Document,7月以来机构调研近540家上市公司,,,,,,,,,,,,,,,,,,,,,,,,,2098,7月以来机构调研近540家上市公司,中证网,https://www.cs.com.cn/gppd/gsyj/2026/07/24/detail_2026072410026812.html,2026-07-24,财经新闻
2099,Document,上市公司业绩逐步修复 A股稳中向好态势明确,,,,,,,,,,,,,,,,,,,,,,,,,2099,上市公司业绩逐步修复 A股稳中向好态势明确,中证网,https://www.cs.com.cn/gppd/gsyj/2026/07/23/detail_2026072310026476.html,2026-07-23,财经新闻
2100,Document,科创板开市七周年：制度包容性润物无声 “硬科技军团”拔节生长,,,,,,,,,,,,,,,,,,,,,,,,,2100,科创板开市七周年：制度包容性润物无声 “硬科技军团”拔节生长,中证网,https://www.cs.com.cn/gppd/gsyj/2026/07/22/detail_2026072210026222.html,2026-07-22,财经新闻
2101,Document,开盘：三大指数集体低开 电子化学品板块跌幅居前,,,,,,,,,,,,,,,,,,,,,,,,,2101,开盘：三大指数集体低开 电子化学品板块跌幅居前,证券日报网,http://www.zqrb.cn/stock/zuixinbobao/2026-07-22/A1784684231494.html,2026-07-22,财经新闻
2102,Document,助力一键布局新能源多元细分赛道，创业板新能源ETF华泰柏瑞（159069）今日上市,,,,,,,,,,,,,,,,,,,,,,,,,2102,助力一键布局新能源多元细分赛道，创业板新能源ETF华泰柏瑞（159069）今日上市,中证网,https://www.cs.com.cn/tzjj/etf/2026/07/21/detail_2026072110025865.html,2026-07-21,财经新闻
2103,Document,多重因素支撑 科技板块长期成长逻辑未变,,,,,,,,,,,,,,,,,,,,,,,,,2103,多重因素支撑 科技板块长期成长逻辑未变,中证网,https://www.cs.com.cn/gppd/gsyj/2026/07/20/detail_2026072010025497.html,2026-07-20,财经新闻
2104,Document,2026年中产业观察｜从“低估”到“重估”创新药迎投资布局窗口,,,,,,,,,,,,,,,,,,,,,,,,,2104,2026年中产业观察｜从“低估”到“重估”创新药迎投资布局窗口,中证网,https://www.cs.com.cn/xwzx/01/2026/07/14/detail_2026071410024205.html,2026-07-14,财经新闻
2105,Document,品牌工程指数上周报2261.36点,,,,,,,,,,,,,,,,,,,,,,,,,2105,品牌工程指数上周报2261.36点,中证网,https://www.cs.com.cn/tzjj/01/2026/07/06/detail_2026070610022423.html,2026-07-06,财经新闻
2106,Document,助力把握能源革命新机遇 创业板新能源ETF华泰柏瑞（159069）6月22日发售,,,,,,,,,,,,,,,,,,,,,,,,,2106,助力把握能源革命新机遇 创业板新能源ETF华泰柏瑞（159069）6月22日发售,中证网,https://www.cs.com.cn/tzjj/etf/2026/06/22/detail_2026062210019531.html,2026-06-22,财经新闻
3001,Document,中华人民共和国审计法实施条例,,,,,,,,,,,,,,,,,,,,,,,,,3001,中华人民共和国审计法实施条例,中国政府网,https://www.gov.cn/zhengce/zhengceku/202609/content_7081973.htm,2026-09-24,政策文件
3002,Document,国务院办公厅关于印发《“高效办成一件事”2026年度第二批重点事项清单》的通知,,,,,,,,,,,,,,,,,,,,,,,,,3002,国务院办公厅关于印发《“高效办成一件事”2026年度第二批重点事项清单》的通知,中国政府网,https://www.gov.cn/zhengce/zhengceku/202609/content_7081881.htm,2026-09-23,政策文件
3003,Document,文化和旅游部关于印发《非物质文化遗产保护传承“十五五”规划》的通知,,,,,,,,,,,,,,,,,,,,,,,,,3003,文化和旅游部关于印发《非物质文化遗产保护传承“十五五”规划》的通知,中国政府网,https://www.gov.cn/zhengce/zhengceku/202609/content_7081712.htm,2026-09-21,政策文件
3004,Document,农业农村部 工业和信息化部关于印发《全国农业机械化发展“十五五”规划》的通知,,,,,,,,,,,,,,,,,,,,,,,,,3004,农业农村部 工业和信息化部关于印发《全国农业机械化发展“十五五”规划》的通知,中国政府网,https://www.gov.cn/zhengce/zhengceku/202609/content_7081520.htm,2026-09-19,政策文件
3005,Document,国务院办公厅关于进一步加强烟花爆竹全链条安全监管的意见,,,,,,,,,,,,,,,,,,,,,,,,,3005,国务院办公厅关于进一步加强烟花爆竹全链条安全监管的意见,中国政府网,https://www.gov.cn/zhengce/zhengceku/202609/content_7081357.htm,2026-09-17,政策文件
3006,Document,两部门关于印发《电子信息制造业发展“十五五”规划》的通知,,,,,,,,,,,,,,,,,,,,,,,,,3006,两部门关于印发《电子信息制造业发展“十五五”规划》的通知,中国政府网,https://www.gov.cn/zhengce/zhengceku/202609/content_7081160.htm,2026-09-15,政策文件
3007,Document,商务部等8部门关于印发《促进智能家居消费行动方案》的通知,,,,,,,,,,,,,,,,,,,,,,,,,3007,商务部等8部门关于印发《促进智能家居消费行动方案》的通知,中国政府网,https://www.gov.cn/zhengce/zhengceku/202609/content_7081037.htm,2026-09-14,政策文件
3008,Document,关于印发《关于加快农业保险高质量发展的实施方案》的通知,,,,,,,,,,,,,,,,,,,,,,,,,3008,关于印发《关于加快农业保险高质量发展的实施方案》的通知,中国政府网,https://www.gov.cn/zhengce/zhengceku/202609/content_7080788.htm,2026-09-11,政策文件
3009,Document,农业农村部关于印发《全国畜牧兽医行业发展“十五五”规划》的通知,,,,,,,,,,,,,,,,,,,,,,,,,3009,农业农村部关于印发《全国畜牧兽医行业发展“十五五”规划》的通知,中国政府网,https://www.gov.cn/zhengce/zhengceku/202609/content_7080776.htm,2026-09-11,政策文件
3010,Document,工业和信息化部关于印发《“人工智能+软件”专项行动实施方案》的通知,,,,,,,,,,,,,,,,,,,,,,,,,3010,工业和信息化部关于印发《“人工智能+软件”专项行动实施方案》的通知,中国政府网,https://www.gov.cn/zhengce/zhengceku/202609/content_7080773.htm,2026-09-11,政策文件
3011,Document,国务院办公厅关于加强中小企业回款难问题治理有关工作的通知,,,,,,,,,,,,,,,,,,,,,,,,,3011,国务院办公厅关于加强中小企业回款难问题治理有关工作的通知,中国政府网,https://www.gov.cn/zhengce/zhengceku/202609/content_7080628.htm,2026-09-10,政策文件
3012,Document,农业农村部关于印发《全国渔业发展“十五五”规划》的通知,,,,,,,,,,,,,,,,,,,,,,,,,3012,农业农村部关于印发《全国渔业发展“十五五”规划》的通知,中国政府网,https://www.gov.cn/zhengce/zhengceku/202609/content_7080453.htm,2026-09-08,政策文件
3013,Document,国家版权局关于印发《版权工作“十五五”规划》的通知,,,,,,,,,,,,,,,,,,,,,,,,,3013,国家版权局关于印发《版权工作“十五五”规划》的通知,中国政府网,https://www.gov.cn/zhengce/zhengceku/202609/content_7080386.htm,2026-09-07,政策文件
3014,Document,工业和信息化部关于印发《信息通信行业发展“十五五”规划》的通知,,,,,,,,,,,,,,,,,,,,,,,,,3014,工业和信息化部关于印发《信息通信行业发展“十五五”规划》的通知,中国政府网,https://www.gov.cn/zhengce/zhengceku/202609/content_7080376.htm,2026-09-07,政策文件
3015,Document,电力安全事故应急处置和调查处理条例,,,,,,,,,,,,,,,,,,,,,,,,,3015,电力安全事故应急处置和调查处理条例,中国政府网,https://www.gov.cn/zhengce/zhengceku/202609/content_7080190.htm,2026-09-04,政策文件
3016,Document,国务院关于修改《住房公积金管理条例》的决定,,,,,,,,,,,,,,,,,,,,,,,,,3016,国务院关于修改《住房公积金管理条例》的决定,中国政府网,https://www.gov.cn/zhengce/zhengceku/202608/content_7078478.htm,2026-08-18,政策文件
3017,Document,国务院关于《特殊教育发展提升“十五五”行动计划》的批复,,,,,,,,,,,,,,,,,,,,,,,,,3017,国务院关于《特殊教育发展提升“十五五”行动计划》的批复,中国政府网,https://www.gov.cn/zhengce/zhengceku/202608/content_7078321.htm,2026-08-17,政策文件
3018,Document,国务院关于修改和废止部分行政法规的决定,,,,,,,,,,,,,,,,,,,,,,,,,3018,国务院关于修改和废止部分行政法规的决定,中国政府网,https://www.gov.cn/zhengce/zhengceku/202608/content_7077981.htm,2026-08-13,政策文件
3019,Document,国务院办公厅关于重点林区“十五五”期间森林年采伐限额的复函,,,,,,,,,,,,,,,,,,,,,,,,,3019,国务院办公厅关于重点林区“十五五”期间森林年采伐限额的复函,中国政府网,https://www.gov.cn/zhengce/zhengceku/202608/content_7077888.htm,2026-08-11,政策文件
3020,Document,集成电路布图设计保护条例,,,,,,,,,,,,,,,,,,,,,,,,,3020,集成电路布图设计保护条例,中国政府网,https://www.gov.cn/zhengce/zhengceku/202608/content_7077399.htm,2026-08-03,政策文件
3021,Document,国务院关于印发《知识产权保护和运用“十五五”规划》的通知,,,,,,,,,,,,,,,,,,,,,,,,,3021,国务院关于印发《知识产权保护和运用“十五五”规划》的通知,中国政府网,https://www.gov.cn/zhengce/zhengceku/202607/content_7077200.htm,2026-07-31,政策文件
3022,Document,国务院办公厅印发《关于国务院行政复议案件处理程序的若干规定》的通知,,,,,,,,,,,,,,,,,,,,,,,,,3022,国务院办公厅印发《关于国务院行政复议案件处理程序的若干规定》的通知,中国政府网,https://www.gov.cn/zhengce/zhengceku/202607/content_7076685.htm,2026-07-27,政策文件
3023,Document,国务院关于印发《全民健身计划（2026—2030年）》的通知,,,,,,,,,,,,,,,,,,,,,,,,,3023,国务院关于印发《全民健身计划（2026—2030年）》的通知,中国政府网,https://www.gov.cn/zhengce/zhengceku/202607/content_7076421.htm,2026-07-23,政策文件
3024,Document,国务院办公厅关于转发生态环境部等部门《群众身边水体保护治理行动方案》的通知,,,,,,,,,,,,,,,,,,,,,,,,,3024,国务院办公厅关于转发生态环境部等部门《群众身边水体保护治理行动方案》的通知,中国政府网,https://www.gov.cn/zhengce/zhengceku/202607/content_7075365.htm,2026-07-14,政策文件
3025,Document,国务院关于《扩大消费“十五五”规划》的批复,,,,,,,,,,,,,,,,,,,,,,,,,3025,国务院关于《扩大消费“十五五”规划》的批复,中国政府网,https://www.gov.cn/zhengce/zhengceku/202607/content_7075217.htm,2026-07-13,政策文件
3026,Document,国务院关于《旅游强国建设“十五五”规划》的批复,,,,,,,,,,,,,,,,,,,,,,,,,3026,国务院关于《旅游强国建设“十五五”规划》的批复,中国政府网,https://www.gov.cn/zhengce/zhengceku/202607/content_7074517.htm,2026-07-07,政策文件
3027,Document,国务院关于《残疾人保障和发展“十五五”规划》的批复,,,,,,,,,,,,,,,,,,,,,,,,,3027,国务院关于《残疾人保障和发展“十五五”规划》的批复,中国政府网,https://www.gov.cn/zhengce/zhengceku/202607/content_7074096.htm,2026-07-02,政策文件
3028,Document,国务院关于印发《教育发展“十五五”规划》的通知,,,,,,,,,,,,,,,,,,,,,,,,,3028,国务院关于印发《教育发展“十五五”规划》的通知,中国政府网,https://www.gov.cn/zhengce/zhengceku/202606/content_7073641.htm,2026-06-29,政策文件
3029,Document,国务院办公厅关于进一步完善大中型水库移民后期扶持政策的通知,,,,,,,,,,,,,,,,,,,,,,,,,3029,国务院办公厅关于进一步完善大中型水库移民后期扶持政策的通知,中国政府网,https://www.gov.cn/zhengce/zhengceku/202606/content_7073260.htm,2026-06-25,政策文件
3030,Document,国务院关于浙江、福建、山东等3省国家级自然保护区和国家级风景名胜区整合优化方案的批复,,,,,,,,,,,,,,,,,,,,,,,,,3030,国务院关于浙江、福建、山东等3省国家级自然保护区和国家级风景名胜区整合优化方案的批复,中国政府网,https://www.gov.cn/zhengce/zhengceku/202606/content_7072484.htm,2026-06-17,政策文件
4001,Document,中国证券监督管理委员会行政处罚决定书（陈欢、周厚禄、李萍萍）,,,,,,,,,,,,,,,,,,,,,,,,,4001,中国证券监督管理委员会行政处罚决定书（陈欢、周厚禄、李萍萍）,中国证监会,https://www.csrc.gov.cn/csrc/c101928/c7661080/content.shtml,2026-09-01,监管公开信息
4002,Document,中国证券监督管理委员会行政处罚决定书（杨将）,,,,,,,,,,,,,,,,,,,,,,,,,4002,中国证券监督管理委员会行政处罚决定书（杨将）,中国证监会,https://www.csrc.gov.cn/csrc/c101928/c7659511/content.shtml,2026-09-01,监管公开信息
4003,Document,中国证券监督管理委员会行政处罚决定书（翁宇轩）,,,,,,,,,,,,,,,,,,,,,,,,,4003,中国证券监督管理委员会行政处罚决定书（翁宇轩）,中国证监会,https://www.csrc.gov.cn/csrc/c101928/c7659486/content.shtml,2026-09-01,监管公开信息
4004,Document,中国证券监督管理委员会行政处罚决定书（元道通信股份有限公司、李晋、曹亚蕾等）,,,,,,,,,,,,,,,,,,,,,,,,,4004,中国证券监督管理委员会行政处罚决定书（元道通信股份有限公司、李晋、曹亚蕾等）,中国证监会,https://www.csrc.gov.cn/csrc/c101928/c7656663/content.shtml,2026-08-28,监管公开信息
4005,Document,中国证券监督管理委员会行政处罚决定书（大华会计师事务所、高世茂、霍耀俊）,,,,,,,,,,,,,,,,,,,,,,,,,4005,中国证券监督管理委员会行政处罚决定书（大华会计师事务所、高世茂、霍耀俊）,中国证监会,https://www.csrc.gov.cn/csrc/c101928/c7656661/content.shtml,2026-08-25,监管公开信息
4006,Document,中国证券监督管理委员会行政处罚决定书（陈广华）,,,,,,,,,,,,,,,,,,,,,,,,,4006,中国证券监督管理委员会行政处罚决定书（陈广华）,中国证监会,https://www.csrc.gov.cn/csrc/c101928/c7658121/content.shtml,2026-08-18,监管公开信息
4007,Document,中国证券监督管理委员会行政处罚决定书（卢润凯）,,,,,,,,,,,,,,,,,,,,,,,,,4007,中国证券监督管理委员会行政处罚决定书（卢润凯）,中国证监会,https://www.csrc.gov.cn/csrc/c101928/c7658117/content.shtml,2026-08-18,监管公开信息
4008,Document,中国证券监督管理委员会行政处罚决定书（马星瑞）,,,,,,,,,,,,,,,,,,,,,,,,,4008,中国证券监督管理委员会行政处罚决定书（马星瑞）,中国证监会,https://www.csrc.gov.cn/csrc/c101928/c7658115/content.shtml,2026-08-18,监管公开信息
4009,Document,中国证券监督管理委员会行政处罚决定书（宗建树）,,,,,,,,,,,,,,,,,,,,,,,,,4009,中国证券监督管理委员会行政处罚决定书（宗建树）,中国证监会,https://www.csrc.gov.cn/csrc/c101928/c7658109/content.shtml,2026-08-18,监管公开信息
4010,Document,中国证券监督管理委员会行政处罚决定书（柳玉平、王叶兰）,,,,,,,,,,,,,,,,,,,,,,,,,4010,中国证券监督管理委员会行政处罚决定书（柳玉平、王叶兰）,中国证监会,https://www.csrc.gov.cn/csrc/c101928/c7655161/content.shtml,2026-08-18,监管公开信息
4011,Document,中国证券监督管理委员会行政处罚决定书（中兴财光华会计师事务所、张学福、胡蝶娜等）,,,,,,,,,,,,,,,,,,,,,,,,,4011,中国证券监督管理委员会行政处罚决定书（中兴财光华会计师事务所、张学福、胡蝶娜等）,中国证监会,https://www.csrc.gov.cn/csrc/c101928/c7655149/content.shtml,2026-08-17,监管公开信息
4012,Document,中国证券监督管理委员会行政处罚决定书（公茂江）,,,,,,,,,,,,,,,,,,,,,,,,,4012,中国证券监督管理委员会行政处罚决定书（公茂江）,中国证监会,https://www.csrc.gov.cn/csrc/c101928/c7650681/content.shtml,2026-07-31,监管公开信息
4013,Document,中国证券监督管理委员会行政处罚决定书（柳锡专）,,,,,,,,,,,,,,,,,,,,,,,,,4013,中国证券监督管理委员会行政处罚决定书（柳锡专）,中国证监会,https://www.csrc.gov.cn/csrc/c101928/c7650677/content.shtml,2026-07-21,监管公开信息
4014,Document,中国证券监督管理委员会行政处罚决定书（吴凌玥、韩佩佩）,,,,,,,,,,,,,,,,,,,,,,,,,4014,中国证券监督管理委员会行政处罚决定书（吴凌玥、韩佩佩）,中国证监会,https://www.csrc.gov.cn/csrc/c101928/c7655146/content.shtml,2026-07-17,监管公开信息
4015,Document,中国证券监督管理委员会行政处罚决定书（吴凌玥、罗征）,,,,,,,,,,,,,,,,,,,,,,,,,4015,中国证券监督管理委员会行政处罚决定书（吴凌玥、罗征）,中国证监会,https://www.csrc.gov.cn/csrc/c101928/c7655144/content.shtml,2026-07-17,监管公开信息
4016,Document,中国证券监督管理委员会行政处罚决定书（际华集团股份有限公司、李义岭、袁海黎等）,,,,,,,,,,,,,,,,,,,,,,,,,4016,中国证券监督管理委员会行政处罚决定书（际华集团股份有限公司、李义岭、袁海黎等）,中国证监会,https://www.csrc.gov.cn/csrc/c101928/c7650675/content.shtml,2026-07-17,监管公开信息
4017,Document,中国证券监督管理委员会行政处罚决定书（中兴财光华会计师事务所、俞俊、楼佳男）,,,,,,,,,,,,,,,,,,,,,,,,,4017,中国证券监督管理委员会行政处罚决定书（中兴财光华会计师事务所、俞俊、楼佳男）,中国证监会,https://www.csrc.gov.cn/csrc/c101928/c7650671/content.shtml,2026-07-13,监管公开信息
4018,Document,中国证券监督管理委员会行政处罚决定书（中汇会计师事务所、孙玉霞、孙业亮）,,,,,,,,,,,,,,,,,,,,,,,,,4018,中国证券监督管理委员会行政处罚决定书（中汇会计师事务所、孙玉霞、孙业亮）,中国证监会,https://www.csrc.gov.cn/csrc/c101928/c7650660/content.shtml,2026-07-13,监管公开信息
4019,Document,中国证券监督管理委员会行政处罚决定书（天健 会计师事务所）,,,,,,,,,,,,,,,,,,,,,,,,,4019,中国证券监督管理委员会行政处罚决定书（天健 会计师事务所）,中国证监会,https://www.csrc.gov.cn/csrc/c101928/c7647312/content.shtml,2026-06-30,监管公开信息
4020,Document,中国证券监督管理委员会行政处罚决定书（赵杨、全寿山、王立华等）,,,,,,,,,,,,,,,,,,,,,,,,,4020,中国证券监督管理委员会行政处罚决定书（赵杨、全寿山、王立华等）,中国证监会,https://www.csrc.gov.cn/csrc/c101928/c7646037/content.shtml,2026-06-24,监管公开信息
