node_id,label,name,stock_code,company_name,short_name,aliases,exchange,person_id,person_name,role_title,industry_code,industry_name,level,institution_id,institution_name,institution_type,event_id,event_type,event_name,event_time,description,confidence,policy_id,policy_name,issuer,publish_date,doc_id,title,source,url,publish_time,category
000001,Company,平安银行,000001,平安银行股份有限公司,平安银行,平安银行,深交所,,,,,,,,,,,,,,,,,,,,,,,,,
000002,Company,万科A,000002,万科企业股份有限公司,万科A,万科A,深交所,,,,,,,,,,,,,,,,,,,,,,,,,
000034,Company,神州数码,000034,神州数码集团股份有限公司,神州数码,上海神州数码有限公司,深交所,,,,,,,,,,,,,,,,,,,,,,,,,
000063,Company,中兴通讯,000063,中兴通讯（香港）有限公司,中兴通讯,中兴通讯|中兴通讯股份有限公司|中興通訊股份有限公司,深交所,,,,,,,,,,,,,,,,,,,,,,,,,
000333,Company,美的集团,000333,美的集团股份有限公司,美的集团,美的集团,深交所,,,,,,,,,,,,,,,,,,,,,,,,,
000338,Company,潍柴动力,000338,潍柴动力股份有限公司,潍柴动力,潍柴动力,深交所,,,,,,,,,,,,,,,,,,,,,,,,,
000651,Company,格力电器,000651,珠海格力电器股份有限公司,格力电器,格力电器,深交所,,,,,,,,,,,,,,,,,,,,,,,,,
000661,Company,长春高新,000661,长春高新技术产业（集团）股份有限公司,长春高新,,深交所,,,,,,,,,,,,,,,,,,,,,,,,,
000725,Company,京东方A,000725,京东方科技集团股份有限公司,京东方A,京东方A,深交所,,,,,,,,,,,,,,,,,,,,,,,,,
000792,Company,盐湖股份,000792,青海盐湖工业股份有限公司,盐湖股份,,深交所,,,,,,,,,,,,,,,,,,,,,,,,,
000858,Company,五粮液,000858,宜宾五粮液酒类销售有限责任公司,五粮液,五粮液|四川省宜宾五粮液酒厂有限公司|四川省宜宾五粮液集团有限公司|宜宾五粮液股份有限公司,深交所,,,,,,,,,,,,,,,,,,,,,,,,,
000963,Company,华东医药,000963,华东医药股份有限公司,华东医药,华东医药,深交所,,,,,,,,,,,,,,,,,,,,,,,,,
002022,Company,科华生物,002022,上海科华生物工程股份有限公司,科华生物,,深交所,,,,,,,,,,,,,,,,,,,,,,,,,
002051,Company,中工国际,002051,中工国际工程股份有限公司,中工国际,,深交所,,,,,,,,,,,,,,,,,,,,,,,,,
002090,Company,金智科技,002090,江苏金智科技股份有限公司,金智科技,,深交所,,,,,,,,,,,,,,,,,,,,,,,,,
002128,Company,电投能源,002128,内蒙古电投能源股份有限公司,电投能源,,深交所,,,,,,,,,,,,,,,,,,,,,,,,,
002200,Company,交投生态,002200,云南交投生态科技股份有限公司,交投生态,,深交所,,,,,,,,,,,,,,,,,,,,,,,,,
002241,Company,歌尔股份,002241,歌尔股份有限公司,歌尔股份,,深交所,,,,,,,,,,,,,,,,,,,,,,,,,
002307,Company,北新路桥,002307,新疆北新路桥集团股份有限公司,北新路桥,北新路桥,深交所,,,,,,,,,,,,,,,,,,,,,,,,,
002323,Company,*ST雅博,002323,山东雅博科技股份有限公司,*ST雅博,,深交所,,,,,,,,,,,,,,,,,,,,,,,,,
002350,Company,北京科锐,002350,北京科锐集团股份有限公司,北京科锐,北京科锐,深交所,,,,,,,,,,,,,,,,,,,,,,,,,
002371,Company,北方华创,002371,北京北方华创微电子装备有限公司,北方华创,北方华创|北方华创科技集团股份有限公司,深交所,,,,,,,,,,,,,,,,,,,,,,,,,
002376,Company,新北洋,002376,威海新北洋正棋机器人股份有限公司,新北洋,威海新北洋荣鑫科技股份有限公司|山东新北洋信息技术股份有限公司|新北洋,深交所,,,,,,,,,,,,,,,,,,,,,,,,,
002457,Company,青龙管业,002457,青龙管业集团股份有限公司,青龙管业,青龙管业,深交所,,,,,,,,,,,,,,,,,,,,,,,,,
002475,Company,立讯精密,002475,立讯精密工业股份有限公司,立讯精密,立讯精密,深交所,,,,,,,,,,,,,,,,,,,,,,,,,
002531,Company,天顺风能,002531,天顺风能（苏州）股份有限公司,天顺风能,,深交所,,,,,,,,,,,,,,,,,,,,,,,,,
002541,Company,鸿路钢构,002541,安徽鸿路钢结构(集团)股份有限公司,鸿路钢构,安徽鸿路钢结构（集团）股份有限公司,深交所,,,,,,,,,,,,,,,,,,,,,,,,,
002586,Company,ST围海,002586,浙江省围海建设集团股份有限公司,ST围海,,深交所,,,,,,,,,,,,,,,,,,,,,,,,,
002594,Company,比亚迪,002594,比亚迪股份有限公司,比亚迪,比亚迪|比亚迪客车|比亚迪股份|比亞迪股份有限公司,深交所,,,,,,,,,,,,,,,,,,,,,,,,,
002714,Company,牧原股份,002714,牧原食品集团股份有限公司,牧原股份,牧原股份|牧原食品集團股份有限公司,深交所,,,,,,,,,,,,,,,,,,,,,,,,,
300021,Company,大禹节水,300021,甘肃大禹节水集团水利水电工程有限责任公司,大禹节水,大禹节水集团股份有限公司,深交所,,,,,,,,,,,,,,,,,,,,,,,,,
300022,Company,吉峰科技,300022,吉峰三农科技服务股份有限公司,吉峰科技,,深交所,,,,,,,,,,,,,,,,,,,,,,,,,
300059,Company,东方财富,300059,东方财富信息股份有限公司,东方财富,东方财富|东方财富证券|东方财富证券股份有限公司,深交所,,,,,,,,,,,,,,,,,,,,,,,,,
300191,Company,潜能恒信,300191,潜能恒信蒙古勘探开发工程服务有限公司,潜能恒信,潜能恒信能源技术股份有限公司,深交所,,,,,,,,,,,,,,,,,,,,,,,,,
300209,Company,行云科技,300209,行云科技股份有限公司,行云科技,行云科技,深交所,,,,,,,,,,,,,,,,,,,,,,,,,
300265,Company,通光线缆,300265,江苏通光电子线缆股份有限公司,通光线缆,,深交所,,,,,,,,,,,,,,,,,,,,,,,,,
300274,Company,阳光电源,300274,阳光电源股份有限公司,阳光电源,阳光电源,深交所,,,,,,,,,,,,,,,,,,,,,,,,,
300351,Company,永贵电器,300351,浙江永贵电器股份有限公司,永贵电器,,深交所,,,,,,,,,,,,,,,,,,,,,,,,,
300355,Company,蒙草生态,300355,蒙草生态环境（集团）股份有限公司,蒙草生态,,深交所,,,,,,,,,,,,,,,,,,,,,,,,,
300393,Company,中来股份,300393,苏州中来光伏新材股份有限公司,中来股份,,深交所,,,,,,,,,,,,,,,,,,,,,,,,,
300436,Company,广生堂,300436,福建广生堂药业股份有限公司,广生堂,广生堂,深交所,,,,,,,,,,,,,,,,,,,,,,,,,
300504,Company,天邑股份,300504,四川天邑康和通信股份有限公司,天邑股份,,深交所,,,,,,,,,,,,,,,,,,,,,,,,,
300510,Company,金冠股份,300510,吉林省金冠电气股份有限公司,金冠股份,金冠股份,深交所,,,,,,,,,,,,,,,,,,,,,,,,,
300562,Company,乐心股份,300562,广东乐心医疗电子股份有限公司,乐心股份,乐心股份,深交所,,,,,,,,,,,,,,,,,,,,,,,,,
300571,Company,平治信息,300571,杭州平治信息技术股份有限公司,平治信息,,深交所,,,,,,,,,,,,,,,,,,,,,,,,,
300642,Company,透景生命,300642,上海透景生命科技股份有限公司,透景生命,江西透景生命科技有限公司|湖南透景生命科技有限公司,深交所,,,,,,,,,,,,,,,,,,,,,,,,,
300723,Company,一品红,300723,一品红药业集团股份有限公司,一品红,一品红|一品红制药有限公司|广州一品红制药有限公司,深交所,,,,,,,,,,,,,,,,,,,,,,,,,
300750,Company,宁德时代,300750,宁德时代新能源科技股份有限公司,宁德时代,宁德时代|寧德時代新能源科技股份有限公司,深交所,,,,,,,,,,,,,,,,,,,,,,,,,
300757,Company,罗博特科,300757,罗博特科智能科技股份有限公司,罗博特科,罗博特科,深交所,,,,,,,,,,,,,,,,,,,,,,,,,
300765,Company,石药创新,300765,石药创新制药股份有限公司,石药创新,石药创新,深交所,,,,,,,,,,,,,,,,,,,,,,,,,
300854,Company,中兰环保,300854,中兰环保（香港）科技有限公司,中兰环保,中兰环保|中兰环保科技股份有限公司,深交所,,,,,,,,,,,,,,,,,,,,,,,,,
300869,Company,康泰医学,300869,康泰医学系统（秦皇岛）股份有限公司,康泰医学,,深交所,,,,,,,,,,,,,,,,,,,,,,,,,
300900,Company,广联航空,300900,广联航空工业股份有限公司,广联航空,,深交所,,,,,,,,,,,,,,,,,,,,,,,,,
301085,Company,亚康股份,301085,北京亚康万玮信息技术股份有限公司,亚康股份,,深交所,,,,,,,,,,,,,,,,,,,,,,,,,
301235,Company,华康洁净,301235,武汉华康世纪洁净科技股份有限公司,华康洁净,,深交所,,,,,,,,,,,,,,,,,,,,,,,,,
600019,Company,宝钢股份,600019,宝山钢铁股份有限公司,宝钢股份,宝钢股份,上交所,,,,,,,,,,,,,,,,,,,,,,,,,
600028,Company,中国石化,600028,中国石油化工股份有限公司,中国石化,中国石化|中国石化集团公司,上交所,,,,,,,,,,,,,,,,,,,,,,,,,
600030,Company,中信证券,600030,中信证券国际有限公司,中信证券,中信证券|中信证券股份有限公司,上交所,,,,,,,,,,,,,,,,,,,,,,,,,
600031,Company,三一重工,600031,三一重工股份有限公司,三一重工,,上交所,,,,,,,,,,,,,,,,,,,,,,,,,
600036,Company,招商银行,600036,招商銀行股份有限公司,招商银行,招商银行|招商银行股份有限公司,上交所,,,,,,,,,,,,,,,,,,,,,,,,,
600048,Company,保利发展,600048,保利发展控股集团股份有限公司,保利发展,保利发展,上交所,,,,,,,,,,,,,,,,,,,,,,,,,
600062,Company,华润双鹤,600062,华润双鹤利民药业(济南)有限公司,华润双鹤,华润双鹤|华润双鹤湘中药业(湖南)有限公司|华润双鹤药业股份有限公司,上交所,,,,,,,,,,,,,,,,,,,,,,,,,
600079,Company,ST人福,600079,人福医药集团股份公司,ST人福,,上交所,,,,,,,,,,,,,,,,,,,,,,,,,
600089,Company,特变电工,600089,特变电工新疆新能源股份有限公司,特变电工,特变电工股份有限公司,上交所,,,,,,,,,,,,,,,,,,,,,,,,,
600104,Company,上汽集团,600104,上海汽车集团股份有限公司,上汽集团,上汽集团,上交所,,,,,,,,,,,,,,,,,,,,,,,,,
600196,Company,复星医药,600196,上海复星医药（集团）股份有限公司,复星医药,上海复星医药产业发展有限公司|复星医药,上交所,,,,,,,,,,,,,,,,,,,,,,,,,
600267,Company,海正药业,600267,浙江海正药业股份有限公司,海正药业,海正药业|海正药业（杭州）有限公司,上交所,,,,,,,,,,,,,,,,,,,,,,,,,
600276,Company,恒瑞医药,600276,江苏恒瑞医药股份有限公司,恒瑞医药,恒瑞医药|江蘇恒瑞醫藥股份有限公司,上交所,,,,,,,,,,,,,,,,,,,,,,,,,
600309,Company,万华化学,600309,万华化学集团物资有限公司,万华化学,万华化学集团股份有限公司,上交所,,,,,,,,,,,,,,,,,,,,,,,,,
600406,Company,国电南瑞,600406,国电南瑞科技股份有限公司,国电南瑞,国电南瑞,上交所,,,,,,,,,,,,,,,,,,,,,,,,,
600420,Company,国药现代,600420,上海现代制药股份有限公司,国药现代,,上交所,,,,,,,,,,,,,,,,,,,,,,,,,
600438,Company,通威股份,600438,通威股份有限公司,通威股份,通威股份,上交所,,,,,,,,,,,,,,,,,,,,,,,,,
600488,Company,津药药业,600488,湖北津药药业股份有限公司,津药药业,津药药业|津药药业股份有限公司,上交所,,,,,,,,,,,,,,,,,,,,,,,,,
600519,Company,贵州茅台,600519,中国贵州茅台酒厂（集团）有限责任公司,贵州茅台,贵州茅台|贵州茅台酒厂（集团）技术开发有限公司|贵州茅台酒股份有限公司|贵州茅台集团财务有限公司,上交所,,,,,,,,,,,,,,,,,,,,,,,,,
600521,Company,华海药业,600521,浙江华海药业股份有限公司,华海药业,华海药业,上交所,,,,,,,,,,,,,,,,,,,,,,,,,
600522,Company,中天科技,600522,江苏中天科技股份有限公司,中天科技,中天科技|中天科技集团有限公司,上交所,,,,,,,,,,,,,,,,,,,,,,,,,
600587,Company,新华医疗,600587,山东新华医疗器械股份有限公司,新华医疗,新华医疗,上交所,,,,,,,,,,,,,,,,,,,,,,,,,
600789,Company,鲁抗医药,600789,山东鲁抗医药集团赛特有限责任公司,鲁抗医药,山东鲁抗医药股份有限公司|鲁抗医药,上交所,,,,,,,,,,,,,,,,,,,,,,,,,
600875,Company,东方电气,600875,东方电气集团东方锅炉股份有限公司,东方电气,东方电气|东方电气股份有限公司|东方电气集团东方汽轮机有限公司|东方电气集团东方电机有限公司|东方电气集团东方锅炉有限公司|东方电气集团财务有限公司|东方电气风电股份有限公司|东方电气（成都）氢能科技有限公司|中国东方电气集团有限公司,上交所,,,,,,,,,,,,,,,,,,,,,,,,,
600887,Company,伊利股份,600887,内蒙古伊利实业集团股份有限公司,伊利股份,伊利股份,上交所,,,,,,,,,,,,,,,,,,,,,,,,,
600900,Company,长江电力,600900,中国长江电力股份有限公司,长江电力,,上交所,,,,,,,,,,,,,,,,,,,,,,,,,
600970,Company,中材国际,600970,中国中材国际工程股份有限公司,中材国际,中材国际|中材国际建筑材料及工程公司,上交所,,,,,,,,,,,,,,,,,,,,,,,,,
601012,Company,隆基绿能,601012,隆基绿能科技股份有限公司,隆基绿能,隆基绿能,上交所,,,,,,,,,,,,,,,,,,,,,,,,,
601088,Company,中国神华,601088,中国神华能源股份有限公司,中国神华,中国神华,上交所,,,,,,,,,,,,,,,,,,,,,,,,,
601089,Company,福元医药,601089,北京福元医药股份有限公司,福元医药,,上交所,,,,,,,,,,,,,,,,,,,,,,,,,
601138,Company,工业富联,601138,富士康工业互联网股份有限公司,工业富联,工业富联,上交所,,,,,,,,,,,,,,,,,,,,,,,,,
601186,Company,中国铁建,601186,中国铁建股份有限公司,中国铁建,中国铁建|中国铁建财务有限公司|中國鐵建股份有限公司,上交所,,,,,,,,,,,,,,,,,,,,,,,,,
601318,Company,中国平安,601318,中国平安保险（集团）股份有限公司,中国平安,中国平安|中國平安保險（集團）股份有限公司,上交所,,,,,,,,,,,,,,,,,,,,,,,,,
601390,Company,中国中铁,601390,中国中铁股份有限公司,中国中铁,中国中铁,上交所,,,,,,,,,,,,,,,,,,,,,,,,,
601398,Company,工商银行,601398,中国工商银行股份有限公司,工商银行,中國工商銀行股份有限公司|工商银行,上交所,,,,,,,,,,,,,,,,,,,,,,,,,
601567,Company,三星电气,601567,宁波三星医疗电气股份有限公司,三星电气,,上交所,,,,,,,,,,,,,,,,,,,,,,,,,
601633,Company,长城汽车,601633,長城汽車股份有限公司,长城汽车,长城汽车|长城汽车股份有限公司,上交所,,,,,,,,,,,,,,,,,,,,,,,,,
601668,Company,中国建筑,601668,中国建筑西南勘察设计研究院有限公司,中国建筑,中国建筑材料科学研究总院有限公司|中国建筑股份有限公司|中国建筑集团有限公司,上交所,,,,,,,,,,,,,,,,,,,,,,,,,
601727,Company,上海电气,601727,上海电气国轩新能源科技有限公司,上海电气,上海电气集团股份有限公司|上海电气香港有限公司|上海電氣集團股份有限公司,上交所,,,,,,,,,,,,,,,,,,,,,,,,,
601899,Company,紫金矿业,601899,紫金矿业集团股份有限公司,紫金矿业,紫金矿业|紫金礦業集團股份有限公司,上交所,,,,,,,,,,,,,,,,,,,,,,,,,
603087,Company,甘李药业,603087,甘李药业欧洲有限责任公司,甘李药业,甘李药业|甘李药业山东有限公司|甘李药业股份有限公司,上交所,,,,,,,,,,,,,,,,,,,,,,,,,
603163,Company,圣晖集成,603163,圣晖系统集成集团股份有限公司,圣晖集成,,上交所,,,,,,,,,,,,,,,,,,,,,,,,,
603288,Company,海天味业,603288,佛山市海天調味食品股份有限公司,海天味业,佛山市海天调味食品股份有限公司|海天味业,上交所,,,,,,,,,,,,,,,,,,,,,,,,,
603501,Company,韦尔股份,603501,豪威集成电路（集团）股份有限公司,韦尔股份,豪威集成電路（集團）股份有限公司,上交所,,,,,,,,,,,,,,,,,,,,,,,,,
603856,Company,东宏股份,603856,山东东宏管业股份有限公司,东宏股份,东宏股份,上交所,,,,,,,,,,,,,,,,,,,,,,,,,
605287,Company,德才股份,605287,德才装饰股份有限公司,德才股份,德才股份,上交所,,,,,,,,,,,,,,,,,,,,,,,,,
688485,Company,九州一轨,688485,北京九州一轨环境科技股份有限公司,九州一轨,,上交所,,,,,,,,,,,,,,,,,,,,,,,,,
688506,Company,百利天恒,688506,四川百利天恒药业股份有限公司,百利天恒,百利天恒,上交所,,,,,,,,,,,,,,,,,,,,,,,,,
688981,Company,中芯国际,688981,中芯国际集成电路制造有限公司,中芯国际,中芯国际|中芯國際集成電路製造有限公司,上交所,,,,,,,,,,,,,,,,,,,,,,,,,
920019,Company,铜冠矿建,920019,铜陵有色金属集团铜冠矿山建设股份有限公司,铜冠矿建,铜冠矿建（赞比亚）有限公司,北交所,,,,,,,,,,,,,,,,,,,,,,,,,
HCONF-0001,Company,芜湖联飞,,,,,,,,,,,,,,,,,,,,,,,,,,,,,,
NCOMP-0001,Company,26 东财证券05,,26 东财证券05,,,,,,,,,,,,,,,,,,,,,,,,,,,,
NCOMP-0002,Company,26 东财证券06,,26 东财证券06,,,,,,,,,,,,,,,,,,,,,,,,,,,,
NCOMP-0003,Company,AREVA PHARMA,,AREVA PHARMA,,,,,,,,,,,,,,,,,,,,,,,,,,,,
NCOMP-0004,Company,Amneal Pharmaceuticals LLC,,Amneal Pharmaceuticals LLC,,,,,,,,,,,,,,,,,,,,,,,,,,,,
NCOMP-0005,Company,"Arthrosi Therapeutics, Inc.",,"Arthrosi Therapeutics, Inc.",,,,,,,,,,,,,,,,,,,,,,,,,,,,
NCOMP-0006,Company,Ausnutria B.V.,,Ausnutria B.V.,,,,,,,,,,,,,,,,,,,,,,,,,,,,
NCOMP-0007,Company,Ausnutria Pty Ltd,,Ausnutria Pty Ltd,,,,,,,,,,,,,,,,,,,,,,,,,,,,
NCOMP-0008,Company,Australian Dairy Park Pty Ltd,,Australian Dairy Park Pty Ltd,,,,,,,,,,,,,,,,,,,,,,,,,,,,
NCOMP-0009,Company,Bayer,,Bayer,,,,,,,,,,,,,,,,,,,,,,,,,,,,
NCOMP-0010,Company,BorsodChem Zrt.,,BorsodChem Zrt.,,,,,,,,,,,,,,,,,,,,,,,,,,,,
NCOMP-0011,Company,"CITIC Securities Finance MTN Co., Ltd.",,"CITIC Securities Finance MTN Co., Ltd.",,,,,,,,,,,,,,,,,,,,,,,,,,,,
NCOMP-0012,Company,CSI MTN Limited,,CSI MTN Limited,,,,,,,,,,,,,,,,,,,,,,,,,,,,
NCOMP-0013,Company,Caplin One Labs Limited,,Caplin One Labs Limited,,,,,,,,,,,,,,,,,,,,,,,,,,,,
NCOMP-0014,Company,Dangote 集团,,Dangote 集团,,,,,,,,,,,,,,,,,,,,,,,,,,,,
NCOMP-0015,Company,DeepSeek,,DeepSeek,,,,,,,,,,,,,,,,,,,,,,,,,,,,
NCOMP-0016,Company,Elevar Therapeutics,,Elevar Therapeutics,,,,,,,,,,,,,,,,,,,,,,,,,,,,
NCOMP-0017,Company,"Goertek (HongKong) Co., Limited",,"Goertek (HongKong) Co., Limited",,,,,,,,,,,,,,,,,,,,,,,,,,,,
NCOMP-0018,Company,Grünenthal GmbH（德国格兰泰）,,Grünenthal GmbH（德国格兰泰）,,,,,,,,,,,,,,,,,,,,,,,,,,,,
NCOMP-0019,Company,HKSCC NOMINEES LIMITED,,HKSCC NOMINEES LIMITED,,,,,,,,,,,,,,,,,,,,,,,,,,,,
NCOMP-0020,Company,Heidelberg Pharma,,Heidelberg Pharma,,,,,,,,,,,,,,,,,,,,,,,,,,,,
NCOMP-0021,Company,High Technology Products，S.L.U.,,High Technology Products，S.L.U.,,,,,,,,,,,,,,,,,,,,,,,,,,,,
NCOMP-0022,Company,Janssen Pharmaceuticals（杨森制药）,,Janssen Pharmaceuticals（杨森制药）,,,,,,,,,,,,,,,,,,,,,,,,,,,,
NCOMP-0023,Company,Kylane Laboratoires SA基兰实验室股份公司,,Kylane Laboratoires SA基兰实验室股份公司,,,,,,,,,,,,,,,,,,,,,,,,,,,,
NCOMP-0024,Company,LONGI (H.K.) TRADING LIMITED,,LONGI (H.K.) TRADING LIMITED,,,,,,,,,,,,,,,,,,,,,,,,,,,,
NCOMP-0025,Company,LONGI SOLAR FRANCE SARL,,LONGI SOLAR FRANCE SARL,,,,,,,,,,,,,,,,,,,,,,,,,,,,
NCOMP-0026,Company,"LONGI SOLAR TECHNOLOGY SPAIN, S.L.U.",,"LONGI SOLAR TECHNOLOGY SPAIN, S.L.U.",,,,,,,,,,,,,,,,,,,,,,,,,,,,
NCOMP-0027,Company,Merck,,Merck,,,,,,,,,,,,,,,,,,,,,,,,,,,,
NCOMP-0028,Company,Meta,,Meta,,,,,,,,,,,,,,,,,,,,,,,,,,,,
NCOMP-0029,Company,Moderna（莫德纳）,,Moderna（莫德纳）,,,,,,,,,,,,,,,,,,,,,,,,,,,,
NCOMP-0030,Company,Momenta,,Momenta,,,,,,,,,,,,,,,,,,,,,,,,,,,,
NCOMP-0031,Company,NATIONAL CEMENT COMPANY UGANDA LTD,,NATIONAL CEMENT COMPANY UGANDA LTD,,,,,,,,,,,,,,,,,,,,,,,,,,,,
NCOMP-0032,Company,Nutrition Care Pharmaceuticals Pty Ltd,,Nutrition Care Pharmaceuticals Pty Ltd,,,,,,,,,,,,,,,,,,,,,,,,,,,,
NCOMP-0033,Company,Ozfarm Royal Pty. Ltd,,Ozfarm Royal Pty. Ltd,,,,,,,,,,,,,,,,,,,,,,,,,,,,
NCOMP-0034,Company,PIERRE FABRE MEDICAMENT,,PIERRE FABRE MEDICAMENT,,,,,,,,,,,,,,,,,,,,,,,,,,,,
NCOMP-0035,Company,PT.ACTER INTEGRATION TECHNOLOGY INDONESIA,,PT.ACTER INTEGRATION TECHNOLOGY INDONESIA,,,,,,,,,,,,,,,,,,,,,,,,,,,,
NCOMP-0036,Company,PT.Hardases Abadi Indonesia,,PT.Hardases Abadi Indonesia,,,,,,,,,,,,,,,,,,,,,,,,,,,,
NCOMP-0037,Company,PiSA,,PiSA,,,,,,,,,,,,,,,,,,,,,,,,,,,,
NCOMP-0038,Company,Polpharma,,Polpharma,,,,,,,,,,,,,,,,,,,,,,,,,,,,
NCOMP-0039,Company,Prime Partner International Limited,,Prime Partner International Limited,,,,,,,,,,,,,,,,,,,,,,,,,,,,
NCOMP-0040,Company,SAGENT PHARM,,SAGENT PHARM,,,,,,,,,,,,,,,,,,,,,,,,,,,,
NCOMP-0041,Company,SA 供应商,,SA 供应商,,,,,,,,,,,,,,,,,,,,,,,,,,,,
NCOMP-0042,Company,SHANGHAI ELECTRIC GLOBAL CAPITAL LIMITED,,SHANGHAI ELECTRIC GLOBAL CAPITAL LIMITED,,,,,,,,,,,,,,,,,,,,,,,,,,,,
NCOMP-0043,Company,ST朗进,,ST朗进,,,,,,,,,,,,,,,,,,,,,,,,,,,,
NCOMP-0044,Company,Sheng Huei Engineering Technology Company Limited,,Sheng Huei Engineering Technology Company Limited,,,,,,,,,,,,,,,,,,,,,,,,,,,,
NCOMP-0045,Company,Sinclair Pharmaceuticals Limited,,Sinclair Pharmaceuticals Limited,,,,,,,,,,,,,,,,,,,,,,,,,,,,
NCOMP-0046,Company,"Sungrow Power (Hong Kong) Co., Limited",,"Sungrow Power (Hong Kong) Co., Limited",,,,,,,,,,,,,,,,,,,,,,,,,,,,
NCOMP-0047,Company,TAZARA REVITALIZATION TANZANIA LIMITED,,TAZARA REVITALIZATION TANZANIA LIMITED,,,,,,,,,,,,,,,,,,,,,,,,,,,,
NCOMP-0048,Company,TAZARA REVITALIZATION ZAMBIA LIMITED,,TAZARA REVITALIZATION ZAMBIA LIMITED,,,,,,,,,,,,,,,,,,,,,,,,,,,,
NCOMP-0049,Company,TCL中环,,TCL中环,,,,,,,,,,,,,,,,,,,,,,,,,,,,
NCOMP-0050,Company,Technology Singapore Pte. Ltd.,,Technology Singapore Pte. Ltd.,,,,,,,,,,,,,,,,,,,,,,,,,,,,
NCOMP-0051,Company,UPJOHN US 2 LLC,,UPJOHN US 2 LLC,,,,,,,,,,,,,,,,,,,,,,,,,,,,
NCOMP-0052,Company,VB 客户,,VB 客户,,,,,,,,,,,,,,,,,,,,,,,,,,,,
NCOMP-0053,Company,e&集团,,e&集团,,,,,,,,,,,,,,,,,,,,,,,,,,,,
NCOMP-0054,Company,ficonTEC,,ficonTEC,,,,,,,,,,,,,,,,,,,,,,,,,,,,
NCOMP-0055,Company,一汽客车,,一汽客车,,,,,,,,,,,,,,,,,,,,,,,,,,,,
NCOMP-0056,Company,一鸣食品,,一鸣食品,,,,,,,,,,,,,,,,,,,,,,,,,,,,
NCOMP-0057,Company,万家宏观择时多策略,,万家宏观择时多策略,,,,,,,,,,,,,,,,,,,,,,,,,,,,
NCOMP-0058,Company,万得资讯,,万得资讯,,,,,,,,,,,,,,,,,,,,,,,,,,,,
NCOMP-0059,Company,万物云,,万物云,,,,,,,,,,,,,,,,,,,,,,,,,,,,
NCOMP-0060,Company,万物云空间科技服务股份有限公司,,万物云空间科技服务股份有限公司,,,,,,,,,,,,,,,,,,,,,,,,,,,,
NCOMP-0061,Company,万科(重庆)企业有限公司,,万科(重庆)企业有限公司,,,,,,,,,,,,,,,,,,,,,,,,,,,,
NCOMP-0062,Company,万科公寓管理有限公司,,万科公寓管理有限公司,,,,,,,,,,,,,,,,,,,,,,,,,,,,
NCOMP-0063,Company,万纬物流,,万纬物流,,,,,,,,,,,,,,,,,,,,,,,,,,,,
NCOMP-0064,Company,万纬物流发展集团有限公司,,万纬物流发展集团有限公司,,,,,,,,,,,,,,,,,,,,,,,,,,,,
NCOMP-0065,Company,万邦医药,,万邦医药,,,,,,,,,,,,,,,,,,,,,,,,,,,,
NCOMP-0066,Company,三一集团,,三一集团,,,,,,,,,,,,,,,,,,,,,,,,,,,,
NCOMP-0067,Company,三一集团有限公司,,三一集团有限公司,,,,,,,,,,,,,,,,,,,,,,,,,,,,
NCOMP-0068,Company,三元基因,,三元基因,,,,,,,,,,,,,,,,,,,,,,,,,,,,
NCOMP-0069,Company,三峡财务有限责任公司,,三峡财务有限责任公司,,,,,,,,,,,,,,,,,,,,,,,,,,,,
NCOMP-0070,Company,三峡集团,,三峡集团,,,,,,,,,,,,,,,,,,,,,,,,,,,,
NCOMP-0071,Company,上汽大通汽车有限公司,,上汽大通汽车有限公司,,,,,,,,,,,,,,,,,,,,,,,,,,,,
NCOMP-0072,Company,上汽大通汽车销售服务有限公司,,上汽大通汽车销售服务有限公司,,,,,,,,,,,,,,,,,,,,,,,,,,,,
NCOMP-0073,Company,上汽安吉物流股份有限公司,,上汽安吉物流股份有限公司,,,,,,,,,,,,,,,,,,,,,,,,,,,,
NCOMP-0074,Company,上汽红岩汽车有限公司,,上汽红岩汽车有限公司,,,,,,,,,,,,,,,,,,,,,,,,,,,,
NCOMP-0075,Company,上海中油国电能源有限公司,,上海中油国电能源有限公司,,,,,,,,,,,,,,,,,,,,,,,,,,,,
NCOMP-0076,Company,上海云锋元创私募基金中心（有限合伙）,,上海云锋元创私募基金中心（有限合伙）,,,,,,,,,,,,,,,,,,,,,,,,,,,,
NCOMP-0077,Company,上海云锋新创投资管理有限公司,,上海云锋新创投资管理有限公司,,,,,,,,,,,,,,,,,,,,,,,,,,,,
NCOMP-0078,Company,上海先惠自动化技术股份有限公司,,上海先惠自动化技术股份有限公司,,,,,,,,,,,,,,,,,,,,,,,,,,,,
NCOMP-0079,Company,上海华奥泰生物药业股份有限公司,,上海华奥泰生物药业股份有限公司,,,,,,,,,,,,,,,,,,,,,,,,,,,,
NCOMP-0080,Company,上海复宏汉霖生物技术股份有限公司,,上海复宏汉霖生物技术股份有限公司,,,,,,,,,,,,,,,,,,,,,,,,,,,,
NCOMP-0081,Company,上海天天基金销售有限公司,,上海天天基金销售有限公司,,,,,,,,,,,,,,,,,,,,,,,,,,,,
NCOMP-0082,Company,上海市莘庄工业区经济技术发展有限公司,,上海市莘庄工业区经济技术发展有限公司,,,,,,,,,,,,,,,,,,,,,,,,,,,,
NCOMP-0083,Company,上海新苡萃生物科技有限公司,,上海新苡萃生物科技有限公司,,,,,,,,,,,,,,,,,,,,,,,,,,,,
NCOMP-0084,Company,上海机场,,上海机场,,,,,,,,,,,,,,,,,,,,,,,,,,,,
NCOMP-0085,Company,上海机电设备招标有限公司,,上海机电设备招标有限公司,,,,,,,,,,,,,,,,,,,,,,,,,,,,
NCOMP-0086,Company,上海汽车集团财务有限责任公司,,上海汽车集团财务有限责任公司,,,,,,,,,,,,,,,,,,,,,,,,,,,,
NCOMP-0087,Company,上海浦东发展银行股份有限公司,,上海浦东发展银行股份有限公司,,,,,,,,,,,,,,,,,,,,,,,,,,,,
NCOMP-0088,Company,上海烟草集团有限责任公司,,上海烟草集团有限责任公司,,,,,,,,,,,,,,,,,,,,,,,,,,,,
NCOMP-0089,Company,上海申威资产评估有限公司,,上海申威资产评估有限公司,,,,,,,,,,,,,,,,,,,,,,,,,,,,
NCOMP-0090,Company,上海申沃客车有限公司,,上海申沃客车有限公司,,,,,,,,,,,,,,,,,,,,,,,,,,,,
NCOMP-0091,Company,上海电气控股集团有限公司,,上海电气控股集团有限公司,,,,,,,,,,,,,,,,,,,,,,,,,,,,
NCOMP-0092,Company,上海经安建筑设计院有限公司,,上海经安建筑设计院有限公司,,,,,,,,,,,,,,,,,,,,,,,,,,,,
NCOMP-0093,Company,上海脉示生物技术有限公司,,上海脉示生物技术有限公司,,,,,,,,,,,,,,,,,,,,,,,,,,,,
NCOMP-0094,Company,上海莘庄工业区实业有限公司,,上海莘庄工业区实业有限公司,,,,,,,,,,,,,,,,,,,,,,,,,,,,
NCOMP-0095,Company,上海麒鹏投资管理有限公司,,上海麒鹏投资管理有限公司,,,,,,,,,,,,,,,,,,,,,,,,,,,,
NCOMP-0096,Company,东华汽车实业有限公司,,东华汽车实业有限公司,,,,,,,,,,,,,,,,,,,,,,,,,,,,
NCOMP-0097,Company,东吴证券,,东吴证券,,,,,,,,,,,,,,,,,,,,,,,,,,,,
NCOMP-0098,Company,东山精密,,东山精密,,,,,,,,,,,,,,,,,,,,,,,,,,,,
NCOMP-0099,Company,东方集团,,东方集团,,,,,,,,,,,,,,,,,,,,,,,,,,,,
NCOMP-0100,Company,东阿阿胶,,东阿阿胶,,,,,,,,,,,,,,,,,,,,,,,,,,,,
NCOMP-0101,Company,中一科技,,中一科技,,,,,,,,,,,,,,,,,,,,,,,,,,,,
NCOMP-0102,Company,中信国际招标有限公司,,中信国际招标有限公司,,,,,,,,,,,,,,,,,,,,,,,,,,,,
NCOMP-0103,Company,中信建投,,中信建投,,,,,,,,,,,,,,,,,,,,,,,,,,,,
NCOMP-0104,Company,中信建投证券,,中信建投证券,,,,,,,,,,,,,,,,,,,,,,,,,,,,
NCOMP-0105,Company,中信建投证券股份有限公司,,中信建投证券股份有限公司,,,,,,,,,,,,,,,,,,,,,,,,,,,,
NCOMP-0106,Company,中信泰富特钢集团股份有限公司,,中信泰富特钢集团股份有限公司,,,,,,,,,,,,,,,,,,,,,,,,,,,,
NCOMP-0107,Company,中信证券投资有限公司,,中信证券投资有限公司,,,,,,,,,,,,,,,,,,,,,,,,,,,,
NCOMP-0108,Company,中信金属股份有限公司,,中信金属股份有限公司,,,,,,,,,,,,,,,,,,,,,,,,,,,,
NCOMP-0109,Company,中信银行,,中信银行,,,,,,,,,,,,,,,,,,,,,,,,,,,,
NCOMP-0110,Company,中信银行股份有限公司,,中信银行股份有限公司,,,,,,,,,,,,,,,,,,,,,,,,,,,,
NCOMP-0111,Company,中元天纬集团有限公司,,中元天纬集团有限公司,,,,,,,,,,,,,,,,,,,,,,,,,,,,
NCOMP-0112,Company,中关村发展集团股份有限公司,,中关村发展集团股份有限公司,,,,,,,,,,,,,,,,,,,,,,,,,,,,
NCOMP-0113,Company,中兴财光华,,中兴财光华,,,,,,,,,,,,,,,,,,,,,,,,,,,,
NCOMP-0114,Company,中兴财光华会计师事务所(特殊普通合伙),,中兴财光华会计师事务所(特殊普通合伙),,,,,,,,,,,,,,,,,,,,,,,,,,,,
NCOMP-0115,Company,中咨工程有限公司,,中咨工程有限公司,,,,,,,,,,,,,,,,,,,,,,,,,,,,
NCOMP-0116,Company,中咨海外咨询有限公司,,中咨海外咨询有限公司,,,,,,,,,,,,,,,,,,,,,,,,,,,,
NCOMP-0117,Company,中国中信股份有限公司,,中国中信股份有限公司,,,,,,,,,,,,,,,,,,,,,,,,,,,,
NCOMP-0118,Company,中国中元国际工程有限公司,,中国中元国际工程有限公司,,,,,,,,,,,,,,,,,,,,,,,,,,,,
NCOMP-0119,Company,中国中材海外科技发展有限公司,,中国中材海外科技发展有限公司,,,,,,,,,,,,,,,,,,,,,,,,,,,,
NCOMP-0120,Company,中国五矿集团有限公司,,中国五矿集团有限公司,,,,,,,,,,,,,,,,,,,,,,,,,,,,
NCOMP-0121,Company,中国人寿,,中国人寿,,,,,,,,,,,,,,,,,,,,,,,,,,,,
NCOMP-0122,Company,中国保利集团有限公司,,中国保利集团有限公司,,,,,,,,,,,,,,,,,,,,,,,,,,,,
NCOMP-0123,Company,中国光大银行股份有限公司,,中国光大银行股份有限公司,,,,,,,,,,,,,,,,,,,,,,,,,,,,
NCOMP-0124,Company,中国农业银行股份有限公司,,中国农业银行股份有限公司,,,,,,,,,,,,,,,,,,,,,,,,,,,,
NCOMP-0125,Company,中国华润有限公司,,中国华润有限公司,,,,,,,,,,,,,,,,,,,,,,,,,,,,
NCOMP-0126,Company,中国南方电网有限责任公司,,中国南方电网有限责任公司,,,,,,,,,,,,,,,,,,,,,,,,,,,,
NCOMP-0127,Company,中国卫星,,中国卫星,,,,,,,,,,,,,,,,,,,,,,,,,,,,
NCOMP-0128,Company,中国国际金融股份有限公司,,中国国际金融股份有限公司,,,,,,,,,,,,,,,,,,,,,,,,,,,,
NCOMP-0129,Company,中国太保,,中国太保,,,,,,,,,,,,,,,,,,,,,,,,,,,,
NCOMP-0130,Company,中国宝武钢铁集团有限公司,,中国宝武钢铁集团有限公司,,,,,,,,,,,,,,,,,,,,,,,,,,,,
NCOMP-0131,Company,中国巨石,,中国巨石,,,,,,,,,,,,,,,,,,,,,,,,,,,,
NCOMP-0132,Company,中国建材国际工程集团有限公司,,中国建材国际工程集团有限公司,,,,,,,,,,,,,,,,,,,,,,,,,,,,
NCOMP-0133,Company,中国建材股份有限公司,,中国建材股份有限公司,,,,,,,,,,,,,,,,,,,,,,,,,,,,
NCOMP-0134,Company,中国建材集团有限公司,,中国建材集团有限公司,,,,,,,,,,,,,,,,,,,,,,,,,,,,
NCOMP-0135,Company,中国建材集团财务有限公司,,中国建材集团财务有限公司,,,,,,,,,,,,,,,,,,,,,,,,,,,,
NCOMP-0136,Company,中国建设银行股份有限公司,,中国建设银行股份有限公司,,,,,,,,,,,,,,,,,,,,,,,,,,,,
NCOMP-0137,Company,中国民生银行,,中国民生银行,,,,,,,,,,,,,,,,,,,,,,,,,,,,
NCOMP-0138,Company,中国海油,,中国海油,,,,,,,,,,,,,,,,,,,,,,,,,,,,
NCOMP-0139,Company,中国海洋石油集团有限公司,,中国海洋石油集团有限公司,,,,,,,,,,,,,,,,,,,,,,,,,,,,
NCOMP-0140,Company,中国烟草总公司,,中国烟草总公司,,,,,,,,,,,,,,,,,,,,,,,,,,,,
NCOMP-0141,Company,中国烟草总公司湖南省公司,,中国烟草总公司湖南省公司,,,,,,,,,,,,,,,,,,,,,,,,,,,,
NCOMP-0142,Company,中国电信股份有限公司,,中国电信股份有限公司,,,,,,,,,,,,,,,,,,,,,,,,,,,,
NCOMP-0143,Company,中国电信集团有限公司,,中国电信集团有限公司,,,,,,,,,,,,,,,,,,,,,,,,,,,,
NCOMP-0144,Company,中国盐湖工业集团有限公司,,中国盐湖工业集团有限公司,,,,,,,,,,,,,,,,,,,,,,,,,,,,
NCOMP-0145,Company,中国石化盛骏国际投资有限公司,,中国石化盛骏国际投资有限公司,,,,,,,,,,,,,,,,,,,,,,,,,,,,
NCOMP-0146,Company,中国石油,,中国石油,,,,,,,,,,,,,,,,,,,,,,,,,,,,
NCOMP-0147,Company,中国石油化工集团有限公司,,中国石油化工集团有限公司,,,,,,,,,,,,,,,,,,,,,,,,,,,,
NCOMP-0148,Company,中国移动,,中国移动,,,,,,,,,,,,,,,,,,,,,,,,,,,,
NCOMP-0149,Company,中国移动通信有限公司,,中国移动通信有限公司,,,,,,,,,,,,,,,,,,,,,,,,,,,,
NCOMP-0150,Company,中国能源工程集团有限公司,,中国能源工程集团有限公司,,,,,,,,,,,,,,,,,,,,,,,,,,,,
NCOMP-0151,Company,中国航空油料集团有限公司,,中国航空油料集团有限公司,,,,,,,,,,,,,,,,,,,,,,,,,,,,
NCOMP-0152,Company,中国邮政速递物流股份有限公司,,中国邮政速递物流股份有限公司,,,,,,,,,,,,,,,,,,,,,,,,,,,,
NCOMP-0153,Company,中国邮政集团有限公司湖北省分公司,,中国邮政集团有限公司湖北省分公司,,,,,,,,,,,,,,,,,,,,,,,,,,,,
NCOMP-0154,Company,中国邮电器材集团有限公司,,中国邮电器材集团有限公司,,,,,,,,,,,,,,,,,,,,,,,,,,,,
NCOMP-0155,Company,中国重型汽车集团有限公司,,中国重型汽车集团有限公司,,,,,,,,,,,,,,,,,,,,,,,,,,,,
NCOMP-0156,Company,中国铁塔股份有限公司江苏省分公司,,中国铁塔股份有限公司江苏省分公司,,,,,,,,,,,,,,,,,,,,,,,,,,,,
NCOMP-0157,Company,中国铁路工程集团有限公司,,中国铁路工程集团有限公司,,,,,,,,,,,,,,,,,,,,,,,,,,,,
NCOMP-0158,Company,中国铁道建筑集团有限公司,,中国铁道建筑集团有限公司,,,,,,,,,,,,,,,,,,,,,,,,,,,,
NCOMP-0159,Company,中国银联,,中国银联,,,,,,,,,,,,,,,,,,,,,,,,,,,,
NCOMP-0160,Company,中国银行,,中国银行,,,,,,,,,,,,,,,,,,,,,,,,,,,,
NCOMP-0161,Company,中国银行股份有限公司,,中国银行股份有限公司,,,,,,,,,,,,,,,,,,,,,,,,,,,,
NCOMP-0162,Company,中国长江三峡集团有限公司,,中国长江三峡集团有限公司,,,,,,,,,,,,,,,,,,,,,,,,,,,,
NCOMP-0163,Company,中外建工程设计与顾问有限公司,,中外建工程设计与顾问有限公司,,,,,,,,,,,,,,,,,,,,,,,,,,,,
NCOMP-0164,Company,中天储能科技有限公司,,中天储能科技有限公司,,,,,,,,,,,,,,,,,,,,,,,,,,,,
NCOMP-0165,Company,中康科技,,中康科技,,,,,,,,,,,,,,,,,,,,,,,,,,,,
NCOMP-0166,Company,中建一局集团建设发展有限公司,,中建一局集团建设发展有限公司,,,,,,,,,,,,,,,,,,,,,,,,,,,,
NCOMP-0167,Company,中建三局云采科技有限公司,,中建三局云采科技有限公司,,,,,,,,,,,,,,,,,,,,,,,,,,,,
NCOMP-0168,Company,中建五局,,中建五局,,,,,,,,,,,,,,,,,,,,,,,,,,,,
NCOMP-0169,Company,中建八局,,中建八局,,,,,,,,,,,,,,,,,,,,,,,,,,,,
NCOMP-0170,Company,中建六局,,中建六局,,,,,,,,,,,,,,,,,,,,,,,,,,,,
NCOMP-0171,Company,中建四局,,中建四局,,,,,,,,,,,,,,,,,,,,,,,,,,,,
NCOMP-0172,Company,中微公司,,中微公司,,,,,,,,,,,,,,,,,,,,,,,,,,,,
NCOMP-0173,Company,中文在线,,中文在线,,,,,,,,,,,,,,,,,,,,,,,,,,,,
NCOMP-0174,Company,中材矿山,,中材矿山,,,,,,,,,,,,,,,,,,,,,,,,,,,,
NCOMP-0175,Company,中材科技（巴西）风电叶片有限公司,,中材科技（巴西）风电叶片有限公司,,,,,,,,,,,,,,,,,,,,,,,,,,,,
NCOMP-0176,Company,中材科技风电叶片股份有限公司,,中材科技风电叶片股份有限公司,,,,,,,,,,,,,,,,,,,,,,,,,,,,
NCOMP-0177,Company,中来智联,,中来智联,,,,,,,,,,,,,,,,,,,,,,,,,,,,
NCOMP-0178,Company,中汇所,,中汇所,,,,,,,,,,,,,,,,,,,,,,,,,,,,
NCOMP-0179,Company,中泰证券,,中泰证券,,,,,,,,,,,,,,,,,,,,,,,,,,,,
NCOMP-0180,Company,中海油,,中海油,,,,,,,,,,,,,,,,,,,,,,,,,,,,
NCOMP-0181,Company,中海油田服务股份有限公司,,中海油田服务股份有限公司,,,,,,,,,,,,,,,,,,,,,,,,,,,,
NCOMP-0182,Company,中海油能源发展股份有限公司,,中海油能源发展股份有限公司,,,,,,,,,,,,,,,,,,,,,,,,,,,,
NCOMP-0183,Company,中海艾普油气测试（天津）有限公司,,中海艾普油气测试（天津）有限公司,,,,,,,,,,,,,,,,,,,,,,,,,,,,
NCOMP-0184,Company,中瓷电子,,中瓷电子,,,,,,,,,,,,,,,,,,,,,,,,,,,,
NCOMP-0185,Company,中电商务（北京）有限公司,,中电商务（北京）有限公司,,,,,,,,,,,,,,,,,,,,,,,,,,,,
NCOMP-0186,Company,中科创达,,中科创达,,,,,,,,,,,,,,,,,,,,,,,,,,,,
NCOMP-0187,Company,中科创达软件股份有限公司,,中科创达软件股份有限公司,,,,,,,,,,,,,,,,,,,,,,,,,,,,
NCOMP-0188,Company,中科广盛技术有限公司,,中科广盛技术有限公司,,,,,,,,,,,,,,,,,,,,,,,,,,,,
NCOMP-0189,Company,中科星图,,中科星图,,,,,,,,,,,,,,,,,,,,,,,,,,,,
NCOMP-0190,Company,中科曙光,,中科曙光,,,,,,,,,,,,,,,,,,,,,,,,,,,,
NCOMP-0191,Company,中联投(曲靖)智慧农业发展有限公司,,中联投(曲靖)智慧农业发展有限公司,,,,,,,,,,,,,,,,,,,,,,,,,,,,
NCOMP-0192,Company,中能谷晶（滕州）新能源有限公司,,中能谷晶（滕州）新能源有限公司,,,,,,,,,,,,,,,,,,,,,,,,,,,,
NCOMP-0193,Company,中航证券,,中航证券,,,,,,,,,,,,,,,,,,,,,,,,,,,,
NCOMP-0194,Company,中船特气,,中船特气,,,,,,,,,,,,,,,,,,,,,,,,,,,,
NCOMP-0195,Company,中船科技股份有限公司,,中船科技股份有限公司,,,,,,,,,,,,,,,,,,,,,,,,,,,,
NCOMP-0196,Company,中色非洲矿业有限公司,,中色非洲矿业有限公司,,,,,,,,,,,,,,,,,,,,,,,,,,,,
NCOMP-0197,Company,中芯北方集成电路制造（北京）有限公司,,中芯北方集成电路制造（北京）有限公司,,,,,,,,,,,,,,,,,,,,,,,,,,,,
NCOMP-0198,Company,中车物流,,中车物流,,,,,,,,,,,,,,,,,,,,,,,,,,,,
NCOMP-0199,Company,中车物流有限公司,,中车物流有限公司,,,,,,,,,,,,,,,,,,,,,,,,,,,,
NCOMP-0200,Company,中车电动,,中车电动,,,,,,,,,,,,,,,,,,,,,,,,,,,,
NCOMP-0201,Company,中车青岛四方机车车辆股份有限公司,,中车青岛四方机车车辆股份有限公司,,,,,,,,,,,,,,,,,,,,,,,,,,,,
NCOMP-0202,Company,中金公司,,中金公司,,,,,,,,,,,,,,,,,,,,,,,,,,,,
NCOMP-0203,Company,中铁一局集团有限公司,,中铁一局集团有限公司,,,,,,,,,,,,,,,,,,,,,,,,,,,,
NCOMP-0204,Company,中铁一局集团物资工贸有限公司,,中铁一局集团物资工贸有限公司,,,,,,,,,,,,,,,,,,,,,,,,,,,,
NCOMP-0205,Company,中铁三局集团第三工程有限公司,,中铁三局集团第三工程有限公司,,,,,,,,,,,,,,,,,,,,,,,,,,,,
NCOMP-0206,Company,中铁国际集团商贸有限公司,,中铁国际集团商贸有限公司,,,,,,,,,,,,,,,,,,,,,,,,,,,,
NCOMP-0207,Company,中铁国际集团有限公司,,中铁国际集团有限公司,,,,,,,,,,,,,,,,,,,,,,,,,,,,
NCOMP-0208,Company,中铁物贸集团有限公司,,中铁物贸集团有限公司,,,,,,,,,,,,,,,,,,,,,,,,,,,,
NCOMP-0209,Company,中铁电气化局集团（香港）有限公司,,中铁电气化局集团（香港）有限公司,,,,,,,,,,,,,,,,,,,,,,,,,,,,
NCOMP-0210,Company,中铁电气化局集团有限公司,,中铁电气化局集团有限公司,,,,,,,,,,,,,,,,,,,,,,,,,,,,
NCOMP-0211,Company,中银国际,,中银国际,,,,,,,,,,,,,,,,,,,,,,,,,,,,
NCOMP-0212,Company,中际旭创,,中际旭创,,,,,,,,,,,,,,,,,,,,,,,,,,,,
NCOMP-0213,Company,丸美生物,,丸美生物,,,,,,,,,,,,,,,,,,,,,,,,,,,,
NCOMP-0214,Company,丽豪清能,,丽豪清能,,,,,,,,,,,,,,,,,,,,,,,,,,,,
NCOMP-0215,Company,乌兹别克斯坦生活垃圾焚烧发电项目,,乌兹别克斯坦生活垃圾焚烧发电项目,,,,,,,,,,,,,,,,,,,,,,,,,,,,
NCOMP-0216,Company,乌干达输电公司,,乌干达输电公司,,,,,,,,,,,,,,,,,,,,,,,,,,,,
NCOMP-0217,Company,乐平市国有资产经营管理集团有限公司,,乐平市国有资产经营管理集团有限公司,,,,,,,,,,,,,,,,,,,,,,,,,,,,
NCOMP-0218,Company,九有股份,,九有股份,,,,,,,,,,,,,,,,,,,,,,,,,,,,
NCOMP-0219,Company,九洲药业,,九洲药业,,,,,,,,,,,,,,,,,,,,,,,,,,,,
NCOMP-0220,Company,九芝堂,,九芝堂,,,,,,,,,,,,,,,,,,,,,,,,,,,,
NCOMP-0221,Company,云南中烟工业有限责任公司,,云南中烟工业有限责任公司,,,,,,,,,,,,,,,,,,,,,,,,,,,,
NCOMP-0222,Company,云南交投新材料有限公司,,云南交投新材料有限公司,,,,,,,,,,,,,,,,,,,,,,,,,,,,
NCOMP-0223,Company,云南白药,,云南白药,,,,,,,,,,,,,,,,,,,,,,,,,,,,
NCOMP-0224,Company,云南省交通投资建设集团有限公司,,云南省交通投资建设集团有限公司,,,,,,,,,,,,,,,,,,,,,,,,,,,,
NCOMP-0225,Company,云顶新耀,,云顶新耀,,,,,,,,,,,,,,,,,,,,,,,,,,,,
NCOMP-0226,Company,五矿盐湖有限公司,,五矿盐湖有限公司,,,,,,,,,,,,,,,,,,,,,,,,,,,,
NCOMP-0227,Company,交通银行,,交通银行,,,,,,,,,,,,,,,,,,,,,,,,,,,,
NCOMP-0228,Company,交通银行股份有限公司,,交通银行股份有限公司,,,,,,,,,,,,,,,,,,,,,,,,,,,,
NCOMP-0229,Company,京东方能源科技有限公司,,京东方能源科技有限公司,,,,,,,,,,,,,,,,,,,,,,,,,,,,
NCOMP-0230,Company,人保财险上海分公司,,人保财险上海分公司,,,,,,,,,,,,,,,,,,,,,,,,,,,,
NCOMP-0231,Company,人福普克药业（武汉）有限公司,,人福普克药业（武汉）有限公司,,,,,,,,,,,,,,,,,,,,,,,,,,,,
NCOMP-0232,Company,亿纬锂能,,亿纬锂能,,,,,,,,,,,,,,,,,,,,,,,,,,,,
NCOMP-0233,Company,今世缘,,今世缘,,,,,,,,,,,,,,,,,,,,,,,,,,,,
NCOMP-0234,Company,伊托里水泥有限公司,,伊托里水泥有限公司,,,,,,,,,,,,,,,,,,,,,,,,,,,,
NCOMP-0235,Company,优刻得,,优刻得,,,,,,,,,,,,,,,,,,,,,,,,,,,,
NCOMP-0236,Company,优彩资源,,优彩资源,,,,,,,,,,,,,,,,,,,,,,,,,,,,
NCOMP-0237,Company,会稽山,,会稽山,,,,,,,,,,,,,,,,,,,,,,,,,,,,
NCOMP-0238,Company,传智教育,,传智教育,,,,,,,,,,,,,,,,,,,,,,,,,,,,
NCOMP-0239,Company,保利定转,,保利定转,,,,,,,,,,,,,,,,,,,,,,,,,,,,
NCOMP-0240,Company,保利物业,,保利物业,,,,,,,,,,,,,,,,,,,,,,,,,,,,
NCOMP-0241,Company,信义汽车玻璃,,信义汽车玻璃,,,,,,,,,,,,,,,,,,,,,,,,,,,,
NCOMP-0242,Company,信义玻璃,,信义玻璃,,,,,,,,,,,,,,,,,,,,,,,,,,,,
NCOMP-0243,Company,信立泰,,信立泰,,,,,,,,,,,,,,,,,,,,,,,,,,,,
NCOMP-0244,Company,信维通信,,信维通信,,,,,,,,,,,,,,,,,,,,,,,,,,,,
NCOMP-0245,Company,信达生物,,信达生物,,,,,,,,,,,,,,,,,,,,,,,,,,,,
NCOMP-0246,Company,信达生物制药,,信达生物制药,,,,,,,,,,,,,,,,,,,,,,,,,,,,
NCOMP-0247,Company,信邦智能,,信邦智能,,,,,,,,,,,,,,,,,,,,,,,,,,,,
NCOMP-0248,Company,元电（北京）飞轮储能科技有限公司,,元电（北京）飞轮储能科技有限公司,,,,,,,,,,,,,,,,,,,,,,,,,,,,
NCOMP-0249,Company,元道通信股份有限公司,,元道通信股份有限公司,,,,,,,,,,,,,,,,,,,,,,,,,,,,
NCOMP-0250,Company,兆易创新,,兆易创新,,,,,,,,,,,,,,,,,,,,,,,,,,,,
NCOMP-0251,Company,光大证券,,光大证券,,,,,,,,,,,,,,,,,,,,,,,,,,,,
NCOMP-0252,Company,光大银行上海分行,,光大银行上海分行,,,,,,,,,,,,,,,,,,,,,,,,,,,,
NCOMP-0253,Company,公司I,,公司I,,,,,,,,,,,,,,,,,,,,,,,,,,,,
NCOMP-0254,Company,公司I 的子公司,,公司I 的子公司,,,,,,,,,,,,,,,,,,,,,,,,,,,,
NCOMP-0255,Company,共绩科技,,共绩科技,,,,,,,,,,,,,,,,,,,,,,,,,,,,
NCOMP-0256,Company,兴业证券,,兴业证券,,,,,,,,,,,,,,,,,,,,,,,,,,,,
NCOMP-0257,Company,兴业银行股份有限公司,,兴业银行股份有限公司,,,,,,,,,,,,,,,,,,,,,,,,,,,,
NCOMP-0258,Company,内蒙古惠商融资担保有限公司,,内蒙古惠商融资担保有限公司,,,,,,,,,,,,,,,,,,,,,,,,,,,,
NCOMP-0259,Company,农业担保公司,,农业担保公司,,,,,,,,,,,,,,,,,,,,,,,,,,,,
NCOMP-0260,Company,农业银行,,农业银行,,,,,,,,,,,,,,,,,,,,,,,,,,,,
NCOMP-0261,Company,农夫山泉,,农夫山泉,,,,,,,,,,,,,,,,,,,,,,,,,,,,
NCOMP-0262,Company,冠苕咨询,,冠苕咨询,,,,,,,,,,,,,,,,,,,,,,,,,,,,
NCOMP-0263,Company,凯尔达,,凯尔达,,,,,,,,,,,,,,,,,,,,,,,,,,,,
NCOMP-0264,Company,创业板新能源ETF华泰柏瑞（159069）,,创业板新能源ETF华泰柏瑞（159069）,,,,,,,,,,,,,,,,,,,,,,,,,,,,
NCOMP-0265,Company,利尔化学,,利尔化学,,,,,,,,,,,,,,,,,,,,,,,,,,,,
NCOMP-0266,Company,匈牙利宝思德化学公司,,匈牙利宝思德化学公司,,,,,,,,,,,,,,,,,,,,,,,,,,,,
NCOMP-0267,Company,北京七星华电科技集团有限责任公司,,北京七星华电科技集团有限责任公司,,,,,,,,,,,,,,,,,,,,,,,,,,,,
NCOMP-0268,Company,北京中兰环境工程有限公司,,北京中兰环境工程有限公司,,,,,,,,,,,,,,,,,,,,,,,,,,,,
NCOMP-0269,Company,北京亚康智算科技有限公司,,北京亚康智算科技有限公司,,,,,,,,,,,,,,,,,,,,,,,,,,,,
NCOMP-0270,Company,北京亦庄国际投资发展有限公司,,北京亦庄国际投资发展有限公司,,,,,,,,,,,,,,,,,,,,,,,,,,,,
NCOMP-0271,Company,北京华创博达电子有限公司,,北京华创博达电子有限公司,,,,,,,,,,,,,,,,,,,,,,,,,,,,
NCOMP-0272,Company,北京君正,,北京君正,,,,,,,,,,,,,,,,,,,,,,,,,,,,
NCOMP-0273,Company,北京四环制药,,北京四环制药,,,,,,,,,,,,,,,,,,,,,,,,,,,,
NCOMP-0274,Company,北京国奥时代新能源技术发展有限公司,,北京国奥时代新能源技术发展有限公司,,,,,,,,,,,,,,,,,,,,,,,,,,,,
NCOMP-0275,Company,北京居正房地产开发有限公司,,北京居正房地产开发有限公司,,,,,,,,,,,,,,,,,,,,,,,,,,,,
NCOMP-0276,Company,北京工业发展投资管理有限公司,,北京工业发展投资管理有限公司,,,,,,,,,,,,,,,,,,,,,,,,,,,,
NCOMP-0277,Company,北京市天元律师事务所,,北京市天元律师事务所,,,,,,,,,,,,,,,,,,,,,,,,,,,,
NCOMP-0278,Company,北京海兰齐力照明设备安装工程有限公司,,北京海兰齐力照明设备安装工程有限公司,,,,,,,,,,,,,,,,,,,,,,,,,,,,
NCOMP-0279,Company,北京现代,,北京现代,,,,,,,,,,,,,,,,,,,,,,,,,,,,
NCOMP-0280,Company,北京电子控股有限责任公司,,北京电子控股有限责任公司,,,,,,,,,,,,,,,,,,,,,,,,,,,,
NCOMP-0281,Company,北京百汇怡翔科贸有限公司,,北京百汇怡翔科贸有限公司,,,,,,,,,,,,,,,,,,,,,,,,,,,,
NCOMP-0282,Company,北京神州鲲泰信息技术有限公司,,北京神州鲲泰信息技术有限公司,,,,,,,,,,,,,,,,,,,,,,,,,,,,
NCOMP-0283,Company,北京茗泽中和药物研究,,北京茗泽中和药物研究,,,,,,,,,,,,,,,,,,,,,,,,,,,,
NCOMP-0284,Company,北京通创九州金刚石科技有限公司,,北京通创九州金刚石科技有限公司,,,,,,,,,,,,,,,,,,,,,,,,,,,,
NCOMP-0285,Company,北京金山办公软件股份有限公司,,北京金山办公软件股份有限公司,,,,,,,,,,,,,,,,,,,,,,,,,,,,
NCOMP-0286,Company,北京集成电路制造和装备股权投资中心（有限合伙）,,北京集成电路制造和装备股权投资中心（有限合伙）,,,,,,,,,,,,,,,,,,,,,,,,,,,,
NCOMP-0287,Company,北大荒农垦集团有限公司,,北大荒农垦集团有限公司,,,,,,,,,,,,,,,,,,,,,,,,,,,,
NCOMP-0288,Company,北斗星通,,北斗星通,,,,,,,,,,,,,,,,,,,,,,,,,,,,
NCOMP-0289,Company,北汽新能源,,北汽新能源,,,,,,,,,,,,,,,,,,,,,,,,,,,,
NCOMP-0290,Company,北汽蓝谷,,北汽蓝谷,,,,,,,,,,,,,,,,,,,,,,,,,,,,
NCOMP-0291,Company,北海康成,,北海康成,,,,,,,,,,,,,,,,,,,,,,,,,,,,
NCOMP-0292,Company,华东医药投资控股（香港）有限公司,,华东医药投资控股（香港）有限公司,,,,,,,,,,,,,,,,,,,,,,,,,,,,
NCOMP-0293,Company,华为乾崑,,华为乾崑,,,,,,,,,,,,,,,,,,,,,,,,,,,,
NCOMP-0294,Company,华兴源创,,华兴源创,,,,,,,,,,,,,,,,,,,,,,,,,,,,
NCOMP-0295,Company,华力,,华力,,,,,,,,,,,,,,,,,,,,,,,,,,,,
NCOMP-0296,Company,华博生物,,华博生物,,,,,,,,,,,,,,,,,,,,,,,,,,,,
NCOMP-0297,Company,华大九天,,华大九天,,,,,,,,,,,,,,,,,,,,,,,,,,,,
NCOMP-0298,Company,华安证券,,华安证券,,,,,,,,,,,,,,,,,,,,,,,,,,,,
NCOMP-0299,Company,华工科技,,华工科技,,,,,,,,,,,,,,,,,,,,,,,,,,,,
NCOMP-0300,Company,华民股份,,华民股份,,,,,,,,,,,,,,,,,,,,,,,,,,,,
NCOMP-0301,Company,华泰宝利投资管理有限公司,,华泰宝利投资管理有限公司,,,,,,,,,,,,,,,,,,,,,,,,,,,,
NCOMP-0302,Company,华泰柏瑞基金,,华泰柏瑞基金,,,,,,,,,,,,,,,,,,,,,,,,,,,,
NCOMP-0303,Company,华泰证券,,华泰证券,,,,,,,,,,,,,,,,,,,,,,,,,,,,
NCOMP-0304,Company,华泰财产保险有限公司,,华泰财产保险有限公司,,,,,,,,,,,,,,,,,,,,,,,,,,,,
NCOMP-0305,Company,华泰资产管理有限公司,,华泰资产管理有限公司,,,,,,,,,,,,,,,,,,,,,,,,,,,,
NCOMP-0306,Company,华海欧洲公司,,华海欧洲公司,,,,,,,,,,,,,,,,,,,,,,,,,,,,
NCOMP-0307,Company,华润江中,,华润江中,,,,,,,,,,,,,,,,,,,,,,,,,,,,
NCOMP-0308,Company,华润紫竹药业有限公司,,华润紫竹药业有限公司,,,,,,,,,,,,,,,,,,,,,,,,,,,,
NCOMP-0309,Company,华润赛科药业有限责任公司,,华润赛科药业有限责任公司,,,,,,,,,,,,,,,,,,,,,,,,,,,,
NCOMP-0310,Company,华源证券,,华源证券,,,,,,,,,,,,,,,,,,,,,,,,,,,,
NCOMP-0311,Company,华虹,,华虹,,,,,,,,,,,,,,,,,,,,,,,,,,,,
NCOMP-0312,Company,华虹宏力,,华虹宏力,,,,,,,,,,,,,,,,,,,,,,,,,,,,
NCOMP-0313,Company,华虹集成电路（成都）有限公司,,华虹集成电路（成都）有限公司,,,,,,,,,,,,,,,,,,,,,,,,,,,,
NCOMP-0314,Company,华金证券,,华金证券,,,,,,,,,,,,,,,,,,,,,,,,,,,,
NCOMP-0315,Company,协鑫集团,,协鑫集团,,,,,,,,,,,,,,,,,,,,,,,,,,,,
NCOMP-0316,Company,卓佳專業商務有限公司,,卓佳專業商務有限公司,,,,,,,,,,,,,,,,,,,,,,,,,,,,
NCOMP-0317,Company,卓胜微,,卓胜微,,,,,,,,,,,,,,,,,,,,,,,,,,,,
NCOMP-0318,Company,南京依维柯汽车有限公司,,南京依维柯汽车有限公司,,,,,,,,,,,,,,,,,,,,,,,,,,,,
NCOMP-0319,Company,南京国轩控股集团有限公司,,南京国轩控股集团有限公司,,,,,,,,,,,,,,,,,,,,,,,,,,,,
NCOMP-0320,Company,南京汽车集团有限公司,,南京汽车集团有限公司,,,,,,,,,,,,,,,,,,,,,,,,,,,,
NCOMP-0321,Company,南京海纳制药有限公司,,南京海纳制药有限公司,,,,,,,,,,,,,,,,,,,,,,,,,,,,
NCOMP-0322,Company,南京能瑞电力科技有限公司,,南京能瑞电力科技有限公司,,,,,,,,,,,,,,,,,,,,,,,,,,,,
NCOMP-0323,Company,南京臣功制药,,南京臣功制药,,,,,,,,,,,,,,,,,,,,,,,,,,,,
NCOMP-0324,Company,南京莱斯信息技术股份有限公司,,南京莱斯信息技术股份有限公司,,,,,,,,,,,,,,,,,,,,,,,,,,,,
NCOMP-0325,Company,南京银行,,南京银行,,,,,,,,,,,,,,,,,,,,,,,,,,,,
NCOMP-0326,Company,南方电网公司,,南方电网公司,,,,,,,,,,,,,,,,,,,,,,,,,,,,
NCOMP-0327,Company,南钢股份,,南钢股份,,,,,,,,,,,,,,,,,,,,,,,,,,,,
NCOMP-0328,Company,厦门时代深远创业投资基金合伙企业（有限合伙）,,厦门时代深远创业投资基金合伙企业（有限合伙）,,,,,,,,,,,,,,,,,,,,,,,,,,,,
NCOMP-0329,Company,厦门溥泉私募基金管理合伙企业（有限合伙）,,厦门溥泉私募基金管理合伙企业（有限合伙）,,,,,,,,,,,,,,,,,,,,,,,,,,,,
NCOMP-0330,Company,双林股份,,双林股份,,,,,,,,,,,,,,,,,,,,,,,,,,,,
NCOMP-0331,Company,双林股份有限公司,,双林股份有限公司,,,,,,,,,,,,,,,,,,,,,,,,,,,,
NCOMP-0332,Company,古越龙山,,古越龙山,,,,,,,,,,,,,,,,,,,,,,,,,,,,
NCOMP-0333,Company,台积电,,台积电,,,,,,,,,,,,,,,,,,,,,,,,,,,,
NCOMP-0334,Company,吉利商用车,,吉利商用车,,,,,,,,,,,,,,,,,,,,,,,,,,,,
NCOMP-0335,Company,吉利控股集团,,吉利控股集团,,,,,,,,,,,,,,,,,,,,,,,,,,,,
NCOMP-0336,Company,吉林吉润,,吉林吉润,,,,,,,,,,,,,,,,,,,,,,,,,,,,
NCOMP-0337,Company,吉林吉润新材料有限公司,,吉林吉润新材料有限公司,,,,,,,,,,,,,,,,,,,,,,,,,,,,
NCOMP-0338,Company,吉林碳谷,,吉林碳谷,,,,,,,,,,,,,,,,,,,,,,,,,,,,
NCOMP-0339,Company,吉林碳谷碳纤维股份有限公司,,吉林碳谷碳纤维股份有限公司,,,,,,,,,,,,,,,,,,,,,,,,,,,,
NCOMP-0340,Company,吉比特,,吉比特,,,,,,,,,,,,,,,,,,,,,,,,,,,,
NCOMP-0341,Company,同程,,同程,,,,,,,,,,,,,,,,,,,,,,,,,,,,
NCOMP-0342,Company,同花顺,,同花顺,,,,,,,,,,,,,,,,,,,,,,,,,,,,
NCOMP-0343,Company,启明创投,,启明创投,,,,,,,,,,,,,,,,,,,,,,,,,,,,
NCOMP-0344,Company,哈尔滨联合飞机科技有限公司,,哈尔滨联合飞机科技有限公司,,,,,,,,,,,,,,,,,,,,,,,,,,,,
NCOMP-0345,Company,哈药股份,,哈药股份,,,,,,,,,,,,,,,,,,,,,,,,,,,,
NCOMP-0346,Company,哔哩哔哩,,哔哩哔哩,,,,,,,,,,,,,,,,,,,,,,,,,,,,
NCOMP-0347,Company,四川久远投资控股集团有限公司,,四川久远投资控股集团有限公司,,,,,,,,,,,,,,,,,,,,,,,,,,,,
NCOMP-0348,Company,四川仁安药业有限责任公司,,四川仁安药业有限责任公司,,,,,,,,,,,,,,,,,,,,,,,,,,,,
NCOMP-0349,Company,四川化材科技有限公司,,四川化材科技有限公司,,,,,,,,,,,,,,,,,,,,,,,,,,,,
NCOMP-0350,Company,四川循远项目管理有限公司,,四川循远项目管理有限公司,,,,,,,,,,,,,,,,,,,,,,,,,,,,
NCOMP-0351,Company,四川百利药业有限责任公司,,四川百利药业有限责任公司,,,,,,,,,,,,,,,,,,,,,,,,,,,,
NCOMP-0352,Company,国家电力投资集团有限公司,,国家电力投资集团有限公司,,,,,,,,,,,,,,,,,,,,,,,,,,,,
NCOMP-0353,Company,国家电投香港财资管理有限公司,,国家电投香港财资管理有限公司,,,,,,,,,,,,,,,,,,,,,,,,,,,,
NCOMP-0354,Company,国家电网,,国家电网,,,,,,,,,,,,,,,,,,,,,,,,,,,,
NCOMP-0355,Company,国家电网有限公司,,国家电网有限公司,,,,,,,,,,,,,,,,,,,,,,,,,,,,
NCOMP-0356,Company,国家能源投资集团有限责任公司,,国家能源投资集团有限责任公司,,,,,,,,,,,,,,,,,,,,,,,,,,,,
NCOMP-0357,Company,国家集成电路产业投资基金股份有限公司,,国家集成电路产业投资基金股份有限公司,,,,,,,,,,,,,,,,,,,,,,,,,,,,
NCOMP-0358,Company,国寿财险上海分公司,,国寿财险上海分公司,,,,,,,,,,,,,,,,,,,,,,,,,,,,
NCOMP-0359,Company,国机财务有限责任公司,,国机财务有限责任公司,,,,,,,,,,,,,,,,,,,,,,,,,,,,
NCOMP-0360,Company,国泰海通,,国泰海通,,,,,,,,,,,,,,,,,,,,,,,,,,,,
NCOMP-0361,Company,国泰海通证券股份有限公司,,国泰海通证券股份有限公司,,,,,,,,,,,,,,,,,,,,,,,,,,,,
NCOMP-0362,Company,国瓷材料,,国瓷材料,,,,,,,,,,,,,,,,,,,,,,,,,,,,
NCOMP-0363,Company,国网电力科学研究院有限公司,,国网电力科学研究院有限公司,,,,,,,,,,,,,,,,,,,,,,,,,,,,
NCOMP-0364,Company,国联民生证券承销保荐有限公司,,国联民生证券承销保荐有限公司,,,,,,,,,,,,,,,,,,,,,,,,,,,,
NCOMP-0365,Company,国能内蒙古煤炭技术研究院有限公司,,国能内蒙古煤炭技术研究院有限公司,,,,,,,,,,,,,,,,,,,,,,,,,,,,
NCOMP-0366,Company,国药集团川抗制药有限公司,,国药集团川抗制药有限公司,,,,,,,,,,,,,,,,,,,,,,,,,,,,
NCOMP-0367,Company,国药集团工业有限公司,,国药集团工业有限公司,,,,,,,,,,,,,,,,,,,,,,,,,,,,
NCOMP-0368,Company,国药集团工业有限公司廊坊分公司,,国药集团工业有限公司廊坊分公司,,,,,,,,,,,,,,,,,,,,,,,,,,,,
NCOMP-0369,Company,国药集团致君（深圳）坪山制药有限公司,,国药集团致君（深圳）坪山制药有限公司,,,,,,,,,,,,,,,,,,,,,,,,,,,,
NCOMP-0370,Company,国轩高科,,国轩高科,,,,,,,,,,,,,,,,,,,,,,,,,,,,
NCOMP-0371,Company,国金证券,,国金证券,,,,,,,,,,,,,,,,,,,,,,,,,,,,
NCOMP-0372,Company,国金证券股份有限公司,,国金证券股份有限公司,,,,,,,,,,,,,,,,,,,,,,,,,,,,
NCOMP-0373,Company,国际某知名船东,,国际某知名船东,,,,,,,,,,,,,,,,,,,,,,,,,,,,
NCOMP-0374,Company,圆通速递,,圆通速递,,,,,,,,,,,,,,,,,,,,,,,,,,,,
NCOMP-0375,Company,圣诺生物,,圣诺生物,,,,,,,,,,,,,,,,,,,,,,,,,,,,
NCOMP-0376,Company,地平线机器人,,地平线机器人,,,,,,,,,,,,,,,,,,,,,,,,,,,,
NCOMP-0377,Company,坦赞坦桑尼亚公司,,坦赞坦桑尼亚公司,,,,,,,,,,,,,,,,,,,,,,,,,,,,
NCOMP-0378,Company,坦赞赞比亚公司,,坦赞赞比亚公司,,,,,,,,,,,,,,,,,,,,,,,,,,,,
NCOMP-0379,Company,埃夫特,,埃夫特,,,,,,,,,,,,,,,,,,,,,,,,,,,,
NCOMP-0380,Company,埃斯顿,,埃斯顿,,,,,,,,,,,,,,,,,,,,,,,,,,,,
NCOMP-0381,Company,复旦微电,,复旦微电,,,,,,,,,,,,,,,,,,,,,,,,,,,,
NCOMP-0382,Company,大众汽车,,大众汽车,,,,,,,,,,,,,,,,,,,,,,,,,,,,
NCOMP-0383,Company,大冢制药,,大冢制药,,,,,,,,,,,,,,,,,,,,,,,,,,,,
NCOMP-0384,Company,大华会计师事务所(特殊普通合伙),,大华会计师事务所(特殊普通合伙),,,,,,,,,,,,,,,,,,,,,,,,,,,,
NCOMP-0385,Company,大理市云泽水务发展有限公司,,大理市云泽水务发展有限公司,,,,,,,,,,,,,,,,,,,,,,,,,,,,
NCOMP-0386,Company,大理市建投工程有限公司,,大理市建投工程有限公司,,,,,,,,,,,,,,,,,,,,,,,,,,,,
NCOMP-0387,Company,大连电瓷,,大连电瓷,,,,,,,,,,,,,,,,,,,,,,,,,,,,
NCOMP-0388,Company,天健所,,天健所,,,,,,,,,,,,,,,,,,,,,,,,,,,,
NCOMP-0389,Company,天元锰业项目,,天元锰业项目,,,,,,,,,,,,,,,,,,,,,,,,,,,,
NCOMP-0390,Company,天合光能,,天合光能,,,,,,,,,,,,,,,,,,,,,,,,,,,,
NCOMP-0391,Company,天士力,,天士力,,,,,,,,,,,,,,,,,,,,,,,,,,,,
NCOMP-0392,Company,天孚通信,,天孚通信,,,,,,,,,,,,,,,,,,,,,,,,,,,,
NCOMP-0393,Company,天津跃峰,,天津跃峰,,,,,,,,,,,,,,,,,,,,,,,,,,,,
NCOMP-0394,Company,天津锦龙智慧钻井有限公司,,天津锦龙智慧钻井有限公司,,,,,,,,,,,,,,,,,,,,,,,,,,,,
NCOMP-0395,Company,天职国际会计师事务所（特殊普通合伙）,,天职国际会计师事务所（特殊普通合伙）,,,,,,,,,,,,,,,,,,,,,,,,,,,,
NCOMP-0396,Company,天能动力国际有限公司,,天能动力国际有限公司,,,,,,,,,,,,,,,,,,,,,,,,,,,,
NCOMP-0397,Company,天赐材料,,天赐材料,,,,,,,,,,,,,,,,,,,,,,,,,,,,
NCOMP-0398,Company,天风证券,,天风证券,,,,,,,,,,,,,,,,,,,,,,,,,,,,
NCOMP-0399,Company,太保产险上海分公司,,太保产险上海分公司,,,,,,,,,,,,,,,,,,,,,,,,,,,,
NCOMP-0400,Company,太原钢铁（集团）有限公司,,太原钢铁（集团）有限公司,,,,,,,,,,,,,,,,,,,,,,,,,,,,
NCOMP-0401,Company,奇想无限,,奇想无限,,,,,,,,,,,,,,,,,,,,,,,,,,,,
NCOMP-0402,Company,奥克斯智能科技,,奥克斯智能科技,,,,,,,,,,,,,,,,,,,,,,,,,,,,
NCOMP-0403,Company,奥克股份,,奥克股份,,,,,,,,,,,,,,,,,,,,,,,,,,,,
NCOMP-0404,Company,奥浦迈,,奥浦迈,,,,,,,,,,,,,,,,,,,,,,,,,,,,
NCOMP-0405,Company,奥迪,,奥迪,,,,,,,,,,,,,,,,,,,,,,,,,,,,
NCOMP-0406,Company,字节跳动,,字节跳动,,,,,,,,,,,,,,,,,,,,,,,,,,,,
NCOMP-0407,Company,宁德时代新能源产业投资有限公司,,宁德时代新能源产业投资有限公司,,,,,,,,,,,,,,,,,,,,,,,,,,,,
NCOMP-0408,Company,宁波震裕科技股份有限公司,,宁波震裕科技股份有限公司,,,,,,,,,,,,,,,,,,,,,,,,,,,,
NCOMP-0409,Company,安井食品,,安井食品,,,,,,,,,,,,,,,,,,,,,,,,,,,,
NCOMP-0410,Company,安吉航运有限公司,,安吉航运有限公司,,,,,,,,,,,,,,,,,,,,,,,,,,,,
NCOMP-0411,Company,安德利,,安德利,,,,,,,,,,,,,,,,,,,,,,,,,,,,
NCOMP-0412,Company,安徽元控储充新能源科技有限公司,,安徽元控储充新能源科技有限公司,,,,,,,,,,,,,,,,,,,,,,,,,,,,
NCOMP-0413,Company,安徽坤之诚钢结构有限公司,,安徽坤之诚钢结构有限公司,,,,,,,,,,,,,,,,,,,,,,,,,,,,
NCOMP-0414,Company,安徽永生堂药业有限责任公司,,安徽永生堂药业有限责任公司,,,,,,,,,,,,,,,,,,,,,,,,,,,,
NCOMP-0415,Company,安徽美来药业股份有限公司,,安徽美来药业股份有限公司,,,,,,,,,,,,,,,,,,,,,,,,,,,,
NCOMP-0416,Company,安徽鸿翔建材有限公司,,安徽鸿翔建材有限公司,,,,,,,,,,,,,,,,,,,,,,,,,,,,
NCOMP-0417,Company,安琪酵母,,安琪酵母,,,,,,,,,,,,,,,,,,,,,,,,,,,,
NCOMP-0418,Company,宏和科技,,宏和科技,,,,,,,,,,,,,,,,,,,,,,,,,,,,
NCOMP-0419,Company,宏景科技,,宏景科技,,,,,,,,,,,,,,,,,,,,,,,,,,,,
NCOMP-0420,Company,宜宾发展控股集团有限公司,,宜宾发展控股集团有限公司,,,,,,,,,,,,,,,,,,,,,,,,,,,,
NCOMP-0421,Company,宜昌人福药业有限责任公司,,宜昌人福药业有限责任公司,,,,,,,,,,,,,,,,,,,,,,,,,,,,
NCOMP-0422,Company,宜联生物,,宜联生物,,,,,,,,,,,,,,,,,,,,,,,,,,,,
NCOMP-0423,Company,宝武集团财务有限责任公司,,宝武集团财务有限责任公司,,,,,,,,,,,,,,,,,,,,,,,,,,,,
NCOMP-0424,Company,宝马集团,,宝马集团,,,,,,,,,,,,,,,,,,,,,,,,,,,,
NCOMP-0425,Company,客户C 公司,,客户C 公司,,,,,,,,,,,,,,,,,,,,,,,,,,,,
NCOMP-0426,Company,宿迁宿城国有资本控股（集团）有限公司,,宿迁宿城国有资本控股（集团）有限公司,,,,,,,,,,,,,,,,,,,,,,,,,,,,
NCOMP-0427,Company,富祥股份,,富祥股份,,,,,,,,,,,,,,,,,,,,,,,,,,,,
NCOMP-0428,Company,富联赣州,,富联赣州,,,,,,,,,,,,,,,,,,,,,,,,,,,,
NCOMP-0429,Company,寒武纪,,寒武纪,,,,,,,,,,,,,,,,,,,,,,,,,,,,
NCOMP-0430,Company,寰创国际工程（北京）有限公司,,寰创国际工程（北京）有限公司,,,,,,,,,,,,,,,,,,,,,,,,,,,,
NCOMP-0431,Company,小米集团,,小米集团,,,,,,,,,,,,,,,,,,,,,,,,,,,,
NCOMP-0432,Company,小红书,,小红书,,,,,,,,,,,,,,,,,,,,,,,,,,,,
NCOMP-0433,Company,小鱼易连,,小鱼易连,,,,,,,,,,,,,,,,,,,,,,,,,,,,
NCOMP-0434,Company,小鹏,,小鹏,,,,,,,,,,,,,,,,,,,,,,,,,,,,
NCOMP-0435,Company,小鹏汽车,,小鹏汽车,,,,,,,,,,,,,,,,,,,,,,,,,,,,
NCOMP-0436,Company,尼加拉瓜蓬塔韦特国际机场,,尼加拉瓜蓬塔韦特国际机场,,,,,,,,,,,,,,,,,,,,,,,,,,,,
NCOMP-0437,Company,山东东宏集团有限公司,,山东东宏集团有限公司,,,,,,,,,,,,,,,,,,,,,,,,,,,,
NCOMP-0438,Company,山东中复凯新能源科技有限公司,,山东中复凯新能源科技有限公司,,,,,,,,,,,,,,,,,,,,,,,,,,,,
NCOMP-0439,Company,山东泉兴科技有限公司,,山东泉兴科技有限公司,,,,,,,,,,,,,,,,,,,,,,,,,,,,
NCOMP-0440,Company,山东财汇控股集团有限公司,,山东财汇控股集团有限公司,,,,,,,,,,,,,,,,,,,,,,,,,,,,
NCOMP-0441,Company,山东重工集团有限公司,,山东重工集团有限公司,,,,,,,,,,,,,,,,,,,,,,,,,,,,
NCOMP-0442,Company,山东重工集团财务有限公司,,山东重工集团财务有限公司,,,,,,,,,,,,,,,,,,,,,,,,,,,,
NCOMP-0443,Company,山东齐都药业,,山东齐都药业,,,,,,,,,,,,,,,,,,,,,,,,,,,,
NCOMP-0444,Company,山西晋新双鹤药业有限责任公司,,山西晋新双鹤药业有限责任公司,,,,,,,,,,,,,,,,,,,,,,,,,,,,
NCOMP-0445,Company,川环科技,,川环科技,,,,,,,,,,,,,,,,,,,,,,,,,,,,
NCOMP-0446,Company,川环科技（深圳）有限公司,,川环科技（深圳）有限公司,,,,,,,,,,,,,,,,,,,,,,,,,,,,
NCOMP-0447,Company,巨石生物,,巨石生物,,,,,,,,,,,,,,,,,,,,,,,,,,,,
NCOMP-0448,Company,常熟中坚,,常熟中坚,,,,,,,,,,,,,,,,,,,,,,,,,,,,
NCOMP-0449,Company,平安医药精选,,平安医药精选,,,,,,,,,,,,,,,,,,,,,,,,,,,,
NCOMP-0450,Company,平安证券,,平安证券,,,,,,,,,,,,,,,,,,,,,,,,,,,,
NCOMP-0451,Company,广东奇创网络科技有限公司,,广东奇创网络科技有限公司,,,,,,,,,,,,,,,,,,,,,,,,,,,,
NCOMP-0452,Company,广东海天集团股份有限公司,,广东海天集团股份有限公司,,,,,,,,,,,,,,,,,,,,,,,,,,,,
NCOMP-0453,Company,广东省农垦总局,,广东省农垦总局,,,,,,,,,,,,,,,,,,,,,,,,,,,,
NCOMP-0454,Company,广发证券,,广发证券,,,,,,,,,,,,,,,,,,,,,,,,,,,,
NCOMP-0455,Company,广发银行,,广发银行,,,,,,,,,,,,,,,,,,,,,,,,,,,,
NCOMP-0456,Company,广合科技,,广合科技,,,,,,,,,,,,,,,,,,,,,,,,,,,,
NCOMP-0457,Company,广州瑞安博医药科技有限公司,,广州瑞安博医药科技有限公司,,,,,,,,,,,,,,,,,,,,,,,,,,,,
NCOMP-0458,Company,广西海风清洁能源有限公司,,广西海风清洁能源有限公司,,,,,,,,,,,,,,,,,,,,,,,,,,,,
NCOMP-0459,Company,广西锦象水泥有限公司,,广西锦象水泥有限公司,,,,,,,,,,,,,,,,,,,,,,,,,,,,
NCOMP-0460,Company,庆鼎精密电子(淮安)有限公司,,庆鼎精密电子(淮安)有限公司,,庆鼎精密电子（淮安）有限公司,,,,,,,,,,,,,,,,,,,,,,,,,,
NCOMP-0461,Company,康希诺,,康希诺,,,,,,,,,,,,,,,,,,,,,,,,,,,,
NCOMP-0462,Company,康方生物,,康方生物,,,,,,,,,,,,,,,,,,,,,,,,,,,,
NCOMP-0463,Company,康泰生物,,康泰生物,,,,,,,,,,,,,,,,,,,,,,,,,,,,
NCOMP-0464,Company,康美药业,,康美药业,,,,,,,,,,,,,,,,,,,,,,,,,,,,
NCOMP-0465,Company,建设银行,,建设银行,,,,,,,,,,,,,,,,,,,,,,,,,,,,
NCOMP-0466,Company,开源证券,,开源证券,,,,,,,,,,,,,,,,,,,,,,,,,,,,
NCOMP-0467,Company,弗迪电池,,弗迪电池,,,,,,,,,,,,,,,,,,,,,,,,,,,,
NCOMP-0468,Company,微信支付,,微信支付,,,,,,,,,,,,,,,,,,,,,,,,,,,,
NCOMP-0469,Company,德勤关黄陈方会计师行,,德勤关黄陈方会计师行,,,,,,,,,,,,,,,,,,,,,,,,,,,,
NCOMP-0470,Company,德勤华永会计师事务所（特殊普通合伙）,,德勤华永会计师事务所（特殊普通合伙）,,,,,,,,,,,,,,,,,,,,,,,,,,,,
NCOMP-0471,Company,德国凯傲集团,,德国凯傲集团,,,,,,,,,,,,,,,,,,,,,,,,,,,,
NCOMP-0472,Company,德芯智算,,德芯智算,,,,,,,,,,,,,,,,,,,,,,,,,,,,
NCOMP-0473,Company,快乐小草公司,,快乐小草公司,,,,,,,,,,,,,,,,,,,,,,,,,,,,
NCOMP-0474,Company,恒基地产,,恒基地产,,,,,,,,,,,,,,,,,,,,,,,,,,,,
NCOMP-0475,Company,恒尚节能,,恒尚节能,,,,,,,,,,,,,,,,,,,,,,,,,,,,
NCOMP-0476,Company,恒生前海基金,,恒生前海基金,,,,,,,,,,,,,,,,,,,,,,,,,,,,
NCOMP-0477,Company,恒生电子,,恒生电子,,,,,,,,,,,,,,,,,,,,,,,,,,,,
NCOMP-0478,Company,恒逸石化,,恒逸石化,,,,,,,,,,,,,,,,,,,,,,,,,,,,
NCOMP-0479,Company,意大利美纳里尼集团,,意大利美纳里尼集团,,,,,,,,,,,,,,,,,,,,,,,,,,,,
NCOMP-0480,Company,成都数据集团股份有限公司,,成都数据集团股份有限公司,,,,,,,,,,,,,,,,,,,,,,,,,,,,
NCOMP-0481,Company,成都百利多特生物药业有限责任公司,,成都百利多特生物药业有限责任公司,,,,,,,,,,,,,,,,,,,,,,,,,,,,
NCOMP-0482,Company,抖音,,抖音,,,,,,,,,,,,,,,,,,,,,,,,,,,,
NCOMP-0483,Company,拓斯达,,拓斯达,,,,,,,,,,,,,,,,,,,,,,,,,,,,
NCOMP-0484,Company,拓荆科技,,拓荆科技,,,,,,,,,,,,,,,,,,,,,,,,,,,,
NCOMP-0485,Company,招商证券,,招商证券,,,,,,,,,,,,,,,,,,,,,,,,,,,,
NCOMP-0486,Company,招金黄金,,招金黄金,,,,,,,,,,,,,,,,,,,,,,,,,,,,
NCOMP-0487,Company,指南针,,指南针,,,,,,,,,,,,,,,,,,,,,,,,,,,,
NCOMP-0488,Company,摩尔线程智能科技（北京）股份有限公司,,摩尔线程智能科技（北京）股份有限公司,,,,,,,,,,,,,,,,,,,,,,,,,,,,
NCOMP-0489,Company,支付宝,,支付宝,,,,,,,,,,,,,,,,,,,,,,,,,,,,
NCOMP-0490,Company,新元素医药,,新元素医药,,,,,,,,,,,,,,,,,,,,,,,,,,,,
NCOMP-0491,Company,新华传媒,,新华传媒,,,,,,,,,,,,,,,,,,,,,,,,,,,,
NCOMP-0492,Company,新华手术器械有限公司,,新华手术器械有限公司,,,,,,,,,,,,,,,,,,,,,,,,,,,,
NCOMP-0493,Company,新易盛,,新易盛,,,,,,,,,,,,,,,,,,,,,,,,,,,,
NCOMP-0494,Company,新特能源股份有限公司,,新特能源股份有限公司,,,,,,,,,,,,,,,,,,,,,,,,,,,,
NCOMP-0495,Company,新疆兵团勘测设计院集团股份有限公司,,新疆兵团勘测设计院集团股份有限公司,,,,,,,,,,,,,,,,,,,,,,,,,,,,
NCOMP-0496,Company,新疆兵团市政轨道交通（集团）有限公司,,新疆兵团市政轨道交通（集团）有限公司,,,,,,,,,,,,,,,,,,,,,,,,,,,,
NCOMP-0497,Company,新疆双河工程建设有限责任公司,,新疆双河工程建设有限责任公司,,,,,,,,,,,,,,,,,,,,,,,,,,,,
NCOMP-0498,Company,新疆水利水电勘测设计研究院有限责任公司,,新疆水利水电勘测设计研究院有限责任公司,,,,,,,,,,,,,,,,,,,,,,,,,,,,
NCOMP-0499,Company,新疆沃图恒辉建设工程项目管理有限公司,,新疆沃图恒辉建设工程项目管理有限公司,,,,,,,,,,,,,,,,,,,,,,,,,,,,
NCOMP-0500,Company,新疆维吾尔自治区水利电力物资有限公司,,新疆维吾尔自治区水利电力物资有限公司,,,,,,,,,,,,,,,,,,,,,,,,,,,,
NCOMP-0501,Company,新疆股权交易中心有限公司,,新疆股权交易中心有限公司,,,,,,,,,,,,,,,,,,,,,,,,,,,,
NCOMP-0502,Company,新鸿基地产,,新鸿基地产,,,,,,,,,,,,,,,,,,,,,,,,,,,,
NCOMP-0503,Company,方正证券股份有限公司,,方正证券股份有限公司,,,,,,,,,,,,,,,,,,,,,,,,,,,,
NCOMP-0504,Company,无锡照明股份有限公司,,无锡照明股份有限公司,,,,,,,,,,,,,,,,,,,,,,,,,,,,
NCOMP-0505,Company,昂华（上海）自动化工程股份有限公司,,昂华（上海）自动化工程股份有限公司,,,,,,,,,,,,,,,,,,,,,,,,,,,,
NCOMP-0506,Company,昆坤（海南）投资有限公司,,昆坤（海南）投资有限公司,,,,,,,,,,,,,,,,,,,,,,,,,,,,
NCOMP-0507,Company,昊志机电,,昊志机电,,,,,,,,,,,,,,,,,,,,,,,,,,,,
NCOMP-0508,Company,星宸科技,,星宸科技,,,,,,,,,,,,,,,,,,,,,,,,,,,,
NCOMP-0509,Company,星网锐捷,,星网锐捷,,,,,,,,,,,,,,,,,,,,,,,,,,,,
NCOMP-0510,Company,映恩生物,,映恩生物,,,,,,,,,,,,,,,,,,,,,,,,,,,,
NCOMP-0511,Company,昭衍新药,,昭衍新药,,,,,,,,,,,,,,,,,,,,,,,,,,,,
NCOMP-0512,Company,普利制药,,普利制药,,,,,,,,,,,,,,,,,,,,,,,,,,,,
NCOMP-0513,Company,普华永道中天会计师事务所（特殊普通合伙）,,普华永道中天会计师事务所（特殊普通合伙）,,,,,,,,,,,,,,,,,,,,,,,,,,,,
NCOMP-0514,Company,普莱医药,,普莱医药,,,,,,,,,,,,,,,,,,,,,,,,,,,,
NCOMP-0515,Company,晶丰明源,,晶丰明源,,,,,,,,,,,,,,,,,,,,,,,,,,,,
NCOMP-0516,Company,晶澳科技,,晶澳科技,,,,,,,,,,,,,,,,,,,,,,,,,,,,
NCOMP-0517,Company,晶科科技,,晶科科技,,,,,,,,,,,,,,,,,,,,,,,,,,,,
NCOMP-0518,Company,智慧油气投资有限公司,,智慧油气投资有限公司,,,,,,,,,,,,,,,,,,,,,,,,,,,,
NCOMP-0519,Company,智慧石油,,智慧石油,,,,,,,,,,,,,,,,,,,,,,,,,,,,
NCOMP-0520,Company,智慧石油投资有限公司,,智慧石油投资有限公司,,,,,,,,,,,,,,,,,,,,,,,,,,,,
NCOMP-0521,Company,智翔金泰,,智翔金泰,,,,,,,,,,,,,,,,,,,,,,,,,,,,
NCOMP-0522,Company,朗姿股份,,朗姿股份,,,,,,,,,,,,,,,,,,,,,,,,,,,,
NCOMP-0523,Company,机器人,,机器人,,,,,,,,,,,,,,,,,,,,,,,,,,,,
NCOMP-0524,Company,杭州中美华东制药有限公司,,杭州中美华东制药有限公司,,,,,,,,,,,,,,,,,,,,,,,,,,,,
NCOMP-0525,Company,杭州瀚融信息技术有限公司,,杭州瀚融信息技术有限公司,,,,,,,,,,,,,,,,,,,,,,,,,,,,
NCOMP-0526,Company,杭州讯奇信息技术有限公司,,杭州讯奇信息技术有限公司,,,,,,,,,,,,,,,,,,,,,,,,,,,,
NCOMP-0527,Company,极狐汽车,,极狐汽车,,,,,,,,,,,,,,,,,,,,,,,,,,,,
NCOMP-0528,Company,枣庄市财金控股集团有限公司,,枣庄市财金控股集团有限公司,,,,,,,,,,,,,,,,,,,,,,,,,,,,
NCOMP-0529,Company,株式会社大塚制药工场,,株式会社大塚制药工场,,,,,,,,,,,,,,,,,,,,,,,,,,,,
NCOMP-0530,Company,格科微,,格科微,,,,,,,,,,,,,,,,,,,,,,,,,,,,
NCOMP-0531,Company,梅河口如实新盛新能源有限公司,,梅河口如实新盛新能源有限公司,,,,,,,,,,,,,,,,,,,,,,,,,,,,
NCOMP-0532,Company,梅赛德斯—奔驰集团,,梅赛德斯—奔驰集团,,,,,,,,,,,,,,,,,,,,,,,,,,,,
NCOMP-0533,Company,楚雄隆基能源设备销售有限公司,,楚雄隆基能源设备销售有限公司,,,,,,,,,,,,,,,,,,,,,,,,,,,,
NCOMP-0534,Company,欣可丽美学（上海）医疗科技有限公司,,欣可丽美学（上海）医疗科技有限公司,,,,,,,,,,,,,,,,,,,,,,,,,,,,
NCOMP-0535,Company,欣可丽美学（杭州）医疗科技有限公司,,欣可丽美学（杭州）医疗科技有限公司,,,,,,,,,,,,,,,,,,,,,,,,,,,,
NCOMP-0536,Company,歌尔光学科技有限公司,,歌尔光学科技有限公司,,,,,,,,,,,,,,,,,,,,,,,,,,,,
NCOMP-0537,Company,歌尔集团有限公司,,歌尔集团有限公司,,,,,,,,,,,,,,,,,,,,,,,,,,,,
NCOMP-0538,Company,正泰电源,,正泰电源,,,,,,,,,,,,,,,,,,,,,,,,,,,,
NCOMP-0539,Company,武汉九珑人福药业有限责任公司,,武汉九珑人福药业有限责任公司,,,,,,,,,,,,,,,,,,,,,,,,,,,,
NCOMP-0540,Company,武汉康录生物技术股份有限公司,,武汉康录生物技术股份有限公司,,,,,,,,,,,,,,,,,,,,,,,,,,,,
NCOMP-0541,Company,武汉建工集团股份有限公司,,武汉建工集团股份有限公司,,,,,,,,,,,,,,,,,,,,,,,,,,,,
NCOMP-0542,Company,武汉建工集团股份有限公司新洲分公司,,武汉建工集团股份有限公司新洲分公司,,,,,,,,,,,,,,,,,,,,,,,,,,,,
NCOMP-0543,Company,武钢集团有限公司,,武钢集团有限公司,,,,,,,,,,,,,,,,,,,,,,,,,,,,
NCOMP-0544,Company,比音勒芬,,比音勒芬,,,,,,,,,,,,,,,,,,,,,,,,,,,,
NCOMP-0545,Company,民生银行,,民生银行,,,,,,,,,,,,,,,,,,,,,,,,,,,,
NCOMP-0546,Company,水电公司,,水电公司,,,,,,,,,,,,,,,,,,,,,,,,,,,,
NCOMP-0547,Company,永和股份,,永和股份,,,,,,,,,,,,,,,,,,,,,,,,,,,,
NCOMP-0548,Company,永太科技,,永太科技,,,,,,,,,,,,,,,,,,,,,,,,,,,,
NCOMP-0549,Company,汇丰控股,,汇丰控股,,,,,,,,,,,,,,,,,,,,,,,,,,,,
NCOMP-0550,Company,汇川技术,,汇川技术,,,,,,,,,,,,,,,,,,,,,,,,,,,,
NCOMP-0551,Company,汉缆股份,,汉缆股份,,,,,,,,,,,,,,,,,,,,,,,,,,,,
NCOMP-0552,Company,江波龙,,江波龙,,,,,,,,,,,,,,,,,,,,,,,,,,,,
NCOMP-0553,Company,江苏中坚金属材料有限公司,,江苏中坚金属材料有限公司,,,,,,,,,,,,,,,,,,,,,,,,,,,,
NCOMP-0554,Company,江苏中来新材,,江苏中来新材,,,,,,,,,,,,,,,,,,,,,,,,,,,,
NCOMP-0555,Company,江苏众安建设投资(集团)有限公司,,江苏众安建设投资(集团)有限公司,,江苏众安建设投资（集团）有限公司,,,,,,,,,,,,,,,,,,,,,,,,,,
NCOMP-0556,Company,江苏吴中,,江苏吴中,,,,,,,,,,,,,,,,,,,,,,,,,,,,
NCOMP-0557,Company,江苏威奇达药业有限公司,,江苏威奇达药业有限公司,,,,,,,,,,,,,,,,,,,,,,,,,,,,
NCOMP-0558,Company,江苏宿城国有资产经营管理有限公司,,江苏宿城国有资产经营管理有限公司,,,,,,,,,,,,,,,,,,,,,,,,,,,,
NCOMP-0559,Company,江苏恩华药业股份有限公司,,江苏恩华药业股份有限公司,,,,,,,,,,,,,,,,,,,,,,,,,,,,
NCOMP-0560,Company,江苏永贵,,江苏永贵,,,,,,,,,,,,,,,,,,,,,,,,,,,,
NCOMP-0561,Company,江苏藏青新能源产业发展基金合伙企业（有限合伙）,,江苏藏青新能源产业发展基金合伙企业（有限合伙）,,,,,,,,,,,,,,,,,,,,,,,,,,,,
NCOMP-0562,Company,江苏通光强能输电线科技有限公司,,江苏通光强能输电线科技有限公司,,,,,,,,,,,,,,,,,,,,,,,,,,,,
NCOMP-0563,Company,江苏通用半导体有限公司,,江苏通用半导体有限公司,,,,,,,,,,,,,,,,,,,,,,,,,,,,
NCOMP-0564,Company,江苏银行,,江苏银行,,,,,,,,,,,,,,,,,,,,,,,,,,,,
NCOMP-0565,Company,江苏银行南通分行,,江苏银行南通分行,,,,,,,,,,,,,,,,,,,,,,,,,,,,
NCOMP-0566,Company,江苏银行无锡分行,,江苏银行无锡分行,,,,,,,,,,,,,,,,,,,,,,,,,,,,
NCOMP-0567,Company,江苏银行镇江分行,,江苏银行镇江分行,,,,,,,,,,,,,,,,,,,,,,,,,,,,
NCOMP-0568,Company,江苏鸿成工程项目管理有限公司,,江苏鸿成工程项目管理有限公司,,,,,,,,,,,,,,,,,,,,,,,,,,,,
NCOMP-0569,Company,江西同和药业股份有限公司,,江西同和药业股份有限公司,,,,,,,,,,,,,,,,,,,,,,,,,,,,
NCOMP-0570,Company,江西寻乌抽水蓄能有限公司,,江西寻乌抽水蓄能有限公司,,,,,,,,,,,,,,,,,,,,,,,,,,,,
NCOMP-0571,Company,江西省机电设备招标有限公司,,江西省机电设备招标有限公司,,,,,,,,,,,,,,,,,,,,,,,,,,,,
NCOMP-0572,Company,江西磻溪建设工程有限公司,,江西磻溪建设工程有限公司,,,,,,,,,,,,,,,,,,,,,,,,,,,,
NCOMP-0573,Company,江西透景,,江西透景,,,,,,,,,,,,,,,,,,,,,,,,,,,,
NCOMP-0574,Company,江西金浔有色工程技术有限公司,,江西金浔有色工程技术有限公司,,,,,,,,,,,,,,,,,,,,,,,,,,,,
NCOMP-0575,Company,沃华医药,,沃华医药,,,,,,,,,,,,,,,,,,,,,,,,,,,,
NCOMP-0576,Company,沃森生物,,沃森生物,,,,,,,,,,,,,,,,,,,,,,,,,,,,
NCOMP-0577,Company,沈阳新松机器人自动化股份有限公司,,沈阳新松机器人自动化股份有限公司,,,,,,,,,,,,,,,,,,,,,,,,,,,,
NCOMP-0578,Company,河北透景,,河北透景,,,,,,,,,,,,,,,,,,,,,,,,,,,,
NCOMP-0579,Company,河南陆创工程设计有限公司,,河南陆创工程设计有限公司,,,,,,,,,,,,,,,,,,,,,,,,,,,,
NCOMP-0580,Company,河池市城乡建设投资集团有限公司,,河池市城乡建设投资集团有限公司,,,,,,,,,,,,,,,,,,,,,,,,,,,,
NCOMP-0581,Company,河池市龙江河谷灌区开发建设有限公司,,河池市龙江河谷灌区开发建设有限公司,,,,,,,,,,,,,,,,,,,,,,,,,,,,
NCOMP-0582,Company,泊寓,,泊寓,,,,,,,,,,,,,,,,,,,,,,,,,,,,
NCOMP-0583,Company,泰胜风能,,泰胜风能,,,,,,,,,,,,,,,,,,,,,,,,,,,,
NCOMP-0584,Company,泰诺麦博,,泰诺麦博,,,,,,,,,,,,,,,,,,,,,,,,,,,,
NCOMP-0585,Company,泽璟制药,,泽璟制药,,,,,,,,,,,,,,,,,,,,,,,,,,,,
NCOMP-0586,Company,津药和平（天津）制药有限公司,,津药和平（天津）制药有限公司,,,,,,,,,,,,,,,,,,,,,,,,,,,,
NCOMP-0587,Company,济南市市中区房地产开发集团建筑装修有限公司,,济南市市中区房地产开发集团建筑装修有限公司,,,,,,,,,,,,,,,,,,,,,,,,,,,,
NCOMP-0588,Company,济南市市中区房地产开发集团有限公司,,济南市市中区房地产开发集团有限公司,,,,,,,,,,,,,,,,,,,,,,,,,,,,
NCOMP-0589,Company,济南济赛信息科技有限公司,,济南济赛信息科技有限公司,,,,,,,,,,,,,,,,,,,,,,,,,,,,
NCOMP-0590,Company,济宁市市政投资有限公司,,济宁市市政投资有限公司,,,,,,,,,,,,,,,,,,,,,,,,,,,,
NCOMP-0591,Company,浙商证券,,浙商证券,,,,,,,,,,,,,,,,,,,,,,,,,,,,
NCOMP-0592,Company,浙江交投,,浙江交投,,,,,,,,,,,,,,,,,,,,,,,,,,,,
NCOMP-0593,Company,浙江华海制药科技有限公司,,浙江华海制药科技有限公司,,,,,,,,,,,,,,,,,,,,,,,,,,,,
NCOMP-0594,Company,浙江浙能电力股份有限公司,,浙江浙能电力股份有限公司,,,,,,,,,,,,,,,,,,,,,,,,,,,,
NCOMP-0595,Company,浙江浙能能源服务有限公司,,浙江浙能能源服务有限公司,,,,,,,,,,,,,,,,,,,,,,,,,,,,
NCOMP-0596,Company,浙江海正动物保健品有限公司,,浙江海正动物保健品有限公司,,,,,,,,,,,,,,,,,,,,,,,,,,,,
NCOMP-0597,Company,浙江盾安人工环境股份有限公司,,浙江盾安人工环境股份有限公司,,,,,,,,,,,,,,,,,,,,,,,,,,,,
NCOMP-0598,Company,浙江省交通投资集团有限公司,,浙江省交通投资集团有限公司,,,,,,,,,,,,,,,,,,,,,,,,,,,,
NCOMP-0599,Company,浙江赛默制药有限公司,,浙江赛默制药有限公司,,,,,,,,,,,,,,,,,,,,,,,,,,,,
NCOMP-0600,Company,浙江车头制药股份有限公司,,浙江车头制药股份有限公司,,,,,,,,,,,,,,,,,,,,,,,,,,,,
NCOMP-0601,Company,浙江道尔生物科技有限公司,,浙江道尔生物科技有限公司,,,,,,,,,,,,,,,,,,,,,,,,,,,,
NCOMP-0602,Company,浦发银行,,浦发银行,,,,,,,,,,,,,,,,,,,,,,,,,,,,
NCOMP-0603,Company,浪潮,,浪潮,,,,,,,,,,,,,,,,,,,,,,,,,,,,
NCOMP-0604,Company,海光信息,,海光信息,,,,,,,,,,,,,,,,,,,,,,,,,,,,
NCOMP-0605,Company,海光信息技术股份有限公司,,海光信息技术股份有限公司,,,,,,,,,,,,,,,,,,,,,,,,,,,,
NCOMP-0606,Company,海南矿业,,海南矿业,,,,,,,,,,,,,,,,,,,,,,,,,,,,
NCOMP-0607,Company,海南银行股份有限公司,,海南银行股份有限公司,,,,,,,,,,,,,,,,,,,,,,,,,,,,
NCOMP-0608,Company,海思科,,海思科,,,,,,,,,,,,,,,,,,,,,,,,,,,,
NCOMP-0609,Company,海思科医药集团股份有限公司,,海思科医药集团股份有限公司,,,,,,,,,,,,,,,,,,,,,,,,,,,,
NCOMP-0610,Company,海格通信,,海格通信,,,,,,,,,,,,,,,,,,,,,,,,,,,,
NCOMP-0611,Company,海螺水泥,,海螺水泥,,,,,,,,,,,,,,,,,,,,,,,,,,,,
NCOMP-0612,Company,海鸥股份,,海鸥股份,,,,,,,,,,,,,,,,,,,,,,,,,,,,
NCOMP-0613,Company,润和软件,,润和软件,,,,,,,,,,,,,,,,,,,,,,,,,,,,
NCOMP-0614,Company,深圳中科欣扬生物科技有限公司,,深圳中科欣扬生物科技有限公司,,,,,,,,,,,,,,,,,,,,,,,,,,,,
NCOMP-0615,Company,深圳佰维存储科技股份有限公司,,深圳佰维存储科技股份有限公司,,,,,,,,,,,,,,,,,,,,,,,,,,,,
NCOMP-0616,Company,深圳复通科技发展有限公司,,深圳复通科技发展有限公司,,,,,,,,,,,,,,,,,,,,,,,,,,,,
NCOMP-0617,Company,深圳富桂,,深圳富桂,,,,,,,,,,,,,,,,,,,,,,,,,,,,
NCOMP-0618,Company,深圳市云拥国际贸易合伙企业,,深圳市云拥国际贸易合伙企业,,,,,,,,,,,,,,,,,,,,,,,,,,,,
NCOMP-0619,Company,深圳市兆能讯通科技有限公司,,深圳市兆能讯通科技有限公司,,,,,,,,,,,,,,,,,,,,,,,,,,,,
NCOMP-0620,Company,深圳市地铁集团有限公司,,深圳市地铁集团有限公司,,,,,,,,,,,,,,,,,,,,,,,,,,,,
NCOMP-0621,Company,深圳市物明福田健康产业投资合伙企业（有限合伙）,,深圳市物明福田健康产业投资合伙企业（有限合伙）,,,,,,,,,,,,,,,,,,,,,,,,,,,,
NCOMP-0622,Company,深圳市瑞康宏业科技开发有限公司,,深圳市瑞康宏业科技开发有限公司,,,,,,,,,,,,,,,,,,,,,,,,,,,,
NCOMP-0623,Company,深圳市行云控股有限责任公司,,深圳市行云控股有限责任公司,,,,,,,,,,,,,,,,,,,,,,,,,,,,
NCOMP-0624,Company,深圳市赢合科技股份有限公司,,深圳市赢合科技股份有限公司,,,,,,,,,,,,,,,,,,,,,,,,,,,,
NCOMP-0625,Company,深圳市鼎贸贸易有限公司,,深圳市鼎贸贸易有限公司,,,,,,,,,,,,,,,,,,,,,,,,,,,,
NCOMP-0626,Company,深圳联合飞机科技有限公司,,深圳联合飞机科技有限公司,,,,,,,,,,,,,,,,,,,,,,,,,,,,
NCOMP-0627,Company,深圳证券信息有限公司,,深圳证券信息有限公司,,,,,,,,,,,,,,,,,,,,,,,,,,,,
NCOMP-0628,Company,渤海银行股份有限公司,,渤海银行股份有限公司,,,,,,,,,,,,,,,,,,,,,,,,,,,,
NCOMP-0629,Company,港澳文旅,,港澳文旅,,,,,,,,,,,,,,,,,,,,,,,,,,,,
NCOMP-0630,Company,湖北信通通信有限公司,,湖北信通通信有限公司,,,,,,,,,,,,,,,,,,,,,,,,,,,,
NCOMP-0631,Company,湖北葛店人福药业有限责任公司,,湖北葛店人福药业有限责任公司,,,,,,,,,,,,,,,,,,,,,,,,,,,,
NCOMP-0632,Company,湖南中烟工业有限责任公司,,湖南中烟工业有限责任公司,,,,,,,,,,,,,,,,,,,,,,,,,,,,
NCOMP-0633,Company,湛江钢铁,,湛江钢铁,,,,,,,,,,,,,,,,,,,,,,,,,,,,
NCOMP-0634,Company,源杰科技,,源杰科技,,,,,,,,,,,,,,,,,,,,,,,,,,,,
NCOMP-0635,Company,潍柴控股集团有限公司,,潍柴控股集团有限公司,,,,,,,,,,,,,,,,,,,,,,,,,,,,
NCOMP-0636,Company,潍柴重机股份有限公司,,潍柴重机股份有限公司,,,,,,,,,,,,,,,,,,,,,,,,,,,,
NCOMP-0637,Company,澜起科技,,澜起科技,,,,,,,,,,,,,,,,,,,,,,,,,,,,
NCOMP-0638,Company,澜起科技股份有限公司,,澜起科技股份有限公司,,,,,,,,,,,,,,,,,,,,,,,,,,,,
NCOMP-0639,Company,澳优乳业,,澳优乳业,,,,,,,,,,,,,,,,,,,,,,,,,,,,
NCOMP-0640,Company,澳优乳业股份有限公司,,澳优乳业股份有限公司,,,,,,,,,,,,,,,,,,,,,,,,,,,,
NCOMP-0641,Company,炎和科技,,炎和科技,,,,,,,,,,,,,,,,,,,,,,,,,,,,
NCOMP-0642,Company,烟台中诚投资股份有限公司,,烟台中诚投资股份有限公司,,,,,,,,,,,,,,,,,,,,,,,,,,,,
NCOMP-0643,Company,烟台国丰投资控股集团有限公司,,烟台国丰投资控股集团有限公司,,,,,,,,,,,,,,,,,,,,,,,,,,,,
NCOMP-0644,Company,牧原肉食品有限公司,,牧原肉食品有限公司,,,,,,,,,,,,,,,,,,,,,,,,,,,,
NCOMP-0645,Company,牧原食品股份有限公司,,牧原食品股份有限公司,,,,,,,,,,,,,,,,,,,,,,,,,,,,
NCOMP-0646,Company,特斯拉,,特斯拉,,,,,,,,,,,,,,,,,,,,,,,,,,,,
NCOMP-0647,Company,特斯拉中国,,特斯拉中国,,,,,,,,,,,,,,,,,,,,,,,,,,,,
NCOMP-0648,Company,现代牧业,,现代牧业,,,,,,,,,,,,,,,,,,,,,,,,,,,,
NCOMP-0649,Company,珠海明骏,,珠海明骏,,,,,,,,,,,,,,,,,,,,,,,,,,,,
NCOMP-0650,Company,珠海明骏投资合伙企业（有限合伙）,,珠海明骏投资合伙企业（有限合伙）,,,,,,,,,,,,,,,,,,,,,,,,,,,,
NCOMP-0651,Company,珠海经济特区工业发展总公司,,珠海经济特区工业发展总公司,,,,,,,,,,,,,,,,,,,,,,,,,,,,
NCOMP-0652,Company,理想,,理想,,,,,,,,,,,,,,,,,,,,,,,,,,,,
NCOMP-0653,Company,瑞众人寿保险有限责任公司－自有资金,,瑞众人寿保险有限责任公司－自有资金,,,,,,,,,,,,,,,,,,,,,,,,,,,,
NCOMP-0654,Company,瑞普生物,,瑞普生物,,,,,,,,,,,,,,,,,,,,,,,,,,,,
NCOMP-0655,Company,瑞泰来,,瑞泰来,,,,,,,,,,,,,,,,,,,,,,,,,,,,
NCOMP-0656,Company,甘肃公航旅路业有限公司,,甘肃公航旅路业有限公司,,,,,,,,,,,,,,,,,,,,,,,,,,,,
NCOMP-0657,Company,生益科技,,生益科技,,,,,,,,,,,,,,,,,,,,,,,,,,,,
NCOMP-0658,Company,申万宏源证券,,申万宏源证券,,,,,,,,,,,,,,,,,,,,,,,,,,,,
NCOMP-0659,Company,电科数字,,电科数字,,,,,,,,,,,,,,,,,,,,,,,,,,,,
NCOMP-0660,Company,界面财联社,,界面财联社,,,,,,,,,,,,,,,,,,,,,,,,,,,,
NCOMP-0661,Company,百时美施贵宝,,百时美施贵宝,,,,,,,,,,,,,,,,,,,,,,,,,,,,
NCOMP-0662,Company,百普赛斯,,百普赛斯,,,,,,,,,,,,,,,,,,,,,,,,,,,,
NCOMP-0663,Company,百济神州,,百济神州,,,,,,,,,,,,,,,,,,,,,,,,,,,,
NCOMP-0664,Company,皓元医药,,皓元医药,,,,,,,,,,,,,,,,,,,,,,,,,,,,
NCOMP-0665,Company,盛视科技,,盛视科技,,,,,,,,,,,,,,,,,,,,,,,,,,,,
NCOMP-0666,Company,相关公司,,相关公司,,,,,,,,,,,,,,,,,,,,,,,,,,,,
NCOMP-0667,Company,盾安金属（泰国）有限公司,,盾安金属（泰国）有限公司,,,,,,,,,,,,,,,,,,,,,,,,,,,,
NCOMP-0668,Company,石头科技,,石头科技,,,,,,,,,,,,,,,,,,,,,,,,,,,,
NCOMP-0669,Company,石药集团,,石药集团,,,,,,,,,,,,,,,,,,,,,,,,,,,,
NCOMP-0670,Company,石药集团巨石生物制药有限公司,,石药集团巨石生物制药有限公司,,,,,,,,,,,,,,,,,,,,,,,,,,,,
NCOMP-0671,Company,礼来,,礼来,,,,,,,,,,,,,,,,,,,,,,,,,,,,
NCOMP-0672,Company,福元药业有限公司,,福元药业有限公司,,,,,,,,,,,,,,,,,,,,,,,,,,,,
NCOMP-0673,Company,福建奥华集团有限公司,,福建奥华集团有限公司,,,,,,,,,,,,,,,,,,,,,,,,,,,,
NCOMP-0674,Company,福建瑞泰来医药科技有限公司,,福建瑞泰来医药科技有限公司,,,,,,,,,,,,,,,,,,,,,,,,,,,,
NCOMP-0675,Company,福斯特,,福斯特,,,,,,,,,,,,,,,,,,,,,,,,,,,,
NCOMP-0676,Company,禾元生物,,禾元生物,,,,,,,,,,,,,,,,,,,,,,,,,,,,
NCOMP-0677,Company,科济药业,,科济药业,,,,,,,,,,,,,,,,,,,,,,,,,,,,
NCOMP-0678,Company,科翔股份,,科翔股份,,,,,,,,,,,,,,,,,,,,,,,,,,,,
NCOMP-0679,Company,立新能源,,立新能源,,,,,,,,,,,,,,,,,,,,,,,,,,,,
NCOMP-0680,Company,立方制药,,立方制药,,,,,,,,,,,,,,,,,,,,,,,,,,,,
NCOMP-0681,Company,第一三共,,第一三共,,,,,,,,,,,,,,,,,,,,,,,,,,,,
NCOMP-0682,Company,米内网,,米内网,,,,,,,,,,,,,,,,,,,,,,,,,,,,
NCOMP-0683,Company,粤海饲料,,粤海饲料,,,,,,,,,,,,,,,,,,,,,,,,,,,,
NCOMP-0684,Company,精华制药集团南通有限公司,,精华制药集团南通有限公司,,,,,,,,,,,,,,,,,,,,,,,,,,,,
NCOMP-0685,Company,紫光股份,,紫光股份,,,,,,,,,,,,,,,,,,,,,,,,,,,,
NCOMP-0686,Company,紫金矿业股权投资管理（厦门）有限公司,,紫金矿业股权投资管理（厦门）有限公司,,,,,,,,,,,,,,,,,,,,,,,,,,,,
NCOMP-0687,Company,紫金黄金国际,,紫金黄金国际,,,,,,,,,,,,,,,,,,,,,,,,,,,,
NCOMP-0688,Company,纬创资通（越南）有限公司,,纬创资通（越南）有限公司,,,,,,,,,,,,,,,,,,,,,,,,,,,,
NCOMP-0689,Company,绍兴韦豪,,绍兴韦豪,,,,,,,,,,,,,,,,,,,,,,,,,,,,
NCOMP-0690,Company,罗氏,,罗氏,,,,,,,,,,,,,,,,,,,,,,,,,,,,
NCOMP-0691,Company,美国Oak Pharmaceuticals Inc公司,,美国Oak Pharmaceuticals Inc公司,,,,,,,,,,,,,,,,,,,,,,,,,,,,
NCOMP-0692,Company,美纳里尼,,美纳里尼,,,,,,,,,,,,,,,,,,,,,,,,,,,,
NCOMP-0693,Company,联合信用管理有限公司,,联合信用管理有限公司,,,,,,,,,,,,,,,,,,,,,,,,,,,,
NCOMP-0694,Company,联合资信评估股份有限公司,,联合资信评估股份有限公司,,,,,,,,,,,,,,,,,,,,,,,,,,,,
NCOMP-0695,Company,联想集团,,联想集团,,,,,,,,,,,,,,,,,,,,,,,,,,,,
NCOMP-0696,Company,联环药业,,联环药业,,,,,,,,,,,,,,,,,,,,,,,,,,,,
NCOMP-0697,Company,联讯仪器,,联讯仪器,,,,,,,,,,,,,,,,,,,,,,,,,,,,
NCOMP-0698,Company,能瑞电力,,能瑞电力,,,,,,,,,,,,,,,,,,,,,,,,,,,,
NCOMP-0699,Company,腾讯,,腾讯,,,,,,,,,,,,,,,,,,,,,,,,,,,,
NCOMP-0700,Company,腾讯云,,腾讯云,,,,,,,,,,,,,,,,,,,,,,,,,,,,
NCOMP-0701,Company,腾讯控股,,腾讯控股,,,,,,,,,,,,,,,,,,,,,,,,,,,,
NCOMP-0702,Company,自贡广联,,自贡广联,,,,,,,,,,,,,,,,,,,,,,,,,,,,
NCOMP-0703,Company,航天电器,,航天电器,,,,,,,,,,,,,,,,,,,,,,,,,,,,
NCOMP-0704,Company,航宇科技,,航宇科技,,,,,,,,,,,,,,,,,,,,,,,,,,,,
NCOMP-0705,Company,航油公司,,航油公司,,,,,,,,,,,,,,,,,,,,,,,,,,,,
NCOMP-0706,Company,航油集团,,航油集团,,,,,,,,,,,,,,,,,,,,,,,,,,,,
NCOMP-0707,Company,航空工业集团,,航空工业集团,,,,,,,,,,,,,,,,,,,,,,,,,,,,
NCOMP-0708,Company,艾伯维,,艾伯维,,,,,,,,,,,,,,,,,,,,,,,,,,,,
NCOMP-0709,Company,艾尼氪,,艾尼氪,,,,,,,,,,,,,,,,,,,,,,,,,,,,
NCOMP-0710,Company,芜湖联合飞机科技有限公司,,芜湖联合飞机科技有限公司,,,,,,,,,,,,,,,,,,,,,,,,,,,,
NCOMP-0711,Company,芯原微电子（上海）股份有限公司,,芯原微电子（上海）股份有限公司,,,,,,,,,,,,,,,,,,,,,,,,,,,,
NCOMP-0712,Company,芯导科技,,芯导科技,,,,,,,,,,,,,,,,,,,,,,,,,,,,
NCOMP-0713,Company,花旗国际有限公司,,花旗国际有限公司,,,,,,,,,,,,,,,,,,,,,,,,,,,,
NCOMP-0714,Company,苏州中材建设有限公司,,苏州中材建设有限公司,,,,,,,,,,,,,,,,,,,,,,,,,,,,
NCOMP-0715,Company,苏州中来民生能源有限公司,,苏州中来民生能源有限公司,,,,,,,,,,,,,,,,,,,,,,,,,,,,
NCOMP-0716,Company,苏州华旭新能股权投资合伙企业（有限合伙）,,苏州华旭新能股权投资合伙企业（有限合伙）,,,,,,,,,,,,,,,,,,,,,,,,,,,,
NCOMP-0717,Company,苏州天隆生物科技有限公司,,苏州天隆生物科技有限公司,,,,,,,,,,,,,,,,,,,,,,,,,,,,
NCOMP-0718,Company,苏试试验,,苏试试验,,,,,,,,,,,,,,,,,,,,,,,,,,,,
NCOMP-0719,Company,英矽智能,,英矽智能,,,,,,,,,,,,,,,,,,,,,,,,,,,,
NCOMP-0720,Company,英维克,,英维克,,,,,,,,,,,,,,,,,,,,,,,,,,,,
NCOMP-0721,Company,英迪芯微,,英迪芯微,,,,,,,,,,,,,,,,,,,,,,,,,,,,
NCOMP-0722,Company,荣成歌尔科技有限公司,,荣成歌尔科技有限公司,,,,,,,,,,,,,,,,,,,,,,,,,,,,
NCOMP-0723,Company,荣昌生物,,荣昌生物,,,,,,,,,,,,,,,,,,,,,,,,,,,,
NCOMP-0724,Company,荣耀,,荣耀,,,,,,,,,,,,,,,,,,,,,,,,,,,,
NCOMP-0725,Company,药明康德,,药明康德,,,,,,,,,,,,,,,,,,,,,,,,,,,,
NCOMP-0726,Company,蓝思科技,,蓝思科技,,,,,,,,,,,,,,,,,,,,,,,,,,,,
NCOMP-0727,Company,蓝思科技股份有限公司,,蓝思科技股份有限公司,,,,,,,,,,,,,,,,,,,,,,,,,,,,
NCOMP-0728,Company,蓝色光标,,蓝色光标,,,,,,,,,,,,,,,,,,,,,,,,,,,,
NCOMP-0729,Company,蓬勃生物,,蓬勃生物,,,,,,,,,,,,,,,,,,,,,,,,,,,,
NCOMP-0730,Company,蔚来,,蔚来,,,,,,,,,,,,,,,,,,,,,,,,,,,,
NCOMP-0731,Company,蜂助手,,蜂助手,,,,,,,,,,,,,,,,,,,,,,,,,,,,
NCOMP-0732,Company,装备集团,,装备集团,,,,,,,,,,,,,,,,,,,,,,,,,,,,
NCOMP-0733,Company,西南交通建设集团股份有限公司,,西南交通建设集团股份有限公司,,,,,,,,,,,,,,,,,,,,,,,,,,,,
NCOMP-0734,Company,西安奕材,,西安奕材,,,,,,,,,,,,,,,,,,,,,,,,,,,,
NCOMP-0735,Company,西安隆基新能源有限公司,,西安隆基新能源有限公司,,,,,,,,,,,,,,,,,,,,,,,,,,,,
NCOMP-0736,Company,西安隆基清洁能源有限公司,,西安隆基清洁能源有限公司,,,,,,,,,,,,,,,,,,,,,,,,,,,,
NCOMP-0737,Company,西部证券,,西部证券,,,,,,,,,,,,,,,,,,,,,,,,,,,,
NCOMP-0738,Company,视源股份,,视源股份,,,,,,,,,,,,,,,,,,,,,,,,,,,,
NCOMP-0739,Company,诺华,,诺华,,,,,,,,,,,,,,,,,,,,,,,,,,,,
NCOMP-0740,Company,诺华(Novartis Pharmaceuticals Corp),,诺华(Novartis Pharmaceuticals Corp),,,,,,,,,,,,,,,,,,,,,,,,,,,,
NCOMP-0741,Company,诺诚健华,,诺诚健华,,,,,,,,,,,,,,,,,,,,,,,,,,,,
NCOMP-0742,Company,贝达药业,,贝达药业,,,,,,,,,,,,,,,,,,,,,,,,,,,,
NCOMP-0743,Company,财信证券,,财信证券,,,,,,,,,,,,,,,,,,,,,,,,,,,,
NCOMP-0744,Company,财务公司,,财务公司,,,,,,,,,,,,,,,,,,,,,,,,,,,,
NCOMP-0745,Company,财达证券,,财达证券,,,,,,,,,,,,,,,,,,,,,,,,,,,,
NCOMP-0746,Company,财通多策略福鑫,,财通多策略福鑫,,,,,,,,,,,,,,,,,,,,,,,,,,,,
NCOMP-0747,Company,贵州时代矿业有限公司,,贵州时代矿业有限公司,,,,,,,,,,,,,,,,,,,,,,,,,,,,
NCOMP-0748,Company,贵州爱茅台数字科技有限公司,,贵州爱茅台数字科技有限公司,,,,,,,,,,,,,,,,,,,,,,,,,,,,
NCOMP-0749,Company,贵州瓮福项目,,贵州瓮福项目,,,,,,,,,,,,,,,,,,,,,,,,,,,,
NCOMP-0750,Company,贵州省国有资本运营有限责任公司,,贵州省国有资本运营有限责任公司,,,,,,,,,,,,,,,,,,,,,,,,,,,,
NCOMP-0751,Company,赛伍技术,,赛伍技术,,,,,,,,,,,,,,,,,,,,,,,,,,,,
NCOMP-0752,Company,赛博引擎,,赛博引擎,,,,,,,,,,,,,,,,,,,,,,,,,,,,
NCOMP-0753,Company,赛诺菲,,赛诺菲,,,,,,,,,,,,,,,,,,,,,,,,,,,,
NCOMP-0754,Company,赤峰黄金,,赤峰黄金,,,,,,,,,,,,,,,,,,,,,,,,,,,,
NCOMP-0755,Company,越南天邦饲料有限公司,,越南天邦饲料有限公司,,,,,,,,,,,,,,,,,,,,,,,,,,,,
NCOMP-0756,Company,越南通威有限责任公司,,越南通威有限责任公司,,,,,,,,,,,,,,,,,,,,,,,,,,,,
NCOMP-0757,Company,辉瑞,,辉瑞,,,,,,,,,,,,,,,,,,,,,,,,,,,,
NCOMP-0758,Company,辉瑞公司,,辉瑞公司,,,,,,,,,,,,,,,,,,,,,,,,,,,,
NCOMP-0759,Company,迈睿达供应链股份有限公司,,迈睿达供应链股份有限公司,,,,,,,,,,,,,,,,,,,,,,,,,,,,
NCOMP-0760,Company,近岸蛋白,,近岸蛋白,,,,,,,,,,,,,,,,,,,,,,,,,,,,
NCOMP-0761,Company,远大医药,,远大医药,,,,,,,,,,,,,,,,,,,,,,,,,,,,
NCOMP-0762,Company,迪哲（江苏）医药股份有限公司,,迪哲（江苏）医药股份有限公司,,,,,,,,,,,,,,,,,,,,,,,,,,,,
NCOMP-0763,Company,迪哲医药,,迪哲医药,,,,,,,,,,,,,,,,,,,,,,,,,,,,
NCOMP-0764,Company,迪拜分行,,迪拜分行,,,,,,,,,,,,,,,,,,,,,,,,,,,,
NCOMP-0765,Company,通22转债,,通22转债,,,,,,,,,,,,,,,,,,,,,,,,,,,,
NCOMP-0766,Company,通光光缆,,通光光缆,,,,,,,,,,,,,,,,,,,,,,,,,,,,
NCOMP-0767,Company,通光强能,,通光强能,,,,,,,,,,,,,,,,,,,,,,,,,,,,
NCOMP-0768,Company,通化安睿特,,通化安睿特,,,,,,,,,,,,,,,,,,,,,,,,,,,,
NCOMP-0769,Company,通威（海南）水产食品有限公司,,通威（海南）水产食品有限公司,,,,,,,,,,,,,,,,,,,,,,,,,,,,
NCOMP-0770,Company,通威太阳能（眉山）有限公司,,通威太阳能（眉山）有限公司,,,,,,,,,,,,,,,,,,,,,,,,,,,,
NCOMP-0771,Company,通威拜欧玛（无锡）生物科技有限公司,,通威拜欧玛（无锡）生物科技有限公司,,,,,,,,,,,,,,,,,,,,,,,,,,,,
NCOMP-0772,Company,通威电力工程（成都）有限公司,,通威电力工程（成都）有限公司,,,,,,,,,,,,,,,,,,,,,,,,,,,,
NCOMP-0773,Company,邮储银行,,邮储银行,,,,,,,,,,,,,,,,,,,,,,,,,,,,
NCOMP-0774,Company,重庆永贵,,重庆永贵,,,,,,,,,,,,,,,,,,,,,,,,,,,,
NCOMP-0775,Company,金信精选成长,,金信精选成长,,,,,,,,,,,,,,,,,,,,,,,,,,,,
NCOMP-0776,Company,金力永磁,,金力永磁,,,,,,,,,,,,,,,,,,,,,,,,,,,,
NCOMP-0777,Company,金斯瑞生物科技,,金斯瑞生物科技,,,,,,,,,,,,,,,,,,,,,,,,,,,,
NCOMP-0778,Company,金斯瑞生物科技股份有限公司,,金斯瑞生物科技股份有限公司,,,,,,,,,,,,,,,,,,,,,,,,,,,,
NCOMP-0779,Company,金智信息,,金智信息,,,,,,,,,,,,,,,,,,,,,,,,,,,,
NCOMP-0780,Company,金煤科技,,金煤科技,,,,,,,,,,,,,,,,,,,,,,,,,,,,
NCOMP-0781,Company,金胜电子,,金胜电子,,,,,,,,,,,,,,,,,,,,,,,,,,,,
NCOMP-0782,Company,钧达股份,,钧达股份,,,,,,,,,,,,,,,,,,,,,,,,,,,,
NCOMP-0783,Company,银华智荟内在价值,,银华智荟内在价值,,,,,,,,,,,,,,,,,,,,,,,,,,,,
NCOMP-0784,Company,银河证券,,银河证券,,,,,,,,,,,,,,,,,,,,,,,,,,,,
NCOMP-0785,Company,锦州奥鸿药业有限责任公司,,锦州奥鸿药业有限责任公司,,,,,,,,,,,,,,,,,,,,,,,,,,,,
NCOMP-0786,Company,长实集团,,长实集团,,,,,,,,,,,,,,,,,,,,,,,,,,,,
NCOMP-0787,Company,长春百克生物科技股份公司,,长春百克生物科技股份公司,,,,,,,,,,,,,,,,,,,,,,,,,,,,
NCOMP-0788,Company,长春金赛药业有限责任公司,,长春金赛药业有限责任公司,,,,,,,,,,,,,,,,,,,,,,,,,,,,
NCOMP-0789,Company,长江证券,,长江证券,,,,,,,,,,,,,,,,,,,,,,,,,,,,
NCOMP-0790,Company,长电科技,,长电科技,,,,,,,,,,,,,,,,,,,,,,,,,,,,
NCOMP-0791,Company,长鑫科技,,长鑫科技,,,,,,,,,,,,,,,,,,,,,,,,,,,,
NCOMP-0792,Company,长飞光纤,,长飞光纤,,,,,,,,,,,,,,,,,,,,,,,,,,,,
NCOMP-0793,Company,闽东时代,,闽东时代,,,,,,,,,,,,,,,,,,,,,,,,,,,,
NCOMP-0794,Company,阳光新能源,,阳光新能源,,,,,,,,,,,,,,,,,,,,,,,,,,,,
NCOMP-0795,Company,阿拉善左旗蓝马园林生态建设有限责任公司,,阿拉善左旗蓝马园林生态建设有限责任公司,,,,,,,,,,,,,,,,,,,,,,,,,,,,
NCOMP-0796,Company,阿拉善盟蔚来林草生态建设有限责任公司,,阿拉善盟蔚来林草生态建设有限责任公司,,,,,,,,,,,,,,,,,,,,,,,,,,,,
NCOMP-0797,Company,阿斯利康,,阿斯利康,,,,,,,,,,,,,,,,,,,,,,,,,,,,
NCOMP-0798,Company,阿里,,阿里,,,,,,,,,,,,,,,,,,,,,,,,,,,,
NCOMP-0799,Company,阿里云,,阿里云,,,,,,,,,,,,,,,,,,,,,,,,,,,,
NCOMP-0800,Company,际华国贸,,际华国贸,,,,,,,,,,,,,,,,,,,,,,,,,,,,
NCOMP-0801,Company,际华新材料,,际华新材料,,,,,,,,,,,,,,,,,,,,,,,,,,,,
NCOMP-0802,Company,际华集团,,际华集团,,,,,,,,,,,,,,,,,,,,,,,,,,,,
NCOMP-0803,Company,陕建股份,,陕建股份,,,,,,,,,,,,,,,,,,,,,,,,,,,,
NCOMP-0804,Company,陕西巨丰投资资讯有限责任公司,,陕西巨丰投资资讯有限责任公司,,,,,,,,,,,,,,,,,,,,,,,,,,,,
NCOMP-0805,Company,陕西汽车集团股份有限公司,,陕西汽车集团股份有限公司,,,,,,,,,,,,,,,,,,,,,,,,,,,,
NCOMP-0806,Company,陕重汽,,陕重汽,,,,,,,,,,,,,,,,,,,,,,,,,,,,
NCOMP-0807,Company,隆22 转债,,隆22 转债,,,,,,,,,,,,,,,,,,,,,,,,,,,,
NCOMP-0808,Company,隆基乐叶光伏科技有限公司,,隆基乐叶光伏科技有限公司,,,,,,,,,,,,,,,,,,,,,,,,,,,,
NCOMP-0809,Company,雪天盐业,,雪天盐业,,,,,,,,,,,,,,,,,,,,,,,,,,,,
NCOMP-0810,Company,雷克萨斯,,雷克萨斯,,,,,,,,,,,,,,,,,,,,,,,,,,,,
NCOMP-0811,Company,震裕科技,,震裕科技,,,,,,,,,,,,,,,,,,,,,,,,,,,,
NCOMP-0812,Company,青岛中建联合集团有限公司,,青岛中建联合集团有限公司,,,,,,,,,,,,,,,,,,,,,,,,,,,,
NCOMP-0813,Company,青岛鼎量,,青岛鼎量,,,,,,,,,,,,,,,,,,,,,,,,,,,,
NCOMP-0814,Company,青海丽豪清能股份有限公司,,青海丽豪清能股份有限公司,,,,,,,,,,,,,,,,,,,,,,,,,,,,
NCOMP-0815,Company,青海西宁农村商业银行股份有限公司,,青海西宁农村商业银行股份有限公司,,,,,,,,,,,,,,,,,,,,,,,,,,,,
NCOMP-0816,Company,韶关复通新材料有限公司,,韶关复通新材料有限公司,,,,,,,,,,,,,,,,,,,,,,,,,,,,
NCOMP-0817,Company,食品饮料ETF华夏,,食品饮料ETF华夏,,,,,,,,,,,,,,,,,,,,,,,,,,,,
NCOMP-0818,Company,香港中央结算有限公司,,香港中央结算有限公司,,,,,,,,,,,,,,,,,,,,,,,,,,,,
NCOMP-0819,Company,香港中央證券登記有限公司,,香港中央證券登記有限公司,,,,,,,,,,,,,,,,,,,,,,,,,,,,
NCOMP-0820,Company,香港中旅,,香港中旅,,,,,,,,,,,,,,,,,,,,,,,,,,,,
NCOMP-0821,Company,香港交易所,,香港交易所,,,,,,,,,,,,,,,,,,,,,,,,,,,,
NCOMP-0822,Company,高乐股份,,高乐股份,,,,,,,,,,,,,,,,,,,,,,,,,,,,
NCOMP-0823,Company,高盛（中国）证券有限责任公司,,高盛（中国）证券有限责任公司,,,,,,,,,,,,,,,,,,,,,,,,,,,,
NCOMP-0824,Company,鲁班工业品（天津）有限公司,,鲁班工业品（天津）有限公司,,,,,,,,,,,,,,,,,,,,,,,,,,,,
NCOMP-0825,Company,鸿仕达,,鸿仕达,,,,,,,,,,,,,,,,,,,,,,,,,,,,
NCOMP-0826,Company,鹏华核心优势,,鹏华核心优势,,,,,,,,,,,,,,,,,,,,,,,,,,,,
NCOMP-0827,Company,鹏鼎控股,,鹏鼎控股,,,,,,,,,,,,,,,,,,,,,,,,,,,,
NCOMP-0828,Company,麦格米特,,麦格米特,,,,,,,,,,,,,,,,,,,,,,,,,,,,
NCOMP-0829,Company,麦格纳,,麦格纳,,,,,,,,,,,,,,,,,,,,,,,,,,,,
NCOMP-0830,Company,默沙东,,默沙东,,,,,,,,,,,,,,,,,,,,,,,,,,,,
NCOMP-0831,Company,默沙东公司,,默沙东公司,,,,,,,,,,,,,,,,,,,,,,,,,,,,
NCOMP-0832,Company,齐鲁制药（海南）有限公司,,齐鲁制药（海南）有限公司,,,,,,,,,,,,,,,,,,,,,,,,,,,,
PER-0001,Person,丁列明,,,,,,PER-0001,丁列明,,,,,,,,,,,,,,,,,,,,,,,
PER-0002,Person,丁红岩,,,,,,PER-0002,丁红岩,,,,,,,,,,,,,,,,,,,,,,,
PER-0003,Person,丁肇邦,,,,,,PER-0003,丁肇邦,,,,,,,,,,,,,,,,,,,,,,,
PER-0004,Person,丁臻宇,,,,,,PER-0004,丁臻宇,,,,,,,,,,,,,,,,,,,,,,,
PER-0005,Person,丁迎东,,,,,,PER-0005,丁迎东,,,,,,,,,,,,,,,,,,,,,,,
PER-0006,Person,丁邦清,,,,,,PER-0006,丁邦清,,,,,,,,,,,,,,,,,,,,,,,
PER-0007,Person,于保荣,,,,,,PER-0007,于保荣,,,,,,,,,,,,,,,,,,,,,,,
PER-0008,Person,于志华,,,,,,PER-0008,于志华,,,,,,,,,,,,,,,,,,,,,,,
PER-0009,Person,付智,,,,,,PER-0009,付智,,,,,,,,,,,,,,,,,,,,,,,
PER-0010,Person,付欣,,,,,,PER-0010,付欣,,,,,,,,,,,,,,,,,,,,,,,
PER-0011,Person,付鉴,,,,,,PER-0011,付鉴,,,,,,,,,,,,,,,,,,,,,,,
PER-0012,Person,代文,,,,,,PER-0012,代文,,,,,,,,,,,,,,,,,,,,,,,
PER-0013,Person,任冰,,,,,,PER-0013,任冰,,,,,,,,,,,,,,,,,,,,,,,
PER-0014,Person,伍雄辉,,,,,,PER-0014,伍雄辉,,,,,,,,,,,,,,,,,,,,,,,
PER-0015,Person,何华生,,,,,,PER-0015,何华生,,,,,,,,,,,,,,,,,,,,,,,
PER-0016,Person,何康,,,,,,PER-0016,何康,,,,,,,,,,,,,,,,,,,,,,,
PER-0017,Person,何昌坚,,,,,,PER-0017,何昌坚,,,,,,,,,,,,,,,,,,,,,,,
PER-0018,Person,何詠紫,,,,,,PER-0018,何詠紫,,,,,,,,,,,,,,,,,,,,,,,
PER-0019,Person,余丰慧,,,,,,PER-0019,余丰慧,,,,,,,,,,,,,,,,,,,,,,,
PER-0020,Person,余思明,,,,,,PER-0020,余思明,,,,,,,,,,,,,,,,,,,,,,,
PER-0021,Person,侯启军,,,,,,PER-0021,侯启军,,,,,,,,,,,,,,,,,,,,,,,
PER-0022,Person,侯昭飞,,,,,,PER-0022,侯昭飞,,,,,,,,,,,,,,,,,,,,,,,
PER-0023,Person,侯琋文,,,,,,PER-0023,侯琋文,,,,,,,,,,,,,,,,,,,,,,,
PER-0024,Person,俞俊,,,,,,PER-0024,俞俊,,,,,,,,,,,,,,,,,,,,,,,
PER-0025,Person,修龙,,,,,,PER-0025,修龙,,,,,,,,,,,,,,,,,,,,,,,
PER-0026,Person,全寿山,,,,,,PER-0026,全寿山,,,,,,,,,,,,,,,,,,,,,,,
PER-0027,Person,公茂江,,,,,,PER-0027,公茂江,,,,,,,,,,,,,,,,,,,,,,,
PER-0028,Person,關秀妍,,,,,,PER-0028,關秀妍,,,,,,,,,,,,,,,,,,,,,,,
PER-0029,Person,其实,,,,,,PER-0029,其实,,,,,,,,,,,,,,,,,,,,,,,
PER-0030,Person,冀光恒,,,,,,PER-0030,冀光恒,,,,,,,,,,,,,,,,,,,,,,,
PER-0031,Person,冯强,,,,,,PER-0031,冯强,,,,,,,,,,,,,,,,,,,,,,,
PER-0032,Person,馮根福,,,,,,PER-0032,馮根福,,,,,,,,,,,,,,,,,,,,,,,
PER-0033,Person,刘义,,,,,,PER-0033,刘义,,,,,,,,,,,,,,,,,,,,,,,
PER-0034,Person,刘伟平,,,,,,PER-0034,刘伟平,,,,,,,,,,,,,,,,,,,,,,,
PER-0035,Person,刘佳灵,,,,,,PER-0035,刘佳灵,,,,,,,,,,,,,,,,,,,,,,,
PER-0036,Person,刘宝军,,,,,,PER-0036,刘宝军,,,,,,,,,,,,,,,,,,,,,,,
PER-0037,Person,刘平,,,,,,PER-0037,刘平,,,,,,,,,,,,,,,,,,,,,,,
PER-0038,Person,劉明,,,,,,PER-0038,劉明,,,,,,,,,,,,,,,,,,,,,,,
PER-0039,Person,刘海波,,,,,,PER-0039,刘海波,,,,,,,,,,,,,,,,,,,,,,,
PER-0040,Person,刘舒琪,,,,,,PER-0040,刘舒琪,,,,,,,,,,,,,,,,,,,,,,,
PER-0041,Person,劉訓峰,,,,,,PER-0041,劉訓峰,,,,,,,,,,,,,,,,,,,,,,,
PER-0042,Person,刘驹,,,,,,PER-0042,刘驹,,,,,,,,,,,,,,,,,,,,,,,
PER-0043,Person,华涛,,,,,,PER-0043,华涛,,,,,,,,,,,,,,,,,,,,,,,
PER-0044,Person,华立,,,,,,PER-0044,华立,,,,,,,,,,,,,,,,,,,,,,,
PER-0045,Person,卢文道,,,,,,PER-0045,卢文道,,,,,,,,,,,,,,,,,,,,,,,
PER-0046,Person,卢润凯,,,,,,PER-0046,卢润凯,,,,,,,,,,,,,,,,,,,,,,,
PER-0047,Person,印志松,,,,,,PER-0047,印志松,,,,,,,,,,,,,,,,,,,,,,,
PER-0048,Person,叶理青,,,,,,PER-0048,叶理青,,,,,,,,,,,,,,,,,,,,,,,
PER-0049,Person,叶礼德,,,,,,PER-0049,叶礼德,,,,,,,,,,,,,,,,,,,,,,,
PER-0050,Person,吕建华,,,,,,PER-0050,吕建华,,,,,,,,,,,,,,,,,,,,,,,
PER-0051,Person,吳映明先生,,,,,,PER-0051,吳映明先生,,,,,,,,,,,,,,,,,,,,,,,
PER-0052,Person,吳漢明,,,,,,PER-0052,吳漢明,,,,,,,,,,,,,,,,,,,,,,,
PER-0053,Person,吳育輝博士,,,,,,PER-0053,吳育輝博士,,,,,,,,,,,,,,,,,,,,,,,
PER-0054,Person,吴以芳,,,,,,PER-0054,吴以芳,,,,,,,,,,,,,,,,,,,,,,,
PER-0055,Person,吴凌玥,,,,,,PER-0055,吴凌玥,,,,,,,,,,,,,,,,,,,,,,,
PER-0056,Person,吴婉莹,,,,,,PER-0056,吴婉莹,,,,,,,,,,,,,,,,,,,,,,,
PER-0057,Person,吴婧,,,,,,PER-0057,吴婧,,,,,,,,,,,,,,,,,,,,,,,
PER-0058,Person,吴建平,,,,,,PER-0058,吴建平,,,,,,,,,,,,,,,,,,,,,,,
PER-0059,Person,吴志锋,,,,,,PER-0059,吴志锋,,,,,,,,,,,,,,,,,,,,,,,
PER-0060,Person,吴晓东,,,,,,PER-0060,吴晓东,,,,,,,,,,,,,,,,,,,,,,,
PER-0061,Person,吴清,,,,,,PER-0061,吴清,,,,,,,,,,,,,,,,,,,,,,,
PER-0062,Person,吴磊,,,,,,PER-0062,吴磊,,,,,,,,,,,,,,,,,,,,,,,
PER-0063,Person,吴红辉,,,,,,PER-0063,吴红辉,,,,,,,,,,,,,,,,,,,,,,,
PER-0064,Person,吴雷鸣,,,,,,PER-0064,吴雷鸣,,,,,,,,,,,,,,,,,,,,,,,
PER-0065,Person,呂向陽,,,,,,PER-0065,呂向陽,,,,,,,,,,,,,,,,,,,,,,,
PER-0066,Person,周佳先生,,,,,,PER-0066,周佳先生,,,,,,,,,,,,,,,,,,,,,,,
PER-0067,Person,周厚禄,,,,,,PER-0067,周厚禄,,,,,,,,,,,,,,,,,,,,,,,
PER-0068,Person,周学东,,,,,,PER-0068,周学东,,,,,,,,,,,,,,,,,,,,,,,
PER-0069,Person,周思聪,,,,,,PER-0069,周思聪,,,,,,,,,,,,,,,,,,,,,,,
PER-0070,Person,周明笙,,,,,,PER-0070,周明笙,,,,,,,,,,,,,,,,,,,,,,,
PER-0071,Person,周毅钦,,,,,,PER-0071,周毅钦,,,,,,,,,,,,,,,,,,,,,,,
PER-0072,Person,周锦明,,,,,,PER-0072,周锦明,,,,,,,,,,,,,,,,,,,,,,,
PER-0073,Person,唐飞,,,,,,PER-0073,唐飞,,,,,,,,,,,,,,,,,,,,,,,
PER-0074,Person,喻玲,,,,,,PER-0074,喻玲,,,,,,,,,,,,,,,,,,,,,,,
PER-0075,Person,夏佐全,,,,,,PER-0075,夏佐全,,,,,,,,,,,,,,,,,,,,,,,
PER-0076,Person,夏凡捷,,,,,,PER-0076,夏凡捷,,,,,,,,,,,,,,,,,,,,,,,
PER-0077,Person,姚佩,,,,,,PER-0077,姚佩,,,,,,,,,,,,,,,,,,,,,,,
PER-0078,Person,姚林龙,,,,,,PER-0078,姚林龙,,,,,,,,,,,,,,,,,,,,,,,
PER-0079,Person,姚飞,,,,,,PER-0079,姚飞,,,,,,,,,,,,,,,,,,,,,,,
PER-0080,Person,姜滨,,,,,,PER-0080,姜滨,,,,,,,,,,,,,,,,,,,,,,,
PER-0081,Person,姜龙,,,,,,PER-0081,姜龙,,,,,,,,,,,,,,,,,,,,,,,
PER-0082,Person,孔学兵,,,,,,PER-0082,孔学兵,,,,,,,,,,,,,,,,,,,,,,,
PER-0083,Person,孙业亮,,,,,,PER-0083,孙业亮,,,,,,,,,,,,,,,,,,,,,,,
PER-0084,Person,孙力实,,,,,,PER-0084,孙力实,,,,,,,,,,,,,,,,,,,,,,,
PER-0085,Person,孙国君,,,,,,PER-0085,孙国君,,,,,,,,,,,,,,,,,,,,,,,
PER-0086,Person,孙婧,,,,,,PER-0086,孙婧,,,,,,,,,,,,,,,,,,,,,,,
PER-0087,Person,孙婷,,,,,,PER-0087,孙婷,,,,,,,,,,,,,,,,,,,,,,,
PER-0088,Person,孙正运,,,,,,PER-0088,孙正运,,,,,,,,,,,,,,,,,,,,,,,
PER-0089,Person,孙玉霞,,,,,,PER-0089,孙玉霞,,,,,,,,,,,,,,,,,,,,,,,
PER-0090,Person,孙璀,,,,,,PER-0090,孙璀,,,,,,,,,,,,,,,,,,,,,,,
PER-0091,Person,孙超,,,,,,PER-0091,孙超,,,,,,,,,,,,,,,,,,,,,,,
PER-0092,Person,孙铮,,,,,,PER-0092,孙铮,,,,,,,,,,,,,,,,,,,,,,,
PER-0093,Person,孫飄揚先生,,,,,,PER-0093,孫飄揚先生,,,,,,,,,,,,,,,,,,,,,,,
PER-0094,Person,孙飘扬,,,,,,PER-0094,孙飘扬,,,,,,,,,,,,,,,,,,,,,,,
PER-0095,Person,安淑兰,,,,,,PER-0095,安淑兰,,,,,,,,,,,,,,,,,,,,,,,
PER-0096,Person,宋金航,,,,,,PER-0096,宋金航,,,,,,,,,,,,,,,,,,,,,,,
PER-0097,Person,宋静刚,,,,,,PER-0097,宋静刚,,,,,,,,,,,,,,,,,,,,,,,
PER-0098,Person,宗建树,,,,,,PER-0098,宗建树,,,,,,,,,,,,,,,,,,,,,,,
PER-0099,Person,寇光武,,,,,,PER-0099,寇光武,,,,,,,,,,,,,,,,,,,,,,,
PER-0100,Person,屈文洲,,,,,,PER-0100,屈文洲,,,,,,,,,,,,,,,,,,,,,,,
PER-0101,Person,屠海鸣,,,,,,PER-0101,屠海鸣,,,,,,,,,,,,,,,,,,,,,,,
PER-0102,Person,岳修虎,,,,,,PER-0102,岳修虎,,,,,,,,,,,,,,,,,,,,,,,
PER-0103,Person,岳永,,,,,,PER-0103,岳永,,,,,,,,,,,,,,,,,,,,,,,
PER-0104,Person,庄严女士,,,,,,PER-0104,庄严女士,,,,,,,,,,,,,,,,,,,,,,,
PER-0105,Person,康志锋,,,,,,PER-0105,康志锋,,,,,,,,,,,,,,,,,,,,,,,
PER-0106,Person,康林松,,,,,,PER-0106,康林松,,,,,,,,,,,,,,,,,,,,,,,
PER-0107,Person,廖子彬,,,,,,PER-0107,廖子彬,,,,,,,,,,,,,,,,,,,,,,,
PER-0108,Person,廖志明,,,,,,PER-0108,廖志明,,,,,,,,,,,,,,,,,,,,,,,
PER-0109,Person,廖林,,,,,,PER-0109,廖林,,,,,,,,,,,,,,,,,,,,,,,
PER-0110,Person,廖翠萍,,,,,,PER-0110,廖翠萍,,,,,,,,,,,,,,,,,,,,,,,
PER-0111,Person,廖長輝,,,,,,PER-0111,廖長輝,,,,,,,,,,,,,,,,,,,,,,,
PER-0112,Person,廖静池,,,,,,PER-0112,廖静池,,,,,,,,,,,,,,,,,,,,,,,
PER-0113,Person,张俊生,,,,,,PER-0113,张俊生,,,,,,,,,,,,,,,,,,,,,,,
PER-0114,Person,张冬花,,,,,,PER-0114,张冬花,,,,,,,,,,,,,,,,,,,,,,,
PER-0115,Person,张博,,,,,,PER-0115,张博,,,,,,,,,,,,,,,,,,,,,,,
PER-0116,Person,张启尧,,,,,,PER-0116,张启尧,,,,,,,,,,,,,,,,,,,,,,,
PER-0117,Person,张子杰,,,,,,PER-0117,张子杰,,,,,,,,,,,,,,,,,,,,,,,
PER-0118,Person,张学福,,,,,,PER-0118,张学福,,,,,,,,,,,,,,,,,,,,,,,
PER-0119,Person,张宇,,,,,,PER-0119,张宇,,,,,,,,,,,,,,,,,,,,,,,
PER-0120,Person,张宇生,,,,,,PER-0120,张宇生,,,,,,,,,,,,,,,,,,,,,,,
PER-0121,Person,张少峰,,,,,,PER-0121,张少峰,,,,,,,,,,,,,,,,,,,,,,,
PER-0122,Person,张峥,,,,,,PER-0122,张峥,,,,,,,,,,,,,,,,,,,,,,,
PER-0123,Person,张承宇,,,,,,PER-0123,张承宇,,,,,,,,,,,,,,,,,,,,,,,
PER-0124,Person,張敏,,,,,,PER-0124,張敏,,,,,,,,,,,,,,,,,,,,,,,
PER-0125,Person,张梦娇,,,,,,PER-0125,张梦娇,,,,,,,,,,,,,,,,,,,,,,,
PER-0126,Person,张湧,,,,,,PER-0126,张湧,,,,,,,,,,,,,,,,,,,,,,,
PER-0127,Person,張瀟,,,,,,PER-0127,張瀟,,,,,,,,,,,,,,,,,,,,,,,
PER-0128,Person,張瀟女士,,,,,,PER-0128,張瀟女士,,,,,,,,,,,,,,,,,,,,,,,
PER-0129,Person,张瑞雄,,,,,,PER-0129,张瑞雄,,,,,,,,,,,,,,,,,,,,,,,
PER-0130,Person,张科春,,,,,,PER-0130,张科春,,,,,,,,,,,,,,,,,,,,,,,
PER-0131,Person,张虹,,,,,,PER-0131,张虹,,,,,,,,,,,,,,,,,,,,,,,
PER-0132,Person,张超,,,,,,PER-0132,张超,,,,,,,,,,,,,,,,,,,,,,,
PER-0133,Person,张长岩,,,,,,PER-0133,张长岩,,,,,,,,,,,,,,,,,,,,,,,
PER-0134,Person,张鹏飞,,,,,,PER-0134,张鹏飞,,,,,,,,,,,,,,,,,,,,,,,
PER-0135,Person,张黎群,,,,,,PER-0135,张黎群,,,,,,,,,,,,,,,,,,,,,,,
PER-0136,Person,彭家文,,,,,,PER-0136,彭家文,,,,,,,,,,,,,,,,,,,,,,,
PER-0137,Person,彭长清,,,,,,PER-0137,彭长清,,,,,,,,,,,,,,,,,,,,,,,
PER-0138,Person,徐子陽,,,,,,PER-0138,徐子陽,,,,,,,,,,,,,,,,,,,,,,,
PER-0139,Person,徐恩利,,,,,,PER-0139,徐恩利,,,,,,,,,,,,,,,,,,,,,,,
PER-0140,Person,徐至,,,,,,PER-0140,徐至,,,,,,,,,,,,,,,,,,,,,,,
PER-0141,Person,徐近峰,,,,,,PER-0141,徐近峰,,,,,,,,,,,,,,,,,,,,,,,
PER-0142,Person,徐驰,,,,,,PER-0142,徐驰,,,,,,,,,,,,,,,,,,,,,,,
PER-0143,Person,戴和根,,,,,,PER-0143,戴和根,,,,,,,,,,,,,,,,,,,,,,,
PER-0144,Person,戴清,,,,,,PER-0144,戴清,,,,,,,,,,,,,,,,,,,,,,,
PER-0145,Person,文兵,,,,,,PER-0145,文兵,,,,,,,,,,,,,,,,,,,,,,,
PER-0146,Person,文志州,,,,,,PER-0146,文志州,,,,,,,,,,,,,,,,,,,,,,,
PER-0147,Person,方建,,,,,,PER-0147,方建,,,,,,,,,,,,,,,,,,,,,,,
PER-0148,Person,方榕,,,,,,PER-0148,方榕,,,,,,,,,,,,,,,,,,,,,,,
PER-0149,Person,方洪波,,,,,,PER-0149,方洪波,,,,,,,,,,,,,,,,,,,,,,,
PER-0150,Person,施其林,,,,,,PER-0150,施其林,,,,,,,,,,,,,,,,,,,,,,,
PER-0151,Person,施华,,,,,,PER-0151,施华,,,,,,,,,,,,,,,,,,,,,,,
PER-0152,Person,时晓东,,,,,,PER-0152,时晓东,,,,,,,,,,,,,,,,,,,,,,,
PER-0153,Person,明明,,,,,,PER-0153,明明,,,,,,,,,,,,,,,,,,,,,,,
PER-0154,Person,曹亚蕾,,,,,,PER-0154,曹亚蕾,,,,,,,,,,,,,,,,,,,,,,,
PER-0155,Person,曹仁贤,,,,,,PER-0155,曹仁贤,,,,,,,,,,,,,,,,,,,,,,,
PER-0156,Person,曹卫东,,,,,,PER-0156,曹卫东,,,,,,,,,,,,,,,,,,,,,,,
PER-0157,Person,曹志杰,,,,,,PER-0157,曹志杰,,,,,,,,,,,,,,,,,,,,,,,
PER-0158,Person,曹慧莉,,,,,,PER-0158,曹慧莉,,,,,,,,,,,,,,,,,,,,,,,
PER-0159,Person,曹柳龙,,,,,,PER-0159,曹柳龙,,,,,,,,,,,,,,,,,,,,,,,
PER-0160,Person,曹治年,,,,,,PER-0160,曹治年,,,,,,,,,,,,,,,,,,,,,,,
PER-0161,Person,曾从钦,,,,,,PER-0161,曾从钦,,,,,,,,,,,,,,,,,,,,,,,
PER-0162,Person,曾毓群先生,,,,,,PER-0162,曾毓群先生,,,,,,,,,,,,,,,,,,,,,,,
PER-0163,Person,朱志强,,,,,,PER-0163,朱志强,,,,,,,,,,,,,,,,,,,,,,,
PER-0164,Person,朱斌,,,,,,PER-0164,朱斌,,,,,,,,,,,,,,,,,,,,,,,
PER-0165,Person,李丹,,,,,,PER-0165,李丹,,,,,,,,,,,,,,,,,,,,,,,
PER-0166,Person,李义岭,,,,,,PER-0166,李义岭,,,,,,,,,,,,,,,,,,,,,,,
PER-0167,Person,李书福,,,,,,PER-0167,李书福,,,,,,,,,,,,,,,,,,,,,,,
PER-0168,Person,李云峰,,,,,,PER-0168,李云峰,,,,,,,,,,,,,,,,,,,,,,,
PER-0169,Person,李云贵,,,,,,PER-0169,李云贵,,,,,,,,,,,,,,,,,,,,,,,
PER-0170,Person,李军,,,,,,PER-0170,李军,,,,,,,,,,,,,,,,,,,,,,,
PER-0171,Person,李凯,,,,,,PER-0171,李凯,,,,,,,,,,,,,,,,,,,,,,,
PER-0172,Person,李喜燕,,,,,,PER-0172,李喜燕,,,,,,,,,,,,,,,,,,,,,,,
PER-0173,Person,李国平,,,,,,PER-0173,李国平,,,,,,,,,,,,,,,,,,,,,,,
PER-0174,Person,李国林,,,,,,PER-0174,李国林,,,,,,,,,,,,,,,,,,,,,,,
PER-0175,Person,李国栋,,,,,,PER-0175,李国栋,,,,,,,,,,,,,,,,,,,,,,,
PER-0176,Person,李坤,,,,,,PER-0176,李坤,,,,,,,,,,,,,,,,,,,,,,,
PER-0177,Person,李崇瑛,,,,,,PER-0177,李崇瑛,,,,,,,,,,,,,,,,,,,,,,,
PER-0178,Person,李平先生,,,,,,PER-0178,李平先生,,,,,,,,,,,,,,,,,,,,,,,
PER-0179,Person,李建华,,,,,,PER-0179,李建华,,,,,,,,,,,,,,,,,,,,,,,
PER-0180,Person,李强,,,,,,PER-0180,李强,,,,,,,,,,,,,,,,,,,,,,,
PER-0181,Person,李振国,,,,,,PER-0181,李振国,,,,,,,,,,,,,,,,,,,,,,,
PER-0182,Person,李昊阳,,,,,,PER-0182,李昊阳,,,,,,,,,,,,,,,,,,,,,,,
PER-0183,Person,李昕,,,,,,PER-0183,李昕,,,,,,,,,,,,,,,,,,,,,,,
PER-0184,Person,李春瑜,,,,,,PER-0184,李春瑜,,,,,,,,,,,,,,,,,,,,,,,
PER-0185,Person,李晋,,,,,,PER-0185,李晋,,,,,,,,,,,,,,,,,,,,,,,
PER-0186,Person,李永釗,,,,,,PER-0186,李永釗,,,,,,,,,,,,,,,,,,,,,,,
PER-0187,Person,李立民,,,,,,PER-0187,李立民,,,,,,,,,,,,,,,,,,,,,,,
PER-0188,Person,李红栓,,,,,,PER-0188,李红栓,,,,,,,,,,,,,,,,,,,,,,,
PER-0189,Person,李芳,,,,,,PER-0189,李芳,,,,,,,,,,,,,,,,,,,,,,,
PER-0190,Person,李萍萍,,,,,,PER-0190,李萍萍,,,,,,,,,,,,,,,,,,,,,,,
PER-0191,Person,李鋼,,,,,,PER-0191,李鋼,,,,,,,,,,,,,,,,,,,,,,,
PER-0192,Person,杨俊坚,,,,,,PER-0192,杨俊坚,,,,,,,,,,,,,,,,,,,,,,,
PER-0193,Person,杨兆,,,,,,PER-0193,杨兆,,,,,,,,,,,,,,,,,,,,,,,
PER-0194,Person,杨宏浩,,,,,,PER-0194,杨宏浩,,,,,,,,,,,,,,,,,,,,,,,
PER-0195,Person,杨将,,,,,,PER-0195,杨将,,,,,,,,,,,,,,,,,,,,,,,
PER-0196,Person,杨建东,,,,,,PER-0196,杨建东,,,,,,,,,,,,,,,,,,,,,,,
PER-0197,Person,杨志群,,,,,,PER-0197,杨志群,,,,,,,,,,,,,,,,,,,,,,,
PER-0198,Person,杨怀景,,,,,,PER-0198,杨怀景,,,,,,,,,,,,,,,,,,,,,,,
PER-0199,Person,杨杰,,,,,,PER-0199,杨杰,,,,,,,,,,,,,,,,,,,,,,,
PER-0200,Person,杨桦,,,,,,PER-0200,杨桦,,,,,,,,,,,,,,,,,,,,,,,
PER-0201,Person,杨汉煜,,,,,,PER-0201,杨汉煜,,,,,,,,,,,,,,,,,,,,,,,
PER-0202,Person,杨瑞华,,,,,,PER-0202,杨瑞华,,,,,,,,,,,,,,,,,,,,,,,
PER-0203,Person,杨秋瑾,,,,,,PER-0203,杨秋瑾,,,,,,,,,,,,,,,,,,,,,,,
PER-0204,Person,楊魯閩,,,,,,PER-0204,楊魯閩,,,,,,,,,,,,,,,,,,,,,,,
PER-0205,Person,林佐江,,,,,,PER-0205,林佐江,,,,,,,,,,,,,,,,,,,,,,,
PER-0206,Person,林奂汝,,,,,,PER-0206,林奂汝,,,,,,,,,,,,,,,,,,,,,,,
PER-0207,Person,林建伟,,,,,,PER-0207,林建伟,,,,,,,,,,,,,,,,,,,,,,,
PER-0208,Person,林阳,,,,,,PER-0208,林阳,,,,,,,,,,,,,,,,,,,,,,,
PER-0209,Person,柯瑞文,,,,,,PER-0209,柯瑞文,,,,,,,,,,,,,,,,,,,,,,,
PER-0210,Person,柯瑩,,,,,,PER-0210,柯瑩,,,,,,,,,,,,,,,,,,,,,,,
PER-0211,Person,柯瑩女士,,,,,,PER-0211,柯瑩女士,,,,,,,,,,,,,,,,,,,,,,,
PER-0212,Person,柯莹,,,,,,PER-0212,柯莹,,,,,,,,,,,,,,,,,,,,,,,
PER-0213,Person,柳玉平,,,,,,PER-0213,柳玉平,,,,,,,,,,,,,,,,,,,,,,,
PER-0214,Person,柳锡专,,,,,,PER-0214,柳锡专,,,,,,,,,,,,,,,,,,,,,,,
PER-0215,Person,梁君慧,,,,,,PER-0215,梁君慧,,,,,,,,,,,,,,,,,,,,,,,
PER-0216,Person,梁稳根,,,,,,PER-0216,梁稳根,,,,,,,,,,,,,,,,,,,,,,,
PER-0217,Person,楼佳男,,,,,,PER-0217,楼佳男,,,,,,,,,,,,,,,,,,,,,,,
PER-0218,Person,欧阳少红,,,,,,PER-0218,欧阳少红,,,,,,,,,,,,,,,,,,,,,,,
PER-0219,Person,歐陽楚英博士,,,,,,PER-0219,歐陽楚英博士,,,,,,,,,,,,,,,,,,,,,,,
PER-0220,Person,武常岐,,,,,,PER-0220,武常岐,,,,,,,,,,,,,,,,,,,,,,,
PER-0221,Person,段会禄,,,,,,PER-0221,段会禄,,,,,,,,,,,,,,,,,,,,,,,
PER-0222,Person,段银海,,,,,,PER-0222,段银海,,,,,,,,,,,,,,,,,,,,,,,
PER-0223,Person,江朝阳,,,,,,PER-0223,江朝阳,,,,,,,,,,,,,,,,,,,,,,,
PER-0224,Person,沈嘉琦,,,,,,PER-0224,沈嘉琦,,,,,,,,,,,,,,,,,,,,,,,
PER-0225,Person,沈洁,,,,,,PER-0225,沈洁,,,,,,,,,,,,,,,,,,,,,,,
PER-0226,Person,沈筱敏,,,,,,PER-0226,沈筱敏,,,,,,,,,,,,,,,,,,,,,,,
PER-0227,Person,温彬,,,,,,PER-0227,温彬,,,,,,,,,,,,,,,,,,,,,,,
PER-0228,Person,潘健先生,,,,,,PER-0228,潘健先生,,,,,,,,,,,,,,,,,,,,,,,
PER-0229,Person,潘刚,,,,,,PER-0229,潘刚,,,,,,,,,,,,,,,,,,,,,,,
PER-0230,Person,潘功胜,,,,,,PER-0230,潘功胜,,,,,,,,,,,,,,,,,,,,,,,
PER-0231,Person,潘志华,,,,,,PER-0231,潘志华,,,,,,,,,,,,,,,,,,,,,,,
PER-0232,Person,潘静,,,,,,PER-0232,潘静,,,,,,,,,,,,,,,,,,,,,,,
PER-0233,Person,王世宏,,,,,,PER-0233,王世宏,,,,,,,,,,,,,,,,,,,,,,,
PER-0234,Person,王傳福,,,,,,PER-0234,王傳福,,,,,,,,,,,,,,,,,,,,,,,
PER-0235,Person,王俊锋,,,,,,PER-0235,王俊锋,,,,,,,,,,,,,,,,,,,,,,,
PER-0236,Person,王兴利,,,,,,PER-0236,王兴利,,,,,,,,,,,,,,,,,,,,,,,
PER-0237,Person,王兴海,,,,,,PER-0237,王兴海,,,,,,,,,,,,,,,,,,,,,,,
PER-0238,Person,王军,,,,,,PER-0238,王军,,,,,,,,,,,,,,,,,,,,,,,
PER-0239,Person,王博,,,,,,PER-0239,王博,,,,,,,,,,,,,,,,,,,,,,,
PER-0240,Person,王卫国,,,,,,PER-0240,王卫国,,,,,,,,,,,,,,,,,,,,,,,
PER-0241,Person,王叶兰,,,,,,PER-0241,王叶兰,,,,,,,,,,,,,,,,,,,,,,,
PER-0242,Person,王君,,,,,,PER-0242,王君,,,,,,,,,,,,,,,,,,,,,,,
PER-0243,Person,王小青,,,,,,PER-0243,王小青,,,,,,,,,,,,,,,,,,,,,,,
PER-0244,Person,王崧,,,,,,PER-0244,王崧,,,,,,,,,,,,,,,,,,,,,,,
PER-0245,Person,王广庆,,,,,,PER-0245,王广庆,,,,,,,,,,,,,,,,,,,,,,,
PER-0246,Person,王德成,,,,,,PER-0246,王德成,,,,,,,,,,,,,,,,,,,,,,,
PER-0247,Person,王振伟,,,,,,PER-0247,王振伟,,,,,,,,,,,,,,,,,,,,,,,
PER-0248,Person,王晓刚,,,,,,PER-0248,王晓刚,,,,,,,,,,,,,,,,,,,,,,,
PER-0249,Person,王晓宁,,,,,,PER-0249,王晓宁,,,,,,,,,,,,,,,,,,,,,,,
PER-0250,Person,王琦,,,,,,PER-0250,王琦,,,,,,,,,,,,,,,,,,,,,,,
PER-0251,Person,王益民,,,,,,PER-0251,王益民,,,,,,,,,,,,,,,,,,,,,,,
PER-0252,Person,王磊,,,,,,PER-0252,王磊,,,,,,,,,,,,,,,,,,,,,,,
PER-0253,Person,王立华,,,,,,PER-0253,王立华,,,,,,,,,,,,,,,,,,,,,,,
PER-0254,Person,王维,,,,,,PER-0254,王维,,,,,,,,,,,,,,,,,,,,,,,
PER-0255,Person,王莉,,,,,,PER-0255,王莉,,,,,,,,,,,,,,,,,,,,,,,
PER-0256,Person,王金亮,,,,,,PER-0256,王金亮,,,,,,,,,,,,,,,,,,,,,,,
PER-0257,Person,班学钦,,,,,,PER-0257,班学钦,,,,,,,,,,,,,,,,,,,,,,,
PER-0258,Person,田刚强,,,,,,PER-0258,田刚强,,,,,,,,,,,,,,,,,,,,,,,
PER-0259,Person,白家南,,,,,,PER-0259,白家南,,,,,,,,,,,,,,,,,,,,,,,
PER-0260,Person,祝永华,,,,,,PER-0260,祝永华,,,,,,,,,,,,,,,,,,,,,,,
PER-0261,Person,秦牧原,,,,,,PER-0261,秦牧原,,,,,,,,,,,,,,,,,,,,,,,
PER-0262,Person,程忠,,,,,,PER-0262,程忠,,,,,,,,,,,,,,,,,,,,,,,
PER-0263,Person,程雪,,,,,,PER-0263,程雪,,,,,,,,,,,,,,,,,,,,,,,
PER-0264,Person,穆峰,,,,,,PER-0264,穆峰,,,,,,,,,,,,,,,,,,,,,,,
PER-0265,Person,窦晓波,,,,,,PER-0265,窦晓波,,,,,,,,,,,,,,,,,,,,,,,
PER-0266,Person,章欣,,,,,,PER-0266,章欣,,,,,,,,,,,,,,,,,,,,,,,
PER-0267,Person,章靖忠,,,,,,PER-0267,章靖忠,,,,,,,,,,,,,,,,,,,,,,,
PER-0268,Person,管江华,,,,,,PER-0268,管江华,,,,,,,,,,,,,,,,,,,,,,,
PER-0269,Person,缪建民,,,,,,PER-0269,缪建民,,,,,,,,,,,,,,,,,,,,,,,
PER-0270,Person,罗乾宜,,,,,,PER-0270,罗乾宜,,,,,,,,,,,,,,,,,,,,,,,
PER-0271,Person,罗征,,,,,,PER-0271,罗征,,,,,,,,,,,,,,,,,,,,,,,
PER-0272,Person,罗汉武,,,,,,PER-0272,罗汉武,,,,,,,,,,,,,,,,,,,,,,,
PER-0273,Person,罗高成,,,,,,PER-0273,罗高成,,,,,,,,,,,,,,,,,,,,,,,
PER-0274,Person,翁宇轩,,,,,,PER-0274,翁宇轩,,,,,,,,,,,,,,,,,,,,,,,
PER-0275,Person,肖毅,,,,,,PER-0275,肖毅,,,,,,,,,,,,,,,,,,,,,,,
PER-0276,Person,胡望明,,,,,,PER-0276,胡望明,,,,,,,,,,,,,,,,,,,,,,,
PER-0277,Person,胡梓木,,,,,,PER-0277,胡梓木,,,,,,,,,,,,,,,,,,,,,,,
PER-0278,Person,胡蝶娜,,,,,,PER-0278,胡蝶娜,,,,,,,,,,,,,,,,,,,,,,,
PER-0279,Person,胡顺靖,,,,,,PER-0279,胡顺靖,,,,,,,,,,,,,,,,,,,,,,,
PER-0280,Person,胡麒牧,,,,,,PER-0280,胡麒牧,,,,,,,,,,,,,,,,,,,,,,,
PER-0281,Person,苏党林,,,,,,PER-0281,苏党林,,,,,,,,,,,,,,,,,,,,,,,
PER-0282,Person,苏才华,,,,,,PER-0282,苏才华,,,,,,,,,,,,,,,,,,,,,,,
PER-0283,Person,范仁達,,,,,,PER-0283,范仁達,,,,,,,,,,,,,,,,,,,,,,,
PER-0284,Person,董峥,,,,,,PER-0284,董峥,,,,,,,,,,,,,,,,,,,,,,,
PER-0285,Person,董明珠,,,,,,PER-0285,董明珠,,,,,,,,,,,,,,,,,,,,,,,
PER-0286,Person,蒋毅,,,,,,PER-0286,蒋毅,,,,,,,,,,,,,,,,,,,,,,,
PER-0287,Person,蔡方方,,,,,,PER-0287,蔡方方,,,,,,,,,,,,,,,,,,,,,,,
PER-0288,Person,蔡洪平,,,,,,PER-0288,蔡洪平,,,,,,,,,,,,,,,,,,,,,,,
PER-0289,Person,薄晓旭,,,,,,PER-0289,薄晓旭,,,,,,,,,,,,,,,,,,,,,,,
PER-0290,Person,薛宁,,,,,,PER-0290,薛宁,,,,,,,,,,,,,,,,,,,,,,,
PER-0291,Person,薛彤彤,,,,,,PER-0291,薛彤彤,,,,,,,,,,,,,,,,,,,,,,,
PER-0292,Person,薛洪言,,,,,,PER-0292,薛洪言,,,,,,,,,,,,,,,,,,,,,,,
PER-0293,Person,薛驰,,,,,,PER-0293,薛驰,,,,,,,,,,,,,,,,,,,,,,,
PER-0294,Person,虞仁荣,,,,,,PER-0294,虞仁荣,,,,,,,,,,,,,,,,,,,,,,,
PER-0295,Person,虞小荣,,,,,,PER-0295,虞小荣,,,,,,,,,,,,,,,,,,,,,,,
PER-0296,Person,虞锋,,,,,,PER-0296,虞锋,,,,,,,,,,,,,,,,,,,,,,,
PER-0297,Person,袁国强,,,,,,PER-0297,袁国强,,,,,,,,,,,,,,,,,,,,,,,
PER-0298,Person,袁媛,,,,,,PER-0298,袁媛,,,,,,,,,,,,,,,,,,,,,,,
PER-0299,Person,袁海黎,,,,,,PER-0299,袁海黎,,,,,,,,,,,,,,,,,,,,,,,
PER-0300,Person,袁闯,,,,,,PER-0300,袁闯,,,,,,,,,,,,,,,,,,,,,,,
PER-0301,Person,裘翔,,,,,,PER-0301,裘翔,,,,,,,,,,,,,,,,,,,,,,,
PER-0302,Person,裴岷山,,,,,,PER-0302,裴岷山,,,,,,,,,,,,,,,,,,,,,,,
PER-0303,Person,覃俐橄,,,,,,PER-0303,覃俐橄,,,,,,,,,,,,,,,,,,,,,,,
PER-0304,Person,许兴仁,,,,,,PER-0304,许兴仁,,,,,,,,,,,,,,,,,,,,,,,
PER-0305,Person,謝永林,,,,,,PER-0305,謝永林,,,,,,,,,,,,,,,,,,,,,,,
PER-0306,Person,谢秋实,,,,,,PER-0306,谢秋实,,,,,,,,,,,,,,,,,,,,,,,
PER-0307,Person,赵优,,,,,,PER-0307,赵优,,,,,,,,,,,,,,,,,,,,,,,
PER-0308,Person,赵成霞,,,,,,PER-0308,赵成霞,,,,,,,,,,,,,,,,,,,,,,,
PER-0309,Person,趙改,,,,,,PER-0309,趙改,,,,,,,,,,,,,,,,,,,,,,,
PER-0310,Person,赵文心,,,,,,PER-0310,赵文心,,,,,,,,,,,,,,,,,,,,,,,
PER-0311,Person,趙明璟,,,,,,PER-0311,趙明璟,,,,,,,,,,,,,,,,,,,,,,,
PER-0312,Person,趙明璟先生,,,,,,PER-0312,趙明璟先生,,,,,,,,,,,,,,,,,,,,,,,
PER-0313,Person,赵晋平,,,,,,PER-0313,赵晋平,,,,,,,,,,,,,,,,,,,,,,,
PER-0314,Person,赵杨,,,,,,PER-0314,赵杨,,,,,,,,,,,,,,,,,,,,,,,
PER-0315,Person,邓利军,,,,,,PER-0315,邓利军,,,,,,,,,,,,,,,,,,,,,,,
PER-0316,Person,邓敏,,,,,,PER-0316,邓敏,,,,,,,,,,,,,,,,,,,,,,,
PER-0317,Person,邓晓霞,,,,,,PER-0317,邓晓霞,,,,,,,,,,,,,,,,,,,,,,,
PER-0318,Person,邱向敏,,,,,,PER-0318,邱向敏,,,,,,,,,,,,,,,,,,,,,,,
PER-0319,Person,邵炜慧,,,,,,PER-0319,邵炜慧,,,,,,,,,,,,,,,,,,,,,,,
PER-0320,Person,邹迎光,,,,,,PER-0320,邹迎光,,,,,,,,,,,,,,,,,,,,,,,
PER-0321,Person,郑兴义,,,,,,PER-0321,郑兴义,,,,,,,,,,,,,,,,,,,,,,,
PER-0322,Person,郑学选,,,,,,PER-0322,郑学选,,,,,,,,,,,,,,,,,,,,,,,
PER-0323,Person,郑宗强,,,,,,PER-0323,郑宗强,,,,,,,,,,,,,,,,,,,,,,,
PER-0324,Person,郑弘孟,,,,,,PER-0324,郑弘孟,,,,,,,,,,,,,,,,,,,,,,,
PER-0325,Person,郑颖,,,,,,PER-0325,郑颖,,,,,,,,,,,,,,,,,,,,,,,
PER-0326,Person,郭光莉,,,,,,PER-0326,郭光莉,,,,,,,,,,,,,,,,,,,,,,,
PER-0327,Person,郭川,,,,,,PER-0327,郭川,,,,,,,,,,,,,,,,,,,,,,,
PER-0328,Person,郭晓涛,,,,,,PER-0328,郭晓涛,,,,,,,,,,,,,,,,,,,,,,,
PER-0329,Person,郭曉濤,,,,,,PER-0329,郭曉濤,,,,,,,,,,,,,,,,,,,,,,,
PER-0330,Person,鄒來昌,,,,,,PER-0330,鄒來昌,,,,,,,,,,,,,,,,,,,,,,,
PER-0331,Person,金春林,,,,,,PER-0331,金春林,,,,,,,,,,,,,,,,,,,,,,,
PER-0332,Person,金梓才,,,,,,PER-0332,金梓才,,,,,,,,,,,,,,,,,,,,,,,
PER-0333,Person,錢瑛,,,,,,PER-0333,錢瑛,,,,,,,,,,,,,,,,,,,,,,,
PER-0334,Person,閻磊,,,,,,PER-0334,閻磊,,,,,,,,,,,,,,,,,,,,,,,
PER-0335,Person,阮帆,,,,,,PER-0335,阮帆,,,,,,,,,,,,,,,,,,,,,,,
PER-0336,Person,陆伟,,,,,,PER-0336,陆伟,,,,,,,,,,,,,,,,,,,,,,,
PER-0337,Person,陈伟,,,,,,PER-0337,陈伟,,,,,,,,,,,,,,,,,,,,,,,
PER-0338,Person,陈侃,,,,,,PER-0338,陈侃,,,,,,,,,,,,,,,,,,,,,,,
PER-0339,Person,陳信元,,,,,,PER-0339,陳信元,,,,,,,,,,,,,,,,,,,,,,,
PER-0340,Person,陈刚,,,,,,PER-0340,陈刚,,,,,,,,,,,,,,,,,,,,,,,
PER-0341,Person,陈勇,,,,,,PER-0341,陈勇,,,,,,,,,,,,,,,,,,,,,,,
PER-0342,Person,陈华,,,,,,PER-0342,陈华,,,,,,,,,,,,,,,,,,,,,,,
PER-0343,Person,陈发树,,,,,,PER-0343,陈发树,,,,,,,,,,,,,,,,,,,,,,,
PER-0344,Person,陳山枝,,,,,,PER-0344,陳山枝,,,,,,,,,,,,,,,,,,,,,,,
PER-0345,Person,陈广华,,,,,,PER-0345,陈广华,,,,,,,,,,,,,,,,,,,,,,,
PER-0346,Person,陈庚辉,,,,,,PER-0346,陈庚辉,,,,,,,,,,,,,,,,,,,,,,,
PER-0347,Person,陈志刚,,,,,,PER-0347,陈志刚,,,,,,,,,,,,,,,,,,,,,,,
PER-0348,Person,陈志明,,,,,,PER-0348,陈志明,,,,,,,,,,,,,,,,,,,,,,,
PER-0349,Person,陈忠岳,,,,,,PER-0349,陈忠岳,,,,,,,,,,,,,,,,,,,,,,,
PER-0350,Person,陈文健,,,,,,PER-0350,陈文健,,,,,,,,,,,,,,,,,,,,,,,
PER-0351,Person,陈旋,,,,,,PER-0351,陈旋,,,,,,,,,,,,,,,,,,,,,,,
PER-0352,Person,陈景河,,,,,,PER-0352,陈景河,,,,,,,,,,,,,,,,,,,,,,,
PER-0353,Person,陈欢,,,,,,PER-0353,陈欢,,,,,,,,,,,,,,,,,,,,,,,
PER-0354,Person,陈汉文,,,,,,PER-0354,陈汉文,,,,,,,,,,,,,,,,,,,,,,,
PER-0355,Person,陈海波,,,,,,PER-0355,陈海波,,,,,,,,,,,,,,,,,,,,,,,
PER-0356,Person,陈玉卿,,,,,,PER-0356,陈玉卿,,,,,,,,,,,,,,,,,,,,,,,
PER-0357,Person,陶为银,,,,,,PER-0357,陶为银,,,,,,,,,,,,,,,,,,,,,,,
PER-0358,Person,陶川,,,,,,PER-0358,陶川,,,,,,,,,,,,,,,,,,,,,,,
PER-0359,Person,陶铮,,,,,,PER-0359,陶铮,,,,,,,,,,,,,,,,,,,,,,,
PER-0360,Person,雷江松,,,,,,PER-0360,雷江松,,,,,,,,,,,,,,,,,,,,,,,
PER-0361,Person,霍耀俊,,,,,,PER-0361,霍耀俊,,,,,,,,,,,,,,,,,,,,,,,
PER-0362,Person,霍达,,,,,,PER-0362,霍达,,,,,,,,,,,,,,,,,,,,,,,
PER-0363,Person,韩佩佩,,,,,,PER-0363,韩佩佩,,,,,,,,,,,,,,,,,,,,,,,
PER-0364,Person,韩成珂,,,,,,PER-0364,韩成珂,,,,,,,,,,,,,,,,,,,,,,,
PER-0365,Person,项有志,,,,,,PER-0365,项有志,,,,,,,,,,,,,,,,,,,,,,,
PER-0366,Person,顾诵芬,,,,,,PER-0366,顾诵芬,,,,,,,,,,,,,,,,,,,,,,,
PER-0367,Person,马信俊,,,,,,PER-0367,马信俊,,,,,,,,,,,,,,,,,,,,,,,
PER-0368,Person,马居东,,,,,,PER-0368,马居东,,,,,,,,,,,,,,,,,,,,,,,
PER-0369,Person,馬明哲,,,,,,PER-0369,馬明哲,,,,,,,,,,,,,,,,,,,,,,,
PER-0370,Person,马星瑞,,,,,,PER-0370,马星瑞,,,,,,,,,,,,,,,,,,,,,,,
PER-0371,Person,马水阳,,,,,,PER-0371,马水阳,,,,,,,,,,,,,,,,,,,,,,,
PER-0372,Person,马永红,,,,,,PER-0372,马永红,,,,,,,,,,,,,,,,,,,,,,,
PER-0373,Person,马超英,,,,,,PER-0373,马超英,,,,,,,,,,,,,,,,,,,,,,,
PER-0374,Person,高世茂,,,,,,PER-0374,高世茂,,,,,,,,,,,,,,,,,,,,,,,
PER-0375,Person,高曈,,,,,,PER-0375,高曈,,,,,,,,,,,,,,,,,,,,,,,
PER-0376,Person,高洪时,,,,,,PER-0376,高洪时,,,,,,,,,,,,,,,,,,,,,,,
PER-0377,Person,高祥明,,,,,,PER-0377,高祥明,,,,,,,,,,,,,,,,,,,,,,,
PER-0378,Person,高鹏,,,,,,PER-0378,高鹏,,,,,,,,,,,,,,,,,,,,,,,
PER-0379,Person,魏伟律师,,,,,,PER-0379,魏伟律师,,,,,,,,,,,,,,,,,,,,,,,
PER-0380,Person,魏建军,,,,,,PER-0380,魏建军,,,,,,,,,,,,,,,,,,,,,,,
PER-0381,Person,魯國慶,,,,,,PER-0381,魯國慶,,,,,,,,,,,,,,,,,,,,,,,
PER-0382,Person,鲁雪,,,,,,PER-0382,鲁雪,,,,,,,,,,,,,,,,,,,,,,,
PER-0383,Person,黄亚英,,,,,,PER-0383,黄亚英,,,,,,,,,,,,,,,,,,,,,,,
PER-0384,Person,黄力平,,,,,,PER-0384,黄力平,,,,,,,,,,,,,,,,,,,,,,,
PER-0385,Person,黄勇,,,,,,PER-0385,黄勇,,,,,,,,,,,,,,,,,,,,,,,
PER-0386,Person,黄奕松,,,,,,PER-0386,黄奕松,,,,,,,,,,,,,,,,,,,,,,,
PER-0387,Person,黄宇,,,,,,PER-0387,黄宇,,,,,,,,,,,,,,,,,,,,,,,
PER-0388,Person,黄德才,,,,,,PER-0388,黄德才,,,,,,,,,,,,,,,,,,,,,,,
PER-0389,Person,黃文彪,,,,,,PER-0389,黃文彪,,,,,,,,,,,,,,,,,,,,,,,
PER-0390,Person,黄海,,,,,,PER-0390,黄海,,,,,,,,,,,,,,,,,,,,,,,
PER-0391,Person,黄炜律师,,,,,,PER-0391,黄炜律师,,,,,,,,,,,,,,,,,,,,,,,
PER-0392,Person,黄玉山,,,,,,PER-0392,黄玉山,,,,,,,,,,,,,,,,,,,,,,,
PER-0393,Person,黃登山,,,,,,PER-0393,黃登山,,,,,,,,,,,,,,,,,,,,,,,
PER-0394,Person,黄维彪,,,,,,PER-0394,黄维彪,,,,,,,,,,,,,,,,,,,,,,,
PER-0395,Person,龙江伟,,,,,,PER-0395,龙江伟,,,,,,,,,,,,,,,,,,,,,,,
PER-0396,Person,龚梦泽,,,,,,PER-0396,龚梦泽,,,,,,,,,,,,,,,,,,,,,,,
IND-0001,Industry,3C电子,,,,,,,,,IND-0001,3C电子,,,,,,,,,,,,,,,,,,,,
IND-0002,Industry,HB0017 注射液,,,,,,,,,IND-0002,HB0017 注射液,,,,,,,,,,,,,,,,,,,,
IND-0003,Industry,PEEK材料,,,,,,,,,IND-0003,PEEK材料,,,,,,,,,,,,,,,,,,,,
IND-0004,Industry,中药板块,,,,,,,,,IND-0004,中药板块,,,,,,,,,,,,,,,,,,,,
IND-0005,Industry,中证全指食品指数,,,,,,,,,IND-0005,中证全指食品指数,,,,,,,,,,,,,,,,,,,,
IND-0006,Industry,中证细分食品饮料产业主题指数,,,,,,,,,IND-0006,中证细分食品饮料产业主题指数,,,,,,,,,,,,,,,,,,,,
IND-0007,Industry,人工智能,,,,,,,,,IND-0007,人工智能,,,,,,,,,,,,,,,,,,,,
IND-0008,Industry,人形机器人,,,,,,,,,IND-0008,人形机器人,,,,,,,,,,,,,,,,,,,,
IND-0009,Industry,传媒,,,,,,,,,IND-0009,传媒,,,,,,,,,,,,,,,,,,,,
IND-0010,Industry,低空经济,,,,,,,,,IND-0010,低空经济,,,,,,,,,,,,,,,,,,,,
IND-0011,Industry,体外诊断,,,,,,,,,IND-0011,体外诊断,,,,,,,,,,,,,,,,,,,,
IND-0012,Industry,保险,,,,,,,,,IND-0012,保险,,,,,,,,,,,,,,,,,,,,
IND-0013,Industry,储能行业,,,,,,,,,IND-0013,储能行业,,,,,,,,,,,,,,,,,,,,
IND-0014,Industry,元件,,,,,,,,,IND-0014,元件,,,,,,,,,,,,,,,,,,,,
IND-0015,Industry,光伏,,,,,,,,,IND-0015,光伏,,,,,,,,,,,,,,,,,,,,
IND-0016,Industry,光伏产业,,,,,,,,,IND-0016,光伏产业,,,,,,,,,,,,,,,,,,,,
IND-0017,Industry,光伏行业,,,,,,,,,IND-0017,光伏行业,,,,,,,,,,,,,,,,,,,,
IND-0018,Industry,光通信,,,,,,,,,IND-0018,光通信,,,,,,,,,,,,,,,,,,,,
IND-0019,Industry,创业板新能源指数,,,,,,,,,IND-0019,创业板新能源指数,,,,,,,,,,,,,,,,,,,,
IND-0020,Industry,创新药,,,,,,,,,IND-0020,创新药,,,,,,,,,,,,,,,,,,,,
IND-0021,Industry,创新药板块,,,,,,,,,IND-0021,创新药板块,,,,,,,,,,,,,,,,,,,,
IND-0022,Industry,医药生物,,,,,,,,,IND-0022,医药生物,,,,,,,,,,,,,,,,,,,,
IND-0023,Industry,医药生物板块,,,,,,,,,IND-0023,医药生物板块,,,,,,,,,,,,,,,,,,,,
IND-0024,Industry,半导体,,,,,,,,,IND-0024,半导体,,,,,,,,,,,,,,,,,,,,
IND-0025,Industry,原料药,,,,,,,,,IND-0025,原料药,,,,,,,,,,,,,,,,,,,,
IND-0026,Industry,原料药行业,,,,,,,,,IND-0026,原料药行业,,,,,,,,,,,,,,,,,,,,
IND-0027,Industry,商业航天,,,,,,,,,IND-0027,商业航天,,,,,,,,,,,,,,,,,,,,
IND-0028,Industry,培育钻石,,,,,,,,,IND-0028,培育钻石,,,,,,,,,,,,,,,,,,,,
IND-0029,Industry,存储芯片,,,,,,,,,IND-0029,存储芯片,,,,,,,,,,,,,,,,,,,,
IND-0030,Industry,工程机械,,,,,,,,,IND-0030,工程机械,,,,,,,,,,,,,,,,,,,,
IND-0031,Industry,建筑装饰行业,,,,,,,,,IND-0031,建筑装饰行业,,,,,,,,,,,,,,,,,,,,
IND-0032,Industry,新能源,,,,,,,,,IND-0032,新能源,,,,,,,,,,,,,,,,,,,,
IND-0033,Industry,新能源产业,,,,,,,,,IND-0033,新能源产业,,,,,,,,,,,,,,,,,,,,
IND-0034,Industry,新能源汽车,,,,,,,,,IND-0034,新能源汽车,,,,,,,,,,,,,,,,,,,,
IND-0035,Industry,新能源汽车产业,,,,,,,,,IND-0035,新能源汽车产业,,,,,,,,,,,,,,,,,,,,
IND-0036,Industry,智能家居,,,,,,,,,IND-0036,智能家居,,,,,,,,,,,,,,,,,,,,
IND-0037,Industry,智能装备,,,,,,,,,IND-0037,智能装备,,,,,,,,,,,,,,,,,,,,
IND-0038,Industry,智能驾驶,,,,,,,,,IND-0038,智能驾驶,,,,,,,,,,,,,,,,,,,,
IND-0039,Industry,智能驾驶产业,,,,,,,,,IND-0039,智能驾驶产业,,,,,,,,,,,,,,,,,,,,
IND-0040,Industry,智谱AI,,,,,,,,,IND-0040,智谱AI,,,,,,,,,,,,,,,,,,,,
IND-0041,Industry,有色金属,,,,,,,,,IND-0041,有色金属,,,,,,,,,,,,,,,,,,,,
IND-0042,Industry,机器人,,,,,,,,,IND-0042,机器人,,,,,,,,,,,,,,,,,,,,
IND-0043,Industry,机器人产业,,,,,,,,,IND-0043,机器人产业,,,,,,,,,,,,,,,,,,,,
IND-0044,Industry,氟化工,,,,,,,,,IND-0044,氟化工,,,,,,,,,,,,,,,,,,,,
IND-0045,Industry,氢能产业,,,,,,,,,IND-0045,氢能产业,,,,,,,,,,,,,,,,,,,,
IND-0046,Industry,水力发电,,,,,,,,,IND-0046,水力发电,,,,,,,,,,,,,,,,,,,,
IND-0047,Industry,汽车,,,,,,,,,IND-0047,汽车,,,,,,,,,,,,,,,,,,,,
IND-0048,Industry,汽车芯片,,,,,,,,,IND-0048,汽车芯片,,,,,,,,,,,,,,,,,,,,
IND-0049,Industry,注射用卡瑞利珠单抗,,,,,,,,,IND-0049,注射用卡瑞利珠单抗,,,,,,,,,,,,,,,,,,,,
IND-0050,Industry,烟花爆竹行业,,,,,,,,,IND-0050,烟花爆竹行业,,,,,,,,,,,,,,,,,,,,
IND-0051,Industry,煤炭,,,,,,,,,IND-0051,煤炭,,,,,,,,,,,,,,,,,,,,
IND-0052,Industry,甘精胰岛素注射液,,,,,,,,,IND-0052,甘精胰岛素注射液,,,,,,,,,,,,,,,,,,,,
IND-0053,Industry,生物制造,,,,,,,,,IND-0053,生物制造,,,,,,,,,,,,,,,,,,,,
IND-0054,Industry,生物医药,,,,,,,,,IND-0054,生物医药,,,,,,,,,,,,,,,,,,,,
IND-0055,Industry,生猪生产行业,,,,,,,,,IND-0055,生猪生产行业,,,,,,,,,,,,,,,,,,,,
IND-0056,Industry,电力能源基础设施,,,,,,,,,IND-0056,电力能源基础设施,,,,,,,,,,,,,,,,,,,,
IND-0057,Industry,电力设备,,,,,,,,,IND-0057,电力设备,,,,,,,,,,,,,,,,,,,,
IND-0058,Industry,电子,,,,,,,,,IND-0058,电子,,,,,,,,,,,,,,,,,,,,
IND-0059,Industry,电子行业,,,,,,,,,IND-0059,电子行业,,,,,,,,,,,,,,,,,,,,
IND-0060,Industry,石油石化,,,,,,,,,IND-0060,石油石化,,,,,,,,,,,,,,,,,,,,
IND-0061,Industry,矿山开发服务行业,,,,,,,,,IND-0061,矿山开发服务行业,,,,,,,,,,,,,,,,,,,,
IND-0062,Industry,硬科技,,,,,,,,,IND-0062,硬科技,,,,,,,,,,,,,,,,,,,,
IND-0063,Industry,调味品,,,,,,,,,IND-0063,调味品,,,,,,,,,,,,,,,,,,,,
IND-0064,Industry,贵金属,,,,,,,,,IND-0064,贵金属,,,,,,,,,,,,,,,,,,,,
IND-0065,Industry,软件开发,,,,,,,,,IND-0065,软件开发,,,,,,,,,,,,,,,,,,,,
IND-0066,Industry,通信,,,,,,,,,IND-0066,通信,,,,,,,,,,,,,,,,,,,,
IND-0067,Industry,通信设备,,,,,,,,,IND-0067,通信设备,,,,,,,,,,,,,,,,,,,,
IND-0068,Industry,金融科技,,,,,,,,,IND-0068,金融科技,,,,,,,,,,,,,,,,,,,,
IND-0069,Industry,银行,,,,,,,,,IND-0069,银行,,,,,,,,,,,,,,,,,,,,
IND-0070,Industry,银行理财市场,,,,,,,,,IND-0070,银行理财市场,,,,,,,,,,,,,,,,,,,,
IND-0071,Industry,集成电路,,,,,,,,,IND-0071,集成电路,,,,,,,,,,,,,,,,,,,,
IND-0072,Industry,风电产业,,,,,,,,,IND-0072,风电产业,,,,,,,,,,,,,,,,,,,,
IND-0073,Industry,食品饮料行业,,,,,,,,,IND-0073,食品饮料行业,,,,,,,,,,,,,,,,,,,,
INST-0001,Institution,Agencia de Regulación Sanitaria，ARSA,,,,,,,,,,,,INST-0001,Agencia de Regulación Sanitaria，ARSA,,,,,,,,,,,,,,,,,
INST-0002,Institution,CDE,,,,,,,,,,,,INST-0002,CDE,,,,,,,,,,,,,,,,,
INST-0003,Institution,DataEye研究院,,,,,,,,,,,,INST-0003,DataEye研究院,,,,,,,,,,,,,,,,,
INST-0004,Institution,FDA,,,,,,,,,,,,INST-0004,FDA,,,,,,,,,,,,,,,,,
INST-0005,Institution,NMPA,,,,,,,,,,,,INST-0005,NMPA,,,,,,,,,,,,,,,,,
INST-0006,Institution,QFII,,,,,,,,,,,,INST-0006,QFII,,,,,,,,,,,,,,,,,
INST-0007,Institution,iDMC,,,,,,,,,,,,INST-0007,iDMC,,,,,,,,,,,,,,,,,
INST-0008,Institution,上交所,,,,,,,,,,,,INST-0008,上交所,,,,,,,,,,,,,,,,,
INST-0009,Institution,上海,,,,,,,,,,,,INST-0009,上海,,,,,,,,,,,,,,,,,
INST-0010,Institution,上海东方华银律师事务所,,,,,,,,,,,,INST-0010,上海东方华银律师事务所,,,,,,,,,,,,,,,,,
INST-0011,Institution,上海兰迪律师事务所,,,,,,,,,,,,INST-0011,上海兰迪律师事务所,,,,,,,,,,,,,,,,,
INST-0012,Institution,上海分公司,,,,,,,,,,,,INST-0012,上海分公司,,,,,,,,,,,,,,,,,
INST-0013,Institution,上海市保险同业公会,,,,,,,,,,,,INST-0013,上海市保险同业公会,,,,,,,,,,,,,,,,,
INST-0014,Institution,上海市委网信办,,,,,,,,,,,,INST-0014,上海市委网信办,,,,,,,,,,,,,,,,,
INST-0015,Institution,上海市方达律师事务所,,,,,,,,,,,,INST-0015,上海市方达律师事务所,,,,,,,,,,,,,,,,,
INST-0016,Institution,上海市汽车零部件行业协会,,,,,,,,,,,,INST-0016,上海市汽车零部件行业协会,,,,,,,,,,,,,,,,,
INST-0017,Institution,上海市浦东新区人民法院,,,,,,,,,,,,INST-0017,上海市浦东新区人民法院,,,,,,,,,,,,,,,,,
INST-0018,Institution,上海市药品监督管理局,,,,,,,,,,,,INST-0018,上海市药品监督管理局,,,,,,,,,,,,,,,,,
INST-0019,Institution,上海市通力律师事务所,,,,,,,,,,,,INST-0019,上海市通力律师事务所,,,,,,,,,,,,,,,,,
INST-0020,Institution,上海票据交易所,,,,,,,,,,,,INST-0020,上海票据交易所,,,,,,,,,,,,,,,,,
INST-0021,Institution,上海联合产权交易所,,,,,,,,,,,,INST-0021,上海联合产权交易所,,,,,,,,,,,,,,,,,
INST-0022,Institution,上海證券交易所,,,,,,,,,,,,INST-0022,上海證券交易所,,,,,,,,,,,,,,,,,
INST-0023,Institution,上海证券交易所上证路演中心,,,,,,,,,,,,INST-0023,上海证券交易所上证路演中心,,,,,,,,,,,,,,,,,
INST-0024,Institution,上海证券交易所信息网络有限公司,,,,,,,,,,,,INST-0024,上海证券交易所信息网络有限公司,,,,,,,,,,,,,,,,,
INST-0025,Institution,上海证监局,,,,,,,,,,,,INST-0025,上海证监局,,,,,,,,,,,,,,,,,
INST-0026,Institution,上海金融监管局,,,,,,,,,,,,INST-0026,上海金融监管局,,,,,,,,,,,,,,,,,
INST-0027,Institution,上证路演中心,,,,,,,,,,,,INST-0027,上证路演中心,,,,,,,,,,,,,,,,,
INST-0028,Institution,专利代理机构,,,,,,,,,,,,INST-0028,专利代理机构,,,,,,,,,,,,,,,,,
INST-0029,Institution,世界知识产权组织,,,,,,,,,,,,INST-0029,世界知识产权组织,,,,,,,,,,,,,,,,,
INST-0030,Institution,世界贸易组织,,,,,,,,,,,,INST-0030,世界贸易组织,,,,,,,,,,,,,,,,,
INST-0031,Institution,东兴证券,,,,,,,,,,,,INST-0031,东兴证券,,,,,,,,,,,,,,,,,
INST-0032,Institution,东吴证券,,,,,,,,,,,,INST-0032,东吴证券,,,,,,,,,,,,,,,,,
INST-0033,Institution,中信证券,,,,,,,,,,,,INST-0033,中信证券,,,,,,,,,,,,,,,,,
INST-0034,Institution,中信银行股份有限公司杭州分行,,,,,,,,,,,,INST-0034,中信银行股份有限公司杭州分行,,,,,,,,,,,,,,,,,
INST-0035,Institution,中华人民共和国农业农村部,,,,,,,,,,,,INST-0035,中华人民共和国农业农村部,,,,,,,,,,,,,,,,,
INST-0036,Institution,中华人民共和国财政部,,,,,,,,,,,,INST-0036,中华人民共和国财政部,,,,,,,,,,,,,,,,,
INST-0037,Institution,中喜会计师事务所（特殊普通合伙）,,,,,,,,,,,,INST-0037,中喜会计师事务所（特殊普通合伙）,,,,,,,,,,,,,,,,,
INST-0038,Institution,中国NMPA,,,,,,,,,,,,INST-0038,中国NMPA,,,,,,,,,,,,,,,,,
INST-0039,Institution,中国上市公司协会,,,,,,,,,,,,INST-0039,中国上市公司协会,,,,,,,,,,,,,,,,,
INST-0040,Institution,中国人民银行,,,,,,,,,,,,INST-0040,中国人民银行,,,,,,,,,,,,,,,,,
INST-0041,Institution,中国人民银行珠海分行,,,,,,,,,,,,INST-0041,中国人民银行珠海分行,,,,,,,,,,,,,,,,,
INST-0042,Institution,中国农业银行股份有限公司北京市分行,,,,,,,,,,,,INST-0042,中国农业银行股份有限公司北京市分行,,,,,,,,,,,,,,,,,
INST-0043,Institution,中国农业银行股份有限公司珠海分行,,,,,,,,,,,,INST-0043,中国农业银行股份有限公司珠海分行,,,,,,,,,,,,,,,,,
INST-0044,Institution,中国医学科学院皮肤病医院,,,,,,,,,,,,INST-0044,中国医学科学院皮肤病医院,,,,,,,,,,,,,,,,,
INST-0045,Institution,中国医药保健品进出口商会,,,,,,,,,,,,INST-0045,中国医药保健品进出口商会,,,,,,,,,,,,,,,,,
INST-0046,Institution,中国国际投资促进会,,,,,,,,,,,,INST-0046,中国国际投资促进会,,,,,,,,,,,,,,,,,
INST-0047,Institution,中国工商银行股份有限公司济宁分行,,,,,,,,,,,,INST-0047,中国工商银行股份有限公司济宁分行,,,,,,,,,,,,,,,,,
INST-0048,Institution,中国建筑股份有限公司董事会,,,,,,,,,,,,INST-0048,中国建筑股份有限公司董事会,,,,,,,,,,,,,,,,,
INST-0049,Institution,中国招标投标公共服务平台,,,,,,,,,,,,INST-0049,中国招标投标公共服务平台,,,,,,,,,,,,,,,,,
INST-0050,Institution,中国支付清算协会,,,,,,,,,,,,INST-0050,中国支付清算协会,,,,,,,,,,,,,,,,,
INST-0051,Institution,中国服务贸易协会,,,,,,,,,,,,INST-0051,中国服务贸易协会,,,,,,,,,,,,,,,,,
INST-0052,Institution,中国残联,,,,,,,,,,,,INST-0052,中国残联,,,,,,,,,,,,,,,,,
INST-0053,Institution,中国版权协会,,,,,,,,,,,,INST-0053,中国版权协会,,,,,,,,,,,,,,,,,
INST-0054,Institution,中国结算上海分公司,,,,,,,,,,,,INST-0054,中国结算上海分公司,,,,,,,,,,,,,,,,,
INST-0055,Institution,中国结算深圳分公司,,,,,,,,,,,,INST-0055,中国结算深圳分公司,,,,,,,,,,,,,,,,,
INST-0056,Institution,中国能源研究会产教融合专委会,,,,,,,,,,,,INST-0056,中国能源研究会产教融合专委会,,,,,,,,,,,,,,,,,
INST-0057,Institution,中国证券投资基金业协会,,,,,,,,,,,,INST-0057,中国证券投资基金业协会,,,,,,,,,,,,,,,,,
INST-0058,Institution,中国证券登记结算有限公司上海分公司,,,,,,,,,,,,INST-0058,中国证券登记结算有限公司上海分公司,,,,,,,,,,,,,,,,,
INST-0059,Institution,中国证券登记结算有限责任公司,,,,,,,,,,,,INST-0059,中国证券登记结算有限责任公司,,,,,,,,,,,,,,,,,
INST-0060,Institution,中国证券登记结算有限责任公司上海分公司,,,,,,,,,,,,INST-0060,中国证券登记结算有限责任公司上海分公司,,,,,,,,,,,,,,,,,
INST-0061,Institution,中国证券登记结算有限责任公司深圳分公司,,,,,,,,,,,,INST-0061,中国证券登记结算有限责任公司深圳分公司,,,,,,,,,,,,,,,,,
INST-0062,Institution,中国证券监督管理委员会,,,,,,,,,,,,INST-0062,中国证券监督管理委员会,,,,,,,,,,,,,,,,,
INST-0063,Institution,中国证监会,,,,,,,,,,,,INST-0063,中国证监会,,,,,,,,,,,,,,,,,
INST-0064,Institution,中国进出口银行,,,,,,,,,,,,INST-0064,中国进出口银行,,,,,,,,,,,,,,,,,
INST-0065,Institution,中国铁路乌鲁木齐局集团有限公司库尔勒铁路建设指挥部,,,,,,,,,,,,INST-0065,中国铁路乌鲁木齐局集团有限公司库尔勒铁路建设指挥部,,,,,,,,,,,,,,,,,
INST-0066,Institution,中国银监会,,,,,,,,,,,,INST-0066,中国银监会,,,,,,,,,,,,,,,,,
INST-0067,Institution,中国银行（香港）有限公司,,,,,,,,,,,,INST-0067,中国银行（香港）有限公司,,,,,,,,,,,,,,,,,
INST-0068,Institution,中国银行股份有限公司澳门分行,,,,,,,,,,,,INST-0068,中国银行股份有限公司澳门分行,,,,,,,,,,,,,,,,,
INST-0069,Institution,中国银行间市场交易商协会,,,,,,,,,,,,INST-0069,中国银行间市场交易商协会,,,,,,,,,,,,,,,,,
INST-0070,Institution,中国集成电路共保体,,,,,,,,,,,,INST-0070,中国集成电路共保体,,,,,,,,,,,,,,,,,
INST-0071,Institution,中央政治局会议,,,,,,,,,,,,INST-0071,中央政治局会议,,,,,,,,,,,,,,,,,
INST-0072,Institution,中央教育工作领导小组,,,,,,,,,,,,INST-0072,中央教育工作领导小组,,,,,,,,,,,,,,,,,
INST-0073,Institution,中央网络安全和信息化委员会,,,,,,,,,,,,INST-0073,中央网络安全和信息化委员会,,,,,,,,,,,,,,,,,
INST-0074,Institution,中泰证券,,,,,,,,,,,,INST-0074,中泰证券,,,,,,,,,,,,,,,,,
INST-0075,Institution,中证中小投资者服务中心有限责任公司,,,,,,,,,,,,INST-0075,中证中小投资者服务中心有限责任公司,,,,,,,,,,,,,,,,,
INST-0076,Institution,中证商品指数公司,,,,,,,,,,,,INST-0076,中证商品指数公司,,,,,,,,,,,,,,,,,
INST-0077,Institution,中证投服中心,,,,,,,,,,,,INST-0077,中证投服中心,,,,,,,,,,,,,,,,,
INST-0078,Institution,中银证券,,,,,,,,,,,,INST-0078,中银证券,,,,,,,,,,,,,,,,,
INST-0079,Institution,臨時股東會,,,,,,,,,,,,INST-0079,臨時股東會,,,,,,,,,,,,,,,,,
INST-0080,Institution,乌拉特后旗林业和草原局,,,,,,,,,,,,INST-0080,乌拉特后旗林业和草原局,,,,,,,,,,,,,,,,,
INST-0081,Institution,云南省公共资源交易服务平台,,,,,,,,,,,,INST-0081,云南省公共资源交易服务平台,,,,,,,,,,,,,,,,,
INST-0082,Institution,人力资源社会保障部,,,,,,,,,,,,INST-0082,人力资源社会保障部,,,,,,,,,,,,,,,,,
INST-0083,Institution,人民法院,,,,,,,,,,,,INST-0083,人民法院,,,,,,,,,,,,,,,,,
INST-0084,Institution,倫敦證券交易所,,,,,,,,,,,,INST-0084,倫敦證券交易所,,,,,,,,,,,,,,,,,
INST-0085,Institution,住房公积金管理中心,,,,,,,,,,,,INST-0085,住房公积金管理中心,,,,,,,,,,,,,,,,,
INST-0086,Institution,住房公积金管理委员会,,,,,,,,,,,,INST-0086,住房公积金管理委员会,,,,,,,,,,,,,,,,,
INST-0087,Institution,住房城乡建设部,,,,,,,,,,,,INST-0087,住房城乡建设部,,,,,,,,,,,,,,,,,
INST-0088,Institution,信永中和会计师事务所（特殊普通合伙）,,,,,,,,,,,,INST-0088,信永中和会计师事务所（特殊普通合伙）,,,,,,,,,,,,,,,,,
INST-0089,Institution,信用中国,,,,,,,,,,,,INST-0089,信用中国,,,,,,,,,,,,,,,,,
INST-0090,Institution,信达澳亚基金,,,,,,,,,,,,INST-0090,信达澳亚基金,,,,,,,,,,,,,,,,,
INST-0091,Institution,光大证券,,,,,,,,,,,,INST-0091,光大证券,,,,,,,,,,,,,,,,,
INST-0092,Institution,党中央,,,,,,,,,,,,INST-0092,党中央,,,,,,,,,,,,,,,,,
INST-0093,Institution,全国公共资源交易平台(山东省·济南市),,,,,,,,,,,,INST-0093,全国公共资源交易平台(山东省·济南市),,,,,,,,,,,,,,,,,
INST-0094,Institution,全国公共资源交易平台（广西壮族自治区）,,,,,,,,,,,,INST-0094,全国公共资源交易平台（广西壮族自治区）,,,,,,,,,,,,,,,,,
INST-0095,Institution,全国社保基金一零三组合,,,,,,,,,,,,INST-0095,全国社保基金一零三组合,,,,,,,,,,,,,,,,,
INST-0096,Institution,全景投资者关系互动平台,,,,,,,,,,,,INST-0096,全景投资者关系互动平台,,,,,,,,,,,,,,,,,
INST-0097,Institution,公募排排网,,,,,,,,,,,,INST-0097,公募排排网,,,,,,,,,,,,,,,,,
INST-0098,Institution,公安机关,,,,,,,,,,,,INST-0098,公安机关,,,,,,,,,,,,,,,,,
INST-0099,Institution,兴业基金,,,,,,,,,,,,INST-0099,兴业基金,,,,,,,,,,,,,,,,,
INST-0100,Institution,兴业研究,,,,,,,,,,,,INST-0100,兴业研究,,,,,,,,,,,,,,,,,
INST-0101,Institution,兴业证券,,,,,,,,,,,,INST-0101,兴业证券,,,,,,,,,,,,,,,,,
INST-0102,Institution,农业农村部,,,,,,,,,,,,INST-0102,农业农村部,,,,,,,,,,,,,,,,,
INST-0103,Institution,北京市中伦（上海）律师事务所,,,,,,,,,,,,INST-0103,北京市中伦（上海）律师事务所,,,,,,,,,,,,,,,,,
INST-0104,Institution,北京市君合（深圳）律师事务所,,,,,,,,,,,,INST-0104,北京市君合（深圳）律师事务所,,,,,,,,,,,,,,,,,
INST-0105,Institution,北京市天元律师事务所,,,,,,,,,,,,INST-0105,北京市天元律师事务所,,,,,,,,,,,,,,,,,
INST-0106,Institution,北京市市场监督管理局,,,,,,,,,,,,INST-0106,北京市市场监督管理局,,,,,,,,,,,,,,,,,
INST-0107,Institution,北京市汉坤（深圳）律师事务所,,,,,,,,,,,,INST-0107,北京市汉坤（深圳）律师事务所,,,,,,,,,,,,,,,,,
INST-0108,Institution,北京市环球律师事务所上海分所,,,,,,,,,,,,INST-0108,北京市环球律师事务所上海分所,,,,,,,,,,,,,,,,,
INST-0109,Institution,北京市竞天公诚律师事务所,,,,,,,,,,,,INST-0109,北京市竞天公诚律师事务所,,,,,,,,,,,,,,,,,
INST-0110,Institution,北京市药监局,,,,,,,,,,,,INST-0110,北京市药监局,,,,,,,,,,,,,,,,,
INST-0111,Institution,北京市通商律师事务所,,,,,,,,,,,,INST-0111,北京市通商律师事务所,,,,,,,,,,,,,,,,,
INST-0112,Institution,北京市金杜律师事务所,,,,,,,,,,,,INST-0112,北京市金杜律师事务所,,,,,,,,,,,,,,,,,
INST-0113,Institution,北京金誠同達律師事務所,,,,,,,,,,,,INST-0113,北京金誠同達律師事務所,,,,,,,,,,,,,,,,,
INST-0114,Institution,医疗健康专业委员会,,,,,,,,,,,,INST-0114,医疗健康专业委员会,,,,,,,,,,,,,,,,,
INST-0115,Institution,华泰柏瑞基金,,,,,,,,,,,,INST-0115,华泰柏瑞基金,,,,,,,,,,,,,,,,,
INST-0116,Institution,华源证券,,,,,,,,,,,,INST-0116,华源证券,,,,,,,,,,,,,,,,,
INST-0117,Institution,华福证券,,,,,,,,,,,,INST-0117,华福证券,,,,,,,,,,,,,,,,,
INST-0118,Institution,南德认证检测（中国）有限公司,,,,,,,,,,,,INST-0118,南德认证检测（中国）有限公司,,,,,,,,,,,,,,,,,
INST-0119,Institution,原中国银监会,,,,,,,,,,,,INST-0119,原中国银监会,,,,,,,,,,,,,,,,,
INST-0120,Institution,反垄断执法机构,,,,,,,,,,,,INST-0120,反垄断执法机构,,,,,,,,,,,,,,,,,
INST-0121,Institution,合江县人民医院,,,,,,,,,,,,INST-0121,合江县人民医院,,,,,,,,,,,,,,,,,
INST-0122,Institution,和信会计师事务所（特殊普通合伙）,,,,,,,,,,,,INST-0122,和信会计师事务所（特殊普通合伙）,,,,,,,,,,,,,,,,,
INST-0123,Institution,商务部,,,,,,,,,,,,INST-0123,商务部,,,,,,,,,,,,,,,,,
INST-0124,Institution,嘉实基金,,,,,,,,,,,,INST-0124,嘉实基金,,,,,,,,,,,,,,,,,
INST-0125,Institution,国信证券,,,,,,,,,,,,INST-0125,国信证券,,,,,,,,,,,,,,,,,
INST-0126,Institution,国务院,,,,,,,,,,,,INST-0126,国务院,,,,,,,,,,,,,,,,,
INST-0127,Institution,国务院住房城乡建设主管部门,,,,,,,,,,,,INST-0127,国务院住房城乡建设主管部门,,,,,,,,,,,,,,,,,
INST-0128,Institution,国务院体育行政部门,,,,,,,,,,,,INST-0128,国务院体育行政部门,,,,,,,,,,,,,,,,,
INST-0129,Institution,国务院办公厅,,,,,,,,,,,,INST-0129,国务院办公厅,,,,,,,,,,,,,,,,,
INST-0130,Institution,国务院国有资产监督管理委员会,,,,,,,,,,,,INST-0130,国务院国有资产监督管理委员会,,,,,,,,,,,,,,,,,
INST-0131,Institution,国务院安全生产委员会,,,,,,,,,,,,INST-0131,国务院安全生产委员会,,,,,,,,,,,,,,,,,
INST-0132,Institution,国务院应急管理部门,,,,,,,,,,,,INST-0132,国务院应急管理部门,,,,,,,,,,,,,,,,,
INST-0133,Institution,国务院残疾人工作委员会,,,,,,,,,,,,INST-0133,国务院残疾人工作委员会,,,,,,,,,,,,,,,,,
INST-0134,Institution,国务院法治部门,,,,,,,,,,,,INST-0134,国务院法治部门,,,,,,,,,,,,,,,,,
INST-0135,Institution,国务院知识产权行政部门,,,,,,,,,,,,INST-0135,国务院知识产权行政部门,,,,,,,,,,,,,,,,,
INST-0136,Institution,国务院能源主管部门,,,,,,,,,,,,INST-0136,国务院能源主管部门,,,,,,,,,,,,,,,,,
INST-0137,Institution,国务院银行业监督管理机构,,,,,,,,,,,,INST-0137,国务院银行业监督管理机构,,,,,,,,,,,,,,,,,
INST-0138,Institution,国家中医药局,,,,,,,,,,,,INST-0138,国家中医药局,,,,,,,,,,,,,,,,,
INST-0139,Institution,国家医保局,,,,,,,,,,,,INST-0139,国家医保局,,,,,,,,,,,,,,,,,
INST-0140,Institution,国家医疗保障局,,,,,,,,,,,,INST-0140,国家医疗保障局,,,,,,,,,,,,,,,,,
INST-0141,Institution,国家卫生健康委,,,,,,,,,,,,INST-0141,国家卫生健康委,,,,,,,,,,,,,,,,,
INST-0142,Institution,国家卫生健康委员会,,,,,,,,,,,,INST-0142,国家卫生健康委员会,,,,,,,,,,,,,,,,,
INST-0143,Institution,国家发展和改革委员会,,,,,,,,,,,,INST-0143,国家发展和改革委员会,,,,,,,,,,,,,,,,,
INST-0144,Institution,国家发展改革委,,,,,,,,,,,,INST-0144,国家发展改革委,,,,,,,,,,,,,,,,,
INST-0145,Institution,国家发改委,,,,,,,,,,,,INST-0145,国家发改委,,,,,,,,,,,,,,,,,
INST-0146,Institution,国家大剧院,,,,,,,,,,,,INST-0146,国家大剧院,,,,,,,,,,,,,,,,,
INST-0147,Institution,国家市场监督管理总局,,,,,,,,,,,,INST-0147,国家市场监督管理总局,,,,,,,,,,,,,,,,,
INST-0148,Institution,国家林草局,,,,,,,,,,,,INST-0148,国家林草局,,,,,,,,,,,,,,,,,
INST-0149,Institution,国家版权局,,,,,,,,,,,,INST-0149,国家版权局,,,,,,,,,,,,,,,,,
INST-0150,Institution,国家知识产权局,,,,,,,,,,,,INST-0150,国家知识产权局,,,,,,,,,,,,,,,,,
INST-0151,Institution,国家税务总局,,,,,,,,,,,,INST-0151,国家税务总局,,,,,,,,,,,,,,,,,
INST-0152,Institution,国家能源局,,,,,,,,,,,,INST-0152,国家能源局,,,,,,,,,,,,,,,,,
INST-0153,Institution,国家自然资源部,,,,,,,,,,,,INST-0153,国家自然资源部,,,,,,,,,,,,,,,,,
INST-0154,Institution,国家药品监督管理局,,,,,,,,,,,,INST-0154,国家药品监督管理局,,,,,,,,,,,,,,,,,
INST-0155,Institution,国家药品监督管理局（NMPA）,,,,,,,,,,,,INST-0155,国家药品监督管理局（NMPA）,,,,,,,,,,,,,,,,,
INST-0156,Institution,国家药品监督管理局药品审评中心,,,,,,,,,,,,INST-0156,国家药品监督管理局药品审评中心,,,,,,,,,,,,,,,,,
INST-0157,Institution,国家药品监督管理局药品审评中心（CDE）,,,,,,,,,,,,INST-0157,国家药品监督管理局药品审评中心（CDE）,,,,,,,,,,,,,,,,,
INST-0158,Institution,国家药监局,,,,,,,,,,,,INST-0158,国家药监局,,,,,,,,,,,,,,,,,
INST-0159,Institution,国家金融监督管理总局,,,,,,,,,,,,INST-0159,国家金融监督管理总局,,,,,,,,,,,,,,,,,
INST-0160,Institution,国浩律师（南京）事务所,,,,,,,,,,,,INST-0160,国浩律师（南京）事务所,,,,,,,,,,,,,,,,,
INST-0161,Institution,国海证券,,,,,,,,,,,,INST-0161,国海证券,,,,,,,,,,,,,,,,,
INST-0162,Institution,国联安基金,,,,,,,,,,,,INST-0162,国联安基金,,,,,,,,,,,,,,,,,
INST-0163,Institution,国金证券,,,,,,,,,,,,INST-0163,国金证券,,,,,,,,,,,,,,,,,
INST-0164,Institution,国际糖尿病联盟（IDF）,,,,,,,,,,,,INST-0164,国际糖尿病联盟（IDF）,,,,,,,,,,,,,,,,,
INST-0165,Institution,国际肺癌研究协会,,,,,,,,,,,,INST-0165,国际肺癌研究协会,,,,,,,,,,,,,,,,,
INST-0166,Institution,墨竹工卡县人民政府,,,,,,,,,,,,INST-0166,墨竹工卡县人民政府,,,,,,,,,,,,,,,,,
INST-0167,Institution,天职国际会计师事务所,,,,,,,,,,,,INST-0167,天职国际会计师事务所,,,,,,,,,,,,,,,,,
INST-0168,Institution,太平人寿保险有限公司,,,,,,,,,,,,INST-0168,太平人寿保险有限公司,,,,,,,,,,,,,,,,,
INST-0169,Institution,太空能源发展联盟,,,,,,,,,,,,INST-0169,太空能源发展联盟,,,,,,,,,,,,,,,,,
INST-0170,Institution,太空能源技术生态联盟,,,,,,,,,,,,INST-0170,太空能源技术生态联盟,,,,,,,,,,,,,,,,,
INST-0171,Institution,央企投资协会,,,,,,,,,,,,INST-0171,央企投资协会,,,,,,,,,,,,,,,,,
INST-0172,Institution,央行,,,,,,,,,,,,INST-0172,央行,,,,,,,,,,,,,,,,,
INST-0173,Institution,安永华明会计师事务所（特殊普通合伙）,,,,,,,,,,,,INST-0173,安永华明会计师事务所（特殊普通合伙）,,,,,,,,,,,,,,,,,
INST-0174,Institution,宝山钢铁股份有限公司董事会,,,,,,,,,,,,INST-0174,宝山钢铁股份有限公司董事会,,,,,,,,,,,,,,,,,
INST-0175,Institution,审计署,,,,,,,,,,,,INST-0175,审计署,,,,,,,,,,,,,,,,,
INST-0176,Institution,宿迁市宿城区人民政府,,,,,,,,,,,,INST-0176,宿迁市宿城区人民政府,,,,,,,,,,,,,,,,,
INST-0177,Institution,宿迁市宿城区国有资产运行监测中心,,,,,,,,,,,,INST-0177,宿迁市宿城区国有资产运行监测中心,,,,,,,,,,,,,,,,,
INST-0178,Institution,山东省药品监督管理局,,,,,,,,,,,,INST-0178,山东省药品监督管理局,,,,,,,,,,,,,,,,,
INST-0179,Institution,工业和信息化部,,,,,,,,,,,,INST-0179,工业和信息化部,,,,,,,,,,,,,,,,,
INST-0180,Institution,工信部,,,,,,,,,,,,INST-0180,工信部,,,,,,,,,,,,,,,,,
INST-0181,Institution,巴彦淖尔市林业和草原局,,,,,,,,,,,,INST-0181,巴彦淖尔市林业和草原局,,,,,,,,,,,,,,,,,
INST-0182,Institution,巴西卫生监督局,,,,,,,,,,,,INST-0182,巴西卫生监督局,,,,,,,,,,,,,,,,,
INST-0183,Institution,市、县级人民政府,,,,,,,,,,,,INST-0183,市、县级人民政府,,,,,,,,,,,,,,,,,
INST-0184,Institution,市场监管总局,,,,,,,,,,,,INST-0184,市场监管总局,,,,,,,,,,,,,,,,,
INST-0185,Institution,市场监管总局（国家标准委）,,,,,,,,,,,,INST-0185,市场监管总局（国家标准委）,,,,,,,,,,,,,,,,,
INST-0186,Institution,广东上市公司协会,,,,,,,,,,,,INST-0186,广东上市公司协会,,,,,,,,,,,,,,,,,
INST-0187,Institution,广东信达律师事务所,,,,,,,,,,,,INST-0187,广东信达律师事务所,,,,,,,,,,,,,,,,,
INST-0188,Institution,广东省药品监督管理局,,,,,,,,,,,,INST-0188,广东省药品监督管理局,,,,,,,,,,,,,,,,,
INST-0189,Institution,广东证监局,,,,,,,,,,,,INST-0189,广东证监局,,,,,,,,,,,,,,,,,
INST-0190,Institution,广发基金,,,,,,,,,,,,INST-0190,广发基金,,,,,,,,,,,,,,,,,
INST-0191,Institution,广州市海珠区,,,,,,,,,,,,INST-0191,广州市海珠区,,,,,,,,,,,,,,,,,
INST-0192,Institution,广州经开区,,,,,,,,,,,,INST-0192,广州经开区,,,,,,,,,,,,,,,,,
INST-0193,Institution,广西建设工程机电设备招标中心有限公司,,,,,,,,,,,,INST-0193,广西建设工程机电设备招标中心有限公司,,,,,,,,,,,,,,,,,
INST-0194,Institution,开源证券,,,,,,,,,,,,INST-0194,开源证券,,,,,,,,,,,,,,,,,
INST-0195,Institution,弗若斯特沙利文,,,,,,,,,,,,INST-0195,弗若斯特沙利文,,,,,,,,,,,,,,,,,
INST-0196,Institution,德勤華永會計師事務所（特殊普通合夥）,,,,,,,,,,,,INST-0196,德勤華永會計師事務所（特殊普通合夥）,,,,,,,,,,,,,,,,,
INST-0197,Institution,德国联邦药品和医疗器械管理局,,,,,,,,,,,,INST-0197,德国联邦药品和医疗器械管理局,,,,,,,,,,,,,,,,,
INST-0198,Institution,总经理办公会,,,,,,,,,,,,INST-0198,总经理办公会,,,,,,,,,,,,,,,,,
INST-0199,Institution,恒生前海基金,,,,,,,,,,,,INST-0199,恒生前海基金,,,,,,,,,,,,,,,,,
INST-0200,Institution,惠誉,,,,,,,,,,,,INST-0200,惠誉,,,,,,,,,,,,,,,,,
INST-0201,Institution,成都产业投资集团招标采购管理平台,,,,,,,,,,,,INST-0201,成都产业投资集团招标采购管理平台,,,,,,,,,,,,,,,,,
INST-0202,Institution,扬州信保担保公司,,,,,,,,,,,,INST-0202,扬州信保担保公司,,,,,,,,,,,,,,,,,
INST-0203,Institution,招商银行股份有限公司,,,,,,,,,,,,INST-0203,招商银行股份有限公司,,,,,,,,,,,,,,,,,
INST-0204,Institution,教育部,,,,,,,,,,,,INST-0204,教育部,,,,,,,,,,,,,,,,,
INST-0205,Institution,文化和旅游部,,,,,,,,,,,,INST-0205,文化和旅游部,,,,,,,,,,,,,,,,,
INST-0206,Institution,新华财经,,,,,,,,,,,,INST-0206,新华财经,,,,,,,,,,,,,,,,,
INST-0207,Institution,新疆上市公司协会,,,,,,,,,,,,INST-0207,新疆上市公司协会,,,,,,,,,,,,,,,,,
INST-0208,Institution,新疆公共资源交易网,,,,,,,,,,,,INST-0208,新疆公共资源交易网,,,,,,,,,,,,,,,,,
INST-0209,Institution,新疆天阳律师事务所,,,,,,,,,,,,INST-0209,新疆天阳律师事务所,,,,,,,,,,,,,,,,,
INST-0210,Institution,新疆水发集团电子招标采购平台,,,,,,,,,,,,INST-0210,新疆水发集团电子招标采购平台,,,,,,,,,,,,,,,,,
INST-0211,Institution,新疆生产建设兵团第五师交通运输事业发展中心,,,,,,,,,,,,INST-0211,新疆生产建设兵团第五师交通运输事业发展中心,,,,,,,,,,,,,,,,,
INST-0212,Institution,新疆维吾尔自治区阿克苏地区林业和草原局,,,,,,,,,,,,INST-0212,新疆维吾尔自治区阿克苏地区林业和草原局,,,,,,,,,,,,,,,,,
INST-0213,Institution,新疆证监局,,,,,,,,,,,,INST-0213,新疆证监局,,,,,,,,,,,,,,,,,
INST-0214,Institution,新西兰药品和医疗器械安全管理局,,,,,,,,,,,,INST-0214,新西兰药品和医疗器械安全管理局,,,,,,,,,,,,,,,,,
INST-0215,Institution,易方达基金,,,,,,,,,,,,INST-0215,易方达基金,,,,,,,,,,,,,,,,,
INST-0216,Institution,星石投资,,,,,,,,,,,,INST-0216,星石投资,,,,,,,,,,,,,,,,,
INST-0217,Institution,来宾中院,,,,,,,,,,,,INST-0217,来宾中院,,,,,,,,,,,,,,,,,
INST-0218,Institution,枣庄市国资委,,,,,,,,,,,,INST-0218,枣庄市国资委,,,,,,,,,,,,,,,,,
INST-0219,Institution,枣庄市财政局,,,,,,,,,,,,INST-0219,枣庄市财政局,,,,,,,,,,,,,,,,,
INST-0220,Institution,柘荣县国投,,,,,,,,,,,,INST-0220,柘荣县国投,,,,,,,,,,,,,,,,,
INST-0221,Institution,标普全球评级,,,,,,,,,,,,INST-0221,标普全球评级,,,,,,,,,,,,,,,,,
INST-0222,Institution,欧盟,,,,,,,,,,,,INST-0222,欧盟,,,,,,,,,,,,,,,,,
INST-0223,Institution,毕马威华振会计师事务所（特殊普通合伙）,,,,,,,,,,,,INST-0223,毕马威华振会计师事务所（特殊普通合伙）,,,,,,,,,,,,,,,,,
INST-0224,Institution,民政部,,,,,,,,,,,,INST-0224,民政部,,,,,,,,,,,,,,,,,
INST-0225,Institution,水利部,,,,,,,,,,,,INST-0225,水利部,,,,,,,,,,,,,,,,,
INST-0226,Institution,江西省公共资源交易中心,,,,,,,,,,,,INST-0226,江西省公共资源交易中心,,,,,,,,,,,,,,,,,
INST-0227,Institution,江西省药品监督管理局,,,,,,,,,,,,INST-0227,江西省药品监督管理局,,,,,,,,,,,,,,,,,
INST-0228,Institution,河北上市公司协会,,,,,,,,,,,,INST-0228,河北上市公司协会,,,,,,,,,,,,,,,,,
INST-0229,Institution,河北省药品监督管理局,,,,,,,,,,,,INST-0229,河北省药品监督管理局,,,,,,,,,,,,,,,,,
INST-0230,Institution,河北资本市场之家,,,,,,,,,,,,INST-0230,河北资本市场之家,,,,,,,,,,,,,,,,,
INST-0231,Institution,河南省市場監督管理局,,,,,,,,,,,,INST-0231,河南省市場監督管理局,,,,,,,,,,,,,,,,,
INST-0232,Institution,泸州市政务服务和公共资源交易中心,,,,,,,,,,,,INST-0232,泸州市政务服务和公共资源交易中心,,,,,,,,,,,,,,,,,
INST-0233,Institution,洪都拉斯国家药品监督管理局,,,,,,,,,,,,INST-0233,洪都拉斯国家药品监督管理局,,,,,,,,,,,,,,,,,
INST-0234,Institution,派出能源监管机构,,,,,,,,,,,,INST-0234,派出能源监管机构,,,,,,,,,,,,,,,,,
INST-0235,Institution,浙江省人民政府国有资产监督管理委员会,,,,,,,,,,,,INST-0235,浙江省人民政府国有资产监督管理委员会,,,,,,,,,,,,,,,,,
INST-0236,Institution,淡水泉投资,,,,,,,,,,,,INST-0236,淡水泉投资,,,,,,,,,,,,,,,,,
INST-0237,Institution,深圳市全景网络有限公司,,,,,,,,,,,,INST-0237,深圳市全景网络有限公司,,,,,,,,,,,,,,,,,
INST-0238,Institution,深圳证券交易所,,,,,,,,,,,,INST-0238,深圳证券交易所,,,,,,,,,,,,,,,,,
INST-0239,Institution,深圳证券信息有限公司,,,,,,,,,,,,INST-0239,深圳证券信息有限公司,,,,,,,,,,,,,,,,,
INST-0240,Institution,渤海国际信托股份有限公司,,,,,,,,,,,,INST-0240,渤海国际信托股份有限公司,,,,,,,,,,,,,,,,,
INST-0241,Institution,港交所,,,,,,,,,,,,INST-0241,港交所,,,,,,,,,,,,,,,,,
INST-0242,Institution,湖南启元律师事务所,,,,,,,,,,,,INST-0242,湖南启元律师事务所,,,,,,,,,,,,,,,,,
INST-0243,Institution,湖南省药品监督管理局,,,,,,,,,,,,INST-0243,湖南省药品监督管理局,,,,,,,,,,,,,,,,,
INST-0244,Institution,湖南麓骏律师事务所,,,,,,,,,,,,INST-0244,湖南麓骏律师事务所,,,,,,,,,,,,,,,,,
INST-0245,Institution,澳洲汇丰银行有限公司,,,,,,,,,,,,INST-0245,澳洲汇丰银行有限公司,,,,,,,,,,,,,,,,,
INST-0246,Institution,瑞银集团,,,,,,,,,,,,INST-0246,瑞银集团,,,,,,,,,,,,,,,,,
INST-0247,Institution,生态环境部,,,,,,,,,,,,INST-0247,生态环境部,,,,,,,,,,,,,,,,,
INST-0248,Institution,申万宏源,,,,,,,,,,,,INST-0248,申万宏源,,,,,,,,,,,,,,,,,
INST-0249,Institution,电力调度机构,,,,,,,,,,,,INST-0249,电力调度机构,,,,,,,,,,,,,,,,,
INST-0250,Institution,白俄罗斯共和国卫生部,,,,,,,,,,,,INST-0250,白俄罗斯共和国卫生部,,,,,,,,,,,,,,,,,
INST-0251,Institution,省信保集团,,,,,,,,,,,,INST-0251,省信保集团,,,,,,,,,,,,,,,,,
INST-0252,Institution,省科担公司,,,,,,,,,,,,INST-0252,省科担公司,,,,,,,,,,,,,,,,,
INST-0253,Institution,省级人民政府,,,,,,,,,,,,INST-0253,省级人民政府,,,,,,,,,,,,,,,,,
INST-0254,Institution,省部级行政机关,,,,,,,,,,,,INST-0254,省部级行政机关,,,,,,,,,,,,,,,,,
INST-0255,Institution,福建至理律师事务所,,,,,,,,,,,,INST-0255,福建至理律师事务所,,,,,,,,,,,,,,,,,
INST-0256,Institution,科创板,,,,,,,,,,,,INST-0256,科创板,,,,,,,,,,,,,,,,,
INST-0257,Institution,稽核监察部,,,,,,,,,,,,INST-0257,稽核监察部,,,,,,,,,,,,,,,,,
INST-0258,Institution,穆迪投资者服务公司,,,,,,,,,,,,INST-0258,穆迪投资者服务公司,,,,,,,,,,,,,,,,,
INST-0259,Institution,立信会计师事务所（特殊普通合伙）,,,,,,,,,,,,INST-0259,立信会计师事务所（特殊普通合伙）,,,,,,,,,,,,,,,,,
INST-0260,Institution,第四届董事会第三十六次会议,,,,,,,,,,,,INST-0260,第四届董事会第三十六次会议,,,,,,,,,,,,,,,,,
INST-0261,Institution,納斯達克迪拜,,,,,,,,,,,,INST-0261,納斯達克迪拜,,,,,,,,,,,,,,,,,
INST-0262,Institution,缅甸卫生部,,,,,,,,,,,,INST-0262,缅甸卫生部,,,,,,,,,,,,,,,,,
INST-0263,Institution,美国,,,,,,,,,,,,INST-0263,美国,,,,,,,,,,,,,,,,,
INST-0264,Institution,美国FDA,,,,,,,,,,,,INST-0264,美国FDA,,,,,,,,,,,,,,,,,
INST-0265,Institution,美国食品药品监督管理局,,,,,,,,,,,,INST-0265,美国食品药品监督管理局,,,,,,,,,,,,,,,,,
INST-0266,Institution,美国食品药品监督管理局（FDA）,,,,,,,,,,,,INST-0266,美国食品药品监督管理局（FDA）,,,,,,,,,,,,,,,,,
INST-0267,Institution,联合国教科文组织,,,,,,,,,,,,INST-0267,联合国教科文组织,,,,,,,,,,,,,,,,,
INST-0268,Institution,联合资信评估股份有限公司,,,,,,,,,,,,INST-0268,联合资信评估股份有限公司,,,,,,,,,,,,,,,,,
INST-0269,Institution,联合赤道环境评价股份有限公司,,,,,,,,,,,,INST-0269,联合赤道环境评价股份有限公司,,,,,,,,,,,,,,,,,
INST-0270,Institution,自然资源部,,,,,,,,,,,,INST-0270,自然资源部,,,,,,,,,,,,,,,,,
INST-0271,Institution,花旗国际有限公司,,,,,,,,,,,,INST-0271,花旗国际有限公司,,,,,,,,,,,,,,,,,
INST-0272,Institution,苏州工业园区,,,,,,,,,,,,INST-0272,苏州工业园区,,,,,,,,,,,,,,,,,
INST-0273,Institution,英國特許公司治理公會,,,,,,,,,,,,INST-0273,英國特許公司治理公會,,,,,,,,,,,,,,,,,
INST-0274,Institution,英国药品和健康产品管理局（MHRA）,,,,,,,,,,,,INST-0274,英国药品和健康产品管理局（MHRA）,,,,,,,,,,,,,,,,,
INST-0275,Institution,董事会提名薪酬考核委员会,,,,,,,,,,,,INST-0275,董事会提名薪酬考核委员会,,,,,,,,,,,,,,,,,
INST-0276,Institution,董事会薪酬与考核委员会,,,,,,,,,,,,INST-0276,董事会薪酬与考核委员会,,,,,,,,,,,,,,,,,
INST-0277,Institution,董事会薪酬委员会,,,,,,,,,,,,INST-0277,董事会薪酬委员会,,,,,,,,,,,,,,,,,
INST-0278,Institution,蒙古国矿产石油局,,,,,,,,,,,,INST-0278,蒙古国矿产石油局,,,,,,,,,,,,,,,,,
INST-0279,Institution,薪酬与考核委员会,,,,,,,,,,,,INST-0279,薪酬与考核委员会,,,,,,,,,,,,,,,,,
INST-0280,Institution,西安市市场监督管理局,,,,,,,,,,,,INST-0280,西安市市场监督管理局,,,,,,,,,,,,,,,,,
INST-0281,Institution,西藏日喀则市吉隆县吉隆口岸,,,,,,,,,,,,INST-0281,西藏日喀则市吉隆县吉隆口岸,,,,,,,,,,,,,,,,,
INST-0282,Institution,西部证券,,,,,,,,,,,,INST-0282,西部证券,,,,,,,,,,,,,,,,,
INST-0283,Institution,证监会,,,,,,,,,,,,INST-0283,证监会,,,,,,,,,,,,,,,,,
INST-0284,Institution,诺德基金,,,,,,,,,,,,INST-0284,诺德基金,,,,,,,,,,,,,,,,,
INST-0285,Institution,财政部,,,,,,,,,,,,INST-0285,财政部,,,,,,,,,,,,,,,,,
INST-0286,Institution,财通基金,,,,,,,,,,,,INST-0286,财通基金,,,,,,,,,,,,,,,,,
INST-0287,Institution,财通证券,,,,,,,,,,,,INST-0287,财通证券,,,,,,,,,,,,,,,,,
INST-0288,Institution,金华市中心医院,,,,,,,,,,,,INST-0288,金华市中心医院,,,,,,,,,,,,,,,,,
INST-0289,Institution,金融监管总局,,,,,,,,,,,,INST-0289,金融监管总局,,,,,,,,,,,,,,,,,
INST-0290,Institution,银行业监督管理机构,,,,,,,,,,,,INST-0290,银行业监督管理机构,,,,,,,,,,,,,,,,,
INST-0291,Institution,银行间市场清算所股份有限公司,,,,,,,,,,,,INST-0291,银行间市场清算所股份有限公司,,,,,,,,,,,,,,,,,
INST-0292,Institution,长江证券,,,,,,,,,,,,INST-0292,长江证券,,,,,,,,,,,,,,,,,
INST-0293,Institution,阿布达比投资局－自有资金,,,,,,,,,,,,INST-0293,阿布达比投资局－自有资金,,,,,,,,,,,,,,,,,
INST-0294,Institution,"阿拉伯联合酋长国药品管理局（Emirates Drug Establishment, EDE）",,,,,,,,,,,,INST-0294,"阿拉伯联合酋长国药品管理局（Emirates Drug Establishment, EDE）",,,,,,,,,,,,,,,,,
INST-0295,Institution,阿拉善左旗科学技术和林业草原局,,,,,,,,,,,,INST-0295,阿拉善左旗科学技术和林业草原局,,,,,,,,,,,,,,,,,
INST-0296,Institution,阿拉善左旗财政局,,,,,,,,,,,,INST-0296,阿拉善左旗财政局,,,,,,,,,,,,,,,,,
INST-0297,Institution,阿拉善高新技术产业开发区（乌斯太镇）乡村振兴办公室,,,,,,,,,,,,INST-0297,阿拉善高新技术产业开发区（乌斯太镇）乡村振兴办公室,,,,,,,,,,,,,,,,,
INST-0298,Institution,青海树人律师事务所,,,,,,,,,,,,INST-0298,青海树人律师事务所,,,,,,,,,,,,,,,,,
INST-0299,Institution,飞旋兄弟投资,,,,,,,,,,,,INST-0299,飞旋兄弟投资,,,,,,,,,,,,,,,,,
INST-0300,Institution,香港上海汇丰银行有限公司,,,,,,,,,,,,INST-0300,香港上海汇丰银行有限公司,,,,,,,,,,,,,,,,,
INST-0301,Institution,香港中央结算有限公司,,,,,,,,,,,,INST-0301,香港中央结算有限公司,,,,,,,,,,,,,,,,,
INST-0302,Institution,香港中央證券登記有限公司,,,,,,,,,,,,INST-0302,香港中央證券登記有限公司,,,,,,,,,,,,,,,,,
INST-0303,Institution,香港交易及結算所有限公司,,,,,,,,,,,,INST-0303,香港交易及結算所有限公司,,,,,,,,,,,,,,,,,
INST-0304,Institution,香港公司治理公會,,,,,,,,,,,,INST-0304,香港公司治理公會,,,,,,,,,,,,,,,,,
INST-0305,Institution,香港公司註冊處,,,,,,,,,,,,INST-0305,香港公司註冊處,,,,,,,,,,,,,,,,,
INST-0306,Institution,香港联交所,,,,,,,,,,,,INST-0306,香港联交所,,,,,,,,,,,,,,,,,
INST-0307,Institution,香港联合交易所有限公司,,,,,,,,,,,,INST-0307,香港联合交易所有限公司,,,,,,,,,,,,,,,,,
INST-0308,Institution,鹰潭市人民医院,,,,,,,,,,,,INST-0308,鹰潭市人民医院,,,,,,,,,,,,,,,,,
EVT-0001,Event,2023年股票期权激励计划首次授予股票期权第二个行权期开始行权,,,,,,,,,,,,,,,EVT-0001,股权,2023年股票期权激励计划首次授予股票期权第二个行权期开始行权,2026-09-11,公司2023年股票期权激励计划首次授予股票期权于2026年1月26日进入第二个行权期，行权期有效期为2026年9月11日至2027年1月25日，2026年9月11日开始行权。,0.9,,,,,,,,,,
EVT-0002,Event,2023年股票期权激励计划限制行权期设定,,,,,,,,,,,,,,,EVT-0002,股权,2023年股票期权激励计划限制行权期设定,2026-10-01,2023年股票期权激励计划首次授予及预留授予股票期权本次限制行权期为2026年10月1日至2026年10月31日，期间全部激励对象将限制行权。,0.9,,,,,,,,,,
EVT-0003,Event,2026年A股员工持股计划（草案）及其摘要等三项议案获股东会通过,,,,,,,,,,,,,,,EVT-0003,股权,2026年A股员工持股计划（草案）及其摘要等三项议案获股东会通过,2026-09-24,恒瑞医药2026年第一次临时股东会审议通过关于2026年A股员工持股计划（草案）及其摘要、管理办法及授权董事会办理相关事宜的三项议案。,0.9,,,,,,,,,,
EVT-0004,Event,2026年H股股份计划（草案）及授权办理相关事宜议案获股东会通过,,,,,,,,,,,,,,,EVT-0004,股权,2026年H股股份计划（草案）及授权办理相关事宜议案获股东会通过,2026-09-24,恒瑞医药2026年第一次临时股东会审议通过关于2026年H股股份计划（草案）的议案及提请授权董事会及/或管理人办理相关事宜的议案。,0.9,,,,,,,,,,
EVT-0005,Event,回购公司H股股份一般性授权议案获股东会通过,,,,,,,,,,,,,,,EVT-0005,股权,回购公司H股股份一般性授权议案获股东会通过,2026-09-24,恒瑞医药2026年第一次临时股东会审议通过关于回购公司H股股份一般性授权的议案。,0.9,,,,,,,,,,
EVT-0006,Event,保利发展获准注册50亿元中期票据,,,,,,,,,,,,,,,EVT-0006,监管,保利发展获准注册50亿元中期票据,,中国银行间市场交易商协会出具《接受注册通知书》，保利发展控股集团股份有限公司获准注册中期票据，注册金额50亿元。,0.9,,,,,,,,,,
EVT-0007,Event,保利发展发行2026年度第一期中期票据,,,,,,,,,,,,,,,EVT-0007,重大经营,保利发展发行2026年度第一期中期票据,2026-09-23,保利发展控股集团股份有限公司成功发行2026年度第一期中期票据，证券简称26保利发展MTN001，期限5年，发行总额20亿元，发行利率2.20%。,0.9,,,,,,,,,,
EVT-0008,Event,中国神华2026年中期利润分配议案获股东会审议通过,,,,,,,,,,,,,,,EVT-0008,股权,中国神华2026年中期利润分配议案获股东会审议通过,2026-09-23,中国神华能源股份有限公司2026年第三次临时股东会审议通过关于公司2026年中期利润分配的议案。,0.88,,,,,,,,,,
EVT-0009,Event,中国神华独立非执行董事变更,,,,,,,,,,,,,,,EVT-0009,重大经营,中国神华独立非执行董事变更,,本次股东会选举叶礼德、张梦娇为独立非执行董事，袁国强、陈汉文自本次股东会结束时起不再担任公司独立非执行董事。,0.75,,,,,,,,,,
EVT-0010,Event,伊利股份2023年持股计划（第三期）完成股票购买,,,,,,,,,,,,,,,EVT-0010,股权,伊利股份2023年持股计划（第三期）完成股票购买,2026-09-22,"公司通过上海证券交易所证券交易系统购买公司股票8,476,357股，成交金额224,997,098.71元，占总股本0.13%，成交均价26.5441元/股，第三期持股计划标的股票购买已全部完成。",0.95,,,,,,,,,,
EVT-0011,Event,三一重工2026年第二次临时股东会审议通过设立并申请发行资产支持证券（ABS）暨关联交易议案,,,,,,,,,,,,,,,EVT-0011,重大经营,三一重工2026年第二次临时股东会审议通过设立并申请发行资产支持证券（ABS）暨关联交易议案,2026-09-23,三一重工2026年第二次临时股东会审议通过《关于设立并申请发行资产支持证券（ABS）暨关联交易的议案》，该议案关联股东未出席、不涉及回避表决。,0.85,,,,,,,,,,
EVT-0012,Event,阳光新能源与华泰宝利、华泰资管共同投资设立合伙企业,,,,,,,,,,,,,,,EVT-0012,投资并购,阳光新能源与华泰宝利、华泰资管共同投资设立合伙企业,2026-07-23,"阳光新能源与华泰宝利投资管理有限公司、华泰资产管理有限公司签订合伙协议，共同投资设立苏州华旭新能股权投资合伙企业（有限合伙），阳光新能源作为有限合伙人认缴出资19,900万元、出资占比19.90%。",0.95,,,,,,,,,,
EVT-0013,Event,苏州华旭新能股权投资合伙企业完成基金业协会备案,,,,,,,,,,,,,,,EVT-0013,监管,苏州华旭新能股权投资合伙企业完成基金业协会备案,2026-09-22,公司收到基金管理人通知，本基金已完成中国证券投资基金业协会备案，备案时间为2026年9月22日。,0.95,,,,,,,,,,
EVT-0014,Event,李云贵、霍达招商银行董事任职资格获核准,,,,,,,,,,,,,,,EVT-0014,监管,李云贵、霍达招商银行董事任职资格获核准,2026-09-22,国家金融监督管理总局批复核准李云贵、霍达担任招商银行非执行董事，任期自2026年9月22日起生效。,0.95,,,,,,,,,,
EVT-0015,Event,中国石化注销回购的A股和H股股份,,,,,,,,,,,,,,,EVT-0015,股权,中国石化注销回购的A股和H股股份,,"公司在利润分配方案公告披露之日起至本公告披露日期间，注销回购的A股和H股共计211,035,050股，公司总股本发生变动。",0.9,,,,,,,,,,
EVT-0016,Event,中国石化2026年半年度A股分红派息实施,,,,,,,,,,,,,,,EVT-0016,股权,中国石化2026年半年度A股分红派息实施,2026-09-30,"公司以股权登记日登记的总股本120,714,479,172股为基数，每股派发现金红利人民币0.105元（含税），A股现金红利发放日为2026/9/30。",0.92,,,,,,,,,,
EVT-0017,Event,中国石化确定A股每股现金红利0.105元,,,,,,,,,,,,,,,EVT-0017,股权,中国石化确定A股每股现金红利0.105元,2026-09-30,本次A股每股现金红利0.105元（含税），除权（息）日与现金红利发放日为2026/9/30。,0.85,,,,,,,,,,
EVT-0018,Event,“立讯转债”到期赎回并在深圳证券交易所摘牌,,,,,,,,,,,,,,,EVT-0018,股权,“立讯转债”到期赎回并在深圳证券交易所摘牌,2026-11-02,“立讯转债”于2026年11月2日到期，截至当日收市后仍未转股的部分将被到期赎回，赎回完成后在深圳证券交易所摘牌。,0.92,,,,,,,,,,
EVT-0019,Event,"立讯精密公开发行3,000.00万张可转换公司债券",,,,,,,,,,,,,,,EVT-0019,股权,"立讯精密公开发行3,000.00万张可转换公司债券",2020-11-03,"经中国证监会核准，公司于2020年11月3日公开发行3,000.00万张可转换公司债券，每张面值100.00元，发行总额30亿元，期限六年。",0.9,,,,,,,,,,
EVT-0020,Event,“立讯转债”于2020年12月2日起在深交所挂牌交易,,,,,,,,,,,,,,,EVT-0020,股权,“立讯转债”于2020年12月2日起在深交所挂牌交易,2020-12-02,"经深交所同意，公司300,000.00万元可转换公司债券于2020年12月2日起在深交所挂牌交易，债券简称“立讯转债”。",0.88,,,,,,,,,,
EVT-0021,Event,万科A股股票连续三个交易日涨幅偏离值累计超20%，构成交易异常波动,,,,,,,,,,,,,,,EVT-0021,重大经营,万科A股股票连续三个交易日涨幅偏离值累计超20%，构成交易异常波动,,万科A股连续三个交易日收盘价格涨幅偏离值累计超过20%，属于股票交易异常波动，公司对此进行核查并函询第一大股东。,0.85,,,,,,,,,,
EVT-0022,Event,中国中铁实施2026年中期权益分派,,,,,,,,,,,,,,,EVT-0022,股权,中国中铁实施2026年中期权益分派,2026-10-08,"公司以总股本24,531,310,329股为基数，每股派发现金红利0.06374元（含税），共计派发现金红利1,563,625,720.37元（含税）。",0.95,,,,,,,,,,
EVT-0023,Event,国电南瑞调整回购股份价格上限,,,,,,,,,,,,,,,EVT-0023,股权,国电南瑞调整回购股份价格上限,2026-09-29,因实施2026年半年度权益分派，公司回购股份价格上限由35.17元/股调整为35.02元/股，自2026年9月29日起调整。,0.95,,,,,,,,,,
EVT-0024,Event,国电南瑞2026年半年度利润分配方案实施,,,,,,,,,,,,,,,EVT-0024,股权,国电南瑞2026年半年度利润分配方案实施,2026-09-28,公司以扣除回购专用证券账户持股后的总股本为基数，每股派发现金红利0.153元（含税），股权登记日为2026年9月28日。,0.95,,,,,,,,,,
EVT-0025,Event,国电南瑞实施2026年半年度权益分派,,,,,,,,,,,,,,,EVT-0025,股权,国电南瑞实施2026年半年度权益分派,2026-09-29,"公司以扣除回购专用证券账户持股后的7,982,729,133股为基数，向全体股东每股派发现金红利0.153元（含税），合计派发现金红利1,221,357,557.35元。",0.9,,,,,,,,,,
EVT-0026,Event,"国电南瑞回购股份数量增至49,027,023股",,,,,,,,,,,,,,,EVT-0026,股权,"国电南瑞回购股份数量增至49,027,023股",,"在利润分配方案披露日至权益分派股权登记日期间，公司回购股份由45,157,255股增至49,027,023股，可参与利润分配股份数量相应减少。",0.75,,,,,,,,,,
EVT-0027,Event,宁德时代发行2026年度第七期绿色科技创新债券,,,,,,,,,,,,,,,EVT-0027,重大经营,宁德时代发行2026年度第七期绿色科技创新债券,2026-09-21,公司成功发行2026年度第七期绿色科技创新债券，发行总额为人民币45亿元，募集资金已于2026年9月22日到账。,0.95,,,,,,,,,,
EVT-0028,Event,东方财富为全资子公司天天基金提供最高额连带责任保证担保并签署《最高额保证合同》,,,,,,,,,,,,,,,EVT-0028,重大合同,东方财富为全资子公司天天基金提供最高额连带责任保证担保并签署《最高额保证合同》,,东方财富信息股份有限公司为天天基金与光大银行上海分行的一年期合作提供最高额连带责任保证担保，担保主债权最高余额15.00亿元，近日《最高额保证合同》已完成签署。,0.95,,,,,,,,,,
EVT-0029,Event,平安银行2026年金融债券（第一期）发行完毕,,,,,,,,,,,,,,,EVT-0029,重大经营,平安银行2026年金融债券（第一期）发行完毕,2026-09-22,平安银行在全国银行间债券市场发行2026年金融债券（第一期），合计规模人民币100亿元，品种为3年期固定利率附息普通金融债券。,0.9,,,,,,,,,,
EVT-0030,Event,中国建筑披露2026年1-8月经营情况,,,,,,,,,,,,,,,EVT-0030,业绩,中国建筑披露2026年1-8月经营情况,,"中国建筑公布2026年1-8月主要经营数据，新签合同总额28,724亿元，同比下降0.3%。",0.92,,,,,,,,,,
EVT-0031,Event,富士康工业互联网股份有限公司股份回购实施完毕,,,,,,,,,,,,,,,EVT-0031,股权,富士康工业互联网股份有限公司股份回购实施完毕,,"公司以集中竞价交易方式累计回购15,833,353股，占总股本0.08%，使用资金约10.00亿元，回购计划达到金额下限并实施完毕。",0.95,,,,,,,,,,
EVT-0032,Event,万华化学召开2026年半年度业绩说明会,,,,,,,,,,,,,,,EVT-0032,重大经营,万华化学召开2026年半年度业绩说明会,2026-09-28,公司计划于2026年9月28日以网络互动方式举行2026年半年度业绩说明会，就投资者关心的问题进行交流。,0.9,,,,,,,,,,
EVT-0033,Event,万华化学发布2026年半年度报告,,,,,,,,,,,,,,,EVT-0033,业绩,万华化学发布2026年半年度报告,2026-08-25,公司已于2026年8月25日发布2026年半年度报告。,0.85,,,,,,,,,,
EVT-0034,Event,中工国际签署乌干达工业园及自贸区电气化项目商务合同,,,,,,,,,,,,,,,EVT-0034,重大合同,中工国际签署乌干达工业园及自贸区电气化项目商务合同,2019-10-15,"中工国际与乌干达输电公司签署乌干达工业园及自贸区电气化项目商务合同，合同金额22,357.03万美元，工期36个月。",0.95,,,,,,,,,,
EVT-0035,Event,双方签署乌干达工业园及自贸区电气化项目商务合同补充协议,,,,,,,,,,,,,,,EVT-0035,重大合同,双方签署乌干达工业园及自贸区电气化项目商务合同补充协议,2020-09-23,"公司与乌干达输电公司签署补充协议，合同计价币种由美元变更为欧元，金额调整为20,371.80万欧元，工期60个月。",0.9,,,,,,,,,,
EVT-0036,Event,乌干达工业园及自贸区电气化项目商务合同正式生效,,,,,,,,,,,,,,,EVT-0036,重大合同,乌干达工业园及自贸区电气化项目商务合同正式生效,2026-09-17,公司收到该项目预付款，乌干达工业园及自贸区电气化项目商务合同正式生效。,0.95,,,,,,,,,,
EVT-0037,Event,京东方2026年第一次临时股东会审议通过选举第十一届董事会非独立董事,,,,,,,,,,,,,,,EVT-0037,重大经营,京东方2026年第一次临时股东会审议通过选举第十一届董事会非独立董事,2026-09-17,公司2026年第一次临时股东会以累积投票方式审议通过《关于选举公司第十一届董事会非独立董事的议案》，时晓东、孙婧当选非独立董事。,0.7,,,,,,,,,,
EVT-0038,Event,京东方2026年第一次临时股东会选举第十一届董事会非独立董事,,,,,,,,,,,,,,,EVT-0038,重大经营,京东方2026年第一次临时股东会选举第十一届董事会非独立董事,2026-09-17,京东方2026年第一次临时股东会以累积投票方式审议通过选举时晓东、孙婧为公司第十一届董事会非独立董事。,0.75,,,,,,,,,,
EVT-0039,Event,北京市竞天公诚律师事务所就京东方2026年第一次临时股东会出具法律意见,,,,,,,,,,,,,,,EVT-0039,重大经营,北京市竞天公诚律师事务所就京东方2026年第一次临时股东会出具法律意见,2026-09-17,北京市竞天公诚律师事务所认为本次股东会的召集、召开程序、出席人员资格、召集人资格及表决程序与结果合法有效。,0.6,,,,,,,,,,
EVT-0040,Event,紫金矿业为坦赞铁路激活项目参股公司贷款提供5%连带责任保证担保,,,,,,,,,,,,,,,EVT-0040,重大经营,紫金矿业为坦赞铁路激活项目参股公司贷款提供5%连带责任保证担保,,"紫金矿业为参股公司坦赞赞比亚公司、坦赞坦桑尼亚公司在贷款合同项下债务按5%比例提供连带责任保证，担保本金不超过人民币34,804万元。",0.9,,,,,,,,,,
EVT-0041,Event,紫金厦门股权参与投资厦门时代深远创业投资基金,,,,,,,,,,,,,,,EVT-0041,投资并购,紫金厦门股权参与投资厦门时代深远创业投资基金,2026-09-15,"紫金厦门股权作为有限合伙人签署《合伙协议》，参与投资时代深远基金，认缴出资人民币100,000 万元，持有基金20.4081%认缴比例。",0.95,,,,,,,,,,
EVT-0042,Event,伊利2026年第一次临时股东会审议通过回购公司股份方案,,,,,,,,,,,,,,,EVT-0042,股权,伊利2026年第一次临时股东会审议通过回购公司股份方案,2026-09-16,内蒙古伊利实业集团股份有限公司召开2026年第一次临时股东会，审议通过《关于以集中竞价交易方式回购公司股份方案的议案》及其各项子议案。,0.92,,,,,,,,,,
EVT-0043,Event,立讯精密股东会审议通过变更注册资本并修改公司章程的议案,,,,,,,,,,,,,,,EVT-0043,股权,立讯精密股东会审议通过变更注册资本并修改公司章程的议案,2026-09-16,立讯精密2026年第一次临时股东会以现场与网络投票方式审议通过《关于变更注册资本并修改〈公司章程〉的议案》，表决结果为通过。,0.85,,,,,,,,,,
EVT-0044,Event,立讯精密股东会审议通过拟注册发行债券的议案,,,,,,,,,,,,,,,EVT-0044,股权,立讯精密股东会审议通过拟注册发行债券的议案,2026-09-16,立讯精密2026年第一次临时股东会审议通过《关于拟注册发行债券的议案》，表决结果为通过。,0.8,,,,,,,,,,
EVT-0045,Event,平安银行制定并实施《内部审计章程（7.0版，2026年）》,,,,,,,,,,,,,,,EVT-0045,政策,平安银行制定并实施《内部审计章程（7.0版，2026年）》,,平安银行董事会批准《平安银行股份有限公司内部审计章程（7.0 版，2026 年）》，自印发之日起实施，原6.0版（2024年）章程同时废止。,0.85,,,,,,,,,,
EVT-0046,Event,平安银行2026年半年度权益分派实施,,,,,,,,,,,,,,,EVT-0046,股权,平安银行2026年半年度权益分派实施,,"平安银行以总股本19,405,918,198股为基数，向全体股东每10股派发现金股利人民币2.49元（含税），合计派发48.32亿元，不送红股，不以公积金转增股本。",0.95,,,,,,,,,,
EVT-0047,Event,上海电气挂牌转让电气国轩47.4%股权完成,,,,,,,,,,,,,,,EVT-0047,投资并购,上海电气挂牌转让电气国轩47.4%股权完成,,公司公开挂牌转让所持电气国轩47.4%股权，受让方为南京国轩控股，成交价1元，合同生效条件达成后交易完成。,0.9,,,,,,,,,,
EVT-0048,Event,工商银行境内优先股“工行优2”股息派发实施,,,,,,,,,,,,,,,EVT-0048,股权,工商银行境内优先股“工行优2”股息派发实施,2026-09-24,中国工商银行对境内优先股“工行优2”派发股息，每股现金股息人民币3.02元（含税），合计派发21.14亿元（含税），股息由本行自行发放。,0.95,,,,,,,,,,
EVT-0049,Event,中国神华披露2026年8月份主要运营数据,,,,,,,,,,,,,,,EVT-0049,业绩,中国神华披露2026年8月份主要运营数据,,中国神华公告2026年8月商品煤产量44.1百万吨、煤炭销售量55.9百万吨、总发电量28.97十亿千瓦时等主要运营数据及同比变化。,0.9,,,,,,,,,,
EVT-0050,Event,中国神华发行股份及支付现金购买控股股东相关资产交易完成,,,,,,,,,,,,,,,EVT-0050,投资并购,中国神华发行股份及支付现金购买控股股东相关资产交易完成,,中国神华发行股份及支付现金购买控股股东国家能源投资集团有限责任公司相关资产的交易已完成，自2026年4月起运营数据包含新并入资产业务量。,0.9,,,,,,,,,,
EVT-0051,Event,三一集团2020年非公开发行可交换公司债券发行完毕,,,,,,,,,,,,,,,EVT-0051,股权,三一集团2020年非公开发行可交换公司债券发行完毕,2020-09-15,三一集团面向合格机构投资者非公开发行的2020年可交换公司债券发行完毕，实际发行规模80亿元，最终票面利率1.5%。,0.92,,,,,,,,,,
EVT-0052,Event,三一集团完成可交换公司债券赎回及摘牌,,,,,,,,,,,,,,,EVT-0052,股权,三一集团完成可交换公司债券赎回及摘牌,2026-09-14,三一集团于2026年9月14日完成上述可交换债券的赎回及摘牌工作。,0.9,,,,,,,,,,
EVT-0053,Event,中信证券获中国证监会同意注册向专业投资者公开发行不超过400亿元永续次级债券,,,,,,,,,,,,,,,EVT-0053,股权,中信证券获中国证监会同意注册向专业投资者公开发行不超过400亿元永续次级债券,2026-09-15,公司收到中国证监会批复，可向专业投资者公开发行面值总额不超过400亿元永续次级债券，批复自同意注册之日起24个月内有效。,0.85,,,,,,,,,,
EVT-0054,Event,2025年持股计划第一个锁定期届满暨解锁条件成就,,,,,,,,,,,,,,,EVT-0054,股权,2025年持股计划第一个锁定期届满暨解锁条件成就,2026-09-23,公司2025年经营者、奋斗者、骨干员工持股计划第一个锁定期届满，解锁条件成就，董事会审议通过相关议案。,0.9,,,,,,,,,,
EVT-0055,Event,公司2025年度业绩考核目标达成,,,,,,,,,,,,,,,EVT-0055,业绩,公司2025年度业绩考核目标达成,,"公司2025年度实现营业收入144,144,965,371.68元，为2022-2024年三年营业收入平均数的115.74%，第一个解锁期公司层面业绩考核目标达成。",0.9,,,,,,,,,,
EVT-0056,Event,2025年经营者持股计划第一个锁定期届满暨解锁条件成就,,,,,,,,,,,,,,,EVT-0056,股权,2025年经营者持股计划第一个锁定期届满暨解锁条件成就,,公司董事会以3票同意审议通过2025年经营者持股计划第一个锁定期届满暨解锁条件成就的议案。,0.9,,,,,,,,,,
EVT-0057,Event,2025年奋斗者持股计划第一个锁定期届满暨解锁条件成就,,,,,,,,,,,,,,,EVT-0057,股权,2025年奋斗者持股计划第一个锁定期届满暨解锁条件成就,,公司董事会以9票同意审议通过2025年奋斗者持股计划第一个锁定期届满暨解锁条件成就的议案。,0.9,,,,,,,,,,
EVT-0058,Event,2025年骨干员工持股计划第一个锁定期届满暨解锁条件成就,,,,,,,,,,,,,,,EVT-0058,股权,2025年骨干员工持股计划第一个锁定期届满暨解锁条件成就,2026-09-16,公司董事会以6票同意审议通过2025年骨干员工持股计划第一个锁定期届满暨解锁条件成就的议案。,0.9,,,,,,,,,,
EVT-0059,Event,公司参加中国五矿控股上市公司2026年半年度集体业绩说明会暨召开公司2026年半年度业绩说明会,,,,,,,,,,,,,,,EVT-0059,重大经营,公司参加中国五矿控股上市公司2026年半年度集体业绩说明会暨召开公司2026年半年度业绩说明会,2026-09-23,公司将于2026年9月23日下午14:30-17:00以视频直播和网络文字互动方式参加中国五矿控股上市公司2026年半年度集体业绩说明会，并同步召开公司2026年半年度业绩说明会。,0.9,,,,,,,,,,
EVT-0060,Event,豪威集成电路（集团）股份有限公司注销不符合行权条件的股票期权,,,,,,,,,,,,,,,EVT-0060,股权,豪威集成电路（集团）股份有限公司注销不符合行权条件的股票期权,2026-09-14,"公司董事会审议通过注销2023年第一期股票期权激励计划中66名离职激励对象已获授但尚未行权的291,322份股票期权、2023年第二期股票期权激励计划中109名离职激励对象已获授但尚未行权的241,426份股票期权。",0.95,,,,,,,,,,
EVT-0061,Event,2023年第一期股票期权激励计划第三个行权期行权条件成就,,,,,,,,,,,,,,,EVT-0061,股权,2023年第一期股票期权激励计划第三个行权期行权条件成就,2026-09-14,"公司第七届董事会第二十一次会议审议通过相关议案，确认第三个行权期行权条件成就，同意为650名激励对象办理2,269,777份股票期权行权事宜，行权价格77.91元/份。",0.95,,,,,,,,,,
EVT-0062,Event,"注销66名离职激励对象已获授但尚未行权的291,322份股票期权",,,,,,,,,,,,,,,EVT-0062,股权,"注销66名离职激励对象已获授但尚未行权的291,322份股票期权",,"因66名激励对象离职不再符合激励条件，董事会同意注销其已获授但尚未行权的291,322份股票期权。",0.9,,,,,,,,,,
EVT-0063,Event,公司向785名激励对象授予股票期权,,,,,,,,,,,,,,,EVT-0063,股权,公司向785名激励对象授予股票期权,2023-10-10,"公司以2023年10月10日为授予日，向785名激励对象授予7,720,000份股票期权，授予价格为78.97元/份。",0.95,,,,,,,,,,
EVT-0064,Event,第三个行权期符合行权条件及注销部分股票期权,,,,,,,,,,,,,,,EVT-0064,股权,第三个行权期符合行权条件及注销部分股票期权,2026-09-14,"公司第七届董事会第二十一次会议同意为符合第三个行权期行权条件的650名激励对象办理2,269,777份股票期权行权，并注销66名离职激励对象已获授但尚未行权的291,322份股票期权。",0.95,,,,,,,,,,
EVT-0065,Event,公司2025年半导体设计业务收入238.00亿元,,,,,,,,,,,,,,,EVT-0065,业绩,公司2025年半导体设计业务收入238.00亿元,,公司2025年实现半导体设计业务收入238.00亿元，符合公司层面业绩考核要求，公司层面可行权比例为100%。,0.9,,,,,,,,,,
EVT-0066,Event,"隆基绿能公开发行700,000.00万元可转债并在上交所挂牌",,,,,,,,,,,,,,,EVT-0066,股权,"隆基绿能公开发行700,000.00万元可转债并在上交所挂牌",2022-01-05,"经中国证监会核准，公司于2022年1月5日公开发行7,000万张可转债，发行总额700,000.00万元，期限6年，并于2022年2月17日起在上海证券交易所挂牌交易，债券简称“隆22转债”。",0.92,,,,,,,,,,
EVT-0067,Event,“隆22转债”预计满足转股价格向下修正条件,,,,,,,,,,,,,,,EVT-0067,股权,“隆22转债”预计满足转股价格向下修正条件,2026-09-14,自2026年9月1日起至2026年9月14日，公司股票收盘价已有十个交易日低于当期转股价格的85%（14.88元/股），若未来二十个交易日内再有五个交易日满足条件将触发“隆22转债”转股价格向下修正条款。,0.9,,,,,,,,,,
EVT-0068,Event,中国石化完成本轮A股股份回购,,,,,,,,,,,,,,,EVT-0068,股权,中国石化完成本轮A股股份回购,2026-09-14,"公司完成本轮A股股份回购，实际回购104,257,050股，占总股本0.09%，使用资金总额500,016,883.90元，所回购股份将全部注销并减少注册资本。",0.95,,,,,,,,,,
EVT-0069,Event,控股股东及一致行动人持股比例被动增加至70.01%,,,,,,,,,,,,,,,EVT-0069,股权,控股股东及一致行动人持股比例被动增加至70.01%,2026-09-14,本轮回购股份注销后，控股股东中国石油化工集团有限公司及其一致行动人中国石化盛骏国际投资有限公司持股数量不变，合计持股比例被动增加至70.01%。,0.9,,,,,,,,,,
EVT-0070,Event,宁德时代附属企业闽东时代参与投资厦门时代深远创业投资基金,,,,,,,,,,,,,,,EVT-0070,投资并购,宁德时代附属企业闽东时代参与投资厦门时代深远创业投资基金,2026-09-15,闽东时代与厦门溥泉、紫金矿业股权投资管理（厦门）有限公司等合伙人签署合伙协议，作为有限合伙人认缴出资5亿元，持有基金10.2041%的认缴比例。,0.95,,,,,,,,,,
EVT-0071,Event,中证投服中心公开征集阳光电源股东表决权并行权,,,,,,,,,,,,,,,EVT-0071,股权,中证投服中心公开征集阳光电源股东表决权并行权,2026-09-03,"中证投服中心公开征集阳光电源股东表决权，共收到1名有效股东授权，代表1,500股，并出席阳光电源2026年第一次临时股东会按征集公告的表决意见行使表决权。",0.75,,,,,,,,,,
EVT-0072,Event,潍柴动力副总经理丁迎东因年龄原因辞职,,,,,,,,,,,,,,,EVT-0072,重大经营,潍柴动力副总经理丁迎东因年龄原因辞职,2026-09-14,丁迎东因年龄原因申请辞去公司副总经理职务，辞去该职务后继续在公司（含控股子公司）担任其他职务。,0.9,,,,,,,,,,
EVT-0073,Event,潍柴动力股东会通过向中国重型汽车集团销售产品等关联交易议案,,,,,,,,,,,,,,,EVT-0073,重大经营,潍柴动力股东会通过向中国重型汽车集团销售产品等关联交易议案,2026-09-14,公司2026年第二次临时股东会审议通过公司及其附属公司向中国重型汽车集团有限公司及其附属（关联）公司销售产品和提供服务等关联交易的议案。,0.9,,,,,,,,,,
EVT-0074,Event,潍柴动力股东会通过向潍柴重机销售产品等关联交易议案,,,,,,,,,,,,,,,EVT-0074,重大经营,潍柴动力股东会通过向潍柴重机销售产品等关联交易议案,2026-09-14,公司2026年第二次临时股东会审议通过调整公司及其附属公司向潍柴重机股份有限公司及其附属公司销售产品和提供服务等关联交易的议案。,0.85,,,,,,,,,,
EVT-0075,Event,潍柴动力股东会通过向陕西汽车集团销售产品关联交易议案,,,,,,,,,,,,,,,EVT-0075,重大经营,潍柴动力股东会通过向陕西汽车集团销售产品关联交易议案,2026-09-14,公司2026年第二次临时股东会审议通过调整公司及其附属公司向陕西汽车集团股份有限公司及其附属（关联）公司销售产品和提供服务关联交易的议案。,0.85,,,,,,,,,,
EVT-0076,Event,潍柴动力股东会选举刘义为执行董事,,,,,,,,,,,,,,,EVT-0076,重大经营,潍柴动力股东会选举刘义为执行董事,2026-09-14,公司2026年第二次临时股东会审议通过关于选举刘义先生为公司执行董事的议案。,0.9,,,,,,,,,,
EVT-0077,Event,海天味业回购A股股份方案获审议通过,,,,,,,,,,,,,,,EVT-0077,股权,海天味业回购A股股份方案获审议通过,2026-07-14,公司于2026年6月22日召开董事会、于2026年7月14日召开临时股东会，审议通过以集中竞价交易方式回购A股股份方案，回购资金总额不低于10亿元且不超过20亿元。,0.9,,,,,,,,,,
EVT-0078,Event,海天味业披露回购A股股份进展,,,,,,,,,,,,,,,EVT-0078,股权,海天味业披露回购A股股份进展,2026-09-11,"截至2026年9月11日，公司已累计回购A股股份13,342,301股，占总股本约0.2280%。",0.95,,,,,,,,,,
EVT-0079,Event,“家园7号”员工持股计划第三个锁定期届满,,,,,,,,,,,,,,,EVT-0079,股权,“家园7号”员工持股计划第三个锁定期届满,2026-09-12,"公司“家园7号”员工持股计划第三个锁定期于2026年9月12日届满，满足解锁条件的份额对应公司股票775,107股。",0.92,,,,,,,,,,
EVT-0080,Event,"3,658,800股公司股票非交易过户至员工持股计划专户",,,,,,,,,,,,,,,EVT-0080,股权,"3,658,800股公司股票非交易过户至员工持股计划专户",2023-09-13,"2023年9月13日，3,658,800股公司股票以9.19元/股的价格由公司回购专用证券账户非交易过户至本员工持股计划相关专户。",0.9,,,,,,,,,,
EVT-0081,Event,公司2025年归母净利润39.40亿元，同比增长262.13%,,,,,,,,,,,,,,,EVT-0081,业绩,公司2025年归母净利润39.40亿元，同比增长262.13%,,公司2025年经审计的归属于上市公司股东的净利润为39.40亿元，相比2023年增长262.13%，员工持股计划第三个锁定期公司层面业绩考核指标达成。,0.9,,,,,,,,,,
EVT-0082,Event,海天味业召开2026年半年度业绩说明会,,,,,,,,,,,,,,,EVT-0082,重大经营,海天味业召开2026年半年度业绩说明会,2026-09-21,公司计划于2026年9月21日13:00-14:00通过上海证券交易所上证路演中心网络互动方式举行2026年半年度业绩说明会。,0.85,,,,,,,,,,
EVT-0083,Event,中国工商银行2026年无固定期限资本债券（第四期）（债券通）发行完毕,,,,,,,,,,,,,,,EVT-0083,股权,中国工商银行2026年无固定期限资本债券（第四期）（债券通）发行完毕,2026-09-10,中国工商银行2026年无固定期限资本债券（第四期）（债券通）完成发行，发行规模200亿元，前5年票面利率1.86%，募集资金用于补充其他一级资本。,0.9,,,,,,,,,,
EVT-0084,Event,中国中铁公布2026年中期利润分配实施时间安排,,,,,,,,,,,,,,,EVT-0084,股权,中国中铁公布2026年中期利润分配实施时间安排,2026-09-30,公司公告2026年中期利润分配中H股暂停办理股份过户登记期间、股权登记日、现金红利发放日以及A股股权登记日、除息日与现金红利发放日的安排。,0.9,,,,,,,,,,
EVT-0085,Event,盐湖股份股东会审议通过选举第九届董事会非独立董事的议案,,,,,,,,,,,,,,,EVT-0085,重大经营,盐湖股份股东会审议通过选举第九届董事会非独立董事的议案,2026-09-10,盐湖股份2026年第二次临时股东会以非累积投票方式表决通过关于选举公司第九届董事会非独立董事的议案。,0.75,,,,,,,,,,
EVT-0086,Event,盐湖股份股东会审议通过续聘天职国际会计师事务所为2026年度审计机构,,,,,,,,,,,,,,,EVT-0086,重大经营,盐湖股份股东会审议通过续聘天职国际会计师事务所为2026年度审计机构,2026-09-10,盐湖股份2026年第二次临时股东会表决通过续聘天职国际会计师事务所为2026年度财务报表和内部控制审计机构的议案。,0.8,,,,,,,,,,
EVT-0087,Event,京东方举行2026年半年度业绩网上说明会,,,,,,,,,,,,,,,EVT-0087,重大经营,京东方举行2026年半年度业绩网上说明会,2026-09-22,公司将于2026年9月22日在全景网以网络远程方式举行2026年半年度业绩网上说明会，就半年度业绩情况、未来发展及行业情况等与投资者进行交流。,0.9,,,,,,,,,,
EVT-0088,Event,长城汽车参加2026年河北辖区上市公司投资者网上集体接待日暨2026年半年报业绩说明会,,,,,,,,,,,,,,,EVT-0088,重大经营,长城汽车参加2026年河北辖区上市公司投资者网上集体接待日暨2026年半年报业绩说明会,2026-09-16,公司将于2026年9月16日以网络远程方式参加由河北上市公司协会、河北资本市场之家与深圳市全景网络有限公司联合举办的投资者网上集体接待日暨半年报业绩说明会，公司高管在线与投资者交流。,0.85,,,,,,,,,,
EVT-0089,Event,通威股份拟发行股份及支付现金购买丽豪清能100%股权并募集配套资金,,,,,,,,,,,,,,,EVT-0089,投资并购,通威股份拟发行股份及支付现金购买丽豪清能100%股权并募集配套资金,2026-02-25,通威股份拟通过发行股份及支付现金方式购买段雍、海南卓悦、海南豪悦等57名股东持有的丽豪清能100%股权，并向不超过35名特定投资者发行股份募集配套资金。,0.95,,,,,,,,,,
EVT-0090,Event,国家市场监督管理总局对本次交易作出经营者集中反垄断审查不予禁止决定,,,,,,,,,,,,,,,EVT-0090,监管,国家市场监督管理总局对本次交易作出经营者集中反垄断审查不予禁止决定,,公司于近日取得国家市场监督管理总局关于本次交易的《经营者集中反垄断审查不予禁止决定书》。,0.9,,,,,,,,,,
EVT-0091,Event,参加2026年广东辖区投资者集体接待日活动暨召开2026年半年度业绩说明会,,,,,,,,,,,,,,,EVT-0091,重大经营,参加2026年广东辖区投资者集体接待日活动暨召开2026年半年度业绩说明会,2026-09-15,公司将于2026年9月15日以网络互动方式参加由广东证监局及广东上市公司协会组织的广东上市公司投资者集体接待日暨半年报业绩说明会，就投资者关心的问题进行交流。,0.9,,,,,,,,,,
EVT-0092,Event,宝钢股份2026年上半年度差异化分红派息实施,,,,,,,,,,,,,,,EVT-0092,股权,宝钢股份2026年上半年度差异化分红派息实施,2026-09-16,"宝钢股份以扣除回购专用账户股份后的21,745,301,092股为基数，每股派发现金红利人民币0.13元（含税），共计派发现金红利2,826,889,141.96元（含税）。",0.93,,,,,,,,,,
EVT-0093,Event,"宝钢股份第四期A股限制性股票计划首次授予367,989,000股",,,,,,,,,,,,,,,EVT-0093,股权,"宝钢股份第四期A股限制性股票计划首次授予367,989,000股",2026-06-08,"宝钢股份第四期A股限制性股票计划向激励对象授予合计367,989,000股限制性股票，并于2026年6月8日完成登记。",0.9,,,,,,,,,,
EVT-0094,Event,立讯精密工业股份有限公司变更注册资本并修改《公司章程》议案获董事会审议通过,,,,,,,,,,,,,,,EVT-0094,股权,立讯精密工业股份有限公司变更注册资本并修改《公司章程》议案获董事会审议通过,2026-08-24,公司第六届董事会第二十八次会议审议通过关于变更注册资本并修改《公司章程》的议案，并提请2026年第一次临时股东会审议。,0.85,,,,,,,,,,
EVT-0095,Event,立讯精密工业股份有限公司拟注册发行债券议案获董事会审议通过,,,,,,,,,,,,,,,EVT-0095,重大经营,立讯精密工业股份有限公司拟注册发行债券议案获董事会审议通过,2026-08-24,公司第六届董事会第二十八次会议审议通过关于拟注册发行债券的议案，并提请2026年第一次临时股东会审议。,0.75,,,,,,,,,,
EVT-0096,Event,三大国际信用评级机构发布对中国建筑2026年信用评级更新结果,,,,,,,,,,,,,,,EVT-0096,重大经营,三大国际信用评级机构发布对中国建筑2026年信用评级更新结果,2026-09-08,截至2026年9月8日，穆迪、标普、惠誉分别发布对中国建筑股份有限公司的2026年信用评级更新报告，穆迪给予A2展望稳定、标普给予A展望负面、惠誉给予A-展望稳定。,0.9,,,,,,,,,,
EVT-0097,Event,张湧招商银行独立董事任职资格获国家金融监督管理总局核准,,,,,,,,,,,,,,,EVT-0097,监管,张湧招商银行独立董事任职资格获国家金融监督管理总局核准,2026-09-08,国家金融监督管理总局批复核准张湧担任招商银行独立董事的任职资格，其独立非执行董事任期自2026年9月8日起生效。,0.9,,,,,,,,,,
EVT-0098,Event,招商银行董事会专门委员会成员组成调整,,,,,,,,,,,,,,,EVT-0098,重大经营,招商银行董事会专门委员会成员组成调整,2026-09-08,自2026年9月8日起，张湧任董事会战略与可持续发展委员会委员及董事会薪酬与考核委员会主任委员，黄玉山任薪酬与考核委员会委员且不再任该委员会主任委员。,0.6,,,,,,,,,,
EVT-0099,Event,中芯国际2021年科创板限制性股票激励计划预留授予部分第四个归属期归属完成并上市,,,,,,,,,,,,,,,EVT-0099,股权,中芯国际2021年科创板限制性股票激励计划预留授予部分第四个归属期归属完成并上市,2026-09-10,"公司完成2021年科创板限制性股票激励计划预留授予部分第四个归属期归属，涉及751人、1,031,360股，该部分股份于2026年9月10日上市流通，公司总股本增至8,562,184,213股。",0.95,,,,,,,,,,
EVT-0100,Event,中国平安职工代表大会选举庄严女士出任第十三届董事会职工董事,,,,,,,,,,,,,,,EVT-0100,重大经营,中国平安职工代表大会选举庄严女士出任第十三届董事会职工董事,2026-09-07,公司于2026年9月7日召开职工代表大会，选举庄严女士出任第十三届董事会职工董事，其任职尚须国家金融监督管理总局核准后生效。,0.9,,,,,,,,,,
EVT-0101,Event,江蘇恒瑞醫藥股份有限公司将召开临时股东会审议建议采纳2026年H股股份计划,,,,,,,,,,,,,,,EVT-0101,股权,江蘇恒瑞醫藥股份有限公司将召开临时股东会审议建议采纳2026年H股股份计划,2026-09-24,公司订于2026年9月24日召开2026年第一次临时股东会，考虑并酌情批准（其中包括）建议采纳2026年H股股份计划。,0.7,,,,,,,,,,
EVT-0102,Event,招商银行行长助理王兴海辞任,,,,,,,,,,,,,,,EVT-0102,重大经营,招商银行行长助理王兴海辞任,2026-09-07,招商银行行长助理王兴海因工作原因提请辞去行长助理职务，辞任自2026年9月7日起生效，其确认与董事会无不同意见。,0.9,,,,,,,,,,
EVT-0103,Event,中信证券董事会授权经营管理层调整中信证券投资有限公司注册资本,,,,,,,,,,,,,,,EVT-0103,投资并购,中信证券董事会授权经营管理层调整中信证券投资有限公司注册资本,2026-09-07,中信证券董事会审议通过议案，授权经营管理层根据中信证券投资有限公司经营状况灵活调整其注册资本金，调整后最高不超过人民币200亿元，授权有效期三十六个月。,0.9,,,,,,,,,,
EVT-0104,Event,中国石化与中国石化集团公司签订持续关联交易第八补充协议修订互供协议,,,,,,,,,,,,,,,EVT-0104,重大合同,中国石化与中国石化集团公司签订持续关联交易第八补充协议修订互供协议,2026-09-07,本公司与中国石化集团公司于2026年9月7日签订持续关联交易第八补充协议，修订互供协议项下2026及2027年度上限。,0.95,,,,,,,,,,
EVT-0105,Event,航油公司与中国石化集团公司完成重组,,,,,,,,,,,,,,,EVT-0105,投资并购,航油公司与中国石化集团公司完成重组,2026-07-09,2026年7月9日本次重组完成后，航油公司成为中国石化集团公司的全资附属公司。,0.95,,,,,,,,,,
EVT-0106,Event,"宁德时代注销208,019份已授予尚未行权的股票期权",,,,,,,,,,,,,,,EVT-0106,股权,"宁德时代注销208,019份已授予尚未行权的股票期权",2026-09-08,"因部分激励对象离职及第三个行权期届满未行权，公司注销已获授但不满足行权条件的股票期权合计208,019份。",0.95,,,,,,,,,,
EVT-0107,Event,2026年8月商品猪销售数据披露,,,,,,,,,,,,,,,EVT-0107,业绩,2026年8月商品猪销售数据披露,,公司2026年8月销售商品猪703.0万头，销售均价10.30元/公斤，销售收入92.54亿元，价格与收入同比降幅较大。,0.9,,,,,,,,,,
EVT-0108,Event,全资子公司8月屠宰生猪281.8万头,,,,,,,,,,,,,,,EVT-0108,业绩,全资子公司8月屠宰生猪281.8万头,,2026年8月，公司全资子公司牧原肉食品有限公司及其子公司屠宰生猪281.8万头。,0.9,,,,,,,,,,
EVT-0109,Event,建議公司及其控股子公司開展資產池業務並進行對外擔保,,,,,,,,,,,,,,,EVT-0109,重大经营,建議公司及其控股子公司開展資產池業務並進行對外擔保,,本公司擬召開臨時股東會審議公司及其控股子公司開展資產池業務並進行對外擔保事項,0.7,,,,,,,,,,
EVT-0110,Event,比亞迪董事會換屆選舉議案,,,,,,,,,,,,,,,EVT-0110,重大经营,比亞迪董事會換屆選舉議案,,比亞迪擬於臨時股東會審議董事會換屆選舉，重選及委任執行董事、非執行董事與獨立非執行董事。,0.9,,,,,,,,,,
EVT-0111,Event,比亞迪及其控股子公司開展資產池業務並對外擔保,,,,,,,,,,,,,,,EVT-0111,重大经营,比亞迪及其控股子公司開展資產池業務並對外擔保,,比亞迪擬提請臨時股東會批准公司及其控股子公司開展資產池業務並進行對外擔保。,0.9,,,,,,,,,,
EVT-0112,Event,比亞迪及其控股子公司開展資產池業務並進行對外擔保,,,,,,,,,,,,,,,EVT-0112,重大经营,比亞迪及其控股子公司開展資產池業務並進行對外擔保,,本公司及境內控股子公司擬使用存單、存款、商業匯票等金融資產開展資產池業務，並為境內控股子公司融資業務提供擔保，擔保總額度不超過人民幣500億元。,0.9,,,,,,,,,,
EVT-0113,Event,比亞迪董事會換屆選舉及董事薪酬建議,,,,,,,,,,,,,,,EVT-0113,重大经营,比亞迪董事會換屆選舉及董事薪酬建議,,"因現任董事任期即將屆滿，本公司將於臨時股東會選舉第九屆董事會成員，並建議執行董事王傳福及擬任職工董事不收取董事袍金，其餘擬任董事年度袍金定為稅前人民幣300,000元。",0.9,,,,,,,,,,
EVT-0114,Event,2023年股票期权激励计划首次授予部分第三个行权期行权条件成就并采用自主行权模式,,,,,,,,,,,,,,,EVT-0114,股权,2023年股票期权激励计划首次授予部分第三个行权期行权条件成就并采用自主行权模式,2026-09-08,"公司4,506名激励对象在第三个行权期可行权股票期权5,205.9492万份，行权价格17.62元/股，采用自主行权模式。",0.95,,,,,,,,,,
EVT-0115,Event,公司2025年归母净利润39.40亿元、较2023年度增长262.13%,,,,,,,,,,,,,,,EVT-0115,业绩,公司2025年归母净利润39.40亿元、较2023年度增长262.13%,,依据审计报告，公司2025年经审计归属于上市公司股东的净利润为39.40亿元，较2023年度增长262.13%，满足第三个行权期公司层面业绩考核要求。,0.85,,,,,,,,,,
EVT-0116,Event,中国建筑董事会审议通过陈勇不再担任公司副总裁,,,,,,,,,,,,,,,EVT-0116,重大经营,中国建筑董事会审议通过陈勇不再担任公司副总裁,2026-09-05,中国建筑股份有限公司第四届董事会第四十二次会议审议通过《关于陈勇不再担任中国建筑股份有限公司副总裁的议案》，表决结果为7票同意。,0.9,,,,,,,,,,
EVT-0117,Event,工商银行与财政部、中国烟草等签署附条件生效的股份认购协议,,,,,,,,,,,,,,,EVT-0117,股权,工商银行与财政部、中国烟草等签署附条件生效的股份认购协议,2026-09-06,工商银行与财政部及中国烟草相关子公司签署附条件生效的股份认购协议，认购人拟以现金认购本次发行的A股股票。,0.95,,,,,,,,,,
EVT-0118,Event,财政部及中国烟草等拟认购工商银行发行股份,,,,,,,,,,,,,,,EVT-0118,股权,财政部及中国烟草等拟认购工商银行发行股份,,财政部拟认购700亿元，中国烟草拟认购100亿元，上海烟草、云南中烟、湖南中烟、湖南烟草各拟认购50亿元。,0.95,,,,,,,,,,
EVT-0119,Event,万华化学实施2026年半年度现金分红,,,,,,,,,,,,,,,EVT-0119,股权,万华化学实施2026年半年度现金分红,2026-09-11,"公司以方案实施前总股本3,130,471,626股为基数，每股派发现金红利0.81元（含税），共计派发现金红利2,535,682,017.06元。",0.95,,,,,,,,,,
EVT-0120,Event,紫金矿业更正定期报告及前期公告中3家单位名称文字错误,,,,,,,,,,,,,,,EVT-0120,重大经营,紫金矿业更正定期报告及前期公告中3家单位名称文字错误,,公司对《2026年半年度报告》及前期公告“合并财务报表主要项目注释”部分3家单位的出错名称予以更正，并说明不涉及财务数据、会计科目及经营指标。,0.7,,,,,,,,,,
EVT-0121,Event,长城汽车股东特别大会通过确定职工董事赵改女士薪酬方案的决议,,,,,,,,,,,,,,,EVT-0121,重大经营,长城汽车股东特别大会通过确定职工董事赵改女士薪酬方案的决议,2026-09-04,长城汽车于2026年9月4日召开股东特别大会，审议并通过确定第九届董事会职工董事赵改女士薪酬方案的普通决议案。,0.75,,,,,,,,,,
EVT-0122,Event,伊利股份2023年持股计划（第三期）第二次持有人会议审议通过持股计划持有人日常管理办法,,,,,,,,,,,,,,,EVT-0122,重大经营,伊利股份2023年持股计划（第三期）第二次持有人会议审议通过持股计划持有人日常管理办法,2026-09-04,公司2023年持股计划（第三期）第二次持有人会议以通讯方式召开，审议并通过《公司2023年持股计划持有人日常管理办法》，同意份额占出席会议所有持有人所持份额的100%。,0.8,,,,,,,,,,
EVT-0123,Event,提名叶礼德、张梦娇为独立非执行董事候选人,,,,,,,,,,,,,,,EVT-0123,重大经营,提名叶礼德、张梦娇为独立非执行董事候选人,,袁国强、陈汉文辞任后，董事会提名叶礼德、张梦娇为独立非执行董事候选人。,0.9,,,,,,,,,,
EVT-0124,Event,隆基绿能注册资本变更并完成工商变更登记,,,,,,,,,,,,,,,EVT-0124,股权,隆基绿能注册资本变更并完成工商变更登记,2026-09-04,"公司注册资本由7,578,049,736元变更至7,578,066,064元，并于近日完成工商变更登记及备案手续，取得换发的《营业执照》。",0.9,,,,,,,,,,
EVT-0125,Event,公司使用闲置资金购买的结构性存款20亿元到期收回本金及收益,,,,,,,,,,,,,,,EVT-0125,重大经营,公司使用闲置资金购买的结构性存款20亿元到期收回本金及收益,2026-09-02,"公司于2026年5月25日在商业银行购买结构性存款20亿元，截至公告日该产品已到期，本金200,000万元及收益9,876,252.05元已到账。",0.9,,,,,,,,,,
EVT-0126,Event,歌尔股份注销2023年股票期权激励计划部分股票期权合计303.456万份,,,,,,,,,,,,,,,EVT-0126,股权,歌尔股份注销2023年股票期权激励计划部分股票期权合计303.456万份,2026-09-02,公司注销首次授予部分第二个行权期内已获授但尚未行权的股票期权0.45万份及459名激励对象持有的不具备行权条件的股票期权303.006万份，合计303.456万份，已于2026年9月2日办理完毕。,0.95,,,,,,,,,,
EVT-0127,Event,香港聯交所向公司授予聯席公司秘書豁免,,,,,,,,,,,,,,,EVT-0127,监管,香港聯交所向公司授予聯席公司秘書豁免,2026-09-01,公司於2026年9月1日獲得香港聯交所授予新豁免，豁免期由2026年9月1日至2028年6月18日。,0.9,,,,,,,,,,
EVT-0128,Event,趙明璟接替張瀟出任聯席公司秘書、授權代表及法律程序文件代理人,,,,,,,,,,,,,,,EVT-0128,重大经营,趙明璟接替張瀟出任聯席公司秘書、授權代表及法律程序文件代理人,2026-09-01,趙明璟接替張瀟擔任本公司聯席公司秘書、授權代表及法律程序文件的代理人，自2026年9月1日起生效。,0.9,,,,,,,,,,
EVT-0129,Event,"公司集中竞价回购股份14,010,229股",,,,,,,,,,,,,,,EVT-0129,股权,"公司集中竞价回购股份14,010,229股",2026-08-31,"公司于2026年8月通过上海证券交易所交易系统以集中竞价交易方式回购公司股份14,010,229股，使用资金总额886,745,587.84元。",0.95,,,,,,,,,,
EVT-0130,Event,通威股份2026年上半年营业收入343.57亿元、归母净利润亏损51.19亿元,,,,,,,,,,,,,,,EVT-0130,业绩,通威股份2026年上半年营业收入343.57亿元、归母净利润亏损51.19亿元,2026-08-27,通威股份2026年上半年实现营业收入343.57亿元，同比下降15.19%，归属于母公司所有者的净利润亏损51.19亿元。,0.95,,,,,,,,,,
EVT-0131,Event,联合资信维持通威股份主体及“通22转债”信用等级,,,,,,,,,,,,,,,EVT-0131,重大经营,联合资信维持通威股份主体及“通22转债”信用等级,,联合资信综合评估后决定维持上次评级结果不变，公司个体信用等级为aaa，主体长期信用等级为AAA，维持“通22 转债”债项信用等级为AAA，评级展望为稳定。,0.9,,,,,,,,,,
EVT-0132,Event,国电南瑞披露以集中竞价方式回购股份进展,,,,,,,,,,,,,,,EVT-0132,股权,国电南瑞披露以集中竞价方式回购股份进展,2026-08-31,"截至2026年8月31日，公司以集中竞价交易方式累计回购3,869,768股，占总股本0.048%，最高价23.09元/股、最低价22.71元/股，已支付总金额88,984,979.40元（不含交易费用）。",0.95,,,,,,,,,,
EVT-0133,Event,中证投服中心就阳光电源临时股东会部分议案公开征集表决权,,,,,,,,,,,,,,,EVT-0133,重大经营,中证投服中心就阳光电源临时股东会部分议案公开征集表决权,2026-09-04,中证投服中心以无偿自愿、公开发布公告方式，就阳光电源2026年第一次临时股东会《关于提名独立董事候选人的议案》向全体股东公开征集表决权。,0.9,,,,,,,,,,
EVT-0134,Event,美的集团回购A股股份结果,,,,,,,,,,,,,,,EVT-0134,股权,美的集团回购A股股份结果,2025-12-09,"公司以集中竞价方式累计回购A股股份135,012,663股，支付总金额9,999,994,748元（不含交易费用）。",0.9,,,,,,,,,,
EVT-0135,Event,2026年A股持股计划非交易过户完成,,,,,,,,,,,,,,,EVT-0135,股权,2026年A股持股计划非交易过户完成,2026-09-03,"公司回购专用证券账户所持15,772,385股公司股票非交易过户至2026年A股持股计划证券账户，占总股本0.21%。",0.95,,,,,,,,,,
EVT-0136,Event,公司收到诉讼一民事判决书,,,,,,,,,,,,,,,EVT-0136,重大经营,公司收到诉讼一民事判决书,,法院判决中国能源归还借款利息、罚息及复利并赔偿律师费，中油国电以质押股权承担优先受偿责任。,0.9,,,,,,,,,,
EVT-0137,Event,长城汽车披露2026年8月产销快报,,,,,,,,,,,,,,,EVT-0137,业绩,长城汽车披露2026年8月产销快报,,"长城汽车公布2026年8月产销量，当月总销量113,396台、总产量118,316台，本年累计销量805,358台，并披露8月海外销售62,517台、新能源车销售40,700台。",0.95,,,,,,,,,,
EVT-0138,Event,中天科技召开2026年半年度业绩说明会,,,,,,,,,,,,,,,EVT-0138,重大经营,中天科技召开2026年半年度业绩说明会,2026-09-10,公司计划于2026年9月10日15:00-16:00以网络互动形式召开2026年半年度业绩说明会，就投资者关心的问题进行交流。,0.85,,,,,,,,,,
EVT-0139,Event,上汽集团披露2026年8月份产销快报,,,,,,,,,,,,,,,EVT-0139,业绩,上汽集团披露2026年8月份产销快报,2026-09-02,上海汽车集团股份有限公司披露2026年8月份产销快报，公布整车及各下属公司本月与本年累计产量、销量数据。,0.9,,,,,,,,,,
EVT-0140,Event,三一重工审议通过回购A股股份方案,,,,,,,,,,,,,,,EVT-0140,股权,三一重工审议通过回购A股股份方案,2026-07-24,公司董事会审议通过以集中竞价交易方式回购A股股份，回购金额不低于4亿元且不超过8亿元，价格不超过27.96元/股，实施期限自2026年7月24日至2027年7月23日。,0.92,,,,,,,,,,
EVT-0141,Event,三一重工披露截至2026年8月31日尚未回购A股股份,,,,,,,,,,,,,,,EVT-0141,股权,三一重工披露截至2026年8月31日尚未回购A股股份,2026-08-31,截至2026年8月31日，公司尚未回购公司A股股份。,0.9,,,,,,,,,,
EVT-0142,Event,中国中铁总会计师孙璀因年龄退休离任,,,,,,,,,,,,,,,EVT-0142,重大经营,中国中铁总会计师孙璀因年龄退休离任,2026-08-31,公司总会计师孙璀因达到法定退休年龄递交书面辞职报告，辞职自送达董事会之日起生效，辞职后不再担任公司任何职务，离任不会对公司正常运作产生影响。,0.92,,,,,,,,,,
EVT-0143,Event,公司修订《董事会授权决策方案》,,,,,,,,,,,,,,,EVT-0143,政策,公司修订《董事会授权决策方案》,2026-08-31,董事会批准修订《董事会授权决策方案》中董事会授权董事长、总经理决策事项，以规范董事会授权决策行为。,0.85,,,,,,,,,,
EVT-0144,Event,公司修订《负债管理制度》,,,,,,,,,,,,,,,EVT-0144,政策,公司修订《负债管理制度》,2026-08-31,董事会批准修订《负债管理制度》，加强资产负债率、债权性融资业务及委托贷款行为管控。,0.85,,,,,,,,,,
EVT-0145,Event,公司修订《关联交易管理办法》,,,,,,,,,,,,,,,EVT-0145,政策,公司修订《关联交易管理办法》,2026-08-31,董事会批准修订《关联交易管理办法》，以规范关联交易行为、保护公司及全体股东合法权益。,0.85,,,,,,,,,,
EVT-0146,Event,公司批准组织实施湛江钢铁2026年捐赠项目,,,,,,,,,,,,,,,EVT-0146,重大经营,公司批准组织实施湛江钢铁2026年捐赠项目,2026-08-31,董事会批准组织实施湛江钢铁2026年捐赠项目及资金分配计划，捐赠资金合计500万元，用于乡村振兴帮扶、示范村建设、公益帮扶及公益助学等。,0.9,,,,,,,,,,
EVT-0147,Event,2023年股票期权激励计划首次授予部分第三个行权期行权条件成就,,,,,,,,,,,,,,,EVT-0147,股权,2023年股票期权激励计划首次授予部分第三个行权期行权条件成就,2026-08-31,"公司董事会审议通过首次授予部分第三个行权期行权条件成就，4,506名激励对象可行权5,205.9492万份，行权价17.62元/股。",0.95,,,,,,,,,,
EVT-0148,Event,公司2025年归属于上市公司股东的净利润39.40亿元,,,,,,,,,,,,,,,EVT-0148,业绩,公司2025年归属于上市公司股东的净利润39.40亿元,,公司2025年经审计归属于上市公司股东的净利润为39.40亿元，较2023年度增长262.13%，满足第三个行权期业绩考核要求。,0.9,,,,,,,,,,
EVT-0149,Event,"上海电气2026年上半年计提减值准备减少税前利润179,073万元",,,,,,,,,,,,,,,EVT-0149,业绩,"上海电气2026年上半年计提减值准备减少税前利润179,073万元",2026-08-28,"上海电气2026年上半年计提信用减值损失103,549万元、资产减值损失75,524万元，合计减少上半年税前利润净额179,073万元。",0.9,,,,,,,,,,
EVT-0150,Event,三峡财务公司披露2026年半年度经营业绩,,,,,,,,,,,,,,,EVT-0150,业绩,三峡财务公司披露2026年半年度经营业绩,2026-06-30,截至2026年6月30日，三峡财务公司资产规模758.76亿元，资产负债率81.26%，2026年上半年实现营业总收入5.63亿元，利润总额3.79亿元。,0.9,,,,,,,,,,
EVT-0151,Event,长江电力召开2026年半年度业绩说明会,,,,,,,,,,,,,,,EVT-0151,重大经营,长江电力召开2026年半年度业绩说明会,2026-09-03,公司拟于2026年9月3日10:00-11:00以视频会议方式召开2026年半年度业绩说明会，参加人员为公司经理层。,0.6,,,,,,,,,,
EVT-0152,Event,长江电力对江西寻乌抽水蓄能有限公司增资,,,,,,,,,,,,,,,EVT-0152,投资并购,长江电力对江西寻乌抽水蓄能有限公司增资,2026-08-27,"董事会同意将江西寻乌抽水蓄能有限公司注册资本由30,000万元增加至154,780万元，其中公司新增认缴金额63,637.80万元。",0.92,,,,,,,,,,
EVT-0153,Event,长江电力聘任鲁雪为审计部主任,,,,,,,,,,,,,,,EVT-0153,重大经营,长江电力聘任鲁雪为审计部主任,2026-08-27,董事会同意聘任鲁雪女士为公司审计部主任。,0.9,,,,,,,,,,
EVT-0154,Event,三一重工修订《董事会秘书工作制度》,,,,,,,,,,,,,,,EVT-0154,重大经营,三一重工修订《董事会秘书工作制度》,,三一重工制定并经董事会审议通过《董事会秘书工作制度》（2026年8月修订），对董事会秘书的任职资格、聘任解聘、职责、履职保障等作出规定，修改时亦同。,0.6,,,,,,,,,,
EVT-0155,Event,举办2026年半年度业绩说明会,,,,,,,,,,,,,,,EVT-0155,重大经营,举办2026年半年度业绩说明会,2026-09-03,公司将于2026年9月3日15:00-16:00通过网络远程方式举办2026年半年度业绩说明会，并提前向投资者征集问题。,0.7,,,,,,,,,,
EVT-0156,Event,工商银行董事会审议通过“十五五”时期发展规划议案,,,,,,,,,,,,,,,EVT-0156,重大经营,工商银行董事会审议通过“十五五”时期发展规划议案,2026-08-28,中国工商银行董事会审议通过关于《中国工商银行“十五五”时期发展规划》的议案，有效表决票13票全部同意。,0.85,,,,,,,,,,
EVT-0157,Event,工商银行董事会审议通过2026年中期利润分配方案,,,,,,,,,,,,,,,EVT-0157,股权,工商银行董事会审议通过2026年中期利润分配方案,2026-08-28,董事会审议通过2026年中期利润分配方案议案，独立董事发表同意意见，该议案尚需提交本行股东会审议。,0.9,,,,,,,,,,
EVT-0158,Event,工商银行派发“工行优2”境内优先股股息,,,,,,,,,,,,,,,EVT-0158,股权,工商银行派发“工行优2”境内优先股股息,2026-09-24,本行于2026年9月24日派发境内优先股“工行优2”股息，票面股息率为3.02%（含税），派发股息21.14亿元人民币，董事会审议通过该议案。,0.9,,,,,,,,,,
EVT-0159,Event,中国中铁2026年中期分红方案,,,,,,,,,,,,,,,EVT-0159,股权,中国中铁2026年中期分红方案,2026-08-28,"公司拟向全体股东每10股派发现金红利0.6374元（含税），以2026年8月28日总股本24,531,310,329股为基数，合计拟派发现金红利1,563,625,720.37元（含税）。",0.95,,,,,,,,,,
EVT-0160,Event,中国铁建董事会审议通过公司“十五五”总体发展战略与规划,,,,,,,,,,,,,,,EVT-0160,重大经营,中国铁建董事会审议通过公司“十五五”总体发展战略与规划,2026-08-28,中国铁建第六届董事会第十二次会议审议通过公司“十五五”总体发展战略与规划，该议案已经战略与投资委员会审议通过。,0.85,,,,,,,,,,
EVT-0161,Event,财务公司获原中国银监会批准开业运营,,,,,,,,,,,,,,,EVT-0161,监管,财务公司获原中国银监会批准开业运营,2012-04-18,财务公司于2012年4月18日经原中国银监会批准正式开业运营。,0.9,,,,,,,,,,
EVT-0162,Event,财务公司披露2026年上半年经营业绩,,,,,,,,,,,,,,,EVT-0162,业绩,财务公司披露2026年上半年经营业绩,2026-06-30,"截至2026年6月30日，财务公司资产总额1,091.35亿元，2026年上半年实现营业收入11.98亿元，净利润5.57亿元。",0.9,,,,,,,,,,
EVT-0163,Event,中材国际装备业务“两外一服”上半年成效显著,,,,,,,,,,,,,,,EVT-0163,重大经营,中材国际装备业务“两外一服”上半年成效显著,,装备制造实现收入和新签合同双增长，境外和外行业收入占比均达45%，核心产品打开东南亚、非洲新市场。,0.9,,,,,,,,,,
EVT-0164,Event,上汽集团董事会审议修订通过重大信息内部报告制度,,,,,,,,,,,,,,,EVT-0164,重大经营,上汽集团董事会审议修订通过重大信息内部报告制度,2026-08-27,公司九届十二次董事会会议审议修订并通过《重大信息内部报告制度》，规范公司重大信息内部报告工作。,0.85,,,,,,,,,,
EVT-0165,Event,上海汽车集团股份有限公司制定《董事会授权管理办法》,,,,,,,,,,,,,,,EVT-0165,政策,上海汽车集团股份有限公司制定《董事会授权管理办法》,,公司制定董事会授权管理办法，规范董事会授权管理行为，自董事会审议通过之日起施行。,0.9,,,,,,,,,,
EVT-0166,Event,上汽集团董事会审议修订并通过内幕信息知情人登记管理制度,,,,,,,,,,,,,,,EVT-0166,政策,上汽集团董事会审议修订并通过内幕信息知情人登记管理制度,2026-08-27,公司九届十二次董事会会议审议修订并通过《内幕信息知情人登记管理制度》，自审议通过之日起施行。,0.85,,,,,,,,,,
EVT-0167,Event,董事會決議建議修訂《公司章程》,,,,,,,,,,,,,,,EVT-0167,重大经营,董事會決議建議修訂《公司章程》,,董事會於二零二六年八月二十八日決議對《公司章程》作出建議修訂，包括修改董事會董事人數及董事會秘書任職條件及職責。,0.9,,,,,,,,,,
EVT-0168,Event,提名第九屆董事會董事候選人,,,,,,,,,,,,,,,EVT-0168,重大经营,提名第九屆董事會董事候選人,,提名委員會及董事會批准提名王傳福、呂向陽、夏佐全、蔡洪平、李永釗、李鋼、喻玲、徐圖為第九屆董事候選人。,0.9,,,,,,,,,,
EVT-0169,Event,审议通过2026年半年度报告,,,,,,,,,,,,,,,EVT-0169,业绩,审议通过2026年半年度报告,2026-08-27,公司董事会审议通过2026年半年度报告（含摘要）。,0.9,,,,,,,,,,
EVT-0170,Event,调整五粮液501古窖池中国白酒文化圣地项目可行性研究报告,,,,,,,,,,,,,,,EVT-0170,投资并购,调整五粮液501古窖池中国白酒文化圣地项目可行性研究报告,2026-08-27,"公司同意调整该项目可行性研究报告，投资主体增加四川省宜宾五粮液酒厂有限公司，总投资估算由161,399.10万元调整为153,301.31万元。",0.9,,,,,,,,,,
EVT-0171,Event,奥克斯智能科技中标美国数据中心储能油变项目并签订海外经营合同,,,,,,,,,,,,,,,EVT-0171,重大合同,奥克斯智能科技中标美国数据中心储能油变项目并签订海外经营合同,,全资子公司奥克斯智能科技中标美国数据中心储能油变项目，提供油浸式变压器，合同金额总计1.32亿美元，约合8.85亿人民币。,0.95,,,,,,,,,,
EVT-0172,Event,公司中标武汉市新洲区人民医院整体外迁项目医疗专项专业分包工程并签署分包合同,,,,,,,,,,,,,,,EVT-0172,重大合同,公司中标武汉市新洲区人民医院整体外迁项目医疗专项专业分包工程并签署分包合同,,"武汉华康世纪洁净科技股份有限公司中标武汉市新洲区人民医院整体外迁项目EPC总承包二标段医疗专项专业分包工程，并与承包人武汉建工集团股份有限公司新洲分公司签署分包合同，合同价（暂定含税总价款）为5,400万元。",0.95,,,,,,,,,,
EVT-0173,Event,京东方修订公司治理制度,,,,,,,,,,,,,,,EVT-0173,重大经营,京东方修订公司治理制度,2026-08-27,京东方科技集团股份有限公司经第十一届董事会第十九次会议审议通过，对董事会提名薪酬考核委员会组成及议事规则、董事会秘书工作细则、董事离职管理办法三项治理制度进行修订。,0.7,,,,,,,,,,
EVT-0174,Event,美的集团披露2026年半年度报告及中期业绩公告,,,,,,,,,,,,,,,EVT-0174,业绩,美的集团披露2026年半年度报告及中期业绩公告,2026-08-28,公司董事会审议通过并按境内外准则编制的2026年半年度报告及摘要（A股）与2026年中期业绩公告（H股）于同日分别披露于巨潮资讯网和香港联交所网站。,0.9,,,,,,,,,,
EVT-0175,Event,美的集团通过2026年中期利润分配方案,,,,,,,,,,,,,,,EVT-0175,股权,美的集团通过2026年中期利润分配方案,2026-08-28,"公司董事会审议通过2026年中期利润分配方案，以扣除回购专户股份后的股本总额7,448,597,984股为基数，向全体股东每10股派发现金5元（含税），合计现金分红3,724,298,992元。",0.9,,,,,,,,,,
EVT-0176,Event,"美的集团2026年中期利润分配方案：每10股派现5元，合计派现3,724,298,992元",,,,,,,,,,,,,,,EVT-0176,股权,"美的集团2026年中期利润分配方案：每10股派现5元，合计派现3,724,298,992元",2026-08-28,"公司2026年中期利润分配方案为每10股派发现金5元（含税），拟派现总金额3,724,298,992元，已经第五届董事会第十八次会议审议通过，尚待2026年第一次临时股东会审议通过后实施。",0.95,,,,,,,,,,
EVT-0177,Event,美的集团披露2026年半年度归属于上市公司股东的净利润264.46亿元,,,,,,,,,,,,,,,EVT-0177,业绩,美的集团披露2026年半年度归属于上市公司股东的净利润264.46亿元,,"公司2026年半年度合并报表实现归属于上市公司股东的净利润26,446,037,000元，母公司实现净利润1,754,305,000元。",0.85,,,,,,,,,,
EVT-0178,Event,中芯国际2026年上半年营收386亿元同比增长19.4%,,,,,,,,,,,,,,,EVT-0178,业绩,中芯国际2026年上半年营收386亿元同比增长19.4%,,公司上半年实现营收386亿元人民币，同比增长19.4%，毛利率23.2%，产能利用率93.4%。,0.95,,,,,,,,,,
EVT-0179,Event,中芯国际2026年上半年研发投入超27亿元,,,,,,,,,,,,,,,EVT-0179,重大经营,中芯国际2026年上半年研发投入超27亿元,,公司上半年研发投入超27亿元人民币，同比增长14.8%，占营业收入比例7.1%。,0.9,,,,,,,,,,
EVT-0180,Event,紫金矿业向西藏吉隆泥石流灾区捐赠1000万元,,,,,,,,,,,,,,,EVT-0180,重大经营,紫金矿业向西藏吉隆泥石流灾区捐赠1000万元,,"公司董事会同意向西藏吉隆泥石流灾区捐赠人民币1,000万元，用于紧急救援、受灾群众安置及灾后重建等工作。",0.9,,,,,,,,,,
EVT-0181,Event,中国神华召开2026年半年度业绩说明会,,,,,,,,,,,,,,,EVT-0181,重大经营,中国神华召开2026年半年度业绩说明会,2026-09-04,中国神华以网络互动方式召开2026年半年度业绩说明会，就投资者普遍关心的问题进行交流。,0.9,,,,,,,,,,
EVT-0182,Event,董事会审议通过2026年半年度报告及摘要,,,,,,,,,,,,,,,EVT-0182,业绩,董事会审议通过2026年半年度报告及摘要,2026-08-26,公司第九届董事会第十六次会议审议通过《江苏中天科技股份有限公司2026年半年度报告及摘要》，并将于2026年8月28日刊登披露。,0.9,,,,,,,,,,
EVT-0183,Event,董事会审议通过第三期员工持股计划第一个锁定期届满暨解锁条件成就的议案,,,,,,,,,,,,,,,EVT-0183,股权,董事会审议通过第三期员工持股计划第一个锁定期届满暨解锁条件成就的议案,2026-08-26,公司第九届董事会第十六次会议审议通过关于第三期员工持股计划第一个锁定期届满暨解锁条件成就的议案，并就该事项发布公告。,0.9,,,,,,,,,,
EVT-0184,Event,变更部分募集资金2亿元转投新型储能低碳智造项目,,,,,,,,,,,,,,,EVT-0184,投资并购,变更部分募集资金2亿元转投新型储能低碳智造项目,2026-05-21,"公司股东会审议通过将原工商业储能电站项目部分募集资金20,000.00万元变更转投新型储能低碳智造项目，实施主体为中天储能科技有限公司。",0.9,,,,,,,,,,
EVT-0185,Event,使用闲置募集资金临时补充流动资金,,,,,,,,,,,,,,,EVT-0185,重大经营,使用闲置募集资金临时补充流动资金,2026-01-15,"公司董事会同意使用不超过70,000.00万元闲置募集资金临时补充流动资金，截至2026年6月30日实际使用55,737.37万元。",0.9,,,,,,,,,,
EVT-0186,Event,中信股份2026年中期业绩联合发布会,,,,,,,,,,,,,,,EVT-0186,业绩,中信股份2026年中期业绩联合发布会,2026-09-04,中信股份与旗下四家上市公司于2026年9月4日在上证路演中心举办2026年中期业绩联合发布会，就半年度经营情况及财务状况与投资者交流。,0.9,,,,,,,,,,
EVT-0187,Event,潍柴动力完成多笔限制性股票及回购专户股份回购注销并变更注册资本,,,,,,,,,,,,,,,EVT-0187,股权,潍柴动力完成多笔限制性股票及回购专户股份回购注销并变更注册资本,,"公司办理完毕激励计划多批限制性股票回购注销及回购专户50,252,475股A股注销手续，注册资本由人民币8,715,671,296元变更为人民币8,640,220,621元。",0.9,,,,,,,,,,
EVT-0188,Event,万科企业股份有限公司计提2026年半年度减值准备,,,,,,,,,,,,,,,EVT-0188,业绩,万科企业股份有限公司计提2026年半年度减值准备,,"公司2026年上半年共计提或因合并范围变动而增加的各类减值准备合计427,310.53万元，其中存货跌价准备393,699.20万元、信用损失准备34,179.07万元，并相应减少归属于母公司所有者的净利润约316,424.88万元。",0.95,,,,,,,,,,
EVT-0189,Event,万科披露累计新增诉讼、仲裁事项涉案约120.41亿元,,,,,,,,,,,,,,,EVT-0189,重大经营,万科披露累计新增诉讼、仲裁事项涉案约120.41亿元,,前次公告披露后，自2026年3月1日至2026年7月31日，公司及控股子公司累计新增尚未披露及尚未结案的诉讼、仲裁事项，涉案金额合计约为人民币120.41亿元，占最近一期经审计净资产绝对值的10.30%。,0.9,,,,,,,,,,
EVT-0190,Event,万科2026年半年度不派息、不转增股本,,,,,,,,,,,,,,,EVT-0190,股权,万科2026年半年度不派息、不转增股本,,公司董事会审议通过2026年半年度不派发现金红利、不送红股、不进行资本公积金转增股本。,0.85,,,,,,,,,,
EVT-0191,Event,万科计提2026年半年度减值准备,,,,,,,,,,,,,,,EVT-0191,业绩,万科计提2026年半年度减值准备,,"2026年上半年公司共计提或因合并范围变动而增加各类减值准备合计427,310.53万元，转回或转销合计208,917.16万元。",0.75,,,,,,,,,,
EVT-0192,Event,变更联席公司秘书、授权代表及法律程序文件的代理人,,,,,,,,,,,,,,,EVT-0192,重大经营,变更联席公司秘书、授权代表及法律程序文件的代理人,,张潇辞任联席公司秘书、授权代表及法律程序文件代理人，赵明璟获委任接替，自获香港联交所豁免函件之日起生效。,0.9,,,,,,,,,,
EVT-0193,Event,变更香港主要营业地点地址,,,,,,,,,,,,,,,EVT-0193,重大经营,变更香港主要营业地点地址,2026-08-26,公司在香港的主要营业地点地址变更为香港铜锣湾希慎道33号利园一期19楼1901室，自2026年8月26日起生效。,0.9,,,,,,,,,,
EVT-0194,Event,"伊利股份2026年上半年计提资产减值准备246,078.19万元",,,,,,,,,,,,,,,EVT-0194,重大经营,"伊利股份2026年上半年计提资产减值准备246,078.19万元",2026-08-25,"公司基于谨慎性原则对相关资产进行减值测试，2026年上半年共计提资产减值准备246,078.19万元，将减少半年度合并报表利润总额。",0.88,,,,,,,,,,
EVT-0195,Event,审议通过并披露2026年半年度报告及摘要,,,,,,,,,,,,,,,EVT-0195,业绩,审议通过并披露2026年半年度报告及摘要,2026-08-27,公司董事会审议通过《2026年半年度报告及半年度报告摘要》，并于2026年8月27日在上海证券交易所网站及指定媒体披露。,0.9,,,,,,,,,,
EVT-0196,Event,审议通过2026年半年度计提资产减值准备及资产报废议案,,,,,,,,,,,,,,,EVT-0196,重大经营,审议通过2026年半年度计提资产减值准备及资产报废议案,2026-08-27,公司董事会审议通过《关于2026年半年度计提资产减值准备及资产报废的议案》，相关公告于2026年8月27日披露。,0.85,,,,,,,,,,
EVT-0197,Event,国电南瑞董事会审议通过2026年半年度报告及摘要,,,,,,,,,,,,,,,EVT-0197,业绩,国电南瑞董事会审议通过2026年半年度报告及摘要,2026-08-25,国电南瑞第九届董事会第十五次会议审议通过《关于2026年半年度报告及摘要的议案》，并披露2026年半年度报告及摘要。,0.75,,,,,,,,,,
EVT-0198,Event,国电南瑞董事会审议通过2026年半年度利润分配方案,,,,,,,,,,,,,,,EVT-0198,股权,国电南瑞董事会审议通过2026年半年度利润分配方案,2026-08-25,国电南瑞第九届董事会第十五次会议审议通过《关于2026年半年度利润分配方案的议案》。,0.8,,,,,,,,,,
EVT-0199,Event,国电南瑞及子公司向商业银行申请不超过340亿元综合授信额度,,,,,,,,,,,,,,,EVT-0199,重大经营,国电南瑞及子公司向商业银行申请不超过340亿元综合授信额度,2026-08-25,根据业务发展需要，公司及子公司向商业银行申请综合授信额度不超过人民币340亿元，额度自董事会审议通过之日起12个月内有效，可循环使用。,0.8,,,,,,,,,,
EVT-0200,Event,国电南瑞董事会审议通过使用部分闲置募集资金进行现金管理的议案,,,,,,,,,,,,,,,EVT-0200,重大经营,国电南瑞董事会审议通过使用部分闲置募集资金进行现金管理的议案,2026-08-25,国电南瑞第九届董事会第十五次会议审议通过《关于使用部分闲置募集资金进行现金管理的议案》。,0.75,,,,,,,,,,
EVT-0201,Event,恒瑞医药以集中竞价方式回购A股股份用于员工持股计划,,,,,,,,,,,,,,,EVT-0201,股权,恒瑞医药以集中竞价方式回购A股股份用于员工持股计划,2026-08-19,公司董事会审议通过回购方案，拟以自有资金不低于10亿元、不超过20亿元，按不超过81.78元/股的价格以集中竞价方式回购A股股份，用于A股员工持股计划。,0.95,,,,,,,,,,
EVT-0202,Event,保利发展董事会审议通过2026年半年度报告及摘要议案,,,,,,,,,,,,,,,EVT-0202,业绩,保利发展董事会审议通过2026年半年度报告及摘要议案,2026-08-26,公司第八届董事会第二次会议以9票同意审议通过《关于2026年半年度报告及摘要的议案》。,0.8,,,,,,,,,,
EVT-0203,Event,招商银行选举李云贵为第十三届董事会副董事长,,,,,,,,,,,,,,,EVT-0203,重大经营,招商银行选举李云贵为第十三届董事会副董事长,2026-08-26,招商银行董事会审议通过议案，选举李云贵为第十三届董事会副董事长，其任职资格尚需报国家金融监督管理总局核准。,0.85,,,,,,,,,,
EVT-0204,Event,招商银行委任王小青为香港上市规则项下授权代表,,,,,,,,,,,,,,,EVT-0204,重大经营,招商银行委任王小青为香港上市规则项下授权代表,2026-08-26,招商银行董事会审议通过议案，委任王小青为《香港联合交易所有限公司证券上市规则》第3.05条项下之授权代表。,0.8,,,,,,,,,,
EVT-0205,Event,中国银行间市场交易商协会接受宁德时代科技创新债券注册,,,,,,,,,,,,,,,EVT-0205,监管,中国银行间市场交易商协会接受宁德时代科技创新债券注册,2026-04-23,中国银行间市场交易商协会出具《接受注册通知书》，同意接受公司科技创新债券注册，注册基础品种为中期票据、注册金额400亿元。,0.95,,,,,,,,,,
EVT-0206,Event,宁德时代完成2026年度第六期绿色科技创新债券发行,,,,,,,,,,,,,,,EVT-0206,重大经营,宁德时代完成2026年度第六期绿色科技创新债券发行,2026-08-26,公司成功发行2026年度第六期绿色科技创新债券，发行总额为人民币70亿元，募集资金已于2026年8月27日到账。,0.93,,,,,,,,,,
EVT-0207,Event,公司完成限制性股票激励计划归属并变更注册资本,,,,,,,,,,,,,,,EVT-0207,股权,公司完成限制性股票激励计划归属并变更注册资本,,公司实施完成2024年限制性股票激励计划首次授予限制性股票第二个归属期归属，同意变更注册资本并修改公司章程，近日工商变更登记手续办理完毕。,0.9,,,,,,,,,,
EVT-0208,Event,盾安环境为盾安泰国向中信银行申请综合授信提供不超过3亿元连带责任保证,,,,,,,,,,,,,,,EVT-0208,重大合同,盾安环境为盾安泰国向中信银行申请综合授信提供不超过3亿元连带责任保证,,"盾安环境与中信银行杭州分行签署《最高额保证合同》，为子公司盾安泰国申请综合授信额度提供不超过人民币30,000万元的连带责任保证。",0.92,,,,,,,,,,
EVT-0209,Event,盾安泰国披露2025年度主要财务数据,,,,,,,,,,,,,,,EVT-0209,业绩,盾安泰国披露2025年度主要财务数据,2025-12-31,"截至2025年12月31日盾安泰国总资产115,495.61万元、净资产104,419.55万元，2025年度营业收入84,115.44万元、净利润1,340.19万元。",0.85,,,,,,,,,,
EVT-0210,Event,中国建筑公布2026年1-7月主要经营情况,,,,,,,,,,,,,,,EVT-0210,重大经营,中国建筑公布2026年1-7月主要经营情况,,"中国建筑公布2026年1-7月经营数据，新签合同总额26,604亿元、同比下降0.7%，地产业务合约销售额1,920亿元、同比下降0.5%。",0.85,,,,,,,,,,
EVT-0211,Event,长城汽车审议通过2026年中期业绩议案,,,,,,,,,,,,,,,EVT-0211,业绩,长城汽车审议通过2026年中期业绩议案,2026-08-25,公司第九届董事会第六次会议审议通过《关于公司2026年中期业绩的议案》，8票同意通过。,0.9,,,,,,,,,,
EVT-0212,Event,长城汽车决定不向股东会提呈派发2026年中期股息方案,,,,,,,,,,,,,,,EVT-0212,股权,长城汽车决定不向股东会提呈派发2026年中期股息方案,2026-08-25,结合2026年中期基本情况，董事会不建议派发截至2026年6月30日止6个月的中期股息，决定不向股东会提呈该方案。,0.9,,,,,,,,,,
EVT-0213,Event,国家金融监督管理总局对工商银行赎回境外无固定期限资本债券无异议,,,,,,,,,,,,,,,EVT-0213,监管,国家金融监督管理总局对工商银行赎回境外无固定期限资本债券无异议,,本行收到国家金融监督管理总局复函，监管机构对赎回本次境外无固定期限资本债券无异议，行使赎回权条件已满足。,0.9,,,,,,,,,,
EVT-0214,Event,中国建材集团财务有限公司披露2026年上半年经营数据,,,,,,,,,,,,,,,EVT-0214,业绩,中国建材集团财务有限公司披露2026年上半年经营数据,2026-06-30,"截至2026年6月30日，财务公司资产总额3,616,185.86万元，2026年1-6月实现营业收入33,218.85万元、净利润4,780.33万元。",0.92,,,,,,,,,,
EVT-0215,Event,中国中材国际工程股份有限公司披露在财务公司存贷款情况,,,,,,,,,,,,,,,EVT-0215,重大经营,中国中材国际工程股份有限公司披露在财务公司存贷款情况,2026-06-30,"截至2026年6月30日，本公司在财务公司存款余额约229,766.82万元，占公司2026年6月末货币资金余额31.20%，财务公司给予本公司综合授信额度635,500.00万元。",0.85,,,,,,,,,,
EVT-0216,Event,财务公司披露2026年半年度经营业绩,,,,,,,,,,,,,,,EVT-0216,业绩,财务公司披露2026年半年度经营业绩,2026-06-30,截至2026年6月30日财务公司资产总额625.39亿元，2026年1-6月实现净利润1.79亿元。,0.9,,,,,,,,,,
EVT-0217,Event,财务公司核心系统重大升级上线运行,,,,,,,,,,,,,,,EVT-0217,重大经营,财务公司核心系统重大升级上线运行,,财务公司核心系统重大升级完成监管变更报备，已于2026年4月正式上线运行。,0.85,,,,,,,,,,
EVT-0218,Event,董事会审议通过公司2026年半年度报告,,,,,,,,,,,,,,,EVT-0218,业绩,董事会审议通过公司2026年半年度报告,2026-08-25,东方电气股份有限公司董事会审议通过公司2026年半年度报告。,0.7,,,,,,,,,,
EVT-0219,Event,委任侯琋文为香港联席公司秘书,,,,,,,,,,,,,,,EVT-0219,重大经营,委任侯琋文为香港联席公司秘书,2026-08-25,东方电气股份有限公司董事会同意委任侯琋文女士为公司香港联席公司秘书。,0.75,,,,,,,,,,
EVT-0220,Event,东方电气向特定对象发行A股股票完成注册并到账,,,,,,,,,,,,,,,EVT-0220,股权,东方电气向特定对象发行A股股票完成注册并到账,2025-04-07,"经证监会同意注册，公司向特定对象发行A股272,878,203股，募集资金总额4,123,189,647.33元，募集资金净额4,116,565,363.01元已全部到账。",0.9,,,,,,,,,,
EVT-0221,Event,东方电气以募集资金收购四家子公司少数股权,,,,,,,,,,,,,,,EVT-0221,投资并购,东方电气以募集资金收购四家子公司少数股权,,"公司以募集资金收购东方电机8.14%股权、东方汽轮机8.70%股权、东方锅炉4.55%股份、东方重机5.63%股权，累计投入2,526,512,600.00元。",0.9,,,,,,,,,,
EVT-0222,Event,匈牙利宝思德化学公司MDI、TDI等一体化装置停产检修,,,,,,,,,,,,,,,EVT-0222,重大经营,匈牙利宝思德化学公司MDI、TDI等一体化装置停产检修,2026-07-17,子公司匈牙利宝思德化学公司MDI（40万吨/年）、TDI（25万吨/年）等一体化装置及相关配套装置于2026年7月17日开始陆续停产检修。,0.95,,,,,,,,,,
EVT-0223,Event,匈牙利宝思德化学公司装置停产检修结束恢复正常生产,,,,,,,,,,,,,,,EVT-0223,重大经营,匈牙利宝思德化学公司装置停产检修结束恢复正常生产,2026-08-26,上述装置停产检修已经结束，恢复正常生产。,0.95,,,,,,,,,,
EVT-0224,Event,2026年A股员工持股计划完成非交易过户,,,,,,,,,,,,,,,EVT-0224,股权,2026年A股员工持股计划完成非交易过户,2026-08-24,"公司回购专用证券账户持有的22,736,500股于2026年8月24日以21.30元/股过户至公司2026年A股员工持股计划账户，占公司总股本的0.25%。",0.95,,,,,,,,,,
EVT-0225,Event,"2026年A股员工持股计划实际设立规模484,287,450元",,,,,,,,,,,,,,,EVT-0225,股权,"2026年A股员工持股计划实际设立规模484,287,450元",2026-08-24,"本期员工持股计划实际设立规模为484,287,450元，资金来自公司计提的奖励基金，参加对象共5,202人。",0.9,,,,,,,,,,
EVT-0226,Event,CSI MTN Limited在中票计划下发行4亿美元票据并由中信证券国际担保,,,,,,,,,,,,,,,EVT-0226,重大经营,CSI MTN Limited在中票计划下发行4亿美元票据并由中信证券国际担保,2026-08-25,公司间接子公司CSI MTN Limited于2026年8月25日在中票计划下发行一笔金额4亿美元的票据，由中信证券国际提供无条件及不可撤销的保证担保。,0.88,,,,,,,,,,
EVT-0227,Event,2019年非公开发行股票募集资金到位,,,,,,,,,,,,,,,EVT-0227,股权,2019年非公开发行股票募集资金到位,2019-11-18,"经证监会核准，公司非公开发行32,642,401股，募集资金净额1,981,323,113.51元，于2019年11月18日到账。",0.95,,,,,,,,,,
EVT-0228,Event,全资子公司使用闲置募集资金暂时补充流动资金,,,,,,,,,,,,,,,EVT-0228,重大经营,全资子公司使用闲置募集资金暂时补充流动资金,2025-10-30,"公司董事会同意全资子公司北京北方华创微电子装备有限公司使用闲置募集资金125,000万元暂时补充流动资金，截至2026年6月30日已补充125,000万元，其中15,000万元已归还。",0.9,,,,,,,,,,
EVT-0229,Event,续聘天职国际为2026年度财务报表和内部控制审计机构,,,,,,,,,,,,,,,EVT-0229,重大经营,续聘天职国际为2026年度财务报表和内部控制审计机构,2026-08-25,公司董事会审议通过续聘天职国际为2026年度财务审计和内部控制审计机构，聘期一年，尚需股东会审议。,0.9,,,,,,,,,,
EVT-0230,Event,2026年度审计费用确定为372万元,,,,,,,,,,,,,,,EVT-0230,重大经营,2026年度审计费用确定为372万元,,因五矿盐湖有限公司并表，2026年度审计费用共计372万元，较2025年增加30万元。,0.9,,,,,,,,,,
EVT-0231,Event,潍柴动力及其附属公司与关联方销售、采购等关联交易议案提交临时股东会审议,,,,,,,,,,,,,,,EVT-0231,重大合同,潍柴动力及其附属公司与关联方销售、采购等关联交易议案提交临时股东会审议,,公司及其附属公司与中国重型汽车集团有限公司、潍柴重机股份有限公司、陕西汽车集团股份有限公司及其附属（关联）公司之间的销售产品、提供服务及采购产品、接受服务等关联交易议案，经2026年第五次临时董事会会议审议通过后提交2026年第二次临时股东会审议。,0.6,,,,,,,,,,
EVT-0232,Event,财政部颁布《企业会计准则解释第20号》,,,,,,,,,,,,,,,EVT-0232,政策,财政部颁布《企业会计准则解释第20号》,2026-06-17,财政部颁布《关于印发<企业会计准则解释第20号>的通知》，规定金融资产合同现金流量特征评估等内容，自公布之日起施行。,0.95,,,,,,,,,,
EVT-0233,Event,公司根据财政部新规变更会计政策,,,,,,,,,,,,,,,EVT-0233,重大经营,公司根据财政部新规变更会计政策,,公司根据财政部颁发的《企业会计准则解释第20号》及《企业会计准则第25号——保险合同》要求变更会计政策，不会对损益、总资产、净资产产生重大影响。,0.9,,,,,,,,,,
EVT-0234,Event,三峡集团完成对长江电力的增持计划,,,,,,,,,,,,,,,EVT-0234,股权,三峡集团完成对长江电力的增持计划,,"三峡集团通过上交所交易系统累计增持长江电力161,581,335股，累计增持金额449,853万元（不含交易费用），增持计划实施完毕。",0.95,,,,,,,,,,
EVT-0235,Event,可交换债券换股致三峡集团所持长江电力股份被动减少,,,,,,,,,,,,,,,EVT-0235,股权,可交换债券换股致三峡集团所持长江电力股份被动减少,,"增持计划实施期间，因三峡集团2022年发行的可交换债券“G 三峡EB2”发生换股操作，三峡集团所持公司股份被动减少3,173,939股。",0.9,,,,,,,,,,
EVT-0236,Event,交易商协会接受伊利股份债务融资工具注册,,,,,,,,,,,,,,,EVT-0236,监管,交易商协会接受伊利股份债务融资工具注册,,公司收到中国银行间市场交易商协会出具的编号为“中市协注〔2026〕DFI57号”《接受注册通知书》，交易商协会接受公司债务融资工具注册。,0.93,,,,,,,,,,
EVT-0237,Event,国电南瑞召开2026年半年度业绩说明会,,,,,,,,,,,,,,,EVT-0237,重大经营,国电南瑞召开2026年半年度业绩说明会,2026-09-01,国电南瑞计划于2026年9月1日上午11:00-12:00通过上证路演中心网络文字互动方式举行2026年半年度业绩说明会，就投资者关心的问题进行交流。,0.8,,,,,,,,,,
EVT-0238,Event,HRG2010胶囊上市许可申请获国家药监局受理,,,,,,,,,,,,,,,EVT-0238,产品,HRG2010胶囊上市许可申请获国家药监局受理,,公司收到国家药监局下发的《受理通知书》，HRG2010胶囊（拟定适应症为帕金森病）的药品上市许可申请获国家药监局受理。,0.95,,,,,,,,,,
EVT-0239,Event,透景生命医疗器械注册申请获上海市药品监督管理局受理,,,,,,,,,,,,,,,EVT-0239,产品,透景生命医疗器械注册申请获上海市药品监督管理局受理,2026-09-24,上海透景生命科技股份有限公司申报的十五项自身免疫肌炎抗体谱IgG检测试剂盒（流式荧光发光法）医疗器械注册申请获得上海市药品监督管理局受理。,0.92,,,,,,,,,,
EVT-0240,Event,寧德時代變更香港主要營業地址,,,,,,,,,,,,,,,EVT-0240,重大经营,寧德時代變更香港主要營業地址,2026-08-25,公司宣佈其於香港的主要營業地址變更為香港中環畢打街20號會德豐大廈5樓，自2026年8月25日起生效。,0.9,,,,,,,,,,
EVT-0241,Event,中国证监会同意东方财富证券公开发行不超过400亿元公司债券注册,,,,,,,,,,,,,,,EVT-0241,监管,中国证监会同意东方财富证券公开发行不超过400亿元公司债券注册,,东方财富证券于2026年3月收到中国证监会批复，同意其向专业投资者公开发行面值总额不超过400亿元公司债券的注册申请。,0.9,,,,,,,,,,
EVT-0242,Event,东方财富证券完成2026年第四期公司债券发行,,,,,,,,,,,,,,,EVT-0242,重大经营,东方财富证券完成2026年第四期公司债券发行,,东方财富证券完成2026年面向专业投资者公开发行公司债券（第四期）发行工作，网下实际发行规模36亿元。,0.9,,,,,,,,,,
EVT-0243,Event,立讯精密2026年半年度利润分配方案获董事会审议通过,,,,,,,,,,,,,,,EVT-0243,股权,立讯精密2026年半年度利润分配方案获董事会审议通过,2026-08-24,"公司第六届董事会第二十八次会议审议通过2026年半年度利润分配方案，以总股本7,720,156,915股为基数每10股派现1.1元，共派发现金股利849,217,260.65元（含税）。",0.92,,,,,,,,,,
EVT-0244,Event,立讯精密披露2026年半年度归母净利润,,,,,,,,,,,,,,,EVT-0244,业绩,立讯精密披露2026年半年度归母净利润,,"公司2026年半年度财务报表（未经审计）显示，归属于上市公司股东的净利润为7,842,698,288.86元。",0.9,,,,,,,,,,
EVT-0245,Event,上汽集团召开2026年半年度业绩说明会,,,,,,,,,,,,,,,EVT-0245,重大经营,上汽集团召开2026年半年度业绩说明会,2026-08-31,公司计划于2026年8月31日13:00-14:00以网络互动方式召开2026年半年度业绩说明会，就投资者关心的问题进行交流。,0.75,,,,,,,,,,
EVT-0246,Event,中国石化2026年上半年计提减值准备160.30亿元,,,,,,,,,,,,,,,EVT-0246,业绩,中国石化2026年上半年计提减值准备160.30亿元,2026-08-21,公司2026年上半年计提减值准备合计人民币160.30亿元，主要为存货跌价准备159.43亿元，将减少半年度合并净利润156.58亿元。,0.9,,,,,,,,,,
EVT-0247,Event,紫金矿业2026年员工持股计划受让价格由19.36元/股调整为18.56元/股,,,,,,,,,,,,,,,EVT-0247,股权,紫金矿业2026年员工持股计划受让价格由19.36元/股调整为18.56元/股,2026-08-21,公司因实施2025年度及2026年中期利润分配，根据《员工持股计划》规定，经第九届董事会第四次会议审议通过，将本次员工持股计划受让价格由19.36元/股调整为18.56元/股。,0.95,,,,,,,,,,
EVT-0248,Event,公司实施2025年度及2026年中期现金红利分派,,,,,,,,,,,,,,,EVT-0248,股权,公司实施2025年度及2026年中期现金红利分派,2026-08-21,"公司以26,513,240,030股为基数向全体股东分别派发2025年度现金红利0.38元/股（含税）及2026年中期现金红利0.42元/股（含税），不送红股，不以公积金转增股本。",0.9,,,,,,,,,,
EVT-0249,Event,福建至理律师事务所就本次员工持股计划受让价格调整出具法律意见书,,,,,,,,,,,,,,,EVT-0249,重大经营,福建至理律师事务所就本次员工持股计划受让价格调整出具法律意见书,,福建至理律师事务所认为公司本次员工持股计划受让价格调整事项已履行必要决策和审批程序，符合相关法规和公司《员工持股计划》的规定。,0.85,,,,,,,,,,
EVT-0250,Event,中铁一局集团为中铁一局集团物资工贸有限公司提供连带责任担保,,,,,,,,,,,,,,,EVT-0250,重大合同,中铁一局集团为中铁一局集团物资工贸有限公司提供连带责任担保,2026-04-07,"中铁一局集团有限公司为中铁一局集团物资工贸有限公司提供连带责任担保，担保种类为保函担保，受益人为建行陕西省分行，担保金额2,137.84万元。",0.9,,,,,,,,,,
EVT-0251,Event,中铁电气化局集团为中铁电气化局集团（香港）有限公司提供连带责任担保,,,,,,,,,,,,,,,EVT-0251,重大合同,中铁电气化局集团为中铁电气化局集团（香港）有限公司提供连带责任担保,2026-05-29,"中铁电气化局集团有限公司为中铁电气化局集团（香港）有限公司提供连带责任担保，担保种类为保函担保，受益人为香港上海汇丰银行有限公司，担保金额25,986.00万元。",0.9,,,,,,,,,,
EVT-0252,Event,中国铁建召开2026年半年度业绩说明会,,,,,,,,,,,,,,,EVT-0252,重大经营,中国铁建召开2026年半年度业绩说明会,2026-09-02,公司计划于2026年9月2日15:00-16:00以网络互动形式在上证路演中心举行2026年半年度业绩说明会，就投资者关注的问题进行交流。,0.9,,,,,,,,,,
EVT-0253,Event,交易商协会接受通威股份债务融资工具注册,,,,,,,,,,,,,,,EVT-0253,监管,交易商协会接受通威股份债务融资工具注册,2025-04-28,中国银行间市场交易商协会下发《接受注册通知书》，决定接受公司债务融资工具注册，注册自2025年4月28日起2年内有效。,0.9,,,,,,,,,,
EVT-0254,Event,通威股份完成2026年度第六期绿色超短期融资券发行,,,,,,,,,,,,,,,EVT-0254,重大经营,通威股份完成2026年度第六期绿色超短期融资券发行,2026-08-21,公司完成2026年度第六期绿色超短期融资券发行工作，募集资金已于2026年8月21日全额到账。,0.9,,,,,,,,,,
EVT-0255,Event,招商银行召开2026年中期业绩说明会,,,,,,,,,,,,,,,EVT-0255,重大经营,招商银行召开2026年中期业绩说明会,2026-08-31,招商银行以网络直播方式召开2026年中期业绩说明会，就投资者普遍关注的问题进行交流，行长王小青等参加。,0.8,,,,,,,,,,
EVT-0256,Event,宝钢股份2026年上半年度利润分配方案,,,,,,,,,,,,,,,EVT-0256,股权,宝钢股份2026年上半年度利润分配方案,2026-08-20,"公司拟派发2026年上半年度现金股利每股0.13元（含税），预计分红2,826,889,141.96元（含税）。",0.9,,,,,,,,,,
EVT-0257,Event,宝钢股份调整2026年度固定资产投资规模,,,,,,,,,,,,,,,EVT-0257,重大经营,宝钢股份调整2026年度固定资产投资规模,2026-08-21,批准公司2026年度固定资产投资规模调整至170.15亿元，较原年度预算调增23.91亿元。,0.9,,,,,,,,,,
EVT-0258,Event,公司因回购注销股份变更注册资本并完成工商变更登记,,,,,,,,,,,,,,,EVT-0258,股权,公司因回购注销股份变更注册资本并完成工商变更登记,2026-08-22,"公司因回购注销10,925,792股，注册资本及总股本由1,237,408,937元（股）变更为1,226,483,145元（股），并完成工商变更登记、取得换发的《营业执照》。",0.9,,,,,,,,,,
EVT-0259,Event,中兴通讯制定公司信用类债券信息披露管理制度,,,,,,,,,,,,,,,EVT-0259,政策,中兴通讯制定公司信用类债券信息披露管理制度,2026-08-21,公司经第十届董事会第三十三次会议审议通过《公司信用类债券信息披露管理制度》，规范公司信用类债券信息披露工作。,0.85,,,,,,,,,,
EVT-0260,Event,国家金融监督管理总局核准高鹏平安银行董事任职资格,,,,,,,,,,,,,,,EVT-0260,监管,国家金融监督管理总局核准高鹏平安银行董事任职资格,2026-08-22,国家金融监督管理总局批复核准高鹏先生担任平安银行股份有限公司董事的任职资格。,0.95,,,,,,,,,,
EVT-0261,Event,电气香港新设BVI子公司作为境外债券发行主体,,,,,,,,,,,,,,,EVT-0261,投资并购,电气香港新设BVI子公司作为境外债券发行主体,2026-04-29,公司同意全资子公司电气香港新设BVI子公司SHANGHAI ELECTRIC GLOBAL CAPITAL LIMITED，由发行人作为发行主体发行不超过等值5亿欧元的境外债券。,0.92,,,,,,,,,,
EVT-0262,Event,公司取得国家发改委企业借用外债审核登记证明,,,,,,,,,,,,,,,EVT-0262,监管,公司取得国家发改委企业借用外债审核登记证明,,公司就本次债券发行取得国家发展和改革委员会出具的《企业借用外债审核登记证明》。,0.92,,,,,,,,,,
EVT-0263,Event,15亿元离岸人民币绿色债券完成发行并在港交所上市,,,,,,,,,,,,,,,EVT-0263,重大经营,15亿元离岸人民币绿色债券完成发行并在港交所上市,2026-08-20,发行人本次债券中15亿元离岸人民币绿色债券已完成发行工作，并于2026年8月20日在香港联合交易所有限公司上市，年利率1.8%，期限3年。,0.95,,,,,,,,,,
EVT-0264,Event,中国平安2026年上半年营运利润841.96亿元，同比增长8.3%,,,,,,,,,,,,,,,EVT-0264,业绩,中国平安2026年上半年营运利润841.96亿元，同比增长8.3%,,2026年上半年，公司实现归属于母公司股东的营运利润841.96亿元，同比增长8.3%。,0.95,,,,,,,,,,
EVT-0265,Event,中国平安派发2025年末期股息每股现金1.75元,,,,,,,,,,,,,,,EVT-0265,股权,中国平安派发2025年末期股息每股现金1.75元,,2026年上半年，公司已派发2025年末期股息每股现金人民币1.75元（含税）。,0.9,,,,,,,,,,
EVT-0266,Event,中国平安董事会建议派发2026年中期股息每股现金0.98元,,,,,,,,,,,,,,,EVT-0266,股权,中国平安董事会建议派发2026年中期股息每股现金0.98元,,公司董事会建议向股东派发2026年中期股息每股现金人民币0.98元（含税），并向H股股东提供以人民币或港币收取股息的选择。,0.9,,,,,,,,,,
EVT-0267,Event,发行2026年度第一期短期融资券（乡村振兴）,,,,,,,,,,,,,,,EVT-0267,重大经营,发行2026年度第一期短期融资券（乡村振兴）,2026-08-18,公司于2026年8月18日发行2026年度第一期短期融资券（乡村振兴），发行规模10亿元，募集资金于2026年8月19日全部到账。,0.92,,,,,,,,,,
EVT-0268,Event,歌尔股份2026年上半年营业收入与净利润同比增长,,,,,,,,,,,,,,,EVT-0268,业绩,歌尔股份2026年上半年营业收入与净利润同比增长,,"公司披露2026年上半年营业收入4,004,629.27万元，同比增长6.65%；归属于上市公司股东的净利润146,584.52万元，同比增长3.46%。",0.95,,,,,,,,,,
EVT-0269,Event,公司股份回购实施完毕,,,,,,,,,,,,,,,EVT-0269,股权,公司股份回购实施完毕,2026-04-10,"回购资金总额提高至不低于10亿元且不超过15亿元，回购于2026年4月10日实施完毕，累计回购44,199,946股，占总股本1.25%，支付约12亿元。",0.95,,,,,,,,,,
EVT-0270,Event,公司实施2025年度权益分派现金分红,,,,,,,,,,,,,,,EVT-0270,股权,公司实施2025年度权益分派现金分红,,公司实施2025年度权益分派，向全体股东每10股派发现金红利2.00元（含税），现金分红总额约7亿元。,0.9,,,,,,,,,,
EVT-0271,Event,公司审议通过回购部分社会公众股份方案,,,,,,,,,,,,,,,EVT-0271,股权,公司审议通过回购部分社会公众股份方案,2026-06-30,公司审议通过回购部分社会公众股份方案，拟以自有资金集中竞价回购A股，资金总额不低于50亿元且不超过100亿元，回购价格不超过56.55元/股。,0.9,,,,,,,,,,
EVT-0272,Event,实施2025年年度权益分派,,,,,,,,,,,,,,,EVT-0272,股权,实施2025年年度权益分派,2026-08-27,"公司以剔除已回购股份后的总股本为基数向全体股东每10股派发现金股利20.00元（含税），共计派发现金股利11,201,820,282元。",0.9,,,,,,,,,,
EVT-0273,Event,调整股份回购价格上限,,,,,,,,,,,,,,,EVT-0273,股权,调整股份回购价格上限,2026-08-27,因实施2025年年度权益分派，公司回购股份价格上限由56.55元/股调整为54.55元/股，自2026年8月27日（权益分派除权除息日）起生效。,0.9,,,,,,,,,,
EVT-0274,Event,中芯國際董事會訂於2026年8月27日審議批准刊發中期業績公告,,,,,,,,,,,,,,,EVT-0274,业绩,中芯國際董事會訂於2026年8月27日審議批准刊發中期業績公告,2026-08-27,中芯國際董事會訂於2026年8月27日審議批准刊發截至2026年6月30日止六個月未經審計中期業績公告。,0.85,,,,,,,,,,
EVT-0275,Event,富士康工业互联网首次回购公司股份,,,,,,,,,,,,,,,EVT-0275,股权,富士康工业互联网首次回购公司股份,2026-08-19,"公司以集中竞价交易方式首次回购2,414,402股，占总股本0.01%，使用资金约1.49亿元。",0.95,,,,,,,,,,
EVT-0276,Event,董事会审议通过回购股份议案,,,,,,,,,,,,,,,EVT-0276,股权,董事会审议通过回购股份议案,2026-07-27,公司第四届董事会第二次会议审议通过以集中竞价交易方式回购公司股份的议案，拟使用自有资金10亿至20亿元。,0.9,,,,,,,,,,
EVT-0277,Event,中國鐵建董事會將審議批准中期業績,,,,,,,,,,,,,,,EVT-0277,业绩,中國鐵建董事會將審議批准中期業績,2026-08-28,中國鐵建董事會將於2026年8月28日在北京舉行會議，審議批准公司及附屬公司截至2026年6月30日止六個月未經審計的中期業績。,0.8,,,,,,,,,,
EVT-0278,Event,特变电工变更回购股份用途为注销并相应减少注册资本,,,,,,,,,,,,,,,EVT-0278,股权,特变电工变更回购股份用途为注销并相应减少注册资本,,"特变电工拟将已回购尚未使用的32,543,837股股份用途由“用于实施员工持股计划或股权激励”变更为“用于注销并减少注册资本”，注销后总股本由5,052,792,571股变更为5,020,248,734股。",0.93,,,,,,,,,,
EVT-0279,Event,特变电工提请延长向不特定对象发行可转换公司债券股东会决议有效期及授权期限,,,,,,,,,,,,,,,EVT-0279,股权,特变电工提请延长向不特定对象发行可转换公司债券股东会决议有效期及授权期限,2026-08-24,特变电工提请股东会将向不特定对象发行可转换公司债券的股东会决议有效期及相关授权期限自原有效期届满之日起延长至2027年9月2日。,0.9,,,,,,,,,,
EVT-0280,Event,宝钢股份召开2026年半年度业绩网上说明会,,,,,,,,,,,,,,,EVT-0280,重大经营,宝钢股份召开2026年半年度业绩网上说明会,2026-08-24,公司将于2026年8月24日上午9:30-11:00通过全景投资者关系互动平台举行2026年半年度业绩网上说明会，管理层在线与投资者交流。,0.9,,,,,,,,,,
EVT-0281,Event,宝钢股份计划披露2026年半年度报告,,,,,,,,,,,,,,,EVT-0281,业绩,宝钢股份计划披露2026年半年度报告,2026-08-22,公司计划于2026年8月22日披露2026年半年度报告，以便投资者了解公司半年度经营成果与财务状况。,0.8,,,,,,,,,,
EVT-0282,Event,东方财富证券完成2026年第三期次级债券发行,,,,,,,,,,,,,,,EVT-0282,股权,东方财富证券完成2026年第三期次级债券发行,,东方财富证券完成2026年面向专业投资者公开发行次级债券（第三期），网下实际发行规模26亿元，品种一14亿元、票面利率1.80%，品种二12亿元、票面利率2.00%，发行价格每张100元，拟在深圳证券交易所上市交易。,0.9,,,,,,,,,,
EVT-0283,Event,北方华创股东会审议通过注册发行非金融企业债务融资工具议案,,,,,,,,,,,,,,,EVT-0283,重大经营,北方华创股东会审议通过注册发行非金融企业债务融资工具议案,2026-08-17,北方华创2026年第一次临时股东会审议通过《关于注册发行非金融企业债务融资工具的议案》。,0.85,,,,,,,,,,
EVT-0284,Event,北方华创股东会审议通过注册发行应收账款资产支持商业票据议案,,,,,,,,,,,,,,,EVT-0284,重大经营,北方华创股东会审议通过注册发行应收账款资产支持商业票据议案,2026-08-17,北方华创2026年第一次临时股东会审议通过《关于注册发行应收账款资产支持商业票据的议案》。,0.85,,,,,,,,,,
EVT-0285,Event,董事會會議審議及批准中期業績,,,,,,,,,,,,,,,EVT-0285,业绩,董事會會議審議及批准中期業績,2026-08-26,董事會將於2026年8月26日舉行會議，審議及批准本公司及其附屬公司截至2026年6月30日止六個月之中期業績。,0.8,,,,,,,,,,
EVT-0286,Event,财政部发布《企业会计准则解释第19 号》,,,,,,,,,,,,,,,EVT-0286,政策,财政部发布《企业会计准则解释第19 号》,2025-12-05,财政部发布《企业会计准则解释第19 号》（财会〔2025〕32 号），自2026 年1 月1 日起施行。,0.95,,,,,,,,,,
EVT-0287,Event,财政部发布《企业会计准则解释第20 号》,,,,,,,,,,,,,,,EVT-0287,政策,财政部发布《企业会计准则解释第20 号》,2026-06-04,财政部发布《企业会计准则解释第20 号》（财会〔2026〕7 号），自公布之日起施行。,0.95,,,,,,,,,,
EVT-0288,Event,贵州茅台酒股份有限公司变更会计政策,,,,,,,,,,,,,,,EVT-0288,重大经营,贵州茅台酒股份有限公司变更会计政策,,公司按照财政部发布的《企业会计准则解释第19 号》及《企业会计准则解释第20 号》要求执行变更后的会计政策。,0.75,,,,,,,,,,
EVT-0289,Event,贵州茅台集团财务有限公司披露2026年上半年经营数据,,,,,,,,,,,,,,,EVT-0289,业绩,贵州茅台集团财务有限公司披露2026年上半年经营数据,2026-06-30,截至2026年6月30日，财务公司资产总额1571.36亿元、负债总额1451.96亿元、所有者权益合计119.41亿元；2026年1-6月实现营业收入15.76亿元、利润总额8.02亿元、净利润4.68亿元。,0.85,,,,,,,,,,
EVT-0290,Event,贵州茅台向全资子公司爱茅台数科公司无偿划转i茅台数字营销平台相关资产,,,,,,,,,,,,,,,EVT-0290,重大经营,贵州茅台向全资子公司爱茅台数科公司无偿划转i茅台数字营销平台相关资产,2026-08-13,公司董事会决定以无偿划转方式向全资子公司贵州爱茅台数字科技有限公司划转i茅台数字营销平台相关信息系统及域名等，并在授权范围内转授权使用“MOUTAI”等商标。,0.9,,,,,,,,,,
EVT-0291,Event,贵州茅台召开2026年半年度业绩说明会,,,,,,,,,,,,,,,EVT-0291,重大经营,贵州茅台召开2026年半年度业绩说明会,2026-08-21,公司将于2026年8月21日15:00－16:00通过上证路演中心以网络文字互动方式召开2026年半年度业绩说明会，就半年度生产经营情况与投资者在线交流。,0.9,,,,,,,,,,
EVT-0292,Event,中工国际2026年中期分红方案获独立董事专门会议审议通过,,,,,,,,,,,,,,,EVT-0292,股权,中工国际2026年中期分红方案获独立董事专门会议审议通过,,独立董事专门会议以3票同意审议通过《关于公司2026年中期分红方案的议案》，认为该方案符合现金分红相关规定，同意提请第八届董事会第二十五次会议审议。,0.85,,,,,,,,,,
EVT-0293,Event,中芯国际公布2026年第二季未经审核业绩,,,,,,,,,,,,,,,EVT-0293,业绩,中芯国际公布2026年第二季未经审核业绩,2026-08-13,中芯国际公布截至2026年6月30日止三个月未经审核业绩，第二季销售收入30亿美元、毛利率25.3%。,0.95,,,,,,,,,,
EVT-0294,Event,中芯国际发布2026年第三季业绩指引,,,,,,,,,,,,,,,EVT-0294,业绩,中芯国际发布2026年第三季业绩指引,2026-08-13,公司预期第三季收入环比增长2%至4%，毛利率介于26%至28%。,0.85,,,,,,,,,,
EVT-0295,Event,中国神华披露2026年7月份主要运营数据,,,,,,,,,,,,,,,EVT-0295,业绩,中国神华披露2026年7月份主要运营数据,2026-08-14,中国神华披露2026年7月份主要运营数据，商品煤产量43.4百万吨同比下降3.1%，煤炭销售量53.1百万吨同比下降4.5%，总发电量27.22十亿千瓦时同比下降5.3%。,0.9,,,,,,,,,,
EVT-0296,Event,中国神华发行股份及支付现金购买控股股东相关资产交易已完成,,,,,,,,,,,,,,,EVT-0296,投资并购,中国神华发行股份及支付现金购买控股股东相关资产交易已完成,,中国神华发行股份及支付现金购买控股股东国家能源投资集团有限责任公司相关资产的交易已完成，自2026年4月起主要运营数据包含新并入资产业务量。,0.9,,,,,,,,,,
EVT-0297,Event,万科召开董事会会议审议2026年半年度报告,,,,,,,,,,,,,,,EVT-0297,业绩,万科召开董事会会议审议2026年半年度报告,2026-08-27,万科企业股份有限公司将于2026年8月27日召开董事会会议，审议公司2026年半年度报告、财务报表等相关事项。,0.85,,,,,,,,,,
EVT-0298,Event,董事郭川辞职,,,,,,,,,,,,,,,EVT-0298,重大经营,董事郭川辞职,2026-08-12,公司于2026年8月12日收到董事郭川的书面辞职报告，郭川因工作需要辞去董事及董事会专门委员会相关职务，辞职后不再担任公司及控股子公司任何职务，辞职自公司收到报告之日生效。,0.95,,,,,,,,,,
EVT-0299,Event,证监会核准工业富联首次公开发行股票,,,,,,,,,,,,,,,EVT-0299,监管,证监会核准工业富联首次公开发行股票,,中国证监会核准富士康工业互联网股份有限公司首次公开发行人民币普通股（A股）股票。,0.95,,,,,,,,,,
EVT-0300,Event,使用募集资金向募投项目实施主体增资,,,,,,,,,,,,,,,EVT-0300,投资并购,使用募集资金向募投项目实施主体增资,2018-08-13,公司审议通过使用募集资金向深圳富桂等募投项目实施主体增资，用于募集资金投资项目建设。,0.9,,,,,,,,,,
EVT-0301,Event,东方电气董事会同意优化东方风电员工持股办法,,,,,,,,,,,,,,,EVT-0301,重大经营,东方电气董事会同意优化东方风电员工持股办法,2026-08-11,董事会审议通过优化控股子公司东方电气风电股份有限公司员工持股办法的议案。,0.85,,,,,,,,,,
EVT-0302,Event,东方电气对东方风电增资33亿元,,,,,,,,,,,,,,,EVT-0302,投资并购,东方电气对东方风电增资33亿元,2026-08-11,董事会同意公司对控股子公司东方风电增资，增资金额33亿元，支持东方风电增资扩股。,0.95,,,,,,,,,,
EVT-0303,Event,东方氢能开展B轮融资，公司与东方锅炉同步增资,,,,,,,,,,,,,,,EVT-0303,投资并购,东方氢能开展B轮融资，公司与东方锅炉同步增资,2026-08-11,董事会同意东方氢能B轮融资方案，融资金额不超过11.70亿元，公司与东方锅炉及外部投资方同步增资，合计持股比例52.95%不变。,0.95,,,,,,,,,,
EVT-0304,Event,2026年7月销售业绩披露,,,,,,,,,,,,,,,EVT-0304,业绩,2026年7月销售业绩披露,,公司2026年7月实现签约面积77.98万平方米、签约金额149.23亿元，同比分别减少14.30%和17.16%。,0.95,,,,,,,,,,
EVT-0305,Event,2026年1-7月累计销售业绩披露,,,,,,,,,,,,,,,EVT-0305,业绩,2026年1-7月累计销售业绩披露,,公司2026年1-7月累计实现签约面积709.92万平方米、签约金额1500.29亿元，同比分别减少11.76%和8.06%。,0.95,,,,,,,,,,
EVT-0306,Event,保利发展新增加7个房地产项目,,,,,,,,,,,,,,,EVT-0306,投资并购,保利发展新增加7个房地产项目,,"公司自前次获得房地产项目公告披露以来新增加房地产项目7个，合计我方需支付价款2,046,658万元。",0.9,,,,,,,,,,
EVT-0307,Event,中材国际埃塞子公司签订乌干达200TPD粉磨站项目合同,,,,,,,,,,,,,,,EVT-0307,重大合同,中材国际埃塞子公司签订乌干达200TPD粉磨站项目合同,,"2026年1月，中材国际建筑材料及工程公司与业主签订乌干达200TPD粉磨站项目合同，按合同要求应开立预付款保函514,857.60美元。",0.9,,,,,,,,,,
EVT-0308,Event,中材国际与苏州中材为乌干达200TPD粉磨站项目提供预付款保函担保,,,,,,,,,,,,,,,EVT-0308,重大经营,中材国际与苏州中材为乌干达200TPD粉磨站项目提供预付款保函担保,2026-08-06,"中国中材国际工程股份有限公司与子公司苏州中材建设有限公司按99%、1%持股比例以预付款保函形式为乌干达200TPD粉磨站项目提供担保，2026年8月6日收到银行开出相应保函的通知，保函金额合计514,857.60美元，期限自开立之日起至2027年1月30日止。",0.9,,,,,,,,,,
EVT-0309,Event,东方电气高级管理人员减持股份计划实施完毕,,,,,,,,,,,,,,,EVT-0309,股权,东方电气高级管理人员减持股份计划实施完毕,,"东方电气高级管理人员减持计划实施结果：李建华通过集中竞价交易减持公司股份15,500股，占总股本0.000448%，王军未减持，本次减持计划已实施完毕。",0.95,,,,,,,,,,
EVT-0310,Event,召开2026年半年度业绩说明会,,,,,,,,,,,,,,,EVT-0310,重大经营,召开2026年半年度业绩说明会,2026-08-17,平安银行拟于8月15日披露2026年半年度报告，并于8月17日15:00-17:00召开2026年半年度业绩说明会，会前向投资者征集问题。,0.85,,,,,,,,,,
EVT-0311,Event,特变电工变更回购股份用途并注销暨减少注册资本,,,,,,,,,,,,,,,EVT-0311,股权,特变电工变更回购股份用途并注销暨减少注册资本,2026-08-06,特变电工董事会审议通过关于变更回购股份用途并注销暨减少注册资本的议案，同意票11票。,0.9,,,,,,,,,,
EVT-0312,Event,特变电工延长向不特定对象发行可转换公司债券股东会决议有效期,,,,,,,,,,,,,,,EVT-0312,股权,特变电工延长向不特定对象发行可转换公司债券股东会决议有效期,2026-08-06,特变电工董事会审议通过延长向不特定对象发行可转换公司债券股东会决议有效期及相关授权期限的议案。,0.95,,,,,,,,,,
EVT-0313,Event,特变电工修订《公司章程》,,,,,,,,,,,,,,,EVT-0313,重大经营,特变电工修订《公司章程》,2026-08-06,特变电工董事会审议通过关于修订《公司章程》的议案，同意票11票。,0.6,,,,,,,,,,
EVT-0314,Event,阳光电源首次回购公司股份,,,,,,,,,,,,,,,EVT-0314,股权,阳光电源首次回购公司股份,2026-08-06,"公司通过股份回购专用证券账户以集中竞价交易方式实施首次回购，回购471,800股，占总股本0.0228%，成交总金额49,993,778.00元。",0.95,,,,,,,,,,
EVT-0315,Event,五粮液集团公司增持宜宾五粮液股份,,,,,,,,,,,,,,,EVT-0315,股权,五粮液集团公司增持宜宾五粮液股份,,"五粮液集团公司通过深交所集中竞价累计增持公司股份2,411,300股，占总股本0.06%，增持金额199,434,240.41元，增持计划尚未实施完毕。",0.95,,,,,,,,,,
EVT-0316,Event,潍柴动力2025年度A股分红派息实施,,,,,,,,,,,,,,,EVT-0316,股权,潍柴动力2025年度A股分红派息实施,2026-08-13,"公司以现有总股本8,640,220,621股为基数，向全体股东每10股派发现金红利人民币3.74元（含税），A股股权登记日为2026年8月12日，除权除息日为2026年8月13日。",0.95,,,,,,,,,,
EVT-0317,Event,回购专户股份注销及限制性股票回购注销致股本总额减少,,,,,,,,,,,,,,,EVT-0317,股权,回购专户股份注销及限制性股票回购注销致股本总额减少,2026-07-14,"公司于2026年5月26日完成回购专户中50,252,475股A股股份注销，2026年7月14日完成2023年A股限制性股票激励计划21,924,000股回购注销，股本总额由8,712,397,096股减少为8,640,220,621股。",0.9,,,,,,,,,,
EVT-0318,Event,长江电力总法律顾问潘静辞职改任二级咨询,,,,,,,,,,,,,,,EVT-0318,重大经营,长江电力总法律顾问潘静辞职改任二级咨询,2026-07-29,公司总法律顾问潘静女士因工作调整辞去总法律顾问职务，改任公司二级咨询。,0.9,,,,,,,,,,
EVT-0319,Event,2026年员工持股计划证券账户开立完成,,,,,,,,,,,,,,,EVT-0319,股权,2026年员工持股计划证券账户开立完成,2026-08-05,公司2026年员工持股计划的证券账户已开立完成，开户时间为2026年8月5日，截至公告日尚未持有公司股票。,0.9,,,,,,,,,,
EVT-0320,Event,董事会决定不向下修正“韦尔转债”转股价格,,,,,,,,,,,,,,,EVT-0320,重大经营,董事会决定不向下修正“韦尔转债”转股价格,2026-08-04,公司董事会决定不行使向下修正“韦尔转债”转股价格的权利，并同意在2026年8月5日至2026年12月27日期间再次触发修正条款时亦不提出修正方案。,0.9,,,,,,,,,,
EVT-0321,Event,变更已回购股份用途为注销并减少注册资本,,,,,,,,,,,,,,,EVT-0321,股权,变更已回购股份用途为注销并减少注册资本,2026-08-04,"公司董事会同意将已回购尚未使用的8,750,205股用途变更为用于注销并减少注册资本，该议案尚需提交股东会审议。",0.9,,,,,,,,,,
EVT-0322,Event,中国铁建披露2026年第二季度主要经营数据,,,,,,,,,,,,,,,EVT-0322,业绩,中国铁建披露2026年第二季度主要经营数据,2026-08-05,中国铁建公布2026年第二季度主要经营数据，本年累计（1-6月）新签合同额合计8781.583亿元，同比减少16.85%。,0.95,,,,,,,,,,
EVT-0323,Event,隆基绿能为子公司日常经营业务开立银行保函提供担保,,,,,,,,,,,,,,,EVT-0323,重大经营,隆基绿能为子公司日常经营业务开立银行保函提供担保,,"2026年7月，公司为隆基乐叶等全资子公司日常经营业务开立银行保函合计62,588.98万元，隆基乐叶另为两家子公司开立银行保函合计5,657.04万元。",0.9,,,,,,,,,,
EVT-0324,Event,第六期以集中竞价交易方式回购股份进展,,,,,,,,,,,,,,,EVT-0324,股权,第六期以集中竞价交易方式回购股份进展,,"2026年7月公司通过集中竞价交易方式累计回购股份200.13万股，占总股本0.0586%，购买最高价34.65元/股、最低价27.59元/股，支付金额5,953.67万元。",0.95,,,,,,,,,,
EVT-0325,Event,通威股份披露本次期间对外提供担保情况,,,,,,,,,,,,,,,EVT-0325,重大经营,通威股份披露本次期间对外提供担保情况,2026-07-31,2026年7月1日至7月31日期间，公司及下属子公司相互提供担保金额1.09亿元，为合营公司提供担保0.04亿元，农业担保公司为客户提供担保责任金额1.97亿元。,0.9,,,,,,,,,,
EVT-0326,Event,农业担保公司为客户担保出现逾期及代偿,,,,,,,,,,,,,,,EVT-0326,重大经营,农业担保公司为客户担保出现逾期及代偿,2026-07-31,截至2026年7月31日，农业担保公司为下游客户提供担保逾期额619.86万元，按合同约定未到分责清算日，清算后若满足条件再由公司代偿。,0.85,,,,,,,,,,
EVT-0327,Event,万华化学烟台产业园MDI装置停产检修,,,,,,,,,,,,,,,EVT-0327,重大经营,万华化学烟台产业园MDI装置停产检修,2026-08-10,公司烟台产业园110万吨/年MDI装置及相关配套装置将于2026年8月10日开始停产检修，预计检修45天左右，属年度例行检修，对生产经营不会产生重大影响。,0.95,,,,,,,,,,
EVT-0328,Event,"恒瑞医药披露A股股份回购进展，累计回购1,375.02万股",,,,,,,,,,,,,,,EVT-0328,股权,"恒瑞医药披露A股股份回购进展，累计回购1,375.02万股",2026-07-31,"公司以集中竞价交易方式实施A股股份回购，截至2026年7月31日累计回购股份1,375.02万股，占总股本比例0.21%。",0.95,,,,,,,,,,
EVT-0329,Event,歌尔股份为2家子公司出具担保函提供货款担保,,,,,,,,,,,,,,,EVT-0329,重大经营,歌尔股份为2家子公司出具担保函提供货款担保,,"公司为Goertek (HongKong) Co., Limited和荣成歌尔科技有限公司2家子公司向供应商台达电子国际（新加坡）有限公司出具担保函，为担保函签署后在保证期间内债务人与债权人发生的货款提供担保，担保金额分别约4,602.4167万美元和2,008.8747万美元。",0.9,,,,,,,,,,
EVT-0330,Event,京东方披露截至2026年7月31日A股回购进展,,,,,,,,,,,,,,,EVT-0330,股权,京东方披露截至2026年7月31日A股回购进展,2026-07-31,"截至2026年7月31日，公司以集中竞价方式累计回购A股85,892,600股，占总股本约0.2319%，支付总金额499,924,820.18元。",0.93,,,,,,,,,,
EVT-0331,Event,因2025年度权益分派调整回购股份价格上限,,,,,,,,,,,,,,,EVT-0331,股权,因2025年度权益分派调整回购股份价格上限,2026-06-18,因实施2025年度权益分派，自2026年6月18日起A股回购价格上限调整为不超过5.94元/股，B股调整为不超过4.75港元/股。,0.9,,,,,,,,,,
EVT-0332,Event,"海天味业回购注销2024年员工持股计划尚未归属的779,900股A股",,,,,,,,,,,,,,,EVT-0332,股权,"海天味业回购注销2024年员工持股计划尚未归属的779,900股A股",2026-08-06,"公司同意以36.87元/股回购注销2024年员工持股计划尚未归属的779,900股A股股票，预计于2026年8月6日完成注销，注销后公司股份总数减少779,900股。",0.95,,,,,,,,,,
EVT-0333,Event,紫金矿业披露2026年7月已发行股份及库存股份无变动,,,,,,,,,,,,,,,EVT-0333,股权,紫金矿业披露2026年7月已发行股份及库存股份无变动,,紫金矿业提交截至2026年7月31日的证券变动月报表，本月A股、H股已发行股份及库存股份均无增减变动。,0.6,,,,,,,,,,
EVT-0334,Event,中材国际签订尼日利亚奥贡州伊托里熟料水泥生产线3、4号线设备供货合同,,,,,,,,,,,,,,,EVT-0334,重大合同,中材国际签订尼日利亚奥贡州伊托里熟料水泥生产线3、4号线设备供货合同,,中材国际与Dangote集团所属伊托里水泥有限公司签订尼日利亚奥贡州伊托里熟料水泥生产线（3号线和4号线）设备供货合同，合同总金额4.76亿美元。,0.95,,,,,,,,,,
EVT-0335,Event,宁德时代实施2026年中期分红A股派息,,,,,,,,,,,,,,,EVT-0335,股权,宁德时代实施2026年中期分红A股派息,2026-08-10,"公司以现有A股总股本剔除回购股份后的4,380,035,575股为基数每10股派现金14.11元，股权登记日2026年8月7日，除权除息日及现金红利发放日为2026年8月10日。",0.95,,,,,,,,,,
EVT-0336,Event,宁德时代因中期分红调整股票期权行权价格和限制性股票授予价格,,,,,,,,,,,,,,,EVT-0336,股权,宁德时代因中期分红调整股票期权行权价格和限制性股票授予价格,2026-07-25,因实施本次中期分红派息，公司办理股票期权行权价格和限制性股票授予价格的调整手续。,0.85,,,,,,,,,,
EVT-0337,Event,宁德时代回购价格上限由573元/股调整为571.60元/股,,,,,,,,,,,,,,,EVT-0337,股权,宁德时代回购价格上限由573元/股调整为571.60元/股,2026-08-10,本次中期分红派息实施后，自除权除息之日2026年8月10日起公司回购价格上限由573元/股调整为571.60元/股。,0.9,,,,,,,,,,
EVT-0338,Event,立讯精密回购价格上限因年度权益分派调整为86.66元/股,,,,,,,,,,,,,,,EVT-0338,股权,立讯精密回购价格上限因年度权益分派调整为86.66元/股,2026-07-20,公司因实施2025年年度权益分派，将股份回购价格上限由86.80元/股调整为86.66元/股，自2026年7月20日生效。,0.9,,,,,,,,,,
EVT-0339,Event,立讯精密披露股份回购进展情况,,,,,,,,,,,,,,,EVT-0339,股权,立讯精密披露股份回购进展情况,2026-07-31,"截至2026年7月31日，公司通过回购专用证券账户以集中竞价方式累计回购A股股份17,665,380股，成交总金额999,915,944.13元。",0.95,,,,,,,,,,
EVT-0340,Event,宜宾五粮液披露2026年7月回购股份进展,,,,,,,,,,,,,,,EVT-0340,股权,宜宾五粮液披露2026年7月回购股份进展,2026-07-31,"2026年7月公司以集中竞价方式累计回购股份10,780,847股，截至2026年7月31日累计回购13,316,606股，占总股本0.34%，已支付总金额1,001,810,356.65元。",0.95,,,,,,,,,,
EVT-0341,Event,因2025年度分红派息调整回购股份价格上限,,,,,,,,,,,,,,,EVT-0341,股权,因2025年度分红派息调整回购股份价格上限,2026-07-16,因公司实施2025年度分红派息，本次回购股份价格上限由不超过153.59元/股（含）调整为151.01元/股（含），自2026年7月16日生效。,0.9,,,,,,,,,,
EVT-0342,Event,“长汽转债”可选择回售,,,,,,,,,,,,,,,EVT-0342,股权,“长汽转债”可选择回售,2026-07-30,长城汽车股份有限公司公告“长汽转债”持有人可在2026年7月30日至8月5日按100.27元/张回售，回售期内停止转股。,0.9,,,,,,,,,,
EVT-0343,Event,上汽集团披露2026年7月份产销快报,,,,,,,,,,,,,,,EVT-0343,业绩,上汽集团披露2026年7月份产销快报,,上海汽车集团股份有限公司披露2026年7月份产销快报，列示各子公司产量、销量及同比数据。,0.95,,,,,,,,,,
EVT-0344,Event,阳光电源审议通过回购公司股份方案,,,,,,,,,,,,,,,EVT-0344,股权,阳光电源审议通过回购公司股份方案,2026-08-02,公司董事会审议通过回购股份方案，拟以自有或自筹资金不低于5亿元且不超过10亿元集中竞价回购部分股份，用于员工持股计划或股权激励。,0.95,,,,,,,,,,
EVT-0345,Event,比亚迪披露2026年7月新能源汽车产销快报,,,,,,,,,,,,,,,EVT-0345,业绩,比亚迪披露2026年7月新能源汽车产销快报,2026-08-02,"公司披露2026年7月产销数据：新能源汽车当月产量420,249辆、销量419,211辆，本年累计销量2,227,722辆，同比下降10.54%，当月出口新能源汽车合计180,538辆。",0.92,,,,,,,,,,
EVT-0346,Event,中国中铁董事会秘书马永红因退休辞任,,,,,,,,,,,,,,,EVT-0346,重大经营,中国中铁董事会秘书马永红因退休辞任,2026-08-01,马永红因达到法定退休年龄，于7月31日递交书面辞职报告，申请自2026年8月1日起辞去公司董事会秘书、联席公司秘书职务。,0.95,,,,,,,,,,
EVT-0347,Event,中国中铁董事长陈文健代行董事会秘书职责,,,,,,,,,,,,,,,EVT-0347,重大经营,中国中铁董事长陈文健代行董事会秘书职责,2026-08-01,在公司聘任新的董事会秘书之前，暂由公司董事长陈文健代行董事会秘书职责。,0.9,,,,,,,,,,
EVT-0348,Event,隆基绿能决定暂不向下修正“隆22转债”转股价格,,,,,,,,,,,,,,,EVT-0348,股权,隆基绿能决定暂不向下修正“隆22转债”转股价格,2026-07-31,公司董事会决定本次不向下修正“隆22转债”转股价格，且未来一个月内如再次触发亦不提出修正方案。,0.95,,,,,,,,,,
EVT-0349,Event,证监会核准隆基绿能公开发行可转债,,,,,,,,,,,,,,,EVT-0349,监管,证监会核准隆基绿能公开发行可转债,,"经中国证监会核准，公司于2022年1月5日公开发行7,000万张可转债。",0.9,,,,,,,,,,
EVT-0350,Event,陈刚因工作变动辞去国电南瑞职工董事及相关委员会委员职务,,,,,,,,,,,,,,,EVT-0350,重大经营,陈刚因工作变动辞去国电南瑞职工董事及相关委员会委员职务,2026-07-30,因工作变动，陈刚不再担任国电南瑞科技股份有限公司第九届董事会职工董事、董事会战略委员会委员、科技创新委员会委员和环境、社会及治理（ESG）委员会委员职务。,0.9,,,,,,,,,,
EVT-0351,Event,三一重工董事会审议通过以集中竞价交易方式回购A股股份议案,,,,,,,,,,,,,,,EVT-0351,股权,三一重工董事会审议通过以集中竞价交易方式回购A股股份议案,2026-07-24,三一重工股份有限公司召开第九届董事会第十一次会议，审议通过《关于以集中竞价交易方式回购公司A股股份的议案》。,0.95,,,,,,,,,,
EVT-0352,Event,青海盐湖工业股份有限公司制定关联交易管理办法并废止原办法,,,,,,,,,,,,,,,EVT-0352,政策,青海盐湖工业股份有限公司制定关联交易管理办法并废止原办法,,公司制定《关联交易管理办法》，自股东会批准之日起生效，原《关联交易管理办法》同时废止。,0.85,,,,,,,,,,
EVT-0353,Event,青海盐湖工业股份有限公司制定总经理办公会议事规则,,,,,,,,,,,,,,,EVT-0353,重大经营,青海盐湖工业股份有限公司制定总经理办公会议事规则,,公司制订总经理办公会议事规则，规范经理层议事决策机制及程序。,0.9,,,,,,,,,,
EVT-0354,Event,青海盐湖工业股份有限公司制定董事会授权管理办法,,,,,,,,,,,,,,,EVT-0354,政策,青海盐湖工业股份有限公司制定董事会授权管理办法,,公司出台董事会授权管理办法，规范董事会授权管理的方案制定、行权、执行、监督、变更等行为。,0.85,,,,,,,,,,
EVT-0355,Event,中兴通讯及中兴香港与e&集团签订通讯网络设备及服务集团框架协议之换约协议,,,,,,,,,,,,,,,EVT-0355,重大合同,中兴通讯及中兴香港与e&集团签订通讯网络设备及服务集团框架协议之换约协议,,中兴通讯及其全资子公司中兴香港与阿联酋移动运营商e&集团签订《通讯网络设备及服务集团框架协议》之《NOVATION AGREEMENT》，中兴香港为e&集团提供无线接入网等通信设备及服务。,0.9,,,,,,,,,,
EVT-0356,Event,"中兴通讯为中兴香港提供不超过5,000万美元履约连带责任保证",,,,,,,,,,,,,,,EVT-0356,重大经营,"中兴通讯为中兴香港提供不超过5,000万美元履约连带责任保证",,"中兴通讯为中兴香港在《通讯网络设备及服务集团框架协议》项下的履约义务提供连带责任保证，担保金额不超过5,000万美元，担保期限至义务履行完毕之日止。",0.9,,,,,,,,,,
EVT-0357,Event,万科2026年第一次临时股东会选举产生第二十一届董事会董事,,,,,,,,,,,,,,,EVT-0357,重大经营,万科2026年第一次临时股东会选举产生第二十一届董事会董事,2026-07-31,2026年7月31日现场会议召开，所有议案均获有效表决通过，黄力平等6人当选非独立董事，黄亚英等4人当选独立董事。,0.9,,,,,,,,,,
EVT-0358,Event,平安银行与方正证券开展债券买卖交易,,,,,,,,,,,,,,,EVT-0358,重大合同,平安银行与方正证券开展债券买卖交易,,平安银行董事会同意本行与方正证券进行资金交易业务、开展债券买卖交易并签订交易合同，预计交易金额不超过人民币60亿元，业务期间不超过1年。,0.9,,,,,,,,,,
EVT-0359,Event,方正证券披露2025年度经营数据,,,,,,,,,,,,,,,EVT-0359,业绩,方正证券披露2025年度经营数据,,截至2025年12月末，方正证券合并口径资产总额2725.74亿元、负债总额2212.12亿元、所有者权益513.61亿元，累计实现营业收入105.04亿元、净利润39.12亿元。,0.75,,,,,,,,,,
EVT-0360,Event,中芯国际拟披露2026年第二季度业绩,,,,,,,,,,,,,,,EVT-0360,业绩,中芯国际拟披露2026年第二季度业绩,2026-08-13,中芯国际将于2026年8月13日交易时段后披露2026年第二季度业绩。,0.85,,,,,,,,,,
EVT-0361,Event,中芯国际召开2026年第二季度业绩说明会,,,,,,,,,,,,,,,EVT-0361,重大经营,中芯国际召开2026年第二季度业绩说明会,2026-08-14,公司拟于2026年8月14日上午8:30-9:30以网络/电话会议方式举行2026年第二季度业绩说明会。,0.9,,,,,,,,,,
EVT-0362,Event,中信证券放弃新疆股权交易中心有限公司3.6885%股权优先购买权,,,,,,,,,,,,,,,EVT-0362,投资并购,中信证券放弃新疆股权交易中心有限公司3.6885%股权优先购买权,2026-07-30,公司董事会同意放弃本次乌鲁木齐经济技术开发区建设投资开发（集团）有限公司转让所持新疆股权交易中心有限公司3.6885%股权的优先购买权，不参与收购该部分股权，并授权经营管理层履行后续流程。,0.85,,,,,,,,,,
EVT-0363,Event,中国建筑获得四项重大项目，金额合计133.9亿元,,,,,,,,,,,,,,,EVT-0363,重大合同,中国建筑获得四项重大项目，金额合计133.9亿元,,中国建筑近期获得房屋建筑与基础设施类重大项目共四项，由中建六局、中建八局、中建五局、中建四局分别承建，项目金额合计133.9亿元，占2025年度经审计营业收入的0.6%。,0.9,,,,,,,,,,
EVT-0364,Event,王小青招商银行行长任职资格获核准,,,,,,,,,,,,,,,EVT-0364,监管,王小青招商银行行长任职资格获核准,2026-07-28,王小青招商银行行长的任职资格获国家金融监督管理总局批复核准，任期自2026年7月28日起生效至第十三届董事会届满之日止。,0.95,,,,,,,,,,
EVT-0365,Event,公司董事会审议通过以集中竞价交易方式回购公司股份方案,,,,,,,,,,,,,,,EVT-0365,股权,公司董事会审议通过以集中竞价交易方式回购公司股份方案,2026-07-27,公司第四届董事会第二次会议审议通过回购股份议案，回购资金总额不低于10亿元且不超过20亿元，价格不超过103元/股，期限为董事会审议通过之日起3个月内。,0.95,,,,,,,,,,
EVT-0366,Event,公司新任董监高在董事会审议通过回购方案前6个月内存在买卖公司股份行为,,,,,,,,,,,,,,,EVT-0366,股权,公司新任董监高在董事会审议通过回购方案前6个月内存在买卖公司股份行为,,公司新任董事许兴仁、林奂汝在董事会审议通过本次回购股份方案之日前6个月内存在卖出本公司股份的行为，新任副总经理张瑞雄、白家南存在因员工持股计划非交易过户获得公司股份的情况。,0.8,,,,,,,,,,
EVT-0367,Event,中国神华董事会同意提名叶礼德、张梦娇为独立非执行董事候选人,,,,,,,,,,,,,,,EVT-0367,重大经营,中国神华董事会同意提名叶礼德、张梦娇为独立非执行董事候选人,2026-07-23,第六届董事会第二十次会议审议通过提名叶礼德、张梦娇为董事会独立非执行董事候选人，任期自股东会选举通过之日起计算。,0.8,,,,,,,,,,
EVT-0368,Event,中国神华以现金出资10亿元设立全资子公司国能内蒙古煤炭技术研究院有限公司,,,,,,,,,,,,,,,EVT-0368,投资并购,中国神华以现金出资10亿元设立全资子公司国能内蒙古煤炭技术研究院有限公司,2026-07-23,董事会批准中国神华以现金出资10亿元设立全资子公司国能内蒙古煤炭技术研究院有限公司，并授权总经理处理设立相关事宜。,0.9,,,,,,,,,,
EVT-0369,Event,中国证监会同意东方财富证券公开发行公司债券注册,,,,,,,,,,,,,,,EVT-0369,监管,中国证监会同意东方财富证券公开发行公司债券注册,,中国证监会同意东方财富证券向专业投资者公开发行面值总额不超过400亿元公司债券的注册申请。,0.9,,,,,,,,,,
EVT-0370,Event,东方财富证券完成2026年第三期公司债券发行,,,,,,,,,,,,,,,EVT-0370,重大经营,东方财富证券完成2026年第三期公司债券发行,,东方财富证券完成本期公司债券发行，网下实际发行规模31亿元，分两个品种，募集资金用于补充营运资金。,0.9,,,,,,,,,,
EVT-0371,Event,2023年持股计划管理委员会补选委员,,,,,,,,,,,,,,,EVT-0371,重大经营,2023年持股计划管理委员会补选委员,2026-07-21,公司2023年持股计划召开持有人会议，审议通过补选邱向敏为管理委员会委员，原委员赵成霞因到龄退休辞职。,0.85,,,,,,,,,,
EVT-0372,Event,2025年度A股权益分派实施,,,,,,,,,,,,,,,EVT-0372,股权,2025年度A股权益分派实施,2026-07-29,"公司以A股总股本扣除回购A股股份后的3,999,372,942股为基数，向股权登记日登记在册的A股股东每10股派发4.11元人民币现金（含税），实际A股现金分红总额1,643,742,279.16元人民币。",0.95,,,,,,,,,,
EVT-0373,Event,"累计回购A股股份28,659,411股",,,,,,,,,,,,,,,EVT-0373,股权,"累计回购A股股份28,659,411股",,"公司通过深圳证券交易所股票交易系统以集中竞价交易方式累计回购A股股份28,659,411股，存放于回购专用证券账户，该等股份不享有利润分配的权利。",0.92,,,,,,,,,,
EVT-0374,Event,中芯国际作废处理2021年科创板限制性股票激励计划部分限制性股票9.43万股,,,,,,,,,,,,,,,EVT-0374,股权,中芯国际作废处理2021年科创板限制性股票激励计划部分限制性股票9.43万股,2026-07-21,中芯国际董事会于2026年7月21日审议通过作废处理2021年科创板限制性股票激励计划部分限制性股票的议案，因部分预留授予激励对象离职、个人绩效考核未达100%或存在惩处期，合计作废9.43万股。,0.92,,,,,,,,,,
EVT-0375,Event,注册发行非金融企业债务融资工具不超过80亿元,,,,,,,,,,,,,,,EVT-0375,重大经营,注册发行非金融企业债务融资工具不超过80亿元,2026-07-21,公司董事会审议通过注册发行非金融企业债务融资工具不超过人民币80亿元（含80亿元），尚需提交股东会审议并取得交易商协会批准。,0.95,,,,,,,,,,
EVT-0376,Event,注册发行应收账款资产支持商业票据不超过40亿元,,,,,,,,,,,,,,,EVT-0376,重大经营,注册发行应收账款资产支持商业票据不超过40亿元,2026-07-21,公司董事会审议通过注册发行应收账款资产支持商业票据不超过人民币40亿元（含40亿元），尚需提交股东会审议并取得交易商协会批准。,0.95,,,,,,,,,,
EVT-0377,Event,变更2025年员工持股计划管理委员会委员,,,,,,,,,,,,,,,EVT-0377,股权,变更2025年员工持股计划管理委员会委员,2026-07-21,公司2025年员工持股计划第二次持有人会议选举马信俊为管理委员会委员，与谢秋实、孙超共同组成管理委员会，接替因工作调整不再担任委员的宋金航。,0.9,,,,,,,,,,
EVT-0378,Event,董事长曹仁贤提议公司回购股份,,,,,,,,,,,,,,,EVT-0378,股权,董事长曹仁贤提议公司回购股份,2026-07-21,公司董事长曹仁贤于2026年7月21日提议公司使用自有或自筹资金以集中竞价方式回购部分A股股票，用于股权激励或员工持股计划，回购资金总额不低于5亿元且不超过10亿元。,0.95,,,,,,,,,,
EVT-0379,Event,公司董事和高级管理人员增持公司股份实施完毕,,,,,,,,,,,,,,,EVT-0379,股权,公司董事和高级管理人员增持公司股份实施完毕,2026-07-17,"截至2026年7月17日，增持主体委托设立的信托计划以集中竞价方式累计增持公司A股12,644,570股，占总股本0.22%，增持金额5亿元，本次增持计划实施完毕。",0.95,,,,,,,,,,
EVT-0380,Event,中兴通讯回购A股股份实施完毕,,,,,,,,,,,,,,,EVT-0380,股权,中兴通讯回购A股股份实施完毕,2026-07-20,"公司以集中竞价交易方式累计回购A股股份28,659,411股，占总股本0.60%，回购事项实施完毕。",0.95,,,,,,,,,,
EVT-0381,Event,中国铁建2025年年度权益分派实施,,,,,,,,,,,,,,,EVT-0381,股权,中国铁建2025年年度权益分派实施,2026-07-28,"公司以方案实施前总股本13,579,541,500股为基数，每股派发现金红利0.30元（含税），共计派发现金红利4,073,862,450元。",0.95,,,,,,,,,,
EVT-0382,Event,董事长郑宗强提议国电南瑞回购公司部分股份,,,,,,,,,,,,,,,EVT-0382,股权,董事长郑宗强提议国电南瑞回购公司部分股份,2026-07-19,公司董事长郑宗强提议公司以集中竞价交易方式回购部分股份，用于未来实施股权激励计划或减少注册资本，回购资金总额5亿元-10亿元。,0.95,,,,,,,,,,
EVT-0383,Event,变更以集中竞价方式回购A股股份方案的用途,,,,,,,,,,,,,,,EVT-0383,股权,变更以集中竞价方式回购A股股份方案的用途,2026-04-29,公司董事会及2025年度股东会审议通过，将回购股份用途从股权激励计划及/或员工持股计划变更为依法注销减少注册资本。,0.9,,,,,,,,,,
EVT-0384,Event,"累计回购A股股份84,339,356股",,,,,,,,,,,,,,,EVT-0384,股权,"累计回购A股股份84,339,356股",2026-07-17,"截至2026年7月17日，公司以集中竞价交易方式累计回购A股股份84,339,356股，占公司总股本1.11%，最高成交价85.84元/股、最低成交价73.66元/股，支付总金额6,716,277,930元（不含交易费用）。",0.95,,,,,,,,,,
EVT-0385,Event,中国三峡集团发行G三峡EB2可交换公司债券,,,,,,,,,,,,,,,EVT-0385,股权,中国三峡集团发行G三峡EB2可交换公司债券,2022-06-06,中国三峡集团以其持有的长江电力部分A股股票为标的，成功发行绿色科技创新可交换公司债券（第一期），实际发行规模100亿元、票面利率0.10%。,0.9,,,,,,,,,,
EVT-0386,Event,长江电力2025年度利润分配方案每股派现,,,,,,,,,,,,,,,EVT-0386,股权,长江电力2025年度利润分配方案每股派现,2026-07-16,公司2025年度利润分配方案拟向登记在册的全体A股股东每10股派发现金红利7.90元（含税）。,0.9,,,,,,,,,,
EVT-0387,Event,中国三峡集团为G三峡EB2补充担保及信托登记,,,,,,,,,,,,,,,EVT-0387,股权,中国三峡集团为G三峡EB2补充担保及信托登记,2026-07-17,"因公司实施现金分红，中国三峡集团及中信证券申请将21,531,000股公司A股股票划入G三峡EB2担保及信托专户办理补充担保及信托登记。",0.9,,,,,,,,,,
EVT-0388,Event,中天科技首次回购公司股份25.30万股,,,,,,,,,,,,,,,EVT-0388,股权,中天科技首次回购公司股份25.30万股,2026-07-17,公司通过集中竞价交易方式首次回购股份25.30万股，占总股本0.0074%，已支付总金额858.15万元。,0.95,,,,,,,,,,
EVT-0389,Event,回购股份价格上限因2025年度利润分配调整为39.74元/股,,,,,,,,,,,,,,,EVT-0389,股权,回购股份价格上限因2025年度利润分配调整为39.74元/股,2026-07-15,因实施2025年度利润分配方案，自2026年7月15日起回购股份价格上限由40.00元/股调整为39.74元/股。,0.9,,,,,,,,,,
EVT-0390,Event,贵州茅台调整飞天53%vol 500ml贵州茅台酒（2026）i茅台平台零售价与销售合同价,,,,,,,,,,,,,,,EVT-0390,重大经营,贵州茅台调整飞天53%vol 500ml贵州茅台酒（2026）i茅台平台零售价与销售合同价,2026-07-18,公司自2026年7月18日零时起将飞天53%vol 500ml贵州茅台酒（2026）i茅台平台零售价由1539元/瓶调整为1639元/瓶、销售合同价由1269元/瓶调整为1369元/瓶。,0.95,,,,,,,,,,
EVT-0391,Event,东方电气实施2025年年度权益分派,,,,,,,,,,,,,,,EVT-0391,股权,东方电气实施2025年年度权益分派,2026-07-24,"公司以方案实施前总股本3,458,360,326股为基数，每股派发现金红利0.53元（含税），共计派发现金红利1,832,930,972.78元（含税），A股股权登记日为2026/7/23，除权（息）日与现金红利发放日为2026/7/24。",0.95,,,,,,,,,,
EVT-0392,Event,中材国际诉广西锦象建设工程合同纠纷案获法院立案执行,,,,,,,,,,,,,,,EVT-0392,重大经营,中材国际诉广西锦象建设工程合同纠纷案获法院立案执行,2026-07-14,"因广西锦象未履行生效判决确定的给付义务，公司申请强制执行，来宾中院决定立案执行，涉案金额904,580,876.61元。",0.9,,,,,,,,,,
EVT-0393,Event,珠海明骏补充质押格力电器股份,,,,,,,,,,,,,,,EVT-0393,股权,珠海明骏补充质押格力电器股份,2026-07-14,"珠海明骏将减持计划期限届满后未减持的68,909,674股公司股份补充质押给中国农业银行股份有限公司珠海分行。",0.95,,,,,,,,,,
EVT-0394,Event,珠海明骏减持格力电器股份,,,,,,,,,,,,,,,EVT-0394,股权,珠海明骏减持格力电器股份,2026-03-23,"珠海明骏将持有的公司股份111,702,774股解除质押并计划减持以偿还银行贷款，实际减持42,793,100股。",0.9,,,,,,,,,,
EVT-0395,Event,控股股东虞仁荣质押2200万股公司股份,,,,,,,,,,,,,,,EVT-0395,股权,控股股东虞仁荣质押2200万股公司股份,2026-07-13,"虞仁荣将其持有的2,200,000股公司股份质押给云南国际信托有限公司，质押起始日2026年7月13日、到期日2027年7月10日，用于偿还借款并置换其原有质押融资。",0.9,,,,,,,,,,
EVT-0396,Event,中工国际2026年半年度业绩快报披露,,,,,,,,,,,,,,,EVT-0396,业绩,中工国际2026年半年度业绩快报披露,2026-07-15,公司披露2026年半年度业绩快报，营业收入同比增长4.59%，归属于上市公司股东的净利润同比下降25.95%。,0.95,,,,,,,,,,
EVT-0397,Event,公司完成回购股份注销致总股本变更,,,,,,,,,,,,,,,EVT-0397,重大经营,公司完成回购股份注销致总股本变更,,"报告期内公司完成回购股份注销手续，总股本由1,237,408,937股变更为1,226,483,145股。",0.9,,,,,,,,,,
EVT-0398,Event,潍柴动力完成部分A股限制性股票回购注销,,,,,,,,,,,,,,,EVT-0398,股权,潍柴动力完成部分A股限制性股票回购注销,,"公司对664名激励对象第二个解除限售期对应已获授但尚未解除限售的2,192.4万股A股限制性股票完成回购注销，总股本由8,662,144,621 股减少至8,640,220,621 股。",0.95,,,,,,,,,,
EVT-0399,Event,潍柴动力2025年度销售利润率未达激励计划考核目标,,,,,,,,,,,,,,,EVT-0399,业绩,潍柴动力2025年度销售利润率未达激励计划考核目标,,"2025年度公司实现营业收入2,318 亿元，销售利润率（剔除股份支付费用影响）为7%，未达成第二个解除限售期公司业绩考核要求。",0.9,,,,,,,,,,
EVT-0400,Event,宁德时代董事会将于2026年7月24日审议中期业绩,,,,,,,,,,,,,,,EVT-0400,业绩,宁德时代董事会将于2026年7月24日审议中期业绩,2026-07-24,公司将于2026年7月24日举行董事会会议，考虑及批准截至2026年6月30日止六个月的中期业绩及其发布，并考虑建议派发中期股息。,0.9,,,,,,,,,,
EVT-0401,Event,工商银行2026年无固定期限资本债券（第三期）发行完毕,,,,,,,,,,,,,,,EVT-0401,股权,工商银行2026年无固定期限资本债券（第三期）发行完毕,2026-07-10,工商银行2026年无固定期限资本债券（第三期）（债券通）于2026年7月8日簿记建档、7月10日完成发行，规模200亿元，募集资金用于补充其他一级资本。,0.9,,,,,,,,,,
EVT-0402,Event,内蒙古惠商融资担保有限公司2026年第二季度对外担保情况,,,,,,,,,,,,,,,EVT-0402,重大经营,内蒙古惠商融资担保有限公司2026年第二季度对外担保情况,2026-06-30,"截至2026年6月30日，担保公司本年度累计对外担保总额198,026.04万元，担保责任余额213,733.17万元。",0.9,,,,,,,,,,
EVT-0403,Event,董事会换届选举提名,,,,,,,,,,,,,,,EVT-0403,重大经营,董事会换届选举提名,,公司第七届董事会任期届满，控股股东中国保利集团有限公司书面推荐，董事会提名第八届非独立董事和独立董事候选人。,0.9,,,,,,,,,,
EVT-0404,Event,调整独立董事津贴,,,,,,,,,,,,,,,EVT-0404,重大经营,调整独立董事津贴,,公司拟将独立董事津贴标准由40万元/年（税前）调整为27万元/年（税前）。,0.9,,,,,,,,,,
EVT-0405,Event,招商銀行更換聯席公司秘書,,,,,,,,,,,,,,,EVT-0405,重大经营,招商銀行更換聯席公司秘書,2026-07-10,何詠紫因工作安排變動辭任聯席公司秘書，董事會委任關秀妍接替，任期自2026年7月10日起至第十三屆董事會屆滿之日止。,0.9,,,,,,,,,,
EVT-0406,Event,聯交所確認彭家文合資格擔任公司秘書,,,,,,,,,,,,,,,EVT-0406,监管,聯交所確認彭家文合資格擔任公司秘書,,聯交所確認彭家文已合資格擔任公司秘書，無需再獲進一步豁免。,0.7,,,,,,,,,,
EVT-0407,Event,中信证券2026年半年度业绩预增,,,,,,,,,,,,,,,EVT-0407,业绩,中信证券2026年半年度业绩预增,2026-06-30,中信证券预计2026年半年度归属于母公司所有者的净利润233.43亿元、同比增长69.59%，扣除非经常性损益的净利润236.10亿元、同比增长73.40%。,0.95,,,,,,,,,,
EVT-0408,Event,杨兆获提名为万科第二十一届董事会独立董事候选人,,,,,,,,,,,,,,,EVT-0408,重大经营,杨兆获提名为万科第二十一届董事会独立董事候选人,,杨兆被万科企业股份有限公司第二十届董事会提名为该公司第二十一届董事会独立董事候选人，并公开声明与承诺符合独立董事任职资格及独立性要求。,0.8,,,,,,,,,,
EVT-0409,Event,紫金矿业2026年半年度业绩预增,,,,,,,,,,,,,,,EVT-0409,业绩,紫金矿业2026年半年度业绩预增,,公司预计2026年半年度归属于上市公司股东的净利润约391亿元，同比增加约158亿元，增幅约68%。,0.95,,,,,,,,,,
EVT-0410,Event,马诺诺锂矿项目重介质选矿投产,,,,,,,,,,,,,,,EVT-0410,产品,马诺诺锂矿项目重介质选矿投产,,公司锂板块的马诺诺锂矿项目已于2026年5月实现重介质选矿投产，较原计划提前约1个月。,0.9,,,,,,,,,,
EVT-0411,Event,安徽沙坪沟钼矿选矿项目开工建设,,,,,,,,,,,,,,,EVT-0411,重大经营,安徽沙坪沟钼矿选矿项目开工建设,,安徽沙坪沟钼矿选矿项目已于2026年6月中旬开工建设，建成达产后年均产钼约2.21万吨。,0.9,,,,,,,,,,
EVT-0412,Event,上海电气挂牌转让临春路188号房地产确定受让方并签订产权交易合同,,,,,,,,,,,,,,,EVT-0412,重大合同,上海电气挂牌转让临春路188号房地产确定受让方并签订产权交易合同,2026-06-24,"上海电气第三次在联交所公开挂牌转让标的资产，确定受让方为上海莘庄工业区实业有限公司，成交价13,492.1781万元并签订《产权交易合同》。",0.9,,,,,,,,,,
EVT-0413,Event,中国中铁2025年度利润分配方案实施及时间安排,,,,,,,,,,,,,,,EVT-0413,股权,中国中铁2025年度利润分配方案实施及时间安排,2026-06-29,公司2025年度利润分配方案经2025年年度股东会审议通过，H股股权登记日为2026年7月30日、现金红利发放日约为2026年8月13日，A股股权登记日为2026年7月30日、除息日及现金红利发放日为2026年7月31日。,0.9,,,,,,,,,,
EVT-0414,Event,富士康工业互联网股份有限公司发布2026年半年度业绩预增公告,,,,,,,,,,,,,,,EVT-0414,业绩,富士康工业互联网股份有限公司发布2026年半年度业绩预增公告,2026-06-30,经财务部门初步测算，预计2026年半年度归属于母公司所有者的净利润234亿元到244亿元，同比上升93%到101%，扣非净利润227亿元到237亿元，同比上升94%到103%。,0.95,,,,,,,,,,
EVT-0415,Event,恒瑞医药收到FDA关于注射用卡瑞利珠单抗的完整回复信,,,,,,,,,,,,,,,EVT-0415,产品,恒瑞医药收到FDA关于注射用卡瑞利珠单抗的完整回复信,,公司收到FDA关于注射用卡瑞利珠单抗联合甲磺酸阿帕替尼片一线治疗肝细胞癌生物制品许可申请的完整回复信，主要与阿帕替尼生产场地CGMP检查观察项有关。,0.95,,,,,,,,,,
EVT-0416,Event,三一重工审议通过2025年年度利润分配预案并实施差异化分红,,,,,,,,,,,,,,,EVT-0416,股权,三一重工审议通过2025年年度利润分配预案并实施差异化分红,2026-06-02,公司2025年年度股东会审议通过利润分配预案，因回购专用账户股份不参与分配，2025年度权益分配实施差异化分红。,0.92,,,,,,,,,,
EVT-0417,Event,立讯精密H股在香港联交所主板挂牌并上市交易,,,,,,,,,,,,,,,EVT-0417,股权,立讯精密H股在香港联交所主板挂牌并上市交易,2026-07-09,"公司本次全球发售H股383,472,800股（行使超额配售权之前），经香港联交所批准于2026年7月9日在香港联交所主板挂牌并上市交易。",0.95,,,,,,,,,,
EVT-0418,Event,五粮液2025年度分红派息实施,,,,,,,,,,,,,,,EVT-0418,股权,五粮液2025年度分红派息实施,2026-07-16,"公司以扣除回购股份后的3,879,072,246股为基数向全体股东每10股派25.796852元现金，股权登记日2026年7月15日，除权除息日2026年7月16日。",0.95,,,,,,,,,,
EVT-0419,Event,五粮液2025年度利润分配方案获临时股东会审议通过,,,,,,,,,,,,,,,EVT-0419,股权,五粮液2025年度利润分配方案获临时股东会审议通过,2026-05-18,公司2025年度利润分配方案经2026年5月18日召开的2026年度第一次临时股东会审议通过。,0.9,,,,,,,,,,
EVT-0420,Event,中国中材国际工程股份有限公司披露2026年第二季度主要经营数据,,,,,,,,,,,,,,,EVT-0420,重大经营,中国中材国际工程股份有限公司披露2026年第二季度主要经营数据,,"公司公布2026年第二季度新签合同情况，并披露截至报告期末未完合同额为7,165,181.51万元。",0.85,,,,,,,,,,
EVT-0421,Event,中天科技第五期股份回购实施完毕,,,,,,,,,,,,,,,EVT-0421,股权,中天科技第五期股份回购实施完毕,2025-11-05,"公司第五期以集中竞价交易方式回购股份期限届满，实际回购18,790,800股至回购专用证券账户。",0.9,,,,,,,,,,
EVT-0422,Event,中天科技2025年度差异化权益分派,,,,,,,,,,,,,,,EVT-0422,股权,中天科技2025年度差异化权益分派,,"公司2025年年度以总股本扣除回购专用账户股份后的3,409,269,552股为基数，每10股派发现金红利2.60元。",0.9,,,,,,,,,,
EVT-0423,Event,通威股份决定不向下修正“通22转债”转股价格,,,,,,,,,,,,,,,EVT-0423,重大经营,通威股份决定不向下修正“通22转债”转股价格,2026-07-09,经公司第九届董事会第十一次会议审议通过，决定本次不向下修正“通22转债”转股价格，并在决议后3个月内亦不提出修正方案。,0.9,,,,,,,,,,
EVT-0424,Event,聘任杨怀景为公司副总裁,,,,,,,,,,,,,,,EVT-0424,重大经营,聘任杨怀景为公司副总裁,2026-07-08,经公司总裁提名，董事会同意聘任杨怀景先生担任公司副总裁，任期与本届董事会任期一致。,0.9,,,,,,,,,,
EVT-0425,Event,“家园6号”员工持股计划第三个锁定期届满,,,,,,,,,,,,,,,EVT-0425,股权,“家园6号”员工持股计划第三个锁定期届满,2026-07-12,公司“家园6号”员工持股计划首次授予部分第三个锁定期于2026年7月12日届满，预留授予部分第三个锁定期于2026年7月9日届满。,0.95,,,,,,,,,,
EVT-0426,Event,公司2025年归母净利润39.40亿元相比2023年增长262.13%,,,,,,,,,,,,,,,EVT-0426,业绩,公司2025年归母净利润39.40亿元相比2023年增长262.13%,,经审计，公司2025年归属于上市公司股东的净利润为39.40亿元，相比2023年增长262.13%，本员工持股计划第三个锁定期公司层面业绩考核指标达成。,0.95,,,,,,,,,,
EVT-0427,Event,2022年限制性股票激励计划第三次解除限售期解锁上市流通,,,,,,,,,,,,,,,EVT-0427,股权,2022年限制性股票激励计划第三次解除限售期解锁上市流通,2026-07-13,"美的集团2022年限制性股票激励计划第三次解除限售期解锁条件成就，122名激励对象可解锁2,915,367股，上市流通日为2026年7月13日。",0.95,,,,,,,,,,
EVT-0428,Event,2022年限制性股票激励计划部分激励股份回购注销,,,,,,,,,,,,,,,EVT-0428,股权,2022年限制性股票激励计划部分激励股份回购注销,2026-06-18,"公司第五届董事会第十七次会议审议通过对8名激励对象已获授但尚未解除限售的80,633股限制性股票进行回购注销。",0.9,,,,,,,,,,
EVT-0429,Event,中国建筑2025年年度权益分派实施,,,,,,,,,,,,,,,EVT-0429,股权,中国建筑2025年年度权益分派实施,2026-07-16,"公司以总股本41,320,390,444股为基数每10股派现金红利，A股每股现金红利0.2718元（含税），共计派发现金红利11,230,882,122.68元（含税）。",0.95,,,,,,,,,,
EVT-0430,Event,长城汽车调整2023年限制性股票激励计划预留授予限制性股票回购价格及股票期权行权价格,,,,,,,,,,,,,,,EVT-0430,股权,长城汽车调整2023年限制性股票激励计划预留授予限制性股票回购价格及股票期权行权价格,2026-07-06,因公司2025年度A股利润分配实施，公司将预留授予限制性股票回购价格由12.29元/股调整为11.94元/股，将预留授予股票期权行权价格由25.02元/股调整为24.67元/股。,0.95,,,,,,,,,,
EVT-0431,Event,长城汽车2025年度利润分配方案,,,,,,,,,,,,,,,EVT-0431,股权,长城汽车2025年度利润分配方案,,公司2025年度利润分配方案拟以实施利润分配股权登记日的总股本为基数，向全体股东每股分配截至2025年12月31日止年度现金股利每股人民币0.35元（含税）。,0.85,,,,,,,,,,
EVT-0432,Event,长江电力披露2026年半年度发电量完成情况,,,,,,,,,,,,,,,EVT-0432,业绩,长江电力披露2026年半年度发电量完成情况,2026-07-06,公司境内所属六座梯级电站2026年上半年总发电量约1327.44亿千瓦时，较上年同期增加4.81%。,0.95,,,,,,,,,,
EVT-0433,Event,万华化学预计2026年上半年净利润同比增长60.05%到69.85%,,,,,,,,,,,,,,,EVT-0433,业绩,万华化学预计2026年上半年净利润同比增长60.05%到69.85%,2026-06-30,公司预计2026年上半年实现归属于上市公司股东的净利润98亿元到104亿元，与上年同期相比增加60.05%到69.85%。,0.95,,,,,,,,,,
EVT-0434,Event,万华化学完成乙烯一期装置原料多元化改造,,,,,,,,,,,,,,,EVT-0434,重大经营,万华化学完成乙烯一期装置原料多元化改造,,公司于一月份完成乙烯一期装置原料多元化改造，石化板块成本竞争优势提升。,0.75,,,,,,,,,,
EVT-0435,Event,2026年6月商品猪销售数据披露,,,,,,,,,,,,,,,EVT-0435,业绩,2026年6月商品猪销售数据披露,,2026年6月公司销售商品猪622.7万头，商品猪销售均价9.69元/公斤，商品猪销售收入75.00亿元，同比分别变动-11.28%、-31.18%、-41.40%。,0.92,,,,,,,,,,
EVT-0436,Event,2026年6月生猪屠宰量披露,,,,,,,,,,,,,,,EVT-0436,业绩,2026年6月生猪屠宰量披露,,2026年6月公司全资子公司牧原肉食品有限公司及其子公司屠宰生猪295.6万头。,0.9,,,,,,,,,,
EVT-0437,Event,2026年6月末能繁母猪存栏披露,,,,,,,,,,,,,,,EVT-0437,业绩,2026年6月末能繁母猪存栏披露,,截至2026年6月末，公司能繁母猪存栏为311.3万头。,0.9,,,,,,,,,,
EVT-0438,Event,中国神华2025年度权益分派实施,,,,,,,,,,,,,,,EVT-0438,股权,中国神华2025年度权益分派实施,2026-07-13,"中国神华以实施前总股本21,689,434,304股为基数，每股派发现金红利1.03元（含税），A股股权登记日为2026年7月10日，除权（息）日与现金红利发放日为2026年7月13日。",0.95,,,,,,,,,,
EVT-0439,Event,东方财富以2亿元自有资金参与投资云锋元创私募基金,,,,,,,,,,,,,,,EVT-0439,投资并购,东方财富以2亿元自有资金参与投资云锋元创私募基金,,"东方财富信息股份有限公司以自有资金出资20,000.00万元参与投资上海云锋元创私募基金中心（有限合伙）。",0.95,,,,,,,,,,
EVT-0440,Event,中国石化以集中竞价交易方式回购A股股份并披露进展,,,,,,,,,,,,,,,EVT-0440,股权,中国石化以集中竞价交易方式回购A股股份并披露进展,2026-06-30,"公司于2026年6月18日首次实施本轮A股回购，截至2026年6月30日累计回购53,790,690股，占总股本0.04%，支付金额249,999,599.50元。",0.95,,,,,,,,,,
EVT-0441,Event,盐湖股份预告2026年半年度净利润同比大幅增长,,,,,,,,,,,,,,,EVT-0441,业绩,盐湖股份预告2026年半年度净利润同比大幅增长,,"公司预计2026年半年度归属于上市公司股东的净利润盈利600,000.00万元—630,000.00万元，比上年同期增长131.38%—142.95%。",0.95,,,,,,,,,,
EVT-0442,Event,4万吨/年基础锂盐项目量产,,,,,,,,,,,,,,,EVT-0442,产品,4万吨/年基础锂盐项目量产,,报告期内公司4万吨/年基础锂盐项目量产，带动碳酸锂产销量同比提升。,0.9,,,,,,,,,,
EVT-0443,Event,公司收购并将五矿盐湖纳入合并报表范围,,,,,,,,,,,,,,,EVT-0443,投资并购,公司收购并将五矿盐湖纳入合并报表范围,,报告期内公司将五矿盐湖有限公司纳入合并财务报表范围，并对上年同期相关指标进行追溯调整。,0.9,,,,,,,,,,
EVT-0444,Event,中兴通讯累计回购A股股份,,,,,,,,,,,,,,,EVT-0444,股权,中兴通讯累计回购A股股份,2026-06-30,"公司以集中竞价交易方式累计回购A股股份24,558,211股，占总股本0.51%，已支付总金额约8.55亿元。",0.95,,,,,,,,,,
EVT-0445,Event,比亚迪披露2026年6月产销快报,,,,,,,,,,,,,,,EVT-0445,业绩,比亚迪披露2026年6月产销快报,,"比亚迪股份有限公司披露2026年6月产销快报，本月新能源汽车产量403,246辆、销量403,472辆，本年累计销量1,808,511辆，累计同比-15.72%。",0.95,,,,,,,,,,
EVT-0446,Event,公司董事会换届选举提名第四届董事会非独立董事候选人,,,,,,,,,,,,,,,EVT-0446,重大经营,公司董事会换届选举提名第四届董事会非独立董事候选人,2026-06-18,公司第三届董事会第三十四次会议审议通过提名郑弘孟、黄德才、杨秋瑾、许兴仁、丁肇邦为第四届董事会非独立董事候选人。,0.9,,,,,,,,,,
EVT-0447,Event,公司董事会换届选举提名第四届董事会独立董事候选人,,,,,,,,,,,,,,,EVT-0447,重大经营,公司董事会换届选举提名第四届董事会独立董事候选人,2026-06-18,公司第三届董事会第三十四次会议审议通过提名李昕、李丹、廖翠萍为第四届董事会独立董事候选人。,0.9,,,,,,,,,,
EVT-0448,Event,特变电工将所持新特能源全部内资股转为H股并申请在港上市流通,,,,,,,,,,,,,,,EVT-0448,股权,特变电工将所持新特能源全部内资股转为H股并申请在港上市流通,2026-06-29,"特变电工董事会审议通过将所持新特能源全部内资股951,226,161股转换为境外上市股份（H股）并在香港联交所主板上市流通。",0.9,,,,,,,,,,
EVT-0449,Event,万科企业股份有限公司2023年度第四期中期票据本息兑付安排,,,,,,,,,,,,,,,EVT-0449,重大经营,万科企业股份有限公司2023年度第四期中期票据本息兑付安排,2026-07-07,万科企业股份有限公司披露2023年度第四期中期票据（23万科MTN004）本息偿付安排，本息兑付日为2026年7月7日。,0.9,,,,,,,,,,
EVT-0450,Event,新能源公司获债务融资工具注册接受通知书,,,,,,,,,,,,,,,EVT-0450,监管,新能源公司获债务融资工具注册接受通知书,2026-06-10,特变电工新疆新能源股份有限公司收到中国银行间市场交易商协会出具的《接受注册通知书》，注册30亿元债务融资工具（PDFI）。,0.9,,,,,,,,,,
EVT-0451,Event,新能源公司发行2026年度第一期绿色科技创新债券,,,,,,,,,,,,,,,EVT-0451,重大经营,新能源公司发行2026年度第一期绿色科技创新债券,2026-06-29,新能源公司发行2026年度第一期绿色科技创新债券，发行额度10亿元人民币，期限3+N年，起息日为2026年6月29日，发行利率2.1%，募集资金已于2026年6月29日全额到账。,0.9,,,,,,,,,,
EVT-0452,Event,"批准实施2026年定点云南帮扶项目并捐赠7,070万元",,,,,,,,,,,,,,,EVT-0452,重大经营,"批准实施2026年定点云南帮扶项目并捐赠7,070万元",2026-06-29,"公司批准实施2026年定点云南帮扶项目42个，共计捐赠资金7,070万元。",0.9,,,,,,,,,,
EVT-0453,Event,实施月浦、杨行镇定向捐赠项目130万元,,,,,,,,,,,,,,,EVT-0453,重大经营,实施月浦、杨行镇定向捐赠项目130万元,2026-06-29,公司分阶段策划实施2026年月浦、杨行镇定向捐赠项目，本次涉及实施内容4项、捐赠资金130万元，主要用于社区环境改善、学校设施修缮、社区扶贫帮困等。,0.9,,,,,,,,,,
EVT-0454,Event,宝钢股份股东会通过增选胡望明为第九届董事会董事,,,,,,,,,,,,,,,EVT-0454,重大经营,宝钢股份股东会通过增选胡望明为第九届董事会董事,2026-06-29,公司2026年第二次临时股东会审议通过关于增选胡望明先生为公司第九届董事会董事的议案。,0.8,,,,,,,,,,
EVT-0455,Event,公司为子公司提供2026年度担保额度预计获审议通过,,,,,,,,,,,,,,,EVT-0455,重大经营,公司为子公司提供2026年度担保额度预计获审议通过,2026-04-24,"公司董事会及2025年年度股东会审议通过为二十五家子公司提供2026年度担保额度预计，额度不超过人民币1,500,500万元。",0.85,,,,,,,,,,
EVT-0456,Event,"公司为香港阳光新增综合授信提供7,000万美元连带责任保证",,,,,,,,,,,,,,,EVT-0456,重大经营,"公司为香港阳光新增综合授信提供7,000万美元连带责任保证",,"香港阳光向中行香港申请新增7,000万美元综合授信，公司为其义务和责任提供连带责任保证，担保期限不超过2027年6月26日。",0.9,,,,,,,,,,
EVT-0457,Event,派发2025年度末期股息,,,,,,,,,,,,,,,EVT-0457,股权,派发2025年度末期股息,2026-07-10,中兴通讯派发末期股息每10股人民币4.11元（含税），H股每10股应派4.7277港元（含税），股息派发日为2026年7月10日。,0.95,,,,,,,,,,
EVT-0458,Event,中国铁建发布高级管理人员薪酬管理办法,,,,,,,,,,,,,,,EVT-0458,政策,中国铁建发布高级管理人员薪酬管理办法,,中国铁建股份有限公司制定高级管理人员薪酬管理办法，自下发之日起施行，原2019年薪酬管理办法同时废止。,0.9,,,,,,,,,,
EVT-0459,Event,联合体签署宿城区低空全域智慧运营体系项目采购合同,,,,,,,,,,,,,,,EVT-0459,重大合同,联合体签署宿城区低空全域智慧运营体系项目采购合同,,"公司作为联合体牵头人与南京莱斯信息技术股份有限公司、中国铁塔股份有限公司江苏省分公司组成的联合体，与发包人江苏众安建设投资（集团）有限公司正式签署《采购合同》，合同约定总金额为人民币14,888.20万元（含税），与中标金额一致。",0.95,,,,,,,,,,
EVT-0460,Event,五粮液股东会免去曾从钦董事职务,,,,,,,,,,,,,,,EVT-0460,重大经营,五粮液股东会免去曾从钦董事职务,2026-06-26,公司2025年度股东会审议通过免去曾从钦董事及补选非独立董事的议案，曾从钦不再担任公司董事，其董事长、董事会专门委员会主任委员及委员职务一并自动解除。,0.9,,,,,,,,,,
EVT-0461,Event,五粮液选举邓敏为第七届董事会董事长,,,,,,,,,,,,,,,EVT-0461,重大经营,五粮液选举邓敏为第七届董事会董事长,2026-06-26,公司第七届董事会2026年第7次会议审议通过选举邓敏为公司第七届董事会董事长的议案，邓敏自审议通过之日起担任公司法定代表人。,0.9,,,,,,,,,,
EVT-0462,Event,中國平安董事會訂於2026年8月20日召開會議審議中期業績及中期股息,,,,,,,,,,,,,,,EVT-0462,重大经营,中國平安董事會訂於2026年8月20日召開會議審議中期業績及中期股息,,本公司董事會訂於2026年8月20日舉行董事會會議，以考慮及通過本集團截至2026年6月30日止六個月之中期業績、派發中期股息（如有）及處理其他事項。,0.6,,,,,,,,,,
EVT-0463,Event,鲁抗医药控股子公司赛特公司获得沙库巴曲缬沙坦钠片药品注册证书,,,,,,,,,,,,,,,EVT-0463,产品,鲁抗医药控股子公司赛特公司获得沙库巴曲缬沙坦钠片药品注册证书,,公司控股子公司赛特公司收到国家药品监督管理局颁发的沙库巴曲缬沙坦钠片《药品注册证书》，按新注册分类4类获批的仿制药，视为通过一致性评价。,0.95,,,,,,,,,,
EVT-0464,Event,赛特公司沙库巴曲缬沙坦钠片批准文号与注册标准,,,,,,,,,,,,,,,EVT-0464,产品,赛特公司沙库巴曲缬沙坦钠片批准文号与注册标准,,该药品药品批准文号为国药准字H20265997，注册标准编号YBH27222026，生产企业为山东鲁抗医药集团赛特有限责任公司。,0.85,,,,,,,,,,
EVT-0465,Event,歌尔股份向歌尔光学科技有限公司增资暨关联交易议案获股东会通过,,,,,,,,,,,,,,,EVT-0465,投资并购,歌尔股份向歌尔光学科技有限公司增资暨关联交易议案获股东会通过,2026-06-25,歌尔股份有限公司2026年第一次临时股东会审议通过《关于向歌尔光学科技有限公司增资暨关联交易的议案》，关联股东歌尔集团有限公司、姜滨、姜龙、段会禄回避表决。,0.95,,,,,,,,,,
EVT-0466,Event,国家金融监督管理总局核准吴雷鸣平安银行副行长任职资格,,,,,,,,,,,,,,,EVT-0466,监管,国家金融监督管理总局核准吴雷鸣平安银行副行长任职资格,2026-06-26,平安银行收到国家金融监督管理总局批复，核准吴雷鸣担任平安银行股份有限公司副行长的任职资格。,0.95,,,,,,,,,,
EVT-0467,Event,中芯国际发行股份购买中芯北方49.00%股权完成交割过户,,,,,,,,,,,,,,,EVT-0467,投资并购,中芯国际发行股份购买中芯北方49.00%股权完成交割过户,2026-06-12,中芯国际向国家集成电路基金等5名交易对方发行股份购买中芯北方49.00%股权，标的资产已于2026年6月12日完成工商变更登记过户至上市公司名下。,0.95,,,,,,,,,,
EVT-0468,Event,"中芯国际发行股份购买资产新增547,182,073股A股完成登记",,,,,,,,,,,,,,,EVT-0468,股权,"中芯国际发行股份购买资产新增547,182,073股A股完成登记",2026-06-23,"中芯国际本次发行股份购买资产新增547,182,073股普通股（A股）已于2026年6月23日办理完毕登记，登记后A股股份总数为2,546,744,622股。",0.95,,,,,,,,,,
EVT-0469,Event,2026年H股激励计划及计划限额,,,,,,,,,,,,,,,EVT-0469,股权,2026年H股激励计划及计划限额,,"公司制定2026年H股激励计划，拟授出奖励对应的新股总数38,000,000股，约占采纳日已发行股份（不含库存股）总数的3.03%。",0.9,,,,,,,,,,
EVT-0470,Event,三一重工职工代表大会审议通过2026年A股员工持股计划（草案）及其摘要议案,,,,,,,,,,,,,,,EVT-0470,股权,三一重工职工代表大会审议通过2026年A股员工持股计划（草案）及其摘要议案,2026-06-24,三一重工股份有限公司召开2026年第一次职工代表大会，审议通过《关于<2026年A股员工持股计划（草案）及其摘要>的议案》，同意公司实施本次员工持股计划，该议案尚需提交股东会审议。,0.9,,,,,,,,,,
EVT-0471,Event,北方华创实施2025年度权益分派,,,,,,,,,,,,,,,EVT-0471,股权,北方华创实施2025年度权益分派,2026-07-03,"公司以现有总股本725,689,200股为基数向全体股东每10股派现金7.620000元，股权登记日为2026年7月2日，除权除息日为2026年7月3日。",0.95,,,,,,,,,,
EVT-0472,Event,股权激励股票期权行权致总股本增加,,,,,,,,,,,,,,,EVT-0472,股权,股权激励股票期权行权致总股本增加,,"自利润分配方案披露日至公告日，公司总股本因股权激励计划股票期权行权增加856,584股，由724,832,616股增至725,689,200股。",0.9,,,,,,,,,,
EVT-0473,Event,权益分派后调整股票期权行权价格,,,,,,,,,,,,,,,EVT-0473,股权,权益分派后调整股票期权行权价格,,本次权益分派实施完毕后，公司将对尚处于实施中的各期股权激励计划股票期权行权价格进行相应调整。,0.8,,,,,,,,,,
EVT-0474,Event,控股股东李振国解除8000万股股份质押,,,,,,,,,,,,,,,EVT-0474,股权,控股股东李振国解除8000万股股份质押,2026-06-22,"李振国将其原质押给渤海国际信托股份有限公司的80,000,000股无限售流通股办理解除质押手续，解质后累计质押206,000,000股。",0.95,,,,,,,,,,
EVT-0475,Event,长江电力2026年第一次临时股东会完成第六届董事会换届选举,,,,,,,,,,,,,,,EVT-0475,重大经营,长江电力2026年第一次临时股东会完成第六届董事会换届选举,2026-06-23,公司2026年第一次临时股东会以累积投票方式审议通过第六届董事会换届议案，选举刘伟平、何红心、刘海波、金和平、黄劲、滕卫恒、苏天鹏、吴迪为非独立董事，选举孙正运、张咸阳、王方、赵新炎、李建伟为独立董事，全部当选。,0.6,,,,,,,,,,
EVT-0476,Event,国电南瑞2025年度差异化分红方案,,,,,,,,,,,,,,,EVT-0476,股权,国电南瑞2025年度差异化分红方案,2026-05-22,公司2025年度利润分配以总股本扣除回购专用账户股份为基数，每股派发现金红利0.475元。,0.9,,,,,,,,,,
EVT-0477,Event,国电南瑞完成两期股份回购,,,,,,,,,,,,,,,EVT-0477,股权,国电南瑞完成两期股份回购,2026-04-13,"公司先后完成两期集中竞价回购，回购专用证券账户尚余股份45,157,255股。",0.9,,,,,,,,,,
EVT-0478,Event,董事会审议通过回购公司A股股份方案,,,,,,,,,,,,,,,EVT-0478,股权,董事会审议通过回购公司A股股份方案,2026-06-22,公司第六届董事会第十四次会议审议通过《关于回购公司A 股股份方案的议案》，该议案尚需提交公司股东会审议。,0.95,,,,,,,,,,
EVT-0479,Event,董事会审议通过提请股东会授予回购公司H股股份一般性授权,,,,,,,,,,,,,,,EVT-0479,股权,董事会审议通过提请股东会授予回购公司H股股份一般性授权,2026-06-22,公司第六届董事会第十四次会议审议通过提请股东会授予董事会回购公司H 股股份的一般性授权，该议案尚需提交公司股东会审议。,0.9,,,,,,,,,,
EVT-0480,Event,第二期员工持股计划第二个锁定期届满暨解锁条件成就,,,,,,,,,,,,,,,EVT-0480,股权,第二期员工持股计划第二个锁定期届满暨解锁条件成就,2026-05-21,公司第二期员工持股计划第二个锁定期于2026年5月21日届满，解锁条件成就，符合解锁条件的持有人合计40名，对应解锁股票471.04万股，占总股本0.14%。,0.93,,,,,,,,,,
EVT-0481,Event,"回购专用账户1,665万股非交易过户至第二期员工持股计划证券账户",,,,,,,,,,,,,,,EVT-0481,股权,"回购专用账户1,665万股非交易过户至第二期员工持股计划证券账户",2024-05-20,"公司回购专用证券账户（B882369661）所持1,665万股公司股票于2024年5月20日以非交易过户方式过户至第二期员工持股计划证券账户（B886492953），过户价格6.81元/股。",0.9,,,,,,,,,,
EVT-0482,Event,公司剥离大宗商品贸易业务并出售上海国际贸易100%股权,,,,,,,,,,,,,,,EVT-0482,投资并购,公司剥离大宗商品贸易业务并出售上海国际贸易100%股权,,2022年6月公司进一步聚焦绿色能源、通信网络等先进制造业领域，剥离大宗商品贸易业务，向中天科技集团有限公司出售中天科技集团上海国际贸易有限公司100%股权。,0.85,,,,,,,,,,
EVT-0483,Event,公司2025年营业收入较2022年剔除贸易业务后增长36.73%,,,,,,,,,,,,,,,EVT-0483,业绩,公司2025年营业收入较2022年剔除贸易业务后增长36.73%,,"公司2025年经审计营业收入5,249,985.75万元，较2022年剔除贸易业务营业收入3,839,617.82万元的增长率为36.73%，公司层面第二个锁定期100%解锁。",0.9,,,,,,,,,,
EVT-0484,Event,通威股份披露2025年度经营业绩,,,,,,,,,,,,,,,EVT-0484,业绩,通威股份披露2025年度经营业绩,,2025年度公司营业收入841.28亿元，同比下降8.55%，归属于上市公司股东的净利润-95.53亿元。,0.95,,,,,,,,,,
EVT-0485,Event,联合资信维持通22转债AAA信用等级,,,,,,,,,,,,,,,EVT-0485,重大经营,联合资信维持通22转债AAA信用等级,2025-06-06,联合资信出具2025年跟踪评级报告，维持公司主体长期信用等级AAA及通22转债信用等级AAA。,0.95,,,,,,,,,,
EVT-0486,Event,比亞迪股份有限公司宣派二零二五年度末期股息,,,,,,,,,,,,,,,EVT-0486,股权,比亞迪股份有限公司宣派二零二五年度末期股息,,比亞迪股份有限公司就截至二零二五年十二月三十一日止年度宣派末期股息每股人民幣0.358元（每股港幣0.41141元），股東可選擇以人民幣或港幣收取。,0.9,,,,,,,,,,
EVT-0487,Event,注销2025年股票期权激励计划部分已获授未行权股票期权,,,,,,,,,,,,,,,EVT-0487,股权,注销2025年股票期权激励计划部分已获授未行权股票期权,2026-06-22,"公司董事会根据股东会授权，注销147名离职激励对象及9名2025年度绩效考核不达标激励对象已获授但尚未行权的股票期权共计5,360,400份。",0.9,,,,,,,,,,
EVT-0488,Event,京东方回购部分社会公众A股并注销减资,,,,,,,,,,,,,,,EVT-0488,股权,京东方回购部分社会公众A股并注销减资,2026-04-24,公司拟以自筹资金回购部分社会公众股份（A股）予以注销并减少注册资本，资金规模5亿至10亿元。,0.95,,,,,,,,,,
EVT-0489,Event,京东方获农业银行北京分行9亿元回购专项贷款承诺,,,,,,,,,,,,,,,EVT-0489,重大经营,京东方获农业银行北京分行9亿元回购专项贷款承诺,,公司已收到中国农业银行股份有限公司北京市分行出具的贷款承诺函，承诺提供不超过9亿元专项贷款用于股份回购。,0.9,,,,,,,,,,
EVT-0490,Event,潍柴动力2025年度股东会审议通过全部11项议案,,,,,,,,,,,,,,,EVT-0490,重大经营,潍柴动力2025年度股东会审议通过全部11项议案,2026-06-22,潍柴动力于2026年6月22日召开2025年度股东会，逐项表决通过董事会工作报告、年度报告、利润分配、续聘审计机构、改变部分募集资金用途及选举张博为独立非执行董事等11项议案。,0.95,,,,,,,,,,
EVT-0491,Event,紫金矿业回购A股股份方案实施完毕,,,,,,,,,,,,,,,EVT-0491,股权,紫金矿业回购A股股份方案实施完毕,2026-04-14,"公司以集中竞价交易方式回购A股股份方案实施完毕，实际回购77,474,592股，占总股本0.29%。",0.95,,,,,,,,,,
EVT-0492,Event,紫金矿业2025年度利润分配实施差异化分红,,,,,,,,,,,,,,,EVT-0492,股权,紫金矿业2025年度利润分配实施差异化分红,2026-06-05,公司2025年年度股东会审议通过2025年度利润分配方案，回购专用账户所持A股股份不参与分配，故实施差异化分红。,0.95,,,,,,,,,,
EVT-0493,Event,贵州茅台2025年年度权益分派实施,,,,,,,,,,,,,,,EVT-0493,股权,贵州茅台2025年年度权益分派实施,2026-06-26,"公司以方案实施前总股本扣除回购专用账户股份1,250,081,601股为基数，每股派发现金红利28.02423元（含税），共计派发现金红利35,032,574,305.19元。",0.95,,,,,,,,,,
EVT-0494,Event,唐飞辞去公司执行委员会委员、高级副总裁职务,,,,,,,,,,,,,,,EVT-0494,重大经营,唐飞辞去公司执行委员会委员、高级副总裁职务,2026-06-19,因工作调整，唐飞申请辞去公司执行委员会委员、高级副总裁职务，辞职后不再担任公司及子公司任何职务。,0.9,,,,,,,,,,
EVT-0495,Event,唐飞离职后其已授予未行权股票期权将被注销,,,,,,,,,,,,,,,EVT-0495,股权,唐飞离职后其已授予未行权股票期权将被注销,,唐飞离职后不再具备激励资格，公司后续将对其已授予但尚未行权的股票期权予以注销。,0.9,,,,,,,,,,
EVT-0496,Event,中国中元与元控储充签署长丰县100MW/102MWh独立混合储能电站工程总承包合同,,,,,,,,,,,,,,,EVT-0496,重大合同,中国中元与元控储充签署长丰县100MW/102MWh独立混合储能电站工程总承包合同,,"中工国际全资子公司中国中元与安徽元控储充新能源科技有限公司签署安徽省合肥市长丰县100MW/102MWh独立混合储能电站工程总承包合同，合同金额为人民币112,738.00万元。",0.95,,,,,,,,,,
EVT-0497,Event,美的集团2026年A股持股计划设立管理委员会,,,,,,,,,,,,,,,EVT-0497,股权,美的集团2026年A股持股计划设立管理委员会,2026-06-18,美的集团2026年A股持股计划召开首次持有人会议，同意设立持股计划管理委员会，由肖毅、曹志杰、付鉴任委员，肖毅任主任委员。,0.8,,,,,,,,,,
EVT-0498,Event,长城汽车推出2026年限制性股票激励计划并完成激励对象名单公示,,,,,,,,,,,,,,,EVT-0498,股权,长城汽车推出2026年限制性股票激励计划并完成激励对象名单公示,2026-04-28,公司董事会审议通过2026年限制性股票激励计划（草案）相关议案，并于2026年6月8日至6月17日内部公示激励对象姓名和职务，公示期满未收到异议，薪酬委员会核查认为激励对象主体资格合法有效。,0.92,,,,,,,,,,
EVT-0499,Event,迪拜分行票据申请在香港交易所上市,,,,,,,,,,,,,,,EVT-0499,监管,迪拜分行票据申请在香港交易所上市,,迪拜分行发行的人民币票据及美元票据已向香港交易所申请以向专业投资者发行债务证券的方式上市及买卖，预计批准于二零二六年六月二十二日生效。,0.9,,,,,,,,,,
EVT-0500,Event,票据获准在伦敦交易所及纳斯达克迪拜交易,,,,,,,,,,,,,,,EVT-0500,监管,票据获准在伦敦交易所及纳斯达克迪拜交易,,每一系列票据有意获准在伦敦交易所国际证券市场交易，并获准纳入迪拜金融服务局证券官方名单及在纳斯达克迪拜交易。,0.85,,,,,,,,,,
EVT-0501,Event,中国中铁续聘德勤为2026年度财务报表及内控审计机构,,,,,,,,,,,,,,,EVT-0501,重大经营,中国中铁续聘德勤为2026年度财务报表及内控审计机构,2026-03-30,公司第六届董事会第二十次会议审议通过续聘德勤为2026年度财务报表审计机构（费用不超过2340万元）及内部控制审计机构（费用不超过160万元）。,0.9,,,,,,,,,,
EVT-0502,Event,中国中铁为董事及高管购买2026年度责任保险,,,,,,,,,,,,,,,EVT-0502,重大经营,中国中铁为董事及高管购买2026年度责任保险,2026-03-30,公司第六届董事会第二十次会议审议通过为董事及高级管理人员购买2026年度责任保险，承保人为华泰财产保险有限公司，责任限额1400万美元，保险费用24万元。,0.9,,,,,,,,,,
EVT-0503,Event,"CS MTN在商业票据计划下发行8,000万美元票据并由中信证券担保",,,,,,,,,,,,,,,EVT-0503,重大经营,"CS MTN在商业票据计划下发行8,000万美元票据并由中信证券担保",2026-06-17,"中信证券间接全资附属公司CS MTN在境外欧洲商业票据计划下发行两笔票据，发行金额8,000万美元，由公司提供担保。",0.92,,,,,,,,,,
EVT-0504,Event,CSI MTN在中票计划下发行720万美元票据并由中信证券国际担保,,,,,,,,,,,,,,,EVT-0504,重大经营,CSI MTN在中票计划下发行720万美元票据并由中信证券国际担保,2026-06-18,CSI MTN在境外中期票据计划下发行一笔票据，发行金额720万美元，由中信证券国际提供担保。,0.92,,,,,,,,,,
EVT-0505,Event,中国石化以集中竞价交易方式本轮首次回购A股股份,,,,,,,,,,,,,,,EVT-0505,股权,中国石化以集中竞价交易方式本轮首次回购A股股份,2026-06-18,"公司于2026年6月18日通过集中竞价交易方式本轮首次回购A股股份11,750,000股，占总股本0.010%，支付总金额约5,596.39万元。",0.95,,,,,,,,,,
EVT-0506,Event,赢合科技收购昂华自动化58.02%股份,,,,,,,,,,,,,,,EVT-0506,投资并购,赢合科技收购昂华自动化58.02%股份,2026-06-17,"赢合科技以非公开协议转让方式向电气控股收购昂华自动化58.02%股份，交易金额11,856.29万元，构成关联交易。",0.95,,,,,,,,,,
EVT-0507,Event,昂华自动化股东全部权益价值评估,,,,,,,,,,,,,,,EVT-0507,重大经营,昂华自动化股东全部权益价值评估,2026-06-15,"上海申威资产评估有限公司对昂华自动化股东全部权益价值出具评估报告，评估值为20,434.84万元。",0.9,,,,,,,,,,
EVT-0508,Event,中国神华公告2026年5月份主要运营数据,,,,,,,,,,,,,,,EVT-0508,业绩,中国神华公告2026年5月份主要运营数据,2026-06-18,中国神华披露2026年5月商品煤产量41.7百万吨同比下降4.1%、煤炭销售量50.5百万吨同比增长11.7%等主要运营数据，并说明煤炭销售量增长与聚乙烯销售量下降的主要原因。,0.9,,,,,,,,,,
EVT-0509,Event,中国神华发行股份及支付现金购买控股股东相关资产交易完成,,,,,,,,,,,,,,,EVT-0509,投资并购,中国神华发行股份及支付现金购买控股股东相关资产交易完成,,中国神华发行股份及支付现金购买控股股东国家能源投资集团有限责任公司相关资产的交易已完成，自2026年4月起主要运营数据包含新并入资产业务量。,0.85,,,,,,,,,,
EVT-0510,Event,万华化学股东烟台中诚投资股份有限公司部分股份解除质押,,,,,,,,,,,,,,,EVT-0510,股权,万华化学股东烟台中诚投资股份有限公司部分股份解除质押,2026-06-16,"持股5%以上股东烟台中诚投资股份有限公司办理完成30,000,000股股份解除质押手续，解除质押时间为2026年6月16日，完成后其累计质押36,000,000股。",0.95,,,,,,,,,,
EVT-0511,Event,上汽集团2025年度业绩披露,,,,,,,,,,,,,,,EVT-0511,业绩,上汽集团2025年度业绩披露,,2025年整车销售450.7万辆，营业总收入6562.4亿元，归母净利润101.1亿元，同比增长506.5%。,0.95,,,,,,,,,,
EVT-0512,Event,上汽集团续签四类日常关联交易框架协议,,,,,,,,,,,,,,,EVT-0512,重大合同,上汽集团续签四类日常关联交易框架协议,,公司拟与关联方续签商品供应、综合服务、房屋土地及车辆租赁、金融服务四类框架协议，有效期三年。,0.9,,,,,,,,,,
EVT-0513,Event,特变电工参加2026年新疆辖区上市公司投资者网上集体接待日活动,,,,,,,,,,,,,,,EVT-0513,重大经营,特变电工参加2026年新疆辖区上市公司投资者网上集体接待日活动,2026-06-26,公司将以网络远程方式参加新疆辖区上市公司投资者网上集体接待日活动，公司高管在线就2025年度暨2026年第一季度业绩、公司治理、发展战略等问题与投资者交流。,0.85,,,,,,,,,,
EVT-0514,Event,宝钢股份2025年下半年度权益分派实施,,,,,,,,,,,,,,,EVT-0514,股权,宝钢股份2025年下半年度权益分派实施,2026-06-25,公司以股权登记日总股本扣除回购专用账户股份后的21745301092股为基数，每股派发现金红利0.18元（含税），共计派发现金红利3914154196.56元，股权登记日为2026年6月24日，除权（息）日及现金红利发放日为2026年6月25日。,0.93,,,,,,,,,,
EVT-0515,Event,公司完成名稱變更登記為牧原食品集團股份有限公司,,,,,,,,,,,,,,,EVT-0515,监管,公司完成名稱變更登記為牧原食品集團股份有限公司,2026-06-16,本公司完成公司名稱工商變更登記並取得河南省市場監督管理局換發的營業執照，香港公司註冊處亦於2026年6月16日發出《註冊非香港公司變更名稱註冊證明書》，中文名稱由「牧原食品股份有限公司」變更為「牧原食品集團股份有限公司」。,0.9,,,,,,,,,,
EVT-0516,Event,公司三次发行的社会公众股和内部职工股在深圳证券交易所上市,,,,,,,,,,,,,,,EVT-0516,股权,公司三次发行的社会公众股和内部职工股在深圳证券交易所上市,,公司经批准三次发行的社会公众股和内部职工股共2100万股，于一九九六年十一月十八日在深圳证券交易所上市。,0.85,,,,,,,,,,
EVT-0517,Event,中兴通讯召开二〇二五年度股东会,,,,,,,,,,,,,,,EVT-0517,重大经营,中兴通讯召开二〇二五年度股东会,2026-06-17,中兴通讯于2026年6月17日召开二〇二五年度股东会，审议通过全部14项议案。,0.9,,,,,,,,,,
EVT-0518,Event,中兴通讯股东会审议通过二〇二五年度利润分配预案,,,,,,,,,,,,,,,EVT-0518,重大经营,中兴通讯股东会审议通过二〇二五年度利润分配预案,2026-06-17,股东会以98.4640%同意票通过二〇二五年度利润分配预案。,0.9,,,,,,,,,,
EVT-0519,Event,中国建筑制定董事及高级管理人员薪酬与考核管理办法,,,,,,,,,,,,,,,EVT-0519,政策,中国建筑制定董事及高级管理人员薪酬与考核管理办法,,公司制定《董事及高级管理人员薪酬与考核管理办法》，经第四届董事会第三十六次会议审议通过并提请股东会审议。,0.9,,,,,,,,,,
EVT-0520,Event,中国建筑制定2026年度董事薪酬方案,,,,,,,,,,,,,,,EVT-0520,重大经营,中国建筑制定2026年度董事薪酬方案,,公司制定2026年度董事薪酬方案，董事会薪酬与考核委员会全体委员及全体董事回避表决，直接提交股东会审议。,0.9,,,,,,,,,,
EVT-0521,Event,伊利与香港上海汇丰银行签署保证书为Ausnutria B.V.提供2亿欧元担保,,,,,,,,,,,,,,,EVT-0521,重大合同,伊利与香港上海汇丰银行签署保证书为Ausnutria B.V.提供2亿欧元担保,2026-06-15,公司与香港上海汇丰银行有限公司签署保证书，为控股子公司Ausnutria B.V.在该银行授信项下的贷款业务提供连带责任保证担保，担保授信总额为2亿欧元。,0.95,,,,,,,,,,
EVT-0522,Event,羟乙磺酸达尔西利片新增HR+/HER2-早期乳腺癌辅助治疗适应症获批,,,,,,,,,,,,,,,EVT-0522,产品,羟乙磺酸达尔西利片新增HR+/HER2-早期乳腺癌辅助治疗适应症获批,,公司收到国家药监局通知，批准自主研发的CDK4/6抑制剂羟乙磺酸达尔西利片新增联合内分泌治疗用于HR阳性、HER2阴性高复发风险早期乳腺癌辅助治疗的适应症。,0.95,,,,,,,,,,
EVT-0523,Event,公司实施2025年度权益分派，“保利定转”停止转股并相应调整转股价格,,,,,,,,,,,,,,,EVT-0523,股权,公司实施2025年度权益分派，“保利定转”停止转股并相应调整转股价格,2026-06-23,公司实施2025年度权益分派，自2026年6月23日起至权益分派股权登记日期间“保利定转”停止转股，并在分派实施后调整转股价格。,0.9,,,,,,,,,,
EVT-0524,Event,招商银行发行2026年第二期无固定期限资本债券（债券通）200亿元并完成发行,,,,,,,,,,,,,,,EVT-0524,股权,招商银行发行2026年第二期无固定期限资本债券（债券通）200亿元并完成发行,2026-06-15,经国家金融监督管理总局批准，招商银行在全国银行间债券市场发行2026年第二期无固定期限资本债券（债券通），发行规模200亿元，前5年票面利率1.99%，于2026年6月15日完成发行，募集资金用于补充其他一级资本。,0.9,,,,,,,,,,
EVT-0525,Event,宁德时代50亿元公司债券发行获证监会注册批复,,,,,,,,,,,,,,,EVT-0525,股权,宁德时代50亿元公司债券发行获证监会注册批复,2026-02-05,宁德时代新能源科技股份有限公司面向专业机构投资者公开发行不超过人民币50亿元的公司债券于2026年2月5日获得中国证券监督管理委员会注册批复。,0.9,,,,,,,,,,
EVT-0526,Event,本期科技创新公司债券票面利率确定为1.49%,,,,,,,,,,,,,,,EVT-0526,股权,本期科技创新公司债券票面利率确定为1.49%,2026-06-17,2026年6月17日发行人和主承销商网下向专业机构投资者询价后，最终确定本期债券票面利率为1.49%。,0.9,,,,,,,,,,
EVT-0527,Event,东方财富证券获证监会同意注册公开发行公司债券,,,,,,,,,,,,,,,EVT-0527,监管,东方财富证券获证监会同意注册公开发行公司债券,,中国证监会同意东方财富证券向专业投资者公开发行面值总额不超过400亿元公司债券的注册申请。,0.9,,,,,,,,,,
EVT-0528,Event,东方财富证券完成2026年第二期公司债券发行,,,,,,,,,,,,,,,EVT-0528,重大经营,东方财富证券完成2026年第二期公司债券发行,,本期债券网下实际发行规模30亿元，品种一22亿元票面利率1.75%，品种二8亿元票面利率1.90%，拟在深交所上市，募集资金用于补充营运资金。,0.9,,,,,,,,,,
EVT-0529,Event,鲁抗医药获得甲磺酸伊马替尼片药品注册证书及原料药上市申请批准通知书,,,,,,,,,,,,,,,EVT-0529,产品,鲁抗医药获得甲磺酸伊马替尼片药品注册证书及原料药上市申请批准通知书,,公司收到国家药品监督管理局颁发的甲磺酸伊马替尼片《药品注册证书》及甲磺酸伊马替尼原料药《化学原料药上市申请批准通知书》。,0.95,,,,,,,,,,
EVT-0530,Event,子公司新华手术器械有限公司取得三类医疗器械注册证,,,,,,,,,,,,,,,EVT-0530,产品,子公司新华手术器械有限公司取得三类医疗器械注册证,2026-09-14,新华医疗子公司新华手术器械有限公司收到国家药品监督管理局颁发的《医疗器械注册证》，涉及等离子手术设备及两款一次性使用电动直线型切割吻合器产品，批准日期为2026年9月14日。,0.95,,,,,,,,,,
EVT-0531,Event,上臂式电子血压计第二类医疗器械注册证核发事项获受理,,,,,,,,,,,,,,,EVT-0531,产品,上臂式电子血压计第二类医疗器械注册证核发事项获受理,,公司收到广东省药品监督管理局下发的《受理凭证》，其申请的上臂式电子血压计第二类医疗器械注册证核发事项已获受理。,0.92,,,,,,,,,,
EVT-0532,Event,江苏中来新材拟与常熟中坚签订钢边框采购合同,,,,,,,,,,,,,,,EVT-0532,重大合同,江苏中来新材拟与常熟中坚签订钢边框采购合同,,"江苏中来新材拟向关联方常熟中坚采购钢边框产品1,798,320套，合同金额86,313,460元（含税含运费），累计关联交易金额将超最近一期经审计净资产5%，尚需股东会批准。",0.95,,,,,,,,,,
EVT-0533,Event,常熟中坚披露2025年度及2026年6月末经营数据,,,,,,,,,,,,,,,EVT-0533,业绩,常熟中坚披露2025年度及2026年6月末经营数据,,"公告披露常熟中坚2025年度营业收入约12,615.08万元、净利润约795.24万元，截至2026年6月30日资产总额约28,041.15万元、净资产约6,410.60万元。",0.8,,,,,,,,,,
EVT-0534,Event,快乐小草公司中标三北工程林草湿荒一体化保护修复项目施工二标段,,,,,,,,,,,,,,,EVT-0534,重大合同,快乐小草公司中标三北工程林草湿荒一体化保护修复项目施工二标段,,"子公司快乐小草公司收到《中标通知书》，成为内蒙古自治区巴彦淖尔市乌拉特后旗三北工程林草湿荒一体化保护修复项目（2026 年度）施工二标段中标人，中标金额为141,640,735元。",0.95,,,,,,,,,,
EVT-0535,Event,行云科技与SA供应商签署128套高端算力服务器及配套算力服务框架性采购协议,,,,,,,,,,,,,,,EVT-0535,重大合同,行云科技与SA供应商签署128套高端算力服务器及配套算力服务框架性采购协议,2026-07-20,公司与某国资供应商SA供应商签署《算力服务合同》及《算力服务框架合作协议》，达成共128套（首批已采购32套）高端算力服务器及配套算力服务的总框架性采购协议。,0.95,,,,,,,,,,
EVT-0536,Event,行云科技与SA供应商签署3份算力服务合同购买43套GPU算力服务,,,,,,,,,,,,,,,EVT-0536,重大合同,行云科技与SA供应商签署3份算力服务合同购买43套GPU算力服务,,"公司与SA供应商签署3份《算力服务合同》，购买GPU算力服务合计43套，服务期限均为5年，三份合同含税总金额合计45,313.98万元。",0.95,,,,,,,,,,
EVT-0537,Event,百克生物重组人源抗呼吸道合胞病毒单克隆抗体注射液组合制剂临床试验申请获受理,,,,,,,,,,,,,,,EVT-0537,产品,百克生物重组人源抗呼吸道合胞病毒单克隆抗体注射液组合制剂临床试验申请获受理,,百克生物收到国家药品监督管理局下发的RSV抗体组合制剂临床试验申请《受理通知书》，受理号CXSL2601038。,0.93,,,,,,,,,,
EVT-0538,Event,湖北津药获得复方氨基酸注射液（18AA-Ⅶ）药品注册证书,,,,,,,,,,,,,,,EVT-0538,产品,湖北津药获得复方氨基酸注射液（18AA-Ⅶ）药品注册证书,,湖北津药收到国家药品监督管理局核准签发的复方氨基酸注射液（18AA-Ⅶ）《药品注册证书》，批准注册。,0.95,,,,,,,,,,
EVT-0539,Event,公司取得医疗器械变更注册文件,,,,,,,,,,,,,,,EVT-0539,产品,公司取得医疗器械变更注册文件,2026-09-21,公司收到河北省药品监督管理局颁发的《医疗器械变更注册文件》，多参数生命体征监测仪的规格型号、适用范围、结构及组成、产品技术要求完成变更。,0.92,,,,,,,,,,
EVT-0540,Event,联合体中标广西桂西北治旱龙江河谷灌区工程侧岭、德思干线标施工（含引入配套工程股权投资）+运营总承包,,,,,,,,,,,,,,,EVT-0540,重大合同,联合体中标广西桂西北治旱龙江河谷灌区工程侧岭、德思干线标施工（含引入配套工程股权投资）+运营总承包,2026-09-21,"大禹节水集团股份有限公司及子公司水电公司与广西建工集团海河水利建设有限责任公司组成的联合体中标该灌区工程施工+运营总承包项目，中标金额752,027,989.32元。",0.95,,,,,,,,,,
EVT-0541,Event,正棋机器人中标中国邮政湖北省分公司襄阳邮件处理中心带设备外包服务项目,,,,,,,,,,,,,,,EVT-0541,重大合同,正棋机器人中标中国邮政湖北省分公司襄阳邮件处理中心带设备外包服务项目,,公司控股子公司正棋机器人收到湖北信通通信有限公司签发的中标通知书，被确认为中国邮政集团有限公司湖北省分公司襄阳邮件处理中心带设备外包服务项目独家中标人，外包期限5年，预计项目总金额约1.5亿元。,0.95,,,,,,,,,,
EVT-0542,Event,公司物流自动化分拣运营业务2026年上半年营收0.8亿元,,,,,,,,,,,,,,,EVT-0542,业绩,公司物流自动化分拣运营业务2026年上半年营收0.8亿元,,2026年上半年，公司物流自动化分拣运营业务实现营收0.8亿元，同比增长83%。,0.9,,,,,,,,,,
EVT-0543,Event,全资子公司获得复方聚乙二醇（3350）电解质口服溶液药品注册证书,,,,,,,,,,,,,,,EVT-0543,产品,全资子公司获得复方聚乙二醇（3350）电解质口服溶液药品注册证书,,公司全资子公司广州一品红制药有限公司收到国家药品监督管理局核准签发的复方聚乙二醇（3350）电解质口服溶液《药品注册证书》，视同通过一致性评价。,0.95,,,,,,,,,,
EVT-0544,Event,深圳兆能与中国移动签订智能家庭网关产品集中采购框架协议,,,,,,,,,,,,,,,EVT-0544,重大合同,深圳兆能与中国移动签订智能家庭网关产品集中采购框架协议,,"深圳兆能收到与中国移动通信有限公司签订的采购包1、采购包2框架协议，约定向中国移动提供智能家庭网关产品，两协议含税总金额上限合计18,436.12万元。",0.92,,,,,,,,,,
EVT-0545,Event,全资子公司安徽鸿翔建材签署生产线项目合同,,,,,,,,,,,,,,,EVT-0545,重大合同,全资子公司安徽鸿翔建材签署生产线项目合同,,"公司全资子公司安徽鸿翔建材有限公司与中建一局集团建设发展有限公司、北京百汇怡翔科贸有限公司、安徽坤之诚钢结构有限公司签署《***生产线项目备忘录》，合同总额暂定280,577,046.74元。",0.95,,,,,,,,,,
EVT-0546,Event,GLR1075注射液获药物临床试验批准通知书,,,,,,,,,,,,,,,EVT-0546,产品,GLR1075注射液获药物临床试验批准通知书,,甘李药业收到国家药监局下发的GLR1075注射液《药物临床试验批准通知书》，同意其开展肝硬化腹水低白蛋白血症的临床试验。,0.95,,,,,,,,,,
EVT-0547,Event,"GLR1075注射液项目累计研发投入8,191.61万元",,,,,,,,,,,,,,,EVT-0547,重大经营,"GLR1075注射液项目累计研发投入8,191.61万元",2026-06-30,"截至2026年6月30日，甘李药业在GLR1075注射液项目中累计投入研发费用8,191.61万元人民币。",0.7,,,,,,,,,,
EVT-0548,Event,他克莫司软膏获得药品注册证书,,,,,,,,,,,,,,,EVT-0548,产品,他克莫司软膏获得药品注册证书,,上海现代制药股份有限公司收到国家药品监督管理局核准签发的他克莫司软膏《药品注册证书》，视同通过一致性评价。,0.95,,,,,,,,,,
EVT-0549,Event,天邑股份签订中国移动智能家庭网关产品集中采购框架协议,,,,,,,,,,,,,,,EVT-0549,重大合同,天邑股份签订中国移动智能家庭网关产品集中采购框架协议,2026-09-02,公司收到与中国移动通信有限公司签订返回的《中国移动2026年至2027年（一年期）智能家庭网关产品集中采购框架协议—采购包1—天邑》《采购包2—天邑》，签署时间为2026年9月2日。,0.95,,,,,,,,,,
EVT-0550,Event,公司取得沙眼衣原体核酸检测试剂盒医疗器械注册证,,,,,,,,,,,,,,,EVT-0550,产品,公司取得沙眼衣原体核酸检测试剂盒医疗器械注册证,2026-09-14,上海科华生物工程股份有限公司收到国家药品监督管理局颁发的沙眼衣原体核酸检测试剂盒（PCR-荧光法）医疗器械注册证，有效期自2026年09月14日至2031年09月13日。,0.9,,,,,,,,,,
EVT-0551,Event,苏州天隆取得副流感病毒核酸检测试剂盒医疗器械注册证,,,,,,,,,,,,,,,EVT-0551,产品,苏州天隆取得副流感病毒核酸检测试剂盒医疗器械注册证,2026-09-14,控股子公司苏州天隆生物科技有限公司收到国家药品监督管理局颁发的副流感病毒核酸检测试剂盒（荧光PCR法）医疗器械注册证，有效期自2026年09月14日至2031年09月13日。,0.9,,,,,,,,,,
EVT-0552,Event,华海欧洲公司阿哌沙班片获得德国上市许可,,,,,,,,,,,,,,,EVT-0552,产品,华海欧洲公司阿哌沙班片获得德国上市许可,,公司子公司华海欧洲公司收到德国联邦药品和医疗器械管理局核准签发的阿哌沙班片（2.5mg、5mg）上市许可。,0.92,,,,,,,,,,
EVT-0553,Event,控股子公司海正动保公司获得复方非泼罗尼吡喹酮莫昔克丁滴剂兽药产品批准文号批件,,,,,,,,,,,,,,,EVT-0553,产品,控股子公司海正动保公司获得复方非泼罗尼吡喹酮莫昔克丁滴剂兽药产品批准文号批件,2026-09-10,浙江海正药业股份有限公司控股子公司浙江海正动物保健品有限公司收到中华人民共和国农业农村部核准签发的复方非泼罗尼吡喹酮莫昔克丁滴剂兽药产品批准文号批件，该产品用于预防和治疗猫体内、外寄生虫感染。,0.9,,,,,,,,,,
EVT-0554,Event,华润赛科依折麦布阿托伐他汀钙片获得药品注册证书并获批上市,,,,,,,,,,,,,,,EVT-0554,产品,华润赛科依折麦布阿托伐他汀钙片获得药品注册证书并获批上市,2026-09-08,全资子公司华润赛科收到国家药监局颁发的依折麦布阿托伐他汀钙片《药品注册证书》，于2026年9月8日获批上市。,0.95,,,,,,,,,,
EVT-0555,Event,广生堂拟与瑞泰来签订技术转让合同受让琥珀酸地文拉法辛缓释片项目,,,,,,,,,,,,,,,EVT-0555,重大合同,广生堂拟与瑞泰来签订技术转让合同受让琥珀酸地文拉法辛缓释片项目,2026-09-11,"广生堂拟与关联方瑞泰来签订《技术转让合同》，受让琥珀酸地文拉法辛缓释片项目的全部技术及相应技术资料及全部权益，交易金额（含税）1,263.60万元，资金为自有资金。",0.9,,,,,,,,,,
EVT-0556,Event,子公司快乐小草公司中标三北工程林草湿荒一体化保护修复项目（2026年度）施工二标段,,,,,,,,,,,,,,,EVT-0556,重大合同,子公司快乐小草公司中标三北工程林草湿荒一体化保护修复项目（2026年度）施工二标段,2026-09-14,"公司子公司快乐小草公司被公示为乌拉特后旗三北工程林草湿荒一体化保护修复项目（2026年度）施工二标段中标单位，拟定中标价141,640,735元。",0.95,,,,,,,,,,
EVT-0557,Event,全资子公司半导体激光治疗仪Primelase注册申请获受理,,,,,,,,,,,,,,,EVT-0557,产品,全资子公司半导体激光治疗仪Primelase注册申请获受理,2026-09-14,华东医药全资子公司High Technology Products，S.L.U.申报的三类医疗器械半导体激光治疗仪Primelase注册申请获得国家药品监督管理局受理。,0.92,,,,,,,,,,
EVT-0558,Event,注射用T-Bren（HER2 ADC）联合帕妥珠单抗III期临床试验完成首例受试者入组,,,,,,,,,,,,,,,EVT-0558,产品,注射用T-Bren（HER2 ADC）联合帕妥珠单抗III期临床试验完成首例受试者入组,,公司自主研发的注射用T-Bren（HER2 ADC）联合帕妥珠单抗在HER2阳性乳腺癌新辅助治疗中对比多西他赛+卡铂+曲妥珠单抗+帕妥珠单抗的III期随机对照临床试验完成首例受试者入组。,0.95,,,,,,,,,,
EVT-0559,Event,康泰医学取得医疗器械注册证,,,,,,,,,,,,,,,EVT-0559,产品,康泰医学取得医疗器械注册证,2026-09-08,公司于近日取得河北省药品监督管理局颁发的《中华人民共和国医疗器械注册证》，涉及超声多普勒胎儿监护仪和胎儿母亲多参数监护仪两个产品。,0.95,,,,,,,,,,
EVT-0560,Event,HLX14药品注册申请获国家药监局受理,,,,,,,,,,,,,,,EVT-0560,产品,HLX14药品注册申请获国家药监局受理,,复宏汉霖及其控股子公司自主研发的地舒单抗生物类似药HLX14（120mg（1.7ml）/瓶规格）的药品注册申请获国家药品监督管理局受理。,0.95,,,,,,,,,,
EVT-0561,Event,HLX14于美国、欧盟、英国、加拿大获批上市,,,,,,,,,,,,,,,EVT-0561,产品,HLX14于美国、欧盟、英国、加拿大获批上市,,HLX14（规格：60mg/mL、120mg/1.7mL）已分别于美国、欧盟、英国、加拿大获批上市，获批适应症覆盖其相关原研产品于当地已获批的所有适应症。,0.9,,,,,,,,,,
EVT-0562,Event,九珑人福间苯三酚口崩片获得药品注册证书,,,,,,,,,,,,,,,EVT-0562,产品,九珑人福间苯三酚口崩片获得药品注册证书,,控股子公司九珑人福收到国家药品监督管理局核准签发的间苯三酚口崩片《药品注册证书》，获批后具备在国内市场销售该产品的资格。,0.95,,,,,,,,,,
EVT-0563,Event,广生堂与瑞泰来签订琥珀酸地文拉法辛缓释片技术转让合同,,,,,,,,,,,,,,,EVT-0563,重大合同,广生堂与瑞泰来签订琥珀酸地文拉法辛缓释片技术转让合同,2026-09-11,"广生堂拟与关联方瑞泰来签订《技术转让合同》，受让琥珀酸地文拉法辛缓释片项目全部技术及权益，交易金额含税1,263.60万元。",0.95,,,,,,,,,,
EVT-0564,Event,瑞泰来琥珀酸地文拉法辛缓释片完成工艺验证及生物等效性研究,,,,,,,,,,,,,,,EVT-0564,产品,瑞泰来琥珀酸地文拉法辛缓释片完成工艺验证及生物等效性研究,,瑞泰来的琥珀酸地文拉法辛缓释片已完成50mg、25mg规格工艺验证和50mg规格生物等效性研究，并取得发明专利，尚未提交药品注册上市申报。,0.9,,,,,,,,,,
EVT-0565,Event,瑞泰来琥珀酸地文拉法辛缓释片完成工艺验证与生物等效性研究并取得发明专利,,,,,,,,,,,,,,,EVT-0565,产品,瑞泰来琥珀酸地文拉法辛缓释片完成工艺验证与生物等效性研究并取得发明专利,,瑞泰来的琥珀酸地文拉法辛缓释片已完成50mg、25mg规格工艺验证和50mg规格生物等效性研究，取得口服固体制剂及其制备方法发明专利，尚未提交药品注册上市申报。,0.9,,,,,,,,,,
EVT-0566,Event,国药工业获得盐酸戊乙奎醚注射液（1ml:0.5mg）药品注册证书,,,,,,,,,,,,,,,EVT-0566,产品,国药工业获得盐酸戊乙奎醚注射液（1ml:0.5mg）药品注册证书,,上海现代制药全资子公司国药工业收到国家药品监督管理局核准签发的盐酸戊乙奎醚注射液（1ml:0.5mg）《药品注册证书》。,0.95,,,,,,,,,,
EVT-0567,Event,国药工业获得盐酸戊乙奎醚注射液（1ml:1mg）药品注册证书并通过一致性评价,,,,,,,,,,,,,,,EVT-0567,产品,国药工业获得盐酸戊乙奎醚注射液（1ml:1mg）药品注册证书并通过一致性评价,,国药工业于2025年9月获得盐酸戊乙奎醚注射液（1ml:1mg）药品注册证书并通过一致性评价。,0.9,,,,,,,,,,
EVT-0568,Event,围海股份牵头联合体中标并签订罗平县智慧农业EPC三标段合同,,,,,,,,,,,,,,,EVT-0568,重大合同,围海股份牵头联合体中标并签订罗平县智慧农业EPC三标段合同,2026-01-20,"公司（牵头方）与中国建筑西南勘察设计研究院有限公司组成联合体成为云南省曲靖市罗平县智慧农业项目工程总承包（EPC）三标段中标单位并签订合同，签约合同价65,390万元。",0.9,,,,,,,,,,
EVT-0569,Event,签署罗平县智慧农业EPC三标段工程总承包合同补充协议,,,,,,,,,,,,,,,EVT-0569,重大合同,签署罗平县智慧农业EPC三标段工程总承包合同补充协议,,"因政府土地流转问题，项目实际用地指标发生调整，公司与相关方签署补充协议，签约合同价调整为300,000,000元，建筑面积约78,000平方米。",0.9,,,,,,,,,,
EVT-0570,Event,宜泽康®治疗不可切除EGFR突变非小细胞肺癌III期临床试验完成首例受试者入组,,,,,,,,,,,,,,,EVT-0570,产品,宜泽康®治疗不可切除EGFR突变非小细胞肺癌III期临床试验完成首例受试者入组,,四川百利天恒自主研发的宜泽康®对比BL-B01D1联合奥希替尼与奥希替尼单药的III期随机对照临床试验（PANKU-Lung08）完成首例受试者入组。,0.95,,,,,,,,,,
EVT-0571,Event,宜泽康®2项适应症获得国家药品监督管理局上市批准,,,,,,,,,,,,,,,EVT-0571,产品,宜泽康®2项适应症获得国家药品监督管理局上市批准,,宜泽康®用于复发性或转移性鼻咽癌、复发性或转移性食管鳞癌共2项适应症已获得国家药品监督管理局（NMPA）的上市批准。,0.9,,,,,,,,,,
EVT-0572,Event,越南圣晖中标（越南）金榜厂房一期新建工程（机电工程）,,,,,,,,,,,,,,,EVT-0572,重大合同,越南圣晖中标（越南）金榜厂房一期新建工程（机电工程）,,"公司控股子公司越南圣晖收到纬创资通（越南）有限公司通知，中标（越南）金榜厂房一期新建工程（机电工程），工程总价10,188亿越南盾（未税），约为人民币2.62亿元（未税），尚未签署正式合同。",0.95,,,,,,,,,,
EVT-0573,Event,控股子公司四项抗癫痫药物浓度测定试剂盒医疗器械注册申请获受理,,,,,,,,,,,,,,,EVT-0573,产品,控股子公司四项抗癫痫药物浓度测定试剂盒医疗器械注册申请获受理,,上海透景生命科技股份有限公司控股子公司上海脉示生物技术有限公司申报的四项抗癫痫药物浓度测定试剂盒（液相色谱串联质谱法）第二类体外诊断试剂注册申请获得上海市药品监督管理局受理。,0.9,,,,,,,,,,
EVT-0574,Event,通光强能、通光光缆预中标国家电网2026年输变电项目第四次装置性材料采购,,,,,,,,,,,,,,,EVT-0574,重大合同,通光强能、通光光缆预中标国家电网2026年输变电项目第四次装置性材料采购,2026-09-04,"公司全资子公司通光强能、通光光缆参与国家电网2026年输变电项目第四次装置性材料公开招标采购，预中标金额合计12,950万元，约占2025年经审计营业收入的5.09%。",0.9,,,,,,,,,,
EVT-0575,Event,国家电网发布中标人补充名单，通光光缆进入该项目中标人名单,,,,,,,,,,,,,,,EVT-0575,重大合同,国家电网发布中标人补充名单，通光光缆进入该项目中标人名单,2026-09-09,"国家电网有限公司电子商务平台发布中标人补充名单，通光光缆进入该项目中标人名单，公司此次中标金额仍为12,950万元。",0.9,,,,,,,,,,
EVT-0576,Event,赛博引擎中标数据中心电力模块总集招标项目,,,,,,,,,,,,,,,EVT-0576,重大合同,赛博引擎中标数据中心电力模块总集招标项目,2026-09-09,公司控股子公司赛博引擎中标广东奇创网络科技有限公司某数据中心的电力模块总集招标项目，中标金额合计约1.7亿元，已收到中标通知书但尚未签订正式合同。,0.95,,,,,,,,,,
EVT-0577,Event,FXS5626片获准开展非节段型白癜风II/III期临床试验,,,,,,,,,,,,,,,EVT-0577,产品,FXS5626片获准开展非节段型白癜风II/III期临床试验,,控股子公司复星医药产业收到国家药品监督管理局批准，同意FXS5626片用于治疗非节段型白癜风开展II/III期适应性无缝设计临床试验。,0.95,,,,,,,,,,
EVT-0578,Event,华润双鹤复方葡萄糖/电解质颅脑手术冲洗液获得药品注册证书并获批上市,,,,,,,,,,,,,,,EVT-0578,产品,华润双鹤复方葡萄糖/电解质颅脑手术冲洗液获得药品注册证书并获批上市,2026-09-02,华润双鹤收到国家药监局颁发的复方葡萄糖/电解质颅脑手术冲洗液《药品注册证书》，该药品于2026年9月2日获批上市，视同通过一致性评价。,0.95,,,,,,,,,,
EVT-0579,Event,GZC8072片Ⅰ期临床试验完成首例受试者给药,,,,,,,,,,,,,,,EVT-0579,产品,GZC8072片Ⅰ期临床试验完成首例受试者给药,,甘李药业全资子公司甘李药业山东自主研发的GZC8072片正在中国开展Ⅰ期临床试验，于近日成功完成首例受试者给药。,0.95,,,,,,,,,,
EVT-0580,Event,GZC8072片获得药品临床试验批准通知书,,,,,,,,,,,,,,,EVT-0580,产品,GZC8072片获得药品临床试验批准通知书,,GZC8072片于2026年8月、9月分别获得国家药品监督管理局下发的适应症为肥胖或超重、2型糖尿病的《药品临床试验批准通知书》。,0.9,,,,,,,,,,
EVT-0581,Event,海正动保公司获得复方非泼罗尼吡喹酮莫昔克丁滴剂四类新兽药注册证书,,,,,,,,,,,,,,,EVT-0581,产品,海正动保公司获得复方非泼罗尼吡喹酮莫昔克丁滴剂四类新兽药注册证书,,控股子公司浙江海正动物保健品有限公司收到农业农村部核准签发的复方非泼罗尼吡喹酮莫昔克丁滴剂《新兽药注册证书》，该产品正式获批四类新兽药。,0.95,,,,,,,,,,
EVT-0582,Event,亚康智算与客户C 公司签订《高性能算力云服务协议》,,,,,,,,,,,,,,,EVT-0582,重大合同,亚康智算与客户C 公司签订《高性能算力云服务协议》,,"公司下属公司亚康智算与客户C 公司签订高性能算力云服务协议，含税金额118,841.88万元，租赁期限60个月。",0.95,,,,,,,,,,
EVT-0583,Event,金赛药业GenSci133注射液境内生产药品注册临床试验申请获批准,,,,,,,,,,,,,,,EVT-0583,产品,金赛药业GenSci133注射液境内生产药品注册临床试验申请获批准,,金赛药业收到国家药品监督管理局核准签发的《药物临床试验批准通知书》，其GenSci133注射液境内生产药品注册临床试验申请获得批准，适应症为骨质疏松症。,0.95,,,,,,,,,,
EVT-0584,Event,GZC8072片新适应症获得药物临床试验批准通知书,,,,,,,,,,,,,,,EVT-0584,产品,GZC8072片新适应症获得药物临床试验批准通知书,,甘李药业全资子公司甘李药业山东有限公司收到国家药品监督管理局下发的GZC8072片《药物临床试验批准通知书》，同意开展2型糖尿病适应症的临床试验。,0.95,,,,,,,,,,
EVT-0585,Event,RFUS-949片进入II期临床试验研究,,,,,,,,,,,,,,,EVT-0585,产品,RFUS-949片进入II期临床试验研究,,控股子公司宜昌人福研发的RFUS-949片近日进入II期临床试验研究。,0.95,,,,,,,,,,
EVT-0586,Event,RFUS-949片获得药物临床试验批准通知书,,,,,,,,,,,,,,,EVT-0586,产品,RFUS-949片获得药物临床试验批准通知书,,宜昌人福研发的RFUS-949片于2025年5月获得国家药品监督管理局核准签发的《药物临床试验批准通知书》，获批适应症为急慢性疼痛的治疗。,0.9,,,,,,,,,,
EVT-0587,Event,通光强能、通光光缆预中标国家电网2026年输变电项目第四次装置性材料公开招标采购,,,,,,,,,,,,,,,EVT-0587,重大合同,通光强能、通光光缆预中标国家电网2026年输变电项目第四次装置性材料公开招标采购,2026-09-04,公司全资子公司通光强能、通光光缆成为国家电网有限公司2026年输变电项目第四次装置性材料公开招标采购的推荐中标候选人，合计中标金额12950万元。,0.9,,,,,,,,,,
EVT-0588,Event,东宏股份中标新疆水利电力物资公司2026年钢管采购Ⅲ标,,,,,,,,,,,,,,,EVT-0588,重大合同,东宏股份中标新疆水利电力物资公司2026年钢管采购Ⅲ标,2026-09-01,"公司被确定为新疆维吾尔自治区水利电力物资有限公司2026年钢管采购Ⅲ标的中标人，中标金额人民币144,141,970.11元。",0.95,,,,,,,,,,
EVT-0589,Event,东宏股份被列为钢管采购Ⅲ标第一中标候选人,,,,,,,,,,,,,,,EVT-0589,重大合同,东宏股份被列为钢管采购Ⅲ标第一中标候选人,2026-08-25,公司为新疆维吾尔自治区水利电力物资有限公司2026年钢管采购Ⅲ标的第一中标候选人。,0.85,,,,,,,,,,
EVT-0590,Event,新华医疗取得呼吸门控系统三类医疗器械注册证,,,,,,,,,,,,,,,EVT-0590,产品,新华医疗取得呼吸门控系统三类医疗器械注册证,,山东新华医疗器械股份有限公司收到国家药品监督管理局颁发的呼吸门控系统三类医疗器械注册证，注册证编号国械注准20263051826，批准日期为二〇二六年八月三十一日。,0.95,,,,,,,,,,
EVT-0591,Event,子公司新华手术器械有限公司取得胸腔镜手术器械二类医疗器械注册证,,,,,,,,,,,,,,,EVT-0591,产品,子公司新华手术器械有限公司取得胸腔镜手术器械二类医疗器械注册证,2026-08-24,子公司新华手术器械有限公司收到山东省药品监督管理局颁发的胸腔镜手术器械二类医疗器械注册证，注册证编号鲁械注准20262020338，批准日期为2026年08月24日。,0.95,,,,,,,,,,
EVT-0592,Event,金华市中心医院新院区净化系统采购及安装项目中标结果被废标,,,,,,,,,,,,,,,EVT-0592,重大合同,金华市中心医院新院区净化系统采购及安装项目中标结果被废标,2026-09-01,公司中标的金华市中心医院新院区项目净化系统采购及安装项目，因所投产品未能提供节水认证证书，经采购人复核后中标结果被更正为废标。,0.92,,,,,,,,,,
EVT-0593,Event,全资子公司获得盐酸舍曲林口服溶液药品注册证书,,,,,,,,,,,,,,,EVT-0593,产品,全资子公司获得盐酸舍曲林口服溶液药品注册证书,,公司全资子公司广州一品红制药有限公司收到国家药品监督管理局核准签发的盐酸舍曲林口服溶液《药品注册证书》，视同通过一致性评价。,0.95,,,,,,,,,,
EVT-0594,Event,宜昌人福普瑞巴林缓释片药品注册上市许可申请获国家药监局受理,,,,,,,,,,,,,,,EVT-0594,产品,宜昌人福普瑞巴林缓释片药品注册上市许可申请获国家药监局受理,,人福医药控股子公司宜昌人福收到国家药品监督管理局核准签发的普瑞巴林缓释片药品注册上市许可申请《受理通知书》，该品种境内生产药品注册工作进入审评阶段。,0.95,,,,,,,,,,
EVT-0595,Event,双鹤湘中奥卡西平片(0.15g规格)获得药品注册证书,,,,,,,,,,,,,,,EVT-0595,产品,双鹤湘中奥卡西平片(0.15g规格)获得药品注册证书,2026-08-25,华润双鹤控股子公司双鹤湘中的奥卡西平片(0.15g规格)获国家药监局批准上市并取得《药品注册证书》，视同通过一致性评价。,0.95,,,,,,,,,,
EVT-0596,Event,双鹤湘中奥卡西平片(0.3g规格)获得药品注册证书,,,,,,,,,,,,,,,EVT-0596,产品,双鹤湘中奥卡西平片(0.3g规格)获得药品注册证书,2025-11-12,双鹤湘中于2025年11月12日获得该药品(0.3g规格)《药品注册证书》。,0.85,,,,,,,,,,
EVT-0597,Event,华康世纪收到合江县公共卫生临床医疗救治中心项目中标通知书,,,,,,,,,,,,,,,EVT-0597,重大合同,华康世纪收到合江县公共卫生临床医疗救治中心项目中标通知书,2026-09-01,"公司收到招标单位合江县人民医院发出的《中标通知书》，被确认为“合江县公共卫生临床医疗救治中心(医疗专项建设部分)”中标人，中标金额61,396,866元。",0.95,,,,,,,,,,
EVT-0598,Event,电子血压计医疗器械CE符合性证书延续注册获通过,,,,,,,,,,,,,,,EVT-0598,产品,电子血压计医疗器械CE符合性证书延续注册获通过,2026-09-03,公司申请的电子血压计医疗器械CE符合性证书延续注册申请已通过南德认证检测（中国）有限公司审批。,0.9,,,,,,,,,,
EVT-0599,Event,金赛药业GenSci161注射液境内生产药品注册临床试验申请获受理,,,,,,,,,,,,,,,EVT-0599,产品,金赛药业GenSci161注射液境内生产药品注册临床试验申请获受理,,金赛药业收到国家药品监督管理局核准签发的《受理通知书》，其GenSci161注射液境内生产药品注册临床试验申请获得受理。,0.95,,,,,,,,,,
EVT-0600,Event,九州一轨拟与海兰齐力签订金刚石芯片基板建设项目（一期）变配电工程专业分包合同,,,,,,,,,,,,,,,EVT-0600,重大合同,九州一轨拟与海兰齐力签订金刚石芯片基板建设项目（一期）变配电工程专业分包合同,,"公司拟与关联方海兰齐力签订《建设工程施工专业分包合同》，由其提供金刚石芯片基板建设项目（一期）变配电工程服务，合同金额预计为12,820,459.89元。",0.9,,,,,,,,,,
EVT-0601,Event,九州一轨拟与关联方海兰齐力签订金刚石芯片基板建设项目（一期）变配电工程专业分包合同,,,,,,,,,,,,,,,EVT-0601,重大合同,九州一轨拟与关联方海兰齐力签订金刚石芯片基板建设项目（一期）变配电工程专业分包合同,,"北京九州一轨环境科技股份有限公司拟与北京海兰齐力照明设备安装工程有限公司签订《建设工程施工专业分包合同》，合同金额预计12,820,459.89元，构成关联交易。",0.95,,,,,,,,,,
EVT-0602,Event,Technology Singapore签署编号SGP-HK-B2-001的《设备采购合同》,,,,,,,,,,,,,,,EVT-0602,重大合同,Technology Singapore签署编号SGP-HK-B2-001的《设备采购合同》,,亚康股份下属子公司Technology Singapore作为甲方（需方）与合同相对方就大型设备采购事项签署合同编号为SGP-HK-B2-001的《设备采购合同》，律师就其合法有效性出具法律意见。,0.92,,,,,,,,,,
EVT-0603,Event,控股子公司巨石生物启动SYH2092注射液I期临床试验,,,,,,,,,,,,,,,EVT-0603,产品,控股子公司巨石生物启动SYH2092注射液I期临床试验,,石药创新控股子公司巨石生物获批后已启动SYH2092注射液I期临床试验，该试验为在健康参与者中单次给药的安全性、耐受性、药代动力学和药效学评价。,0.92,,,,,,,,,,
EVT-0604,Event,控股子公司河北透景取得曲霉半乳甘露聚糖检测试剂盒医疗器械注册证,,,,,,,,,,,,,,,EVT-0604,产品,控股子公司河北透景取得曲霉半乳甘露聚糖检测试剂盒医疗器械注册证,,公司控股子公司河北透景于近日取得国家药品监督管理局颁发的1项第三类体外诊断试剂医疗器械注册证，产品为曲霉半乳甘露聚糖检测试剂盒（磁微粒化学发光法）。,0.9,,,,,,,,,,
EVT-0605,Event,中来民生、中来智联联合体中标浙能能服第三批户用光伏项目EPC及运维总承包框架协议采购项目,,,,,,,,,,,,,,,EVT-0605,重大合同,中来民生、中来智联联合体中标浙能能服第三批户用光伏项目EPC及运维总承包框架协议采购项目,2026-08-31,"中来民生及其全资子公司中来智联组成的联合体收到浙能能服第三批户用光伏项目EPC及运维总承包框架协议采购项目《中标通知书》，中标金额为161,272.1万元，并拟与浙能能服签署框架协议。",0.95,,,,,,,,,,
EVT-0606,Event,子公司浙江华海制药科技获得利奥西呱片药品注册证书,,,,,,,,,,,,,,,EVT-0606,产品,子公司浙江华海制药科技获得利奥西呱片药品注册证书,,浙江华海药业股份有限公司下属全资子公司浙江华海制药科技有限公司于近日收到国家药品监督管理局核准签发的利奥西呱片《药品注册证书》，批准文号为国药准字H20265748、H20265749、H20265747。,0.95,,,,,,,,,,
EVT-0607,Event,国药工业盐酸艾司氯胺酮原料药获上市申请批准,,,,,,,,,,,,,,,EVT-0607,产品,国药工业盐酸艾司氯胺酮原料药获上市申请批准,,全资子公司国药集团工业有限公司收到国家药品监督管理局核准签发的《化学原料药上市申请批准通知书》，批准原料药盐酸艾司氯胺酮上市申请。,0.95,,,,,,,,,,
EVT-0608,Event,"中车四方股份公司与江苏永贵签订19,662,000.00元货物买卖合同",,,,,,,,,,,,,,,EVT-0608,重大合同,"中车四方股份公司与江苏永贵签订19,662,000.00元货物买卖合同",,"中车青岛四方机车车辆股份有限公司与浙江永贵电器股份有限公司控股子公司江苏永贵签订货物买卖合同，合同金额合计19,662,000.00元（含税），标的为蓄电池箱。",0.92,,,,,,,,,,
EVT-0609,Event,联合体中标宿城区低空全域智慧运营体系设备采购及配套服务项目,,,,,,,,,,,,,,,EVT-0609,重大合同,联合体中标宿城区低空全域智慧运营体系设备采购及配套服务项目,,"公司作为牵头方与南京莱斯信息技术股份有限公司、中国铁塔股份有限公司江苏省分公司组成的联合体中标宿城区低空全域智慧运营体系设备采购及配套服务项目，中标金额14,888.20万元，公司负责约76.80%的建设内容。",0.95,,,,,,,,,,
EVT-0610,Event,控股子公司SYH2092注射液获得药物临床试验批准通知书,,,,,,,,,,,,,,,EVT-0610,产品,控股子公司SYH2092注射液获得药物临床试验批准通知书,,石药创新制药股份有限公司控股子公司巨石生物收到国家药监局核准签发的关于胰淀素（Amylin）类似物SYH2092注射液的《药物临床试验批准通知书》，将于近期开展临床试验。,0.95,,,,,,,,,,
EVT-0611,Event,重庆永贵收到中车物流两份中标通知书，中标金额合计2441.93万元,,,,,,,,,,,,,,,EVT-0611,重大合同,重庆永贵收到中车物流两份中标通知书，中标金额合计2441.93万元,2026-08-27,"浙江永贵电器股份有限公司控股子公司重庆永贵近日收到中车物流有限公司两份中标通知书，中标金额合计24,419,300.00元（含税），涉及天津项目贯通道集采、嘉兴项目贯通道集采。",0.9,,,,,,,,,,
EVT-0612,Event,宜泽康®HR+HER2-乳腺癌III期临床期中分析达到PFS主要终点,,,,,,,,,,,,,,,EVT-0612,产品,宜泽康®HR+HER2-乳腺癌III期临床期中分析达到PFS主要终点,,公司自主研发的宜泽康®（伦康依隆妥单抗，BL-B01D1/iza-bren）在HR+HER2-乳腺癌III期临床试验（BL-B01D1-306）中，经独立数据监查委员会判断，预设期中分析达到无进展生存期（PFS）主要终点。,0.95,,,,,,,,,,
EVT-0613,Event,宜泽康®2项适应症获NMPA上市批准,,,,,,,,,,,,,,,EVT-0613,产品,宜泽康®2项适应症获NMPA上市批准,,宜泽康®用于复发性或转移性鼻咽癌、复发性或转移性食管鳞癌共2项适应症已获得国家药品监督管理局（NMPA）的上市批准。,0.9,,,,,,,,,,
EVT-0614,Event,宜泽康®三阴乳腺癌上市申请获CDE受理,,,,,,,,,,,,,,,EVT-0614,产品,宜泽康®三阴乳腺癌上市申请获CDE受理,,宜泽康®用于治疗局部晚期或转移性三阴乳腺癌的药品上市申请（NDA）已获得CDE受理。,0.9,,,,,,,,,,
EVT-0615,Event,罗博特科调整日常经营重大合同自愿性披露标准,,,,,,,,,,,,,,,EVT-0615,重大经营,罗博特科调整日常经营重大合同自愿性披露标准,2026-08-24,公司召开第四届董事会第九次会议，审议通过调整日常经营重大合同自愿性披露标准的议案，将单笔合同自愿披露门槛由1亿元提高至2亿元并新增收入占比条件。,0.9,,,,,,,,,,
EVT-0616,Event,蒙草生态为乌拉特后旗三北工程林草湿荒一体化保护修复项目（2026年度）施工六标段第一中标候选人,,,,,,,,,,,,,,,EVT-0616,重大合同,蒙草生态为乌拉特后旗三北工程林草湿荒一体化保护修复项目（2026年度）施工六标段第一中标候选人,2026-08-26,"公司参加该项目投标，据内蒙古自治区公共资源交易网2026年8月26日公示信息，公司为第一中标候选人，本项目拟定中标价95,404,908元。",0.95,,,,,,,,,,
EVT-0617,Event,电投能源及附属公司与财资公司签订《金融服务框架协议》,,,,,,,,,,,,,,,EVT-0617,重大合同,电投能源及附属公司与财资公司签订《金融服务框架协议》,,"公司及旗下附属公司拟与财资公司签订《金融服务框架协议》，由财资公司提供资金监控、结算、融资等金融服务，每日最高存款余额原则上不超过等值1,000万美元，协议有效期一年。",0.95,,,,,,,,,,
EVT-0618,Event,电投能源董事会审议通过与财资公司签订金融服务框架协议暨关联交易议案,,,,,,,,,,,,,,,EVT-0618,重大经营,电投能源董事会审议通过与财资公司签订金融服务框架协议暨关联交易议案,2026-08-24,公司于2026年8月24日召开第八届董事会第八次会议，审议通过《关于与国家电投香港财资管理有限公司签订〈金融服务框架协议〉暨关联交易的议案》，关联董事回避表决。,0.9,,,,,,,,,,
EVT-0619,Event,电投能源与国家电投香港财资管理有限公司签署《金融服务框架协议》,,,,,,,,,,,,,,,EVT-0619,重大合同,电投能源与国家电投香港财资管理有限公司签署《金融服务框架协议》,,内蒙古电投能源股份有限公司与国家电投香港财资管理有限公司达成《金融服务框架协议》，由乙方为甲方及旗下附属公司提供非独家金融服务。,0.9,,,,,,,,,,
EVT-0620,Event,电投能源拟与财资公司签订《金融服务框架协议》,,,,,,,,,,,,,,,EVT-0620,重大合同,电投能源拟与财资公司签订《金融服务框架协议》,2026-08-24,公司拟与国家电投香港财资管理有限公司签订金融服务框架协议，办理存款、结算等业务，该事项经第八届董事会第八次会议审议通过。,0.95,,,,,,,,,,
EVT-0621,Event,财资公司披露2023-2025年利润总额等主要财务数据,,,,,,,,,,,,,,,EVT-0621,业绩,财资公司披露2023-2025年利润总额等主要财务数据,,公告披露财资公司2023-2025年实现利润总额分别为7.47亿元、8.25亿元、9.88亿元。,0.7,,,,,,,,,,
EVT-0622,Event,欣可丽美学代理申报的MaiLi Precise获医疗器械注册证并上市批准,,,,,,,,,,,,,,,EVT-0622,产品,欣可丽美学代理申报的MaiLi Precise获医疗器械注册证并上市批准,2026-08-25,华东医药全资子公司欣可丽美学（杭州）医疗科技有限公司收到NMPA签发的三类医疗器械注册证，其代理申报的含利多卡因注射用交联透明质酸钠凝胶MaiLi Precise注册申请获得上市批准，为国内首款治疗眶下凹陷的注射产品。,0.95,,,,,,,,,,
EVT-0623,Event,HDP-101联合用药临床试验申请获国家药监局批准,,,,,,,,,,,,,,,EVT-0623,产品,HDP-101联合用药临床试验申请获国家药监局批准,,华东医药全资子公司中美华东收到国家药监局核准签发的《药物临床试验批准通知书》，HDP-101/HDM2027联合用药临床试验申请获批准。,0.92,,,,,,,,,,
EVT-0624,Event,HDP-101单药研究完成中国首例受试者给药,,,,,,,,,,,,,,,EVT-0624,产品,HDP-101单药研究完成中国首例受试者给药,,HDP-101单药研究于2026年3月完成中国首例受试者给药，目前研究正在进行中。,0.85,,,,,,,,,,
EVT-0625,Event,华东医药投资控股（香港）取得Heidelberg Pharma 35%股权,,,,,,,,,,,,,,,EVT-0625,投资并购,华东医药投资控股（香港）取得Heidelberg Pharma 35%股权,2022-02-28,2022年2月，华东医药全资子公司华东医药投资控股（香港）有限公司与Heidelberg Pharma达成股权投资协议，取得其35%股权并成为第二大股东。,0.88,,,,,,,,,,
EVT-0626,Event,中美华东与Heidelberg Pharma达成产品独家许可协议,,,,,,,,,,,,,,,EVT-0626,重大合同,中美华东与Heidelberg Pharma达成产品独家许可协议,2022-02-28,中美华东与Heidelberg Pharma达成产品独家许可协议，获得包括HDP-101在内的2款在研产品在20个亚洲国家和地区的独家开发及商业化权益。,0.85,,,,,,,,,,
EVT-0627,Event,东宏股份预中标新疆水利电力物资2026年钢管采购Ⅲ标,,,,,,,,,,,,,,,EVT-0627,重大合同,东宏股份预中标新疆水利电力物资2026年钢管采购Ⅲ标,2026-08-21,"东宏股份成为新疆维吾尔自治区水利电力物资有限公司2026年钢管采购Ⅲ标第一中标候选人，投标报价144,141,970.11元，公示期2026年8月21日至2026年8月25日。",0.92,,,,,,,,,,
EVT-0628,Event,签订《合作框架协议》暨关联交易预计,,,,,,,,,,,,,,,EVT-0628,重大合同,签订《合作框架协议》暨关联交易预计,,公司拟与关联方芜湖联飞、哈尔滨联飞签署《合作框架协议》，约定自协议生效之日起至2027年12月31日，公司及下属子公司向两家关联方采购无人机整机及配件、支付代理经销保证金等交易总额预计不超过2.00亿元。,0.95,,,,,,,,,,
EVT-0629,Event,甲磺酸溴隐亭片获得药品注册证书,,,,,,,,,,,,,,,EVT-0629,产品,甲磺酸溴隐亭片获得药品注册证书,,公司收到国家药监局颁发的甲磺酸溴隐亭片《药品注册证书》（证书编号：2026S03012），批准该药品生产。,0.95,,,,,,,,,,
EVT-0630,Event,咪达唑仑注射液获得英国MHRA上市许可,,,,,,,,,,,,,,,EVT-0630,产品,咪达唑仑注射液获得英国MHRA上市许可,2026-08-21,控股子公司宜昌人福收到英国药品和健康产品管理局（MHRA）核准签发的咪达唑仑注射液上市许可批准信，被批准用于清醒镇静、麻醉诱导前术前用药及ICU镇静等适应症，有效期5年。,0.95,,,,,,,,,,
EVT-0631,Event,创新药APH03867片获药物临床试验批准通知书,,,,,,,,,,,,,,,EVT-0631,产品,创新药APH03867片获药物临床试验批准通知书,,全资子公司广州一品红制药有限公司自主研发的创新药APH03867片临床试验申请获国家药品监督管理局批准并收到《药物临床试验批准通知书》，将开展痛风伴高尿酸血症适应症临床试验。,0.95,,,,,,,,,,
EVT-0632,Event,赛特公司获克立硼罗软膏补充申请批准并成为药品上市许可持有人,,,,,,,,,,,,,,,EVT-0632,产品,赛特公司获克立硼罗软膏补充申请批准并成为药品上市许可持有人,,控股子公司赛特公司收到国家药品监督管理局核准签发的克立硼罗软膏《药品补充申请批准通知书》，同意赛特公司作为该药品上市许可持有人，持有人由浙江赛默制药有限公司变更而来。,0.95,,,,,,,,,,
EVT-0633,Event,华润双鹤盐酸利多卡因凝胶获得药品注册证书,,,,,,,,,,,,,,,EVT-0633,产品,华润双鹤盐酸利多卡因凝胶获得药品注册证书,,华润双鹤收到国家药监局颁发的盐酸利多卡因凝胶《药品注册证书》，视同通过一致性评价。,0.92,,,,,,,,,,
EVT-0634,Event,武汉华康世纪洁净科技股份有限公司中标合江县公共卫生临床医疗救治中心(医疗专项建设部分)项目,,,,,,,,,,,,,,,EVT-0634,重大合同,武汉华康世纪洁净科技股份有限公司中标合江县公共卫生临床医疗救治中心(医疗专项建设部分)项目,2026-08-19,"公司参与“合江县公共卫生临床医疗救治中心(医疗专项建设部分)”投标，中标价61,396,866元，中标结果于2026年8月19日在泸州市政务服务和公共资源交易中心公告。",0.95,,,,,,,,,,
EVT-0635,Event,天津跃峰与中海油签署定制化工作筒本体物资采购专有协议,,,,,,,,,,,,,,,EVT-0635,重大合同,天津跃峰与中海油签署定制化工作筒本体物资采购专有协议,,公司控股子公司天津跃峰与中海油签署《工程技术公司定制化工作筒本体物资采购专有协议（主合同）》，主合同为固定单价合同。,0.95,,,,,,,,,,
EVT-0636,Event,巨石生物启动SYS6090注射液Ib/II期临床试验,,,,,,,,,,,,,,,EVT-0636,产品,巨石生物启动SYS6090注射液Ib/II期临床试验,,巨石生物启动评价SYS6090注射液联合治疗肝细胞癌的Ib/Ⅱ期临床试验（SYS6090-007）。,0.95,,,,,,,,,,
EVT-0637,Event,SYS6090注射液获药物临床试验批准通知书,,,,,,,,,,,,,,,EVT-0637,产品,SYS6090注射液获药物临床试验批准通知书,,巨石生物于2026年7月收到国家药品监督管理局签发的SYS6090注射液药物临床试验批准通知书。,0.9,,,,,,,,,,
EVT-0638,Event,罗博特科与公司I 的子公司签订1620.65 万美元耦合设备及服务订单,,,,,,,,,,,,,,,EVT-0638,重大合同,罗博特科与公司I 的子公司签订1620.65 万美元耦合设备及服务订单,2026-08-19,"罗博特科与纳斯达克上市公司公司I 的子公司签订单笔日常经营合同，金额约1,620.65 万美元（折合人民币1.09 亿元），标的为量产化耦合设备及相关服务订单。",0.95,,,,,,,,,,
EVT-0639,Event,中标南方电网2026年配网设备第一批框架招标项目,,,,,,,,,,,,,,,EVT-0639,重大合同,中标南方电网2026年配网设备第一批框架招标项目,,"公司成为南方电网公司2026年配网设备第一批框架招标项目中标人，中标金额合计约为30,441.89万元。",0.95,,,,,,,,,,
EVT-0640,Event,奥克斯智能科技预中标南方电网2026年配网设备第一批框架招标项目,,,,,,,,,,,,,,,EVT-0640,重大合同,奥克斯智能科技预中标南方电网2026年配网设备第一批框架招标项目,,"公司下属全资子公司奥克斯智能科技在南方电网公司2026年配网设备第一批框架招标项目中被推荐为中标候选人，预计中标金额约20,463.42万元。",0.95,,,,,,,,,,
EVT-0641,Event,子公司小儿复方氨基酸注射液（18AA-I）取得缅甸卫生部药品注册证书,,,,,,,,,,,,,,,EVT-0641,产品,子公司小儿复方氨基酸注射液（18AA-I）取得缅甸卫生部药品注册证书,,津药药业子公司津药和平的小儿复方氨基酸注射液（18AA-I）收到缅甸卫生部药品注册证书，可在缅甸生产并销售。,0.92,,,,,,,,,,
EVT-0642,Event,全资子公司创新药APH04935片获得药物临床试验批准通知书,,,,,,,,,,,,,,,EVT-0642,产品,全资子公司创新药APH04935片获得药物临床试验批准通知书,,一品红药业集团股份有限公司全资子公司自主研发的创新药物APH04935片的临床试验申请获国家药品监督管理局批准，同意开展体重控制适应症临床试验。,0.95,,,,,,,,,,
EVT-0643,Event,复星医药产业FXS7553治疗慢性阻塞性肺疾病启动Ⅱ期临床试验,,,,,,,,,,,,,,,EVT-0643,产品,复星医药产业FXS7553治疗慢性阻塞性肺疾病启动Ⅱ期临床试验,,控股子公司复星医药产业就FXS7553（原项目代号：XH-S004）用于治疗慢性阻塞性肺疾病在中国境内启动Ⅱ期临床试验。,0.9,,,,,,,,,,
EVT-0644,Event,血糖仪及血糖试纸医疗器械注册证变更获广东省药品监督管理局受理,,,,,,,,,,,,,,,EVT-0644,产品,血糖仪及血糖试纸医疗器械注册证变更获广东省药品监督管理局受理,,公司申报的血糖仪、血糖试纸（葡萄糖脱氢酶法）医疗器械注册证变更事项获得广东省药品监督管理局受理。,0.95,,,,,,,,,,
EVT-0645,Event,新北洋独家中标中国邮政速递物流济宁、漯河邮件处理中心工艺设备采购项目,,,,,,,,,,,,,,,EVT-0645,重大合同,新北洋独家中标中国邮政速递物流济宁、漯河邮件处理中心工艺设备采购项目,2026-08-12,山东新北洋信息技术股份有限公司收到中电商务（北京）有限公司签发的中标通知书，成为济宁、漯河邮件处理中心工程工艺设备采购项目独家中标人，预计项目总额约1.1亿元。,0.95,,,,,,,,,,
EVT-0646,Event,智慧石油与中国海油签订南海22/05合同区石油合同,,,,,,,,,,,,,,,EVT-0646,重大合同,智慧石油与中国海油签订南海22/05合同区石油合同,2022-02-15,智慧石油与中国海洋石油集团有限公司正式签订《中国南海22/05合同区石油合同》，成为合同区作业者。,0.95,,,,,,,,,,
EVT-0647,Event,WZ10-11E-1井完钻未发现有效油气层,,,,,,,,,,,,,,,EVT-0647,重大经营,WZ10-11E-1井完钻未发现有效油气层,,WZ10-11E-1井已完成钻完井作业，完钻井深2150米，经综合评价无有效油气层发现。,0.9,,,,,,,,,,
EVT-0648,Event,WZ10-11W-1井预计2026年8月13日启动作业,,,,,,,,,,,,,,,EVT-0648,重大经营,WZ10-11W-1井预计2026年8月13日启动作业,2026-08-13,智慧石油计划部署探井WZ10-11W-1井，钻前准备工作及作业许可基本完成，预计于2026年8月13日正式启动作业。,0.9,,,,,,,,,,
EVT-0649,Event,WZ10-11W-1井钻井总承包合同,,,,,,,,,,,,,,,EVT-0649,重大合同,WZ10-11W-1井钻井总承包合同,2026-08-13,承包商中海油田服务股份有限公司按发包方设计提供钻井平台进行钻井总包作业，合同自双方签字之日起生效。,0.85,,,,,,,,,,
EVT-0650,Event,围海股份参与的联合体签署乐平市农产品智慧仓储和物流设施建设项目施工合同,,,,,,,,,,,,,,,EVT-0650,重大合同,围海股份参与的联合体签署乐平市农产品智慧仓储和物流设施建设项目施工合同,,"浙江省围海建设集团股份有限公司与江西磻溪建设工程有限公司、中外建工程设计与顾问有限公司、江西金浔有色工程技术有限公司组成联合体，与发包人乐平市国有资产经营管理集团有限公司签署乐平市农产品智慧仓储和物流设施建设项目施工合同，签约合同价881,913,461.93元，工期730日历天。",0.95,,,,,,,,,,
EVT-0651,Event,中复凯与梅河口如实签订50MW/100MWh调频储能电站项目EPC总承包合同,,,,,,,,,,,,,,,EVT-0651,重大合同,中复凯与梅河口如实签订50MW/100MWh调频储能电站项目EPC总承包合同,,"全资子公司中复凯与梅河口如实签订调频储能电站项目EPC总承包合同，签约总价99,800,000元（含税）。",0.92,,,,,,,,,,
EVT-0652,Event,金赛药业GenSci148注射液境内生产药品注册临床试验申请获批准,,,,,,,,,,,,,,,EVT-0652,产品,金赛药业GenSci148注射液境内生产药品注册临床试验申请获批准,,金赛药业收到国家药品监督管理局核准签发的《药物临床试验批准通知书》，其GenSci148注射液境内生产药品注册临床试验申请获得批准。,0.95,,,,,,,,,,
EVT-0653,Event,布瑞哌唑口崩片获得药品注册证书并批准生产,,,,,,,,,,,,,,,EVT-0653,产品,布瑞哌唑口崩片获得药品注册证书并批准生产,,公司收到国家药监局颁发的布瑞哌唑口崩片（规格：2mg；1mg）《药品注册证书》，批准该药品生产。,0.95,,,,,,,,,,
EVT-0654,Event,大冢制药布瑞哌唑口崩片获日本批准上市,,,,,,,,,,,,,,,EVT-0654,产品,大冢制药布瑞哌唑口崩片获日本批准上市,2021-08-17,由大冢制药研制的布瑞哌唑口崩片最早于2021年8月17日获日本批准上市。,0.7,,,,,,,,,,
EVT-0655,Event,洛索洛芬钠贴剂获得药品注册证书,,,,,,,,,,,,,,,EVT-0655,产品,洛索洛芬钠贴剂获得药品注册证书,,公司收到国家药品监督管理局颁发的洛索洛芬钠贴剂《药品注册证书》，批准该药品生产，并视同通过一致性评价。,0.95,,,,,,,,,,
EVT-0656,Event,布瑞哌唑片获得药品注册证书,,,,,,,,,,,,,,,EVT-0656,产品,布瑞哌唑片获得药品注册证书,,公司收到国家药品监督管理局颁发的布瑞哌唑片《药品注册证书》，该药品批准注册。,0.95,,,,,,,,,,
EVT-0657,Event,赛特公司硫酸阿米卡星注射液获补充申请批准并通过仿制药一致性评价,,,,,,,,,,,,,,,EVT-0657,产品,赛特公司硫酸阿米卡星注射液获补充申请批准并通过仿制药一致性评价,,公司控股子公司赛特公司收到国家药品监督管理局颁发的硫酸阿米卡星注射液《药品补充申请批准通知书》，该药品通过仿制药质量和疗效一致性评价。,0.95,,,,,,,,,,
EVT-0658,Event,东宏股份与万华化学集团物资有限公司签订《采购框架合同》,,,,,,,,,,,,,,,EVT-0658,重大合同,东宏股份与万华化学集团物资有限公司签订《采购框架合同》,,"公司中标后与万华化学集团物资有限公司签订采购框架合同，合同预估总金额为人民币18,000万元，实际执行金额以具体订单为准。",0.95,,,,,,,,,,
EVT-0659,Event,普瑞巴林缓释片完成Ⅲ期临床试验登记公示,,,,,,,,,,,,,,,EVT-0659,产品,普瑞巴林缓释片完成Ⅲ期临床试验登记公示,,华润双鹤全资子公司双鹤利民的普瑞巴林缓释片完成Ⅲ期临床试验登记公示，试验结论显示对带状疱疹后神经痛疗效确切且安全性良好。,0.92,,,,,,,,,,
EVT-0660,Event,双鹤利民获得普瑞巴林缓释片药物临床试验批准通知书,,,,,,,,,,,,,,,EVT-0660,产品,双鹤利民获得普瑞巴林缓释片药物临床试验批准通知书,,双鹤利民于2024年3月获得普瑞巴林缓释片《药物临床试验批准通知书》，批准开展用于治疗带状疱疹后神经痛的临床试验。,0.8,,,,,,,,,,
EVT-0661,Event,天邑股份签订中国电信家庭FTTR产品（2026年-2027年）集中采购项目框架协议,,,,,,,,,,,,,,,EVT-0661,重大合同,天邑股份签订中国电信家庭FTTR产品（2026年-2027年）集中采购项目框架协议,2026-08-03,公司收到与中国电信集团有限公司、中国电信股份有限公司签订返回的《中国电信家庭FTTR 产品（2026 年-2027 年）集中采购项目设备及相关服务采购框架协议——四川天邑》，签署时间为2026年8月3日，协议有效期至2027年4月30日。,0.95,,,,,,,,,,
EVT-0662,Event,智慧石油与中国海油签订渤海09/17石油合同,,,,,,,,,,,,,,,EVT-0662,重大合同,智慧石油与中国海油签订渤海09/17石油合同,2019-04-12,智慧石油通过对外合作招标取得渤海09/17区块勘探开发权益，并与中国海油签订产品分成合同。,0.95,,,,,,,,,,
EVT-0663,Event,渤海09/17合同区3口探井完成钻探并获油气发现,,,,,,,,,,,,,,,EVT-0663,重大经营,渤海09/17合同区3口探井完成钻探并获油气发现,,智慧石油部署的QK17-1-5、QK18-9-8、QK18-9-9三口探井完成钻探，在馆陶组、沙河街组、奥陶系等获油气发现。,0.9,,,,,,,,,,
EVT-0664,Event,国药江苏威奇达获得富马酸伏诺拉生原料药上市申请批准通知书,,,,,,,,,,,,,,,EVT-0664,产品,国药江苏威奇达获得富马酸伏诺拉生原料药上市申请批准通知书,2026-08-03,全资孙公司国药江苏威奇达收到国家药监局核准签发的富马酸伏诺拉生《化学原料药上市申请批准通知书》，于2026年8月3日通过审评。,0.9,,,,,,,,,,
EVT-0665,Event,透景生命完成肺癌甲基化产品变更注册,,,,,,,,,,,,,,,EVT-0665,产品,透景生命完成肺癌甲基化产品变更注册,,公司收到国家药品监督管理局颁发的《医疗器械变更注册（备案）文件》，完成人SHOX2、RASSF1A基因甲基化DNA检测试剂盒（PCR荧光法）原注册证相关事项的变更。,0.9,,,,,,,,,,
EVT-0666,Event,透景生命及康录生物多项医疗器械注册申请获受理,,,,,,,,,,,,,,,EVT-0666,产品,透景生命及康录生物多项医疗器械注册申请获受理,,控股子公司康录生物及公司申报的多个医疗器械注册申请分别获得国家药品监督管理局或上海市药品监督管理局的受理，共4项产品。,0.9,,,,,,,,,,
EVT-0667,Event,行云科技全资子公司签署重大合同之补充协议,,,,,,,,,,,,,,,EVT-0667,重大合同,行云科技全资子公司签署重大合同之补充协议,2026-08-03,湖南麓骏律师事务所就行云科技股份有限公司全资子公司签署重大合同之补充协议出具法律意见书并签署。,0.65,,,,,,,,,,
EVT-0668,Event,武汉华康世纪预中标江西省鹰潭市人民医院病房改造项目,,,,,,,,,,,,,,,EVT-0668,重大合同,武汉华康世纪预中标江西省鹰潭市人民医院病房改造项目,2026-08-03,"公司参与江西省鹰潭市人民医院病房改造项目投标，被公示为第一名中标候选人，投标报价146,728,408.77元。",0.95,,,,,,,,,,
EVT-0669,Event,天津跃峰中标海油发展定制化工作筒本体物资采购专有协议招标项目,,,,,,,,,,,,,,,EVT-0669,重大合同,天津跃峰中标海油发展定制化工作筒本体物资采购专有协议招标项目,,"天津跃峰收到招标单位中海油能源发展股份有限公司发来的《中标通知书》，成为主协议中标人，中标金额约人民币112,383,618.9元。",0.95,,,,,,,,,,
EVT-0670,Event,子公司签署6艘成品油/原油两用油轮建造合同,,,,,,,,,,,,,,,EVT-0670,重大合同,子公司签署6艘成品油/原油两用油轮建造合同,,"公司海工板块全资子公司与国际知名船东下属子公司签署6艘114,000DWT成品油/原油两用油轮建造合同，金额约4.2-4.8亿美元，已于近日签约生效。",0.95,,,,,,,,,,
EVT-0671,Event,注射用BL-B01D1（皮下注射）获药物临床试验批准,,,,,,,,,,,,,,,EVT-0671,产品,注射用BL-B01D1（皮下注射）获药物临床试验批准,,公司自主研发的注射用BL-B01D1（皮下注射）临床试验获得国家药品监督管理局批准，同意单药在晚期实体瘤患者中开展临床试验。,0.95,,,,,,,,,,
EVT-0672,Event,伦康依隆妥单抗国内获批上市,,,,,,,,,,,,,,,EVT-0672,产品,伦康依隆妥单抗国内获批上市,,公司自主研发的伦康依隆妥单抗（BL-B01D1/iza-bren）已于2026年6月在国内获批上市，为静脉输注给药，共2项适应症。,0.85,,,,,,,,,,
EVT-0673,Event,乳果糖口服溶液上市许可持有人变更为国药致君坪山,,,,,,,,,,,,,,,EVT-0673,产品,乳果糖口服溶液上市许可持有人变更为国药致君坪山,2026-07-31,国家药品监督管理局核准签发《药品补充申请批准通知书》，同意乳果糖口服溶液（15ml:10g）上市许可持有人变更为国药致君坪山。,0.95,,,,,,,,,,
EVT-0674,Event,国药致君坪山与安徽美来签署《药品上市许可转让合同》,,,,,,,,,,,,,,,EVT-0674,重大合同,国药致君坪山与安徽美来签署《药品上市许可转让合同》,2025-10-31,安徽美来将乳果糖口服溶液（15ml:10g）药品上市许可转让予国药致君坪山。,0.9,,,,,,,,,,
EVT-0675,Event,巨石生物启动SYS6041联合用药II期临床试验,,,,,,,,,,,,,,,EVT-0675,产品,巨石生物启动SYS6041联合用药II期临床试验,,控股子公司巨石生物近日启动评价SYS6041联合用药治疗复发性卵巢癌有效性和安全性的开放、多队列、多中心II期临床试验。,0.92,,,,,,,,,,
EVT-0676,Event,荣鑫科技中标中国工商银行2026年度网点新型客户交互终端项目,,,,,,,,,,,,,,,EVT-0676,重大合同,荣鑫科技中标中国工商银行2026年度网点新型客户交互终端项目,,控股子公司荣鑫科技收到中信国际招标有限公司签发的《中标通知书》，被确认为中国工商银行股份有限公司2026年度网点新型客户交互终端项目中标人。,0.95,,,,,,,,,,
EVT-0677,Event,瑞西奇拜单抗注射液获批上市,,,,,,,,,,,,,,,EVT-0677,产品,瑞西奇拜单抗注射液获批上市,,国家药品监督管理局通过优先审评审批程序批准华奥泰申报的瑞西奇拜单抗注射液（商品名：华亦净）上市，用于治疗成人（体重≥40kg）泛发性脓疱型银屑病发作。,0.95,,,,,,,,,,
EVT-0678,Event,圣晖集成收到庆鼎精密电子(淮安)有限公司HD01HD02厂房工程中标通知,,,,,,,,,,,,,,,EVT-0678,重大合同,圣晖集成收到庆鼎精密电子(淮安)有限公司HD01HD02厂房工程中标通知,2026-07-29,圣晖系统集成集团股份有限公司收到庆鼎精密电子(淮安)有限公司通知，拟受托承作HD01HD02厂房一期内装一二次配工程&固资项目，工程&固资总价预计8.58亿元（未税），尚未签署正式合同。,0.95,,,,,,,,,,
EVT-0679,Event,全资子公司安徽福元获批丙酸氟替卡松乳膏增加规格补充申请,,,,,,,,,,,,,,,EVT-0679,产品,全资子公司安徽福元获批丙酸氟替卡松乳膏增加规格补充申请,,公司全资子公司福元药业有限公司收到国家药监局颁发的丙酸氟替卡松乳膏《药品补充申请批准通知书》，批准该药品新增0.05%（25g:12.5mg）、0.05%（10g:5mg）规格。,0.95,,,,,,,,,,
EVT-0680,Event,注射用HB0043新增皮下注射给药途径获国家药监局同意开展临床试验,,,,,,,,,,,,,,,EVT-0680,产品,注射用HB0043新增皮下注射给药途径获国家药监局同意开展临床试验,,华奥泰和华博生物就注射用HB0043项目新增皮下注射给药途径提交临床试验申请并获受理，近日国家药监局同意该药物开展临床试验。,0.92,,,,,,,,,,
EVT-0681,Event,注射用HB0043在新西兰开展的Ia期临床试验获批并已结束,,,,,,,,,,,,,,,EVT-0681,产品,注射用HB0043在新西兰开展的Ia期临床试验获批并已结束,,2025年5月华奥泰获新西兰药品和医疗器械安全管理局、健康及残疾伦理委员会批准在新西兰开展注射用HB0043的Ia期临床试验，该试验已于2026年4月顺利结束，安全性、耐受性良好。,0.9,,,,,,,,,,
EVT-0682,Event,注射用HB0043获国家药监局批准开展临床试验,,,,,,,,,,,,,,,EVT-0682,产品,注射用HB0043获国家药监局批准开展临床试验,,2025年7月，华奥泰和华博生物获得国家药监局批准开展注射用HB0043的临床试验。,0.9,,,,,,,,,,
EVT-0683,Event,注射用HB0043获美国食品药品监督管理局批准开展I期临床试验,,,,,,,,,,,,,,,EVT-0683,产品,注射用HB0043获美国食品药品监督管理局批准开展I期临床试验,2025-09-18,2025年9月，华奥泰获得美国食品药品监督管理局批准开展注射用HB0043的I期临床试验。,0.9,,,,,,,,,,
EVT-0684,Event,海正杭州公司磷酸氟达拉滨注射液ANDA获美国FDA批准,,,,,,,,,,,,,,,EVT-0684,产品,海正杭州公司磷酸氟达拉滨注射液ANDA获美国FDA批准,,海正药业全资子公司海正杭州公司向美国FDA申报的磷酸氟达拉滨注射液新药简略申请（ANDA）获得批准，可在美国市场销售该产品。,0.95,,,,,,,,,,
EVT-0685,Event,酒石酸长春瑞滨软胶囊获得药品注册证书,,,,,,,,,,,,,,,EVT-0685,产品,酒石酸长春瑞滨软胶囊获得药品注册证书,2026-07-25,全资子公司人福普克药业（武汉）有限公司收到国家药品监督管理局核准签发的酒石酸长春瑞滨软胶囊《药品注册证书》，该产品获批用于不可手术切除的局部晚期或转移性非小细胞肺癌和转移性乳腺癌的单药或联合化疗。,0.95,,,,,,,,,,
EVT-0686,Event,东宏股份收到中色股份B项目选厂预制管段及管件（标段二）中标通知书,,,,,,,,,,,,,,,EVT-0686,重大合同,东宏股份收到中色股份B项目选厂预制管段及管件（标段二）中标通知书,,"公司收到中标通知书，被确定为中色股份B项目选厂预制管段及管件（标段二）的中标人，中标金额人民币151,736,669.00元。",0.95,,,,,,,,,,
EVT-0687,Event,全资子公司获得苯溴马隆片《药品注册证书》,,,,,,,,,,,,,,,EVT-0687,产品,全资子公司获得苯溴马隆片《药品注册证书》,,公司全资子公司广州一品红制药有限公司收到国家药品监督管理局核准签发的苯溴马隆片《药品注册证书》，批准注册并核发药品批准文号国药准字H20265212。,0.95,,,,,,,,,,
EVT-0688,Event,金赛药业注射用GenSci136临床试验申请获受理,,,,,,,,,,,,,,,EVT-0688,产品,金赛药业注射用GenSci136临床试验申请获受理,,金赛药业收到国家药品监督管理局核准签发的《受理通知书》，其注射用GenSci136境内生产药品注册临床试验申请获得受理，适应症为系统性红斑狼疮（SLE）。,0.95,,,,,,,,,,
EVT-0689,Event,金冠股份更正近期中标项目及中标金额,,,,,,,,,,,,,,,EVT-0689,重大合同,金冠股份更正近期中标项目及中标金额,2026-07-22,"金冠股份更正前期中标公告，更正后近期中标国家电网及其下属公司、浙江交投、吉林吉润、吉林碳谷的相关项目，中标金额合计约为人民币15,705.39万元。",0.9,,,,,,,,,,
EVT-0690,Event,金冠股份及能瑞电力中标国家电网等公司项目,,,,,,,,,,,,,,,EVT-0690,重大合同,金冠股份及能瑞电力中标国家电网等公司项目,,"金冠股份及全资子公司能瑞电力近期中标国家电网及其下属公司、浙江交投、吉林吉润、吉林碳谷的相关项目，中标金额合计约15,705.39万元。",0.92,,,,,,,,,,
EVT-0691,Event,平治信息成为成都数据集团天府智算中心（四期）项目算力服务采购项目第一中标候选人,,,,,,,,,,,,,,,EVT-0691,重大合同,平治信息成为成都数据集团天府智算中心（四期）项目算力服务采购项目第一中标候选人,,"成都数据集团股份有限公司天府智算中心（四期）项目算力服务采购项目公示中标候选人，杭州平治信息技术股份有限公司为第一中标候选人，项目资金预算为人民币30,000万元。",0.95,,,,,,,,,,
EVT-0692,Event,天顺风能子公司获国际船东2+2艘原油油轮建造合同,,,,,,,,,,,,,,,EVT-0692,重大合同,天顺风能子公司获国际船东2+2艘原油油轮建造合同,,"国际某知名船东下属子公司向天顺风能海工板块全资子公司采购2+2艘113,800DWT原油油轮，合同总金额折合人民币约18.74亿元。",0.9,,,,,,,,,,
EVT-0693,Event,中复凯中标梅河口如实新盛50MW/100MWh调频储能电站项目,,,,,,,,,,,,,,,EVT-0693,重大合同,中复凯中标梅河口如实新盛50MW/100MWh调频储能电站项目,2026-07-13,"公司全资子公司中复凯收到招标人梅河口如实新盛新能源有限公司发出的中标通知书，中标价为9,980万元，占公司2025年度经审计营业收入的34.05%。",0.95,,,,,,,,,,
EVT-0694,Event,控股子公司心电工作站第二类医疗器械注册证变更获批,,,,,,,,,,,,,,,EVT-0694,产品,控股子公司心电工作站第二类医疗器械注册证变更获批,,控股子公司深圳市瑞康宏业科技开发有限公司申报的心电工作站第二类医疗器械注册证变更事项经广东省药品监督管理局审批通过，公司按最新强制性标准更新产品技术要求。,0.95,,,,,,,,,,
EVT-0695,Event,公司与SA供应商签署算力服务合同及算力服务框架合作协议,,,,,,,,,,,,,,,EVT-0695,重大合同,公司与SA供应商签署算力服务合同及算力服务框架合作协议,2026-07-20,公司与某国资SA供应商签署《算力服务合同》及《算力服务框架合作协议》，采购32套GPU算力服务，含税总金额2.9957亿元，并达成128套算力服务总框架协议。,0.95,,,,,,,,,,
EVT-0696,Event,控股股东一致行动人增持公司股份,,,,,,,,,,,,,,,EVT-0696,股权,控股股东一致行动人增持公司股份,2026-05-08,"控股股东、实际控制人王维之一致行动人深圳市云拥国际贸易合伙企业（有限合伙）通过集中竞价方式累计增持公司股份4,885,063股，占总股本0.53%。",0.85,,,,,,,,,,
EVT-0697,Event,伦康依隆妥单抗/宜泽康食管癌晚期二线适应症上市申请获批准,,,,,,,,,,,,,,,EVT-0697,产品,伦康依隆妥单抗/宜泽康食管癌晚期二线适应症上市申请获批准,,公司收到国家药品监督管理局《药品注册证书》，批准伦康依隆妥单抗/宜泽康（BL-B01D1/iza-bren）食管癌晚期二线适应症的上市申请。,0.92,,,,,,,,,,
EVT-0698,Event,伦康依隆妥单抗治疗复发或转移性鼻咽癌获NMPA上市批准,,,,,,,,,,,,,,,EVT-0698,产品,伦康依隆妥单抗治疗复发或转移性鼻咽癌获NMPA上市批准,,除本次获得药品注册批准外，伦康依隆妥单抗用于治疗复发或转移性鼻咽癌已获得国家药品监督管理局（NMPA）的上市批准。,0.85,,,,,,,,,,
EVT-0699,Event,湖南透景注销26项医疗器械注册证,,,,,,,,,,,,,,,EVT-0699,产品,湖南透景注销26项医疗器械注册证,2026-07-10,湖南透景因业务布局优化与内部资源整合，完成26项医疗器械注册证的注销手续。,0.95,,,,,,,,,,
EVT-0700,Event,江西透景取得医疗器械生产许可证,,,,,,,,,,,,,,,EVT-0700,产品,江西透景取得医疗器械生产许可证,,江西透景已建成洁净厂房并取得江西省药品监督管理局颁发的《医疗器械生产许可证》，具备替代湖南透景原有产品的生产条件。,0.9,,,,,,,,,,
EVT-0701,Event,乐心医疗完成电子血压计医疗器械CE符合性证书变更,,,,,,,,,,,,,,,EVT-0701,产品,乐心医疗完成电子血压计医疗器械CE符合性证书变更,,公司申请的电子血压计医疗器械CE符合性证书变更通过审批，在原证书产品型号列表中新增强产品型号BBY31-BT、BBY31、BBY36-BT、BBY36。,0.92,,,,,,,,,,
EVT-0702,Event,天邑股份确定为《中国电信天翼智屏产品（2026年）集中采购项目》成交人,,,,,,,,,,,,,,,EVT-0702,重大合同,天邑股份确定为《中国电信天翼智屏产品（2026年）集中采购项目》成交人,2026-07-01,公司披露收到《成交通知书》的公告，确定公司为《中国电信天翼智屏产品（2026 年）集中采购项目》成交人。,0.92,,,,,,,,,,
EVT-0703,Event,天邑股份与中国电信签订天翼智屏产品集中采购项目设备及相关服务采购框架协议,,,,,,,,,,,,,,,EVT-0703,重大合同,天邑股份与中国电信签订天翼智屏产品集中采购项目设备及相关服务采购框架协议,2026-07-13,公司收到与中国电信集团有限公司、中国电信股份有限公司签订返回的《中国电信天翼智屏产品（2026 年）集中采购项目设备及相关服务采购框架协议——天邑康和》，签署时间为2026年7月13日。,0.92,,,,,,,,,,
EVT-0704,Event,巨石生物启动SYS6043 Ⅲ期临床试验,,,,,,,,,,,,,,,EVT-0704,产品,巨石生物启动SYS6043 Ⅲ期临床试验,,控股子公司巨石生物经国家药品监督管理局III期临床试验批准后，启动评价SYS6043对比研究者选择的化疗用于铂耐药晚期卵巢癌、原发性腹膜癌及输卵管癌参与者的随机、多中心、开放标签Ⅲ期临床试验。,0.95,,,,,,,,,,
EVT-0705,Event,移动式C 形臂X 射线机取得二类医疗器械注册证,,,,,,,,,,,,,,,EVT-0705,产品,移动式C 形臂X 射线机取得二类医疗器械注册证,2026-06-29,山东新华医疗器械股份有限公司的移动式C 形臂X 射线机获得山东省药品监督管理局颁发的二类医疗器械注册证，注册证编号鲁械注准20262060279。,0.95,,,,,,,,,,
EVT-0706,Event,尿道膀胱镜取得二类医疗器械注册证,,,,,,,,,,,,,,,EVT-0706,产品,尿道膀胱镜取得二类医疗器械注册证,2026-07-03,子公司新华手术器械有限公司的尿道膀胱镜获得山东省药品监督管理局颁发的二类医疗器械注册证，注册证编号鲁械注准20262060283。,0.95,,,,,,,,,,
EVT-0707,Event,智慧石油与中国海油签订南海22/05合同区石油合同,,,,,,,,,,,,,,,EVT-0707,重大合同,智慧石油与中国海油签订南海22/05合同区石油合同,2022-02-15,智慧石油与中国海油就南海22/05区块合作达成一致并签订为期30年的产品分成合同。,0.95,,,,,,,,,,
EVT-0708,Event,WZ10-11E-1井钻前准备完成并正式启动作业,,,,,,,,,,,,,,,EVT-0708,重大经营,WZ10-11E-1井钻前准备完成并正式启动作业,,WZ10-11E-1井钻前准备与海上钻探作业许可手续全部完成，按钻井承包商计划正式启动作业。,0.9,,,,,,,,,,
EVT-0709,Event,中海油服为智慧石油提供钻井总包作业服务,,,,,,,,,,,,,,,EVT-0709,重大合同,中海油服为智慧石油提供钻井总包作业服务,,按钻井总承包合同，承包商提供钻井平台为发包方进行钻井总包作业。,0.85,,,,,,,,,,
EVT-0710,Event,中海艾普承担WZ10-11E-1井试油工作,,,,,,,,,,,,,,,EVT-0710,重大合同,中海艾普承担WZ10-11E-1井试油工作,,确定中海艾普承担南海22/05合同区WZ10-11E-1井试油工作。,0.85,,,,,,,,,,
EVT-0711,Event,公司与关联方财金集团签订最高额借款合同,,,,,,,,,,,,,,,EVT-0711,重大合同,公司与关联方财金集团签订最高额借款合同,2026-06-17,公司向财金集团申请2.6亿元最高额借款额度并签订《最高额借款合同》，额度有效期自2026年6月17日起至2027年6月16日止，固定年利率5.80%。,0.92,,,,,,,,,,
EVT-0712,Event,泉兴科技拟将所持公司股份无偿划转给财金集团和山东财汇控股集团,,,,,,,,,,,,,,,EVT-0712,股权,泉兴科技拟将所持公司股份无偿划转给财金集团和山东财汇控股集团,,"泉兴科技拟将持有的公司448,114,580股全部无偿划转，其中362,972,810股划转给财金集团、85,141,770股划转给山东财汇控股集团有限公司，完成后控股股东变更为财金集团。",0.9,,,,,,,,,,
EVT-0713,Event,海正药业获得来特莫韦片药品注册证书,,,,,,,,,,,,,,,EVT-0713,产品,海正药业获得来特莫韦片药品注册证书,,浙江海正药业股份有限公司于近日收到国家药监局核准签发的来特莫韦片《药品注册证书》，该药品按化学药品4类获批上市，视同通过一致性评价。,0.95,,,,,,,,,,
EVT-0714,Event,北京中兰与韶关复通签订固废资源再利用--无机纤维新材料项目工程总承包合同,,,,,,,,,,,,,,,EVT-0714,重大合同,北京中兰与韶关复通签订固废资源再利用--无机纤维新材料项目工程总承包合同,2026-07-13,"中兰环保全资子公司北京中兰作为施工总承包方与关联方韶关复通协商一致，签署《建设项目工程总承包合同》，合同价（含税）为人民币18,560万元，工期730天。",0.95,,,,,,,,,,
EVT-0715,Event,金智信息中标华虹集成电路（成都）有限公司生产厂房网络布线及安装工程采购项目,,,,,,,,,,,,,,,EVT-0715,重大合同,金智信息中标华虹集成电路（成都）有限公司生产厂房网络布线及安装工程采购项目,,"公司全资子公司金智信息中标华虹集成电路（成都）有限公司生产厂房网络布线及安装工程采购项目，中标金额3,339.233万元，中标通知书已收到、合同尚未签署。",0.95,,,,,,,,,,
EVT-0716,Event,DR10624注射液临床试验申请获中国NMPA批准,,,,,,,,,,,,,,,EVT-0716,产品,DR10624注射液临床试验申请获中国NMPA批准,,道尔生物申报的DR10624注射液药品临床试验申请获中国NMPA批准，可在中国开展治疗成人射血分数保留/射血分数轻度降低的心力衰竭临床试验。,0.95,,,,,,,,,,
EVT-0717,Event,双水平正压通气治疗机取得医疗器械注册证,,,,,,,,,,,,,,,EVT-0717,产品,双水平正压通气治疗机取得医疗器械注册证,,公司于近日取得河北省药品监督管理局颁发的双水平正压通气治疗机医疗器械注册证。,0.9,,,,,,,,,,
EVT-0718,Event,医用红外体温计等三项医疗器械注册证变更,,,,,,,,,,,,,,,EVT-0718,产品,医用红外体温计等三项医疗器械注册证变更,,公司医用红外体温计、输液泵和血氧心电设备数据管理软件的医疗器械注册证发生变更。,0.9,,,,,,,,,,
EVT-0719,Event,智慧石油与蒙古国矿产石油局签署Ergel-12合同区产品分成合同,,,,,,,,,,,,,,,EVT-0719,重大合同,智慧石油与蒙古国矿产石油局签署Ergel-12合同区产品分成合同,2016-09-09,智慧石油于2016年9月9日与蒙古国矿产石油局在乌兰巴托签署《Ergel-12合同区产品分成合同》。,0.9,,,,,,,,,,
EVT-0720,Event,蒙古Ergel-12区块2026年度钻探作业正式启动,,,,,,,,,,,,,,,EVT-0720,重大经营,蒙古Ergel-12区块2026年度钻探作业正式启动,2026-07-12,蒙古Ergel-12区块2026年度钻探作业已完成审批及钻前工作，于2026年7月12日正式启动钻探作业。,0.9,,,,,,,,,,
EVT-0721,Event,圣晖集成及子公司签署淮安第二园区厂房机电安装与固定资产采购合同,,,,,,,,,,,,,,,EVT-0721,重大合同,圣晖集成及子公司签署淮安第二园区厂房机电安装与固定资产采购合同,,公司与庆鼎精密电子（淮安）有限公司、上海经安建筑设计院有限公司签署《建设工程三方合作合同》，控股子公司深圳鼎贸与庆鼎精密电子（淮安）有限公司签署《固定资产采购合同》，合同总金额3.36亿元（未税）。,0.95,,,,,,,,,,
EVT-0722,Event,天顺风能海工板块全资子公司新签海上风电海工订单约2.6亿元,,,,,,,,,,,,,,,EVT-0722,重大合同,天顺风能海工板块全资子公司新签海上风电海工订单约2.6亿元,2026-07-11,公司海工板块全资子公司新获取深能汕尾红海湾六海上风电项目海工支撑桩及广西钦州900MW海上风电示范项目II标段单桩订单约2.6亿元人民币。,0.9,,,,,,,,,,
EVT-0723,Event,甘精胰岛素注射液（预填充笔）获得洪都拉斯药品注册批件,,,,,,,,,,,,,,,EVT-0723,产品,甘精胰岛素注射液（预填充笔）获得洪都拉斯药品注册批件,,甘李药业收到洪都拉斯国家药品监督管理局核准签发的甘精胰岛素注射液（预填充笔）注册批件，批件号HN-BT-0426-0005。,0.95,,,,,,,,,,
EVT-0724,Event,签订武汉***新能源（二期）项目钢结构成品构件电商化采购合同,,,,,,,,,,,,,,,EVT-0724,重大合同,签订武汉***新能源（二期）项目钢结构成品构件电商化采购合同,,"公司与中建三局云采科技有限公司签订《武汉***新能源（二期）项目钢结构成品构件电商化采购合同》，合同暂定含税金额为507,952,785.60元人民币。",0.95,,,,,,,,,,
EVT-0725,Event,倍他米松原料药获巴西ANVISA批准,,,,,,,,,,,,,,,EVT-0725,产品,倍他米松原料药获巴西ANVISA批准,,津药药业股份有限公司收到巴西卫生监督局签发的倍他米松原料药批准通知，该药品获批上市。,0.95,,,,,,,,,,
EVT-0726,Event,铜冠矿建中标贵州时代矿业大坪磷矿竖井掘砌工程,,,,,,,,,,,,,,,EVT-0726,重大合同,铜冠矿建中标贵州时代矿业大坪磷矿竖井掘砌工程,,"公司收到贵州时代矿业有限公司发出的《中标通知书》，中标金额人民币325,439,885.92元（含增值税）。",0.95,,,,,,,,,,
EVT-0727,Event,中建联合签订济南励新实验中学建设项目施工总承包合同,,,,,,,,,,,,,,,EVT-0727,重大合同,中建联合签订济南励新实验中学建设项目施工总承包合同,,"德才股份控股子公司青岛中建联合集团有限公司作为联合体牵头人，与济南市市中区房地产开发集团有限公司签订济南励新实验中学建设项目施工总承包合同，签约合同价520,009,760.38元（含税），合同工期365个日历天。",0.95,,,,,,,,,,
EVT-0728,Event,青龙管业签订龙江河谷灌区工程PCCP管材采购合同,,,,,,,,,,,,,,,EVT-0728,重大合同,青龙管业签订龙江河谷灌区工程PCCP管材采购合同,,"青龙管业集团股份有限公司收到双方签字盖章的《采购合同》，向河池市龙江河谷灌区开发建设有限公司提供PCCP管材及相关服务，合同金额556,537,680.00元，供货期限48个月。",0.95,,,,,,,,,,
EVT-0729,Event,公司中标江夏楚能项目和孝感楚能项目钢结构工程,,,,,,,,,,,,,,,EVT-0729,重大合同,公司中标江夏楚能项目和孝感楚能项目钢结构工程,,"公司收到中建三局第一建设工程有限责任公司钢结构分公司签发的《中标通知书》，被确定为江夏楚能项目和孝感楚能项目钢结构工程的中标单位，中标价暂定人民币507,952,785.60元。",0.95,,,,,,,,,,
EVT-0730,Event,神州鲲泰中标中国移动PC服务器集中采购项目并签署框架协议,,,,,,,,,,,,,,,EVT-0730,重大合同,神州鲲泰中标中国移动PC服务器集中采购项目并签署框架协议,,神州鲲泰收到中国邮电器材集团有限公司发来的《中标通知书》，并与中国移动通信有限公司签署2026年至2027年PC服务器产品集中采购框架协议，成为中国移动该项目供应商。,0.95,,,,,,,,,,
EVT-0731,Event,子公司铜冠矿建（赞比亚）有限公司签订谦比希铜矿东南矿2026-2027年度外委采矿掘进合同,,,,,,,,,,,,,,,EVT-0731,重大合同,子公司铜冠矿建（赞比亚）有限公司签订谦比希铜矿东南矿2026-2027年度外委采矿掘进合同,,"公司子公司铜冠矿建（赞比亚）有限公司与中色非洲矿业有限公司于近日签订《谦比希铜矿东南矿2026-2027 年度外委采矿掘进合同》，合同金额暂定为92,000,000.00 美元（不含增值税），合同工期为2026 年7 月1 日至2027 年12 月31 日。",0.95,,,,,,,,,,
EVT-0732,Event,左甲状腺素钠片增加50μg规格补充申请获批,,,,,,,,,,,,,,,EVT-0732,产品,左甲状腺素钠片增加50μg规格补充申请获批,,公司收到国家药监局颁发的《药品补充申请批准通知书》，批准左甲状腺素钠片增加50μg（以左甲状腺素钠计）规格补充申请，核发新的药品批准文号，视同通过一致性评价。,0.95,,,,,,,,,,
EVT-0733,Event,讯奇信息与中国移动签订绿色多频段基站天线产品集中采购框架协议,,,,,,,,,,,,,,,EVT-0733,重大合同,讯奇信息与中国移动签订绿色多频段基站天线产品集中采购框架协议,,"讯奇信息收到与中国移动通信有限公司签订的《中国移动2026年绿色多频段基站天线产品（补充采购）集中采购框架协议》，含税总金额不超过5,823.87万元，实际执行金额以具体订单为准。",0.95,,,,,,,,,,
EVT-0734,Event,青龙管业被确定为2026年混塔项目混塔段物资框架采购拟中标人,,,,,,,,,,,,,,,EVT-0734,重大合同,青龙管业被确定为2026年混塔项目混塔段物资框架采购拟中标人,2026-07-01,"青龙管业收到中船科技采购与供应链管理部签发的《拟中标通知书》，被确认为2026年混塔项目混塔段物资框架采购拟中标人，中标金额49,689.79万元，占公司2025年度经审计营业总收入的18.91%。",0.95,,,,,,,,,,
EVT-0735,Event,上海神州数码有限公司成为国产智算Token工厂项目第一中标候选人,,,,,,,,,,,,,,,EVT-0735,重大合同,上海神州数码有限公司成为国产智算Token工厂项目第一中标候选人,2026-06-30,"中国招标投标公共服务平台发布《国产智算Token工厂项目评标结果公示》，公司全资子公司上海神州数码有限公司为第一中标候选人，投标报价71,700万元，尚处公示期。",0.95,,,,,,,,,,
EVT-0736,Event,甲泼尼龙片获得白俄罗斯共和国卫生部药品注册证书,,,,,,,,,,,,,,,EVT-0736,产品,甲泼尼龙片获得白俄罗斯共和国卫生部药品注册证书,,津药药业股份有限公司的甲泼尼龙片取得白俄罗斯共和国卫生部药品注册证书，可在白俄罗斯市场生产销售。,0.95,,,,,,,,,,
EVT-0737,Event,联合体中标新建伊宁至阿克苏铁路施工总价承包S2标段,,,,,,,,,,,,,,,EVT-0737,重大合同,联合体中标新建伊宁至阿克苏铁路施工总价承包S2标段,,"新疆北新路桥集团股份有限公司与新疆兵团市政轨道交通（集团）有限公司组成的联合体被确定为新建伊宁至阿克苏铁路施工总价承包S2标段中标人，中标金额1,973,381,548.00元。",0.95,,,,,,,,,,
EVT-0738,Event,与关联方云南交投新材料有限公司签订钢筋采购合同,,,,,,,,,,,,,,,EVT-0738,重大合同,与关联方云南交投新材料有限公司签订钢筋采购合同,,公司为推进镇雄县第二污水处理厂及配套管网工程项目建设，与关联方云南交投新材料有限公司签订《钢筋采购合同协议书》，采购钢筋物资，合同金额646.85万元。,0.93,,,,,,,,,,
EVT-0739,Event,来特莫韦原料药获得《化学原料药上市申请批准通知书》并通过CDE技术审评,,,,,,,,,,,,,,,EVT-0739,产品,来特莫韦原料药获得《化学原料药上市申请批准通知书》并通过CDE技术审评,,浙江海正药业股份有限公司收到国家药监局核准签发的来特莫韦原料药《化学原料药上市申请批准通知书》，该原料药通过CDE技术审评，登记平台状态显示为“A”。,0.95,,,,,,,,,,
EVT-0740,Event,巨石生物启动SYS6010-015 Ⅲ期临床试验,,,,,,,,,,,,,,,EVT-0740,产品,巨石生物启动SYS6010-015 Ⅲ期临床试验,,巨石生物启动并公示SYS6010联合恩朗苏拜单抗辅助治疗已切除的Ⅱ-ⅢB期驱动基因阴性、未达到MPR非小细胞肺癌的随机对照、开放Ⅲ期临床试验（SYS6010-015）。,0.95,,,,,,,,,,
EVT-0741,Event,北新路桥参与联合体中标S611线公路设计施工总承包项目,,,,,,,,,,,,,,,EVT-0741,重大合同,北新路桥参与联合体中标S611线公路设计施工总承包项目,,"新疆兵团勘测设计院集团股份有限公司（牵头人）、本公司、新疆双河工程建设有限责任公司组成的联合体被确定为S611线第五师保尔德电站-83团公路（设计施工总承包）中标人，中标金额278,440,432.25元。",0.95,,,,,,,,,,
EVT-0742,Event,北新路桥中标景礼高速公路景泰至靖远段土建工程施工分包项目,,,,,,,,,,,,,,,EVT-0742,重大合同,北新路桥中标景礼高速公路景泰至靖远段土建工程施工分包项目,2026-06-30,"公司被确定为S35景礼高速公路景泰至靖远段总承包一标K0+800~K16+196.5段土建工程施工分包中标人，中标金额539,723,426.00元。",0.9,,,,,,,,,,
EVT-0743,Event,全资子公司江西透景取得医疗器械注册证,,,,,,,,,,,,,,,EVT-0743,产品,全资子公司江西透景取得医疗器械注册证,2026-06-18,江西透景于近日取得江西省药品监督管理局颁发的全自动化学发光免疫分析仪医疗器械注册证，注册证有效期自2026年06月18日至2031年06月17日。,0.95,,,,,,,,,,
EVT-0744,Event,甘精胰岛素注射液获洪都拉斯药品注册批件,,,,,,,,,,,,,,,EVT-0744,产品,甘精胰岛素注射液获洪都拉斯药品注册批件,,甘李药业收到洪都拉斯国家药品监督管理局核准签发的甘精胰岛素注射液注册批件。,0.95,,,,,,,,,,
EVT-0745,Event,甘李药业披露甘精胰岛素项目累计研发投入,,,,,,,,,,,,,,,EVT-0745,重大经营,甘李药业披露甘精胰岛素项目累计研发投入,2026-03-31,截至2026年3月31日，甘李药业在甘精胰岛素项目中累计投入研发费用9.44亿元人民币。,0.9,,,,,,,,,,
EVT-0746,Event,HB0017注射液境内生产药品注册上市许可申请获受理,,,,,,,,,,,,,,,EVT-0746,产品,HB0017注射液境内生产药品注册上市许可申请获受理,,华海药业子公司华奥泰收到国家药监局签发的HB0017注射液境内生产药品注册上市许可申请《受理通知书》。,0.95,,,,,,,,,,
EVT-0747,Event,HB0017注射液关键性临床试验达到主要疗效终点,,,,,,,,,,,,,,,EVT-0747,产品,HB0017注射液关键性临床试验达到主要疗效终点,2025-11-20,2025年11月，公司HB0017注射液用于治疗银屑病的关键性临床试验达到主要疗效终点和所有关键次要疗效终点。,0.9,,,,,,,,,,
EVT-0748,Event,联合体中标乐平市农产品智慧仓储和物流设施建设项目,,,,,,,,,,,,,,,EVT-0748,重大合同,联合体中标乐平市农产品智慧仓储和物流设施建设项目,2026-06-24,"江西省公共资源数智交易平台确定由江西磻溪建设工程有限公司（牵头方）、中外建工程设计与顾问有限公司、浙江省围海建设集团股份有限公司、江西金浔有色工程技术有限公司组成的联合体为该项目勘察、设计、采购、施工总承包中标单位，中标金额881,913,461.93元。",0.95,,,,,,,,,,
EVT-0749,Event,联合体预中标大理市再生水资源综合利用项目（一期）EPC,,,,,,,,,,,,,,,EVT-0749,重大合同,联合体预中标大理市再生水资源综合利用项目（一期）EPC,2026-06-23,"水电公司与西南交通建设集团股份有限公司等组成的联合体预中标大理市再生水资源综合利用项目（一期）工程总承包（EPC），预中标金额32,346.39万元。",0.95,,,,,,,,,,
EVT-0750,Event,九州一轨及全资子公司河南陆创签订金刚石芯片基板建设项目（一期）总承包合同,,,,,,,,,,,,,,,EVT-0750,重大合同,九州一轨及全资子公司河南陆创签订金刚石芯片基板建设项目（一期）总承包合同,,公司及全资子公司河南陆创拟与参股公司通创九州签订金刚石芯片基板建设项目（一期）总承包合同，公司任施工总承包单位、河南陆创任设计单位。,0.95,,,,,,,,,,
EVT-0751,Event,公司与江苏通用半导体共同投资设立北京通创九州金刚石科技有限公司,,,,,,,,,,,,,,,EVT-0751,投资并购,公司与江苏通用半导体共同投资设立北京通创九州金刚石科技有限公司,2026-04-27,"北京通创九州金刚石科技有限公司为公司（持股40%）与江苏通用半导体有限公司（持股60%）共同投资设立的合资公司，注册资本20,000万元，成立日期为2026年4月27日。",0.8,,,,,,,,,,
EVT-0752,Event,九州一轨及河南陆创拟与通创九州签订金刚石芯片基板建设项目（一期）总承包合同,,,,,,,,,,,,,,,EVT-0752,重大合同,九州一轨及河南陆创拟与通创九州签订金刚石芯片基板建设项目（一期）总承包合同,,"公司及全资子公司河南陆创拟与关联方通创九州签订总承包合同，公司任施工总承包单位，河南陆创任设计单位，签约含税价107,380,000.00元。",0.95,,,,,,,,,,
EVT-0753,Event,圣晖集成印尼合资签署厂房建设项目合同,,,,,,,,,,,,,,,EVT-0753,重大合同,圣晖集成印尼合资签署厂房建设项目合同,,"圣晖集成控股子公司印尼合资与客户PT.Hardases Abadi Indonesia签署「PT.HAI F12及F12-1胶底与鞋类生产厂房建设」项目合同，合同总金额5,628亿印尼卢比（约2.23亿人民币）。",0.95,,,,,,,,,,
EVT-0754,Event,新华医疗子公司新华手术器械有限公司取得内窥镜手术动力系统二类医疗器械注册证,,,,,,,,,,,,,,,EVT-0754,产品,新华医疗子公司新华手术器械有限公司取得内窥镜手术动力系统二类医疗器械注册证,2026-06-16,新华医疗子公司新华手术器械有限公司收到山东省药品监督管理局颁发的内窥镜手术动力系统二类医疗器械注册证，注册证编号鲁械注准20262010272，批准日期为2026年6月16日。,0.95,,,,,,,,,,
EVT-0755,Event,国药工业获得盐酸纳布啡注射液药品注册证书,,,,,,,,,,,,,,,EVT-0755,产品,国药工业获得盐酸纳布啡注射液药品注册证书,,国药集团工业有限公司收到国家药品监督管理局核准签发的盐酸纳布啡注射液《药品注册证书》，获批适应症为作为镇痛药用于复合麻醉时的麻醉诱导。,0.95,,,,,,,,,,
EVT-0756,Event,国药川抗获得硫酸羟氯喹片药品注册证书,,,,,,,,,,,,,,,EVT-0756,产品,国药川抗获得硫酸羟氯喹片药品注册证书,,国药集团川抗制药有限公司收到国家药品监督管理局核准签发的硫酸羟氯喹片《药品注册证书》，该药品主要用于治疗类风湿关节炎等疾病。,0.95,,,,,,,,,,
EVT-0757,Event,自贡广联与航空工业集团下属某单位签署零件加工采购合同,,,,,,,,,,,,,,,EVT-0757,重大合同,自贡广联与航空工业集团下属某单位签署零件加工采购合同,,"公司全资子公司自贡广联与航空工业集团下属某单位签署《零件加工采购合同》，合同含税金额6,454.70万元，标的为一批大型固定翼无人机复合材料机翼壁板组件。",0.95,,,,,,,,,,
EVT-0758,Event,北京中兰拟中标固废资源再利用--无机纤维新材料项目建筑施工总承包,,,,,,,,,,,,,,,EVT-0758,重大合同,北京中兰拟中标固废资源再利用--无机纤维新材料项目建筑施工总承包,,"中兰环保全资子公司北京中兰环境工程有限公司为“固废资源再利用--无机纤维新材料项目建筑施工总承包”项目中标供应商，中标含税总金额18,560万元，目前处于中标候选人公示阶段。",0.95,,,,,,,,,,
EVT-0759,Event,水电公司中标塔里木河干流盖孜库木片区生态综合治理项目施工标段,,,,,,,,,,,,,,,EVT-0759,重大合同,水电公司中标塔里木河干流盖孜库木片区生态综合治理项目施工标段,2026-06-22,"大禹节水全资子公司水电公司中标新疆维吾尔自治区阿克苏地区塔里木河干流盖孜库木片区生态综合治理项目施工标段，中标金额31,661.63万元，并收到中标通知书。",0.95,,,,,,,,,,
EVT-0760,Event,伦康依隆妥单抗获批上市,,,,,,,,,,,,,,,EVT-0760,产品,伦康依隆妥单抗获批上市,,公司收到国家药品监督管理局《药品注册证书》，批准自主研发的EGFR×HER3双抗ADC伦康依隆妥单抗上市。,0.95,,,,,,,,,,
EVT-0761,Event,伦康依隆妥单抗两项适应症上市申请获CDE受理,,,,,,,,,,,,,,,EVT-0761,产品,伦康依隆妥单抗两项适应症上市申请获CDE受理,,伦康依隆妥单抗用于治疗复发性或转移性食管鳞癌、局部晚期或转移性三阴乳腺癌的药品上市申请（NDA）已获得CDE受理。,0.9,,,,,,,,,,
EVT-0762,Event,德才股份全资子公司联合体中标济南励新实验中学建设项目施工总承包,,,,,,,,,,,,,,,EVT-0762,重大合同,德才股份全资子公司联合体中标济南励新实验中学建设项目施工总承包,2026-06-22,"公司全资子公司青岛中建联合集团有限公司与济南市市中区房地产开发集团建筑装修有限公司组成的联合体成为济南励新实验中学建设项目施工总承包中标单位，中标金额520,009,760.38元（含税）。",0.92,,,,,,,,,,
EVT-0763,Event,阿瑞匹坦化学原料药上市申请获批,,,,,,,,,,,,,,,EVT-0763,产品,阿瑞匹坦化学原料药上市申请获批,,公司收到国家药品监督管理局颁发的阿瑞匹坦《化学原料药上市申请批准通知书》，该药品批准上市申请。,0.92,,,,,,,,,,
EVT-0764,Event,盐酸他喷他多口服溶液获得药物临床试验批准通知书,,,,,,,,,,,,,,,EVT-0764,产品,盐酸他喷他多口服溶液获得药物临床试验批准通知书,2026-04-07,国家药品监督管理局核准签发盐酸他喷他多口服溶液《药物临床试验批准通知书》，同意该品开展用于儿童镇痛的随机对照临床研究。,0.95,,,,,,,,,,
EVT-0765,Event,签署乌兰布和沙漠锁边项目工程总承包（EPC）合同,,,,,,,,,,,,,,,EVT-0765,重大合同,签署乌兰布和沙漠锁边项目工程总承包（EPC）合同,,"蒙草生态与蔚来林草、中铁三局、中科广盛组成联合体，与发包人签署工程总承包合同，合同金额277,280,000元。",0.95,,,,,,,,,,
EVT-0766,Event,蒙草生态与蓝马园林联合体签署腾格里沙漠林草带巩固建设项目施工合同,,,,,,,,,,,,,,,EVT-0766,重大合同,蒙草生态与蓝马园林联合体签署腾格里沙漠林草带巩固建设项目施工合同,,"蒙草生态、蓝马园林与阿拉善左旗科学技术和林业草原局签署施工合同，合同金额310,861,200元，公司作为联合体成员承担对应合同金额241,890,985元。",0.95,,,,,,,,,,
EVT-0767,Event,金赛药业注射用醋酸曲普瑞林（II）获得《药品注册证书》,,,,,,,,,,,,,,,EVT-0767,产品,金赛药业注射用醋酸曲普瑞林（II）获得《药品注册证书》,,长春金赛药业有限责任公司收到国家药品监督管理局核准签发的《药品注册证书》，其注射用醋酸曲普瑞林（II）境内生产药品注册上市许可申请获得批准。,0.95,,,,,,,,,,
EVT-0768,Event,青龙管业中标广西桂西北治旱龙江河谷灌区工程PCCP管材采购项目,,,,,,,,,,,,,,,EVT-0768,重大合同,青龙管业中标广西桂西北治旱龙江河谷灌区工程PCCP管材采购项目,2026-06-21,"青龙管业被确认为广西桂西北治旱龙江河谷灌区工程PCCP管材采购（重）的中标单位，中标金额556,537,680.00元。",0.95,,,,,,,,,,
EVT-0769,Event,甘精胰岛素注射液（预填充笔）获得阿联酋药品注册批件,,,,,,,,,,,,,,,EVT-0769,产品,甘精胰岛素注射液（预填充笔）获得阿联酋药品注册批件,,甘李药业欧洲有限责任公司收到阿拉伯联合酋长国药品管理局核准签发的甘精胰岛素注射液（预填充笔）注册批件。,0.95,,,,,,,,,,
EVT-0770,Event,APH03867片临床试验申请获国家药品监督管理局受理,,,,,,,,,,,,,,,EVT-0770,产品,APH03867片临床试验申请获国家药品监督管理局受理,,全资子公司广州一品红制药有限公司自主研发的创新药物APH03867片的药物临床试验申请获得国家药品监督管理局受理并收到《受理通知书》。,0.95,,,,,,,,,,
EVT-0771,Event,全资子公司中复凯签订储能电站EPC总承包合同,,,,,,,,,,,,,,,EVT-0771,重大合同,全资子公司中复凯签订储能电站EPC总承包合同,,"中复凯收到滕州市西岗镇200MW/400MWh储能电站项目（一期100MW/200MWh）EPC总承包中标信息，并与中能谷晶签订《工程EPC总承包合同》，暂定总价194,000,000元（含税）。",0.95,,,,,,,,,,
EVT-0772,Event,德才装饰全资子公司联合体预中标济南励新实验中学建设项目施工总承包,,,,,,,,,,,,,,,EVT-0772,重大合同,德才装饰全资子公司联合体预中标济南励新实验中学建设项目施工总承包,2026-06-15,"全国公共资源交易平台(山东省·济南市)发布《济南励新实验中学建设项目施工总承包拟定中标人公示》，德才装饰全资子公司青岛中建联合集团有限公司与济南市市中区房地产开发集团建筑装修有限公司联合体为中标候选人，中标价520,009,760.38元。",0.9,,,,,,,,,,
EVT-0773,Event,克立硼罗软膏获得药品注册证书,,,,,,,,,,,,,,,EVT-0773,产品,克立硼罗软膏获得药品注册证书,,公司收到国家药监局颁发的克立硼罗软膏《药品注册证书》（证书编号：2026S01924），批准该药品生产，视同通过一致性评价。,0.95,,,,,,,,,,
EVT-0774,Event,子公司获得三款药品注册证书,,,,,,,,,,,,,,,EVT-0774,产品,子公司获得三款药品注册证书,2026-06-10,华润双鹤全资及控股子公司分别获得利格列汀二甲双胍片(Ⅱ)、黄体酮注射液(Ⅱ)和氢溴酸伏硫西汀片《药品注册证书》。,0.95,,,,,,,,,,
EVT-0775,Event,利格列汀二甲双胍片(Ⅱ)获批上市,,,,,,,,,,,,,,,EVT-0775,产品,利格列汀二甲双胍片(Ⅱ)获批上市,2026-06-10,华润赛科利格列汀二甲双胍片(Ⅱ)获国家药监局批准上市，视同通过一致性评价。,0.95,,,,,,,,,,
EVT-0776,Event,深圳行云与VB 客户签署《算力服务协议》,,,,,,,,,,,,,,,EVT-0776,重大合同,深圳行云与VB 客户签署《算力服务协议》,,"行云科技全资子公司深圳市行云控股有限责任公司与VB 客户签署《算力服务协议》，所涉总金额约人民币101,376 万元，构成日常经营重大合同。",0.9,,,,,,,,,,
EVT-0777,Event,阳光电源披露2026年半年度业绩,,,,,,,,,,,,,,,EVT-0777,业绩,阳光电源披露2026年半年度业绩,2026-08-28,阳光电源发布2026年半年度报告摘要，营业收入约309.12亿元同比下降28.99%，归母净利润约52.59亿元同比下降32.01%。,0.95,,,,,,,,,,
EVT-0778,Event,中材国际召开2026年半年度业绩说明会,,,,,,,,,,,,,,,EVT-0778,重大经营,中材国际召开2026年半年度业绩说明会,2026-08-28,中材国际公告称，公司2026年半年度业绩说明会定于2026年8月28日15：00-17：00在上海证券交易所上证路演中心和全景路演召开。,0.85,,,,,,,,,,
EVT-0779,Event,中国铁建董事会审议通过2026年半年报及摘要议案,,,,,,,,,,,,,,,EVT-0779,业绩,中国铁建董事会审议通过2026年半年报及摘要议案,2026-08-28,中国铁建于2026年8月28日召开第六届董事会第十二次会议，审议通过《公司2026年半年报及摘要的议案》。,0.9,,,,,,,,,,
EVT-0780,Event,中国铁建审议通过修订《违规经营投资责任追究实施办法》的议案,,,,,,,,,,,,,,,EVT-0780,政策,中国铁建审议通过修订《违规经营投资责任追究实施办法》的议案,2026-08-28,中国铁建第六届董事会第十二次会议审议通过修订《违规经营投资责任追究实施办法》的议案。,0.6,,,,,,,,,,
EVT-0781,Event,2023年限制性股票激励计划预留授予部分第二个归属期归属条件成就,,,,,,,,,,,,,,,EVT-0781,股权,2023年限制性股票激励计划预留授予部分第二个归属期归属条件成就,2026-08-28,阳光电源第六届董事会第三次会议审议通过2023年限制性股票激励计划预留授予部分第二个归属期归属条件成就及相关事项的议案。,0.9,,,,,,,,,,
EVT-0782,Event,2026年半年度利润分配预案获审议通过,,,,,,,,,,,,,,,EVT-0782,股权,2026年半年度利润分配预案获审议通过,2026-08-28,阳光电源第六届董事会第三次会议审议通过2026年半年度利润分配预案的议案。,0.9,,,,,,,,,,
EVT-0783,Event,东方电气将于9月3日召开2026年半年度业绩说明会,,,,,,,,,,,,,,,EVT-0783,业绩,东方电气将于9月3日召开2026年半年度业绩说明会,2026-09-03,东方电气公告称，公司2026年半年度业绩说明会定于2026年9月3日15：00-16：00召开。,0.85,,,,,,,,,,
EVT-0784,Event,保利发展披露2026年上半年销售签约金额1351.06亿元,,,,,,,,,,,,,,,EVT-0784,业绩,保利发展披露2026年上半年销售签约金额1351.06亿元,2026-08-27,保利发展2026年上半年实现销售签约金额1351.06亿元，签约面积631.94万平方米，回笼资金1110亿元。,0.95,,,,,,,,,,
EVT-0785,Event,保利发展上半年拓展项目21个、拓展金额384亿元,,,,,,,,,,,,,,,EVT-0785,重大经营,保利发展上半年拓展项目21个、拓展金额384亿元,,保利发展上半年共拓展项目21个，拓展计容面积166万平方米，拓展金额384亿元，拓展金额权益比达到98%。,0.9,,,,,,,,,,
EVT-0786,Event,保利发展推进首单商业不动产REITs申报与发行,,,,,,,,,,,,,,,EVT-0786,重大经营,保利发展推进首单商业不动产REITs申报与发行,,保利发展以广州保利中心、佛山保利水城时光汇作为底层资产组合，推进首单商业不动产REITs申报与发行。,0.9,,,,,,,,,,
EVT-0787,Event,保利物业上半年营业收入88.3亿元、归母净利润9.33亿元,,,,,,,,,,,,,,,EVT-0787,业绩,保利物业上半年营业收入88.3亿元、归母净利润9.33亿元,,保利物业上半年实现营业收入88.3亿元，归母净利润9.33亿元，第三方项目物业管理收入32.9亿元，同比增长18.4%。,0.9,,,,,,,,,,
EVT-0788,Event,大众汽车与小鹏汽车联合开发车型“与众08”量产下线,,,,,,,,,,,,,,,EVT-0788,产品,大众汽车与小鹏汽车联合开发车型“与众08”量产下线,2026-03-13,大众汽车入股小鹏汽车并建立战略技术合作后，双方首款联合开发的车型“与众08”在大众安徽工厂量产下线。,0.9,,,,,,,,,,
EVT-0789,Event,宁德时代上半年净利润超430亿元,,,,,,,,,,,,,,,EVT-0789,业绩,宁德时代上半年净利润超430亿元,,宁德时代上半年净利润超430亿元，超过国内10家上市整车企业利润总和。,0.9,,,,,,,,,,
EVT-0790,Event,奥迪携手上汽集团打造新品牌“AUDI”,,,,,,,,,,,,,,,EVT-0790,产品,奥迪携手上汽集团打造新品牌“AUDI”,,奥迪携手上汽集团打造面向中国市场的新品牌“AUDI”，大量采用中国本土平台和智能化技术。,0.85,,,,,,,,,,
EVT-0791,Event,中证商品期货系列板块指数正式对外发布,,,,,,,,,,,,,,,EVT-0791,产品,中证商品期货系列板块指数正式对外发布,2026-08-26,中证商品指数公司发布中证商品期货系列板块指数，自上而下划分一至四级共20套、40条指数，并在万得资讯、新华财经、东方财富等平台及公司官网同步发布。,0.9,,,,,,,,,,
EVT-0792,Event,招商银行为共绩科技提供首贷及全链条金融服务,,,,,,,,,,,,,,,EVT-0792,重大经营,招商银行为共绩科技提供首贷及全链条金融服务,,招商银行成为共绩科技第一家贷款银行，完成首贷破冰并协同办理贴息业务，降低企业融资成本。,0.85,,,,,,,,,,
EVT-0793,Event,广州市海珠区发布“词元八条”支持Token经济金融服务,,,,,,,,,,,,,,,EVT-0793,政策,广州市海珠区发布“词元八条”支持Token经济金融服务,,广州市海珠区发布“词元八条”等政策支持举措，推动Token经济相关金融服务落地，辖内金融机构推出Token贷等产品。,0.9,,,,,,,,,,
EVT-0794,Event,中国银行推出算力Token贷金融产品,,,,,,,,,,,,,,,EVT-0794,产品,中国银行推出算力Token贷金融产品,,中国银行等多家银行加快探索算力金融服务，推出算力Token贷等金融产品，并将算力Token产出消耗等作为核心授信依据。,0.7,,,,,,,,,,
EVT-0795,Event,万科A披露2026年半年度报告，营收701.69亿元、净亏损149.51亿元,,,,,,,,,,,,,,,EVT-0795,业绩,万科A披露2026年半年度报告，营收701.69亿元、净亏损149.51亿元,2026-08-27,万科A发布2026年半年度报告，报告期内实现营业收入701.69亿元，归属于上市公司股东的净利润为-149.51亿元。,0.95,,,,,,,,,,
EVT-0796,Event,万科上半年开发业务交付2.3万套房屋、销售金额358亿元,,,,,,,,,,,,,,,EVT-0796,重大经营,万科上半年开发业务交付2.3万套房屋、销售金额358亿元,,万科上半年开发业务按期保质交付2.3万套房屋，销售金额358亿元，新增和优化产能达155.8亿元。,0.9,,,,,,,,,,
EVT-0797,Event,万科经营服务业务全口径收入288.5亿元同比增长,,,,,,,,,,,,,,,EVT-0797,业绩,万科经营服务业务全口径收入288.5亿元同比增长,2026-08-27,万科经营服务业务运营质量稳中有进，全口径收入288.5亿元，实现同比增长，其中万物云上半年收入191.9亿元。,0.85,,,,,,,,,,
EVT-0798,Event,万科10只公开债券完成风险缓释,,,,,,,,,,,,,,,EVT-0798,重大经营,万科10只公开债券完成风险缓释,,万科10只公开债券通过部分兑付、配套展期的方式完成风险缓释。,0.9,,,,,,,,,,
EVT-0799,Event,川环科技披露2026年中报业绩,,,,,,,,,,,,,,,EVT-0799,业绩,川环科技披露2026年中报业绩,2026-08-26,川环科技发布2026年中报，上半年营业收入6.26亿元、归母净利润7510.89万元，同比均略有减少。,0.95,,,,,,,,,,
EVT-0800,Event,川环科技液冷产品小批量落地并实现销售增长,,,,,,,,,,,,,,,EVT-0800,产品,川环科技液冷产品小批量落地并实现销售增长,,公司液冷业务多个客户项目实现小批量落地，上半年液冷产品实现销售3022.25万元（含税），同比增长96.97%。,0.9,,,,,,,,,,
EVT-0801,Event,川环科技机器人业务与埃夫特、荣耀等建立业务对接,,,,,,,,,,,,,,,EVT-0801,重大经营,川环科技机器人业务与埃夫特、荣耀等建立业务对接,,公司机器人业务板块已与埃夫特、荣耀等行业头部企业建立业务对接，配套产品开展方案验证、样机测试与客户认证。,0.85,,,,,,,,,,
EVT-0802,Event,川环科技设立安徽、深圳两家全资子公司,,,,,,,,,,,,,,,EVT-0802,投资并购,川环科技设立安徽、深圳两家全资子公司,,2026年1月、4月公司先后成立川环科技(安徽)有限公司、川环科技（深圳）有限公司两家全资子公司，深圳公司定位为研发中心。,0.9,,,,,,,,,,
EVT-0803,Event,北京现代艾尼氪品牌亮相成都车展并开启艾尼氪V全球预售,,,,,,,,,,,,,,,EVT-0803,产品,北京现代艾尼氪品牌亮相成都车展并开启艾尼氪V全球预售,,北京现代高端新能源品牌艾尼氪亮相成都车展，并开启旗下首款中国量产车型艾尼氪V全球预售。,0.9,,,,,,,,,,
EVT-0804,Event,艾尼氪发布2030年产品规划与出口体系建设计划,,,,,,,,,,,,,,,EVT-0804,重大经营,艾尼氪发布2030年产品规划与出口体系建设计划,,艾尼氪计划到2030年形成2个平台、投放12款新能源产品，北京现代提出建设20万辆以上规模的出口体系。,0.85,,,,,,,,,,
EVT-0805,Event,ST朗进披露2026年半年度报告，营收3.21亿元、净利润亏损4451.89万元,,,,,,,,,,,,,,,EVT-0805,业绩,ST朗进披露2026年半年度报告，营收3.21亿元、净利润亏损4451.89万元,2026-08-26,公司披露2026年半年度报告，上半年实现营业收入3.21亿元，归属于上市公司股东净利润-4451.89万元。,0.95,,,,,,,,,,
EVT-0806,Event,公司斩获马来西亚KJ线、西班牙穆尔西亚有轨电车等重点项目订单,,,,,,,,,,,,,,,EVT-0806,重大合同,公司斩获马来西亚KJ线、西班牙穆尔西亚有轨电车等重点项目订单,,公司国内方面斩获马来西亚KJ线、西班牙穆尔西亚有轨电车等重点项目订单，产品已在全国33个城市投入运营。,0.9,,,,,,,,,,
EVT-0807,Event,公司拿下福州、苏州、西安、南宁、北京五大城市维保服务订单,,,,,,,,,,,,,,,EVT-0807,重大合同,公司拿下福州、苏州、西安、南宁、北京五大城市维保服务订单,,报告期内公司拿下福州、苏州、西安、南宁、北京五大城市维保服务订单，实现后市场业务战略性突破。,0.9,,,,,,,,,,
EVT-0808,Event,公司完成多款eVTOL、电动飞机环控与电池热管理样机开发并取得AS9100D认证,,,,,,,,,,,,,,,EVT-0808,产品,公司完成多款eVTOL、电动飞机环控与电池热管理样机开发并取得AS9100D认证,,公司切入低空飞行器环控赛道，完成多款eVTOL、电动飞机环控与电池热管理样机开发，取得航空AS9100D质量体系认证。,0.9,,,,,,,,,,
EVT-0809,Event,极狐汽车披露智能化及供应链合作安排,,,,,,,,,,,,,,,EVT-0809,重大经营,极狐汽车披露智能化及供应链合作安排,2026-08-26,极狐汽车在阿尔法T7预售发布会上披露与华为乾崑、宁德时代、麦格纳、国家大剧院和阿里云等在智能驾驶、动力电池、底盘调校、座舱声学和车内AI应用方面的合作安排。,0.85,,,,,,,,,,
EVT-0810,Event,极狐阿尔法T7开启预售,,,,,,,,,,,,,,,EVT-0810,产品,极狐阿尔法T7开启预售,2026-08-26,作为上述合作的首款承载车型，极狐阿尔法T7于8月26日开启预售，共推出9款车型，预售价格13.78万元至17.48万元。,0.9,,,,,,,,,,
EVT-0811,Event,长城汽车披露2026年半年报,,,,,,,,,,,,,,,EVT-0811,业绩,长城汽车披露2026年半年报,2026-08-25,长城汽车披露2026年半年度报告，上半年营收1021.01亿元同比增长10.58%，归母净利润24.65亿元同比下降61.11%。,0.95,,,,,,,,,,
EVT-0812,Event,长城汽车下半年多款新品集中上市,,,,,,,,,,,,,,,EVT-0812,重大经营,长城汽车下半年多款新品集中上市,,长城汽车表示下半年长城H10、全新坦克300、魏牌V8X等多款新品集中上市，部分新车获得较高订单。,0.8,,,,,,,,,,
EVT-0813,Event,海天味业披露2026年半年报业绩,,,,,,,,,,,,,,,EVT-0813,业绩,海天味业披露2026年半年报业绩,2026-08-26,海天味业发布2026年半年报，上半年实现营业收入161.46亿元，同比增长6.01%，归母净利润41.90亿元，同比增长7.13%。,0.95,,,,,,,,,,
EVT-0814,Event,海天味业推出A+H两地同步回购方案,,,,,,,,,,,,,,,EVT-0814,股权,海天味业推出A+H两地同步回购方案,2026-06-22,海天味业推出首次A+H两地同步布局方案，拟斥资不低于10亿元回购A股，并申请不超过5亿港元H股回购授权。,0.9,,,,,,,,,,
EVT-0815,Event,格力电器发布2026年半年报,,,,,,,,,,,,,,,EVT-0815,业绩,格力电器发布2026年半年报,2026-08-26,格力电器披露2026年半年报，上半年实现营业总收入896.73亿元，归属于上市公司股东的净利润132.78亿元，净利润率达14.81%。,0.95,,,,,,,,,,
EVT-0816,Event,格力电器新一代定梁龙门加工中心实现批量投放,,,,,,,,,,,,,,,EVT-0816,产品,格力电器新一代定梁龙门加工中心实现批量投放,,在精密加工方面，格力电器新一代定梁龙门加工中心实现批量投放，性能比肩国际一线品牌。,0.8,,,,,,,,,,
EVT-0817,Event,格力电器推出新一轮50亿元至100亿元股份回购方案,,,,,,,,,,,,,,,EVT-0817,股权,格力电器推出新一轮50亿元至100亿元股份回购方案,,2026年格力电器推出新一轮股份回购方案，斥资50亿元至100亿元以自有资金通过集中竞价方式回购公司社会公众股。,0.9,,,,,,,,,,
EVT-0818,Event,中信证券披露2026年上半年业绩,,,,,,,,,,,,,,,EVT-0818,业绩,中信证券披露2026年上半年业绩,,中信证券上半年营业收入496.92亿元同比增长50%，净利润233.43亿元同比增长69.6%，均居行业首位。,0.95,,,,,,,,,,
EVT-0819,Event,国泰海通披露2026年上半年业绩,,,,,,,,,,,,,,,EVT-0819,业绩,国泰海通披露2026年上半年业绩,,国泰海通上半年营业收入471.63亿元同比增长97.56%，净利润202.6亿元同比增长28.74%。,0.95,,,,,,,,,,
EVT-0820,Event,中泰证券、财达证券、华安证券上半年净利润同比增速均超100%,,,,,,,,,,,,,,,EVT-0820,业绩,中泰证券、财达证券、华安证券上半年净利润同比增速均超100%,,中泰证券净利润同比增长146.38%，财达证券同比增长104.59%，华安证券同比增长102.55%。,0.93,,,,,,,,,,
EVT-0821,Event,招商证券、东方财富、中信建投披露上半年净利润,,,,,,,,,,,,,,,EVT-0821,业绩,招商证券、东方财富、中信建投披露上半年净利润,,招商证券净利润106.24亿元同比增长104.87%，东方财富80.64亿元同比增长44.85%，中信建投76.39亿元同比增长69.44%。,0.93,,,,,,,,,,
EVT-0822,Event,伊利股份发布2026年半年报,,,,,,,,,,,,,,,EVT-0822,业绩,伊利股份发布2026年半年报,2026-08-26,伊利股份发布2026年半年报，报告期内实现营业总收入644.9亿元，同比增长4.13%。,0.95,,,,,,,,,,
EVT-0823,Event,伊利对相关资产计提资产减值准备,,,,,,,,,,,,,,,EVT-0823,重大经营,伊利对相关资产计提资产减值准备,,伊利公告对相关资产计提资产减值准备，其中商誉减值不涉及现金流出，属于非经常性损益范畴。,0.85,,,,,,,,,,
EVT-0824,Event,伊利股份拟回购10亿元至20亿元股份并全部注销,,,,,,,,,,,,,,,EVT-0824,股权,伊利股份拟回购10亿元至20亿元股份并全部注销,,公司拟使用不低于10亿元且不超过20亿元资金以集中竞价方式回购股份，相关股份全部注销并减少注册资本。,0.95,,,,,,,,,,
EVT-0825,Event,二季度多路资金增持伊利股份,,,,,,,,,,,,,,,EVT-0825,股权,二季度多路资金增持伊利股份,,二季度陈发树增持伊利股份200万股，太平人寿保险有限公司及旗下产品建仓，北向资金增持超9600万股。,0.9,,,,,,,,,,
EVT-0826,Event,伊利股份拟以10亿元-20亿元回购注销公司股份,,,,,,,,,,,,,,,EVT-0826,股权,伊利股份拟以10亿元-20亿元回购注销公司股份,2026-08-27,伊利股份在2026年半年度业绩说明会上表示，拟以10亿元-20亿元回购注销公司股份。,0.95,,,,,,,,,,
EVT-0827,Event,伊利股份2025年度现金分红加回购合计回报股东89.78亿元,,,,,,,,,,,,,,,EVT-0827,股权,伊利股份2025年度现金分红加回购合计回报股东89.78亿元,,2025年度，伊利股份通过“现金分红+回购”合计回报股东89.78亿元，占全年归母净利润的77.63%。,0.9,,,,,,,,,,
EVT-0828,Event,万科发布2026年半年度报告，上半年营收701.69亿元,,,,,,,,,,,,,,,EVT-0828,业绩,万科发布2026年半年度报告，上半年营收701.69亿元,2026-08-27,万科披露2026年半年度报告，上半年实现营业收入701.69亿元。,0.95,,,,,,,,,,
EVT-0829,Event,万科10只公开债券完成风险缓释,,,,,,,,,,,,,,,EVT-0829,重大经营,万科10只公开债券完成风险缓释,,上半年万科10只公开债券通过部分兑付、配套展期的方式完成风险缓释。,0.9,,,,,,,,,,
EVT-0830,Event,万物云上半年实现收入191.9亿元,,,,,,,,,,,,,,,EVT-0830,业绩,万物云上半年实现收入191.9亿元,,万物云上半年实现收入191.9亿元，新签约住宅项目207个。,0.9,,,,,,,,,,
EVT-0831,Event,万科下半年从五方面推进经营工作,,,,,,,,,,,,,,,EVT-0831,重大经营,万科下半年从五方面推进经营工作,,万科在半年报中表示，下半年将从优化资产结构与质量等五方面推进相关工作。,0.85,,,,,,,,,,
EVT-0832,Event,潍柴动力2026年上半年营收1231.6亿元、归母净利润77亿元,,,,,,,,,,,,,,,EVT-0832,业绩,潍柴动力2026年上半年营收1231.6亿元、归母净利润77亿元,2026-08-27,潍柴动力披露2026年半年报，营业收入1231.6亿元同比增长8.8%，归母净利润77亿元同比增长36.5%。,0.95,,,,,,,,,,
EVT-0833,Event,潍柴动力拟每10股派现5.17元，分红比例58%,,,,,,,,,,,,,,,EVT-0833,股权,潍柴动力拟每10股派现5.17元，分红比例58%,2026-08-27,潍柴动力延续中期分红及高比例分红政策，拟向全体股东每10股派发现金红利5.17元（含税），现金分红比例达58%。,0.9,,,,,,,,,,
EVT-0834,Event,陕重汽上半年销售重卡7.6万辆、净利润10亿元,,,,,,,,,,,,,,,EVT-0834,业绩,陕重汽上半年销售重卡7.6万辆、净利润10亿元,,上半年陕重汽累计销售重卡7.6万辆同比增长5.1%，净利润10亿元同比大增178%。,0.9,,,,,,,,,,
EVT-0835,Event,潍柴动力发布410马力新能源ECVT拖拉机及雷沃谷神CF、CE系列玉米机,,,,,,,,,,,,,,,EVT-0835,产品,潍柴动力发布410马力新能源ECVT拖拉机及雷沃谷神CF、CE系列玉米机,,农业装备板块推进技术创新成果转化，发布国内首款完全自主可控410马力新能源ECVT拖拉机以及雷沃谷神CF、CE系列玉米机。,0.85,,,,,,,,,,
EVT-0836,Event,万科A披露2026年半年度业绩,,,,,,,,,,,,,,,EVT-0836,业绩,万科A披露2026年半年度业绩,2026-08-27,"万科A2026年半年度实现营业收入70,169,108,549.07元，同比下降33.38%，归属于上市公司股东的净利润为-14,951,268,522.50元。",0.95,,,,,,,,,,
EVT-0837,Event,潍柴动力董事会审议通过2026年中期利润分配议案,,,,,,,,,,,,,,,EVT-0837,股权,潍柴动力董事会审议通过2026年中期利润分配议案,,潍柴动力第七届董事会第八次会议审议通过《关于公司实施2026年中期利润分配的议案》。,0.9,,,,,,,,,,
EVT-0838,Event,中国支付清算协会印发《智能体支付应用自律公约》,,,,,,,,,,,,,,,EVT-0838,政策,中国支付清算协会印发《智能体支付应用自律公约》,2026-08-24,中国支付清算协会印发《智能体支付应用自律公约》，自发布之日起实施，对智能体支付应用提出安全管理、授权管理、风险防范与消费者权益保护等要求。,0.92,,,,,,,,,,
EVT-0839,Event,中国银联与15家商业银行推出AI智能体银行卡产品,,,,,,,,,,,,,,,EVT-0839,产品,中国银联与15家商业银行推出AI智能体银行卡产品,,中国银联宣布与15家商业银行相继推出AI智能体银行卡产品，其中平安银行、浦发银行、交通银行等银行已率先实现发卡。,0.9,,,,,,,,,,
EVT-0840,Event,微信支付发布面向AI的支付接入Skill,,,,,,,,,,,,,,,EVT-0840,产品,微信支付发布面向AI的支付接入Skill,,微信支付正式发布一整套面向AI的支付接入Skill（技能包），只需“唤起AI—加载Skill—说出需求”，即可速通微信支付接入。,0.88,,,,,,,,,,
EVT-0841,Event,支付宝宣布AI支付完成3亿笔AI智能体支付,,,,,,,,,,,,,,,EVT-0841,重大经营,支付宝宣布AI支付完成3亿笔AI智能体支付,,支付宝宣布“AI支付”已完成3亿笔AI智能体支付、支持95%通用智能体框架。,0.85,,,,,,,,,,
EVT-0842,Event,A股年内超700家公司实施回购近700亿元,,,,,,,,,,,,,,,EVT-0842,股权,A股年内超700家公司实施回购近700亿元,2026-07-02,截至7月2日，A股年内超700家上市公司实施回购，合计金额接近700亿元，美的集团、贵州茅台等居前。,0.9,,,,,,,,,,
EVT-0843,Event,上海机场等公司重要股东增持超10亿元,,,,,,,,,,,,,,,EVT-0843,股权,上海机场等公司重要股东增持超10亿元,2026-07-02,截至7月2日，上海机场、中国石油、南京银行、海螺水泥等个股重要股东增持金额均超10亿元。,0.9,,,,,,,,,,
EVT-0844,Event,Meta拟构建云计算业务并跨界出售AI富余算力,,,,,,,,,,,,,,,EVT-0844,投资并购,Meta拟构建云计算业务并跨界出售AI富余算力,,Meta计划构建云计算业务，并拟跨界对外出售富余AI算力。,0.85,,,,,,,,,,
EVT-0845,Event,上海启动规范汽车行业网上信息传播秩序专项整治行动,,,,,,,,,,,,,,,EVT-0845,政策,上海启动规范汽车行业网上信息传播秩序专项整治行动,,上海启动规范汽车行业网上信息传播秩序专项整治行动，要求网站平台深入治理四类突出问题。,0.9,,,,,,,,,,
EVT-0846,Event,上海召开“政府—协会—车企—平台”四方座谈会,,,,,,,,,,,,,,,EVT-0846,政策,上海召开“政府—协会—车企—平台”四方座谈会,2026-07-02,上海市委网信办会同市经信委、市商务委、市公安局网安总队等部门联合召开四方座谈会，平台企业与车企、协会代表提出意见建议。,0.9,,,,,,,,,,
EVT-0847,Event,公募机构今年以来参与A股定增获配金额超330亿元、整体浮盈超80亿元,,,,,,,,,,,,,,,EVT-0847,业绩,公募机构今年以来参与A股定增获配金额超330亿元、整体浮盈超80亿元,,公募排排网数据显示，公募机构今年以来参与A股定增获配金额已超过330亿元，较去年同期增长超200%，整体浮盈超过80亿元。,0.88,,,,,,,,,,
EVT-0848,Event,科翔股份等6只个股定增浮盈居前,,,,,,,,,,,,,,,EVT-0848,业绩,科翔股份等6只个股定增浮盈居前,2026-06-25,在公募参与定增的69只A股中38只实现浮盈，科翔股份、宏和科技、晶丰明源、奥来德、华光新材、麦格米特6只个股浮盈依次达712.62%、591.98%、196.78%、156.52%、109.64%和102.31%。,0.9,,,,,,,,,,
EVT-0849,Event,财通基金、诺德基金定增整体浮盈约27%和29%,,,,,,,,,,,,,,,EVT-0849,业绩,财通基金、诺德基金定增整体浮盈约27%和29%,,财通基金今年以来参与66只定增个股，获配金额114.68亿元，整体浮盈约27%；诺德基金参与65只个股，获配金额105.23亿元，整体浮盈约29%。,0.9,,,,,,,,,,
EVT-0850,Event,易方达基金今年以来定增获配74亿元、浮盈超18%,,,,,,,,,,,,,,,EVT-0850,业绩,易方达基金今年以来定增获配74亿元、浮盈超18%,2026-06-25,截至6月25日，易方达基金今年以来定增获配金额高达74亿元，浮盈超过18%。,0.88,,,,,,,,,,
EVT-0851,Event,平安证券金股指数上半年累计涨幅46.51%居首,,,,,,,,,,,,,,,EVT-0851,业绩,平安证券金股指数上半年累计涨幅46.51%居首,,35只券商金股指数中，平安证券金股指数上半年累计涨幅为46.51%排名第一，银河证券金股指数以32.27%排名第二。,0.9,,,,,,,,,,
EVT-0852,Event,至少19家券商公布7月金股组合,,,,,,,,,,,,,,,EVT-0852,重大经营,至少19家券商公布7月金股组合,2026-07-01,截至7月1日记者发稿时，光大证券、兴业证券、国联民生、国金证券、开源证券、国投证券等至少19家券商公布7月金股组合，超130只A股及港股标的入围。,0.85,,,,,,,,,,
EVT-0853,Event,四项中医药领域国家标准正式实施,,,,,,,,,,,,,,,EVT-0853,政策,四项中医药领域国家标准正式实施,2026-07-01,7月1日起，由国家中医药局提出并归口管理、市场监管总局（国家标准委）批准发布的四项中医药领域国家标准正式实施。,0.95,,,,,,,,,,
EVT-0854,Event,国家医保局就《中药饮片追溯码编码要求》公开征求意见,,,,,,,,,,,,,,,EVT-0854,政策,国家医保局就《中药饮片追溯码编码要求》公开征求意见,2026-07-01,国家医保局就《中药饮片追溯码编码要求》公开征求意见。,0.9,,,,,,,,,,
EVT-0855,Event,党中央决定授予全国优秀共产党员、优秀党务工作者和先进基层党组织称号,,,,,,,,,,,,,,,EVT-0855,政策,党中央决定授予全国优秀共产党员、优秀党务工作者和先进基层党组织称号,,在庆祝中国共产党成立105周年之际，党中央决定授予吴建平等141名同志、追授顾诵芬等8名同志“全国优秀共产党员”称号，授予孟二梅等150名同志“全国优秀党务工作者”称号，授予北京市生态环境局大气环境处党支部等399个基层党组织“全国先进基层党组织”称号。,0.9,,,,,,,,,,
EVT-0856,Event,金融科技ETF广发（159086）7月1日起正式开始发售,,,,,,,,,,,,,,,EVT-0856,产品,金融科技ETF广发（159086）7月1日起正式开始发售,2026-07-01,广发基金公告，广发中证金融科技主题ETF（简称金融科技ETF广发，代码159086）自7月1日起正式开始发售，跟踪中证金融科技主题指数。,0.95,,,,,,,,,,
EVT-0857,Event,5月末全市场银行理财存续规模达35.1万亿元创历史新高,,,,,,,,,,,,,,,EVT-0857,业绩,5月末全市场银行理财存续规模达35.1万亿元创历史新高,,华源证券研报统计显示，截至2026年5月末，全市场银行理财存续规模达35.1万亿元，创下历史新高。,0.9,,,,,,,,,,
EVT-0858,Event,4月末银行理财规模回升至34.5万亿元,,,,,,,,,,,,,,,EVT-0858,业绩,4月末银行理财规模回升至34.5万亿元,,截至2026年4月末，理财规模合计34.5万亿元，较上月末增加2.6万亿元。,0.9,,,,,,,,,,
EVT-0859,Event,"中国银联联合平安银行、腾讯云推出""AI智算卡""",,,,,,,,,,,,,,,EVT-0859,产品,"中国银联联合平安银行、腾讯云推出""AI智算卡""",2026-06-30,"中国银联联合平安银行与腾讯云正式推出面向AI算力个人消费用户的借记卡产品""AI智算卡""。",0.95,,,,,,,,,,
EVT-0860,Event,平安银行将于7月推出AI主题信用卡,,,,,,,,,,,,,,,EVT-0860,重大经营,平安银行将于7月推出AI主题信用卡,,平安银行将在7月推出AI主题信用卡，以AI为核心带来全面创新的权益与服务。,0.8,,,,,,,,,,
EVT-0861,Event,北汽蓝谷定增获3家公募机构参与,,,,,,,,,,,,,,,EVT-0861,股权,北汽蓝谷定增获3家公募机构参与,,北汽蓝谷定增吸引财通基金、诺德基金和易方达基金3家公募机构参与，合计获配金额27.52亿元。,0.9,,,,,,,,,,
EVT-0862,Event,卓胜微定增获5家公募机构参与,,,,,,,,,,,,,,,EVT-0862,股权,卓胜微定增获5家公募机构参与,,卓胜微定增吸引财通基金、诺安基金、诺德基金、易方达基金和易米基金5家公募机构参与，合计获配金额12.56亿元。,0.9,,,,,,,,,,
EVT-0863,Event,中国神华定增获4家公募机构参与,,,,,,,,,,,,,,,EVT-0863,股权,中国神华定增获4家公募机构参与,,中国神华吸引财通基金、国泰基金、诺德基金和易方达基金4家公募机构参与定增，合计获配金额63.80亿元。,0.9,,,,,,,,,,
EVT-0864,Event,恒尚节能拟收购金胜电子100%股权,,,,,,,,,,,,,,,EVT-0864,投资并购,恒尚节能拟收购金胜电子100%股权,2026-06-30,恒尚节能拟以发行股份加现金方式收购沈嘉琦、青岛鼎量等持有的金胜电子100%股权，并募集配套资金，交易完成后金胜电子成为其全资子公司。,0.95,,,,,,,,,,
EVT-0865,Event,恒尚节能联合体中标映月湖幕墙及亮化工程,,,,,,,,,,,,,,,EVT-0865,重大合同,恒尚节能联合体中标映月湖幕墙及亮化工程,,恒尚节能与无锡照明股份有限公司组成联合体中标锡山映月湖生态数字文体产业中心幕墙及亮化工程，中标金额1.8亿元。,0.95,,,,,,,,,,
EVT-0866,Event,通威股份与炎和科技达成战略合作研发叠层电池,,,,,,,,,,,,,,,EVT-0866,重大合同,通威股份与炎和科技达成战略合作研发叠层电池,,通威股份与航天钙钛矿企业炎和科技达成战略合作，联合研发适配太空极端环境的叠层电池与柔性太阳翼，并推进航天级资质认证。,0.9,,,,,,,,,,
EVT-0867,Event,钧达股份参股航天光电企业切入太空光伏赛道,,,,,,,,,,,,,,,EVT-0867,投资并购,钧达股份参股航天光电企业切入太空光伏赛道,,钧达股份通过参股航天光电企业切入太空光伏赛道，重点研发卫星用柔性钙钛矿叠层电池，产品已进入实验室验证阶段。,0.9,,,,,,,,,,
EVT-0868,Event,华民股份向多家光伏企业供应太空光伏专用硅片,,,,,,,,,,,,,,,EVT-0868,重大经营,华民股份向多家光伏企业供应太空光伏专用硅片,2026-06-25,华民股份披露投资者关系活动记录表显示，公司已通过送样、订单等形式向迈为股份、东方日升、通威太阳能、天合光能等企业供应太空光伏专用硅片。,0.9,,,,,,,,,,
EVT-0869,Event,太空能源发展联盟与太空能源技术生态联盟集中揭牌,,,,,,,,,,,,,,,EVT-0869,重大经营,太空能源发展联盟与太空能源技术生态联盟集中揭牌,,协鑫集团、天合光能牵头设立太空能源发展联盟，晶澳科技牵头联合赛伍技术、捷佳伟创等成立太空能源技术生态联盟，两大专业联盟集中揭牌。,0.9,,,,,,,,,,
EVT-0870,Event,央行开展695亿元7天期、6000亿元隔夜逆回购操作,,,,,,,,,,,,,,,EVT-0870,政策,央行开展695亿元7天期、6000亿元隔夜逆回购操作,2026-06-30,央行以固定利率、数量招标方式开展695亿元7天期逆回购操作并同步开展6000亿元隔夜逆回购操作，落地组合型逆回购操作品种。,0.92,,,,,,,,,,
EVT-0871,Event,比亚迪2025年收入规模达8039亿元,,,,,,,,,,,,,,,EVT-0871,业绩,比亚迪2025年收入规模达8039亿元,,比亚迪2025年收入规模达8039亿元。,0.9,,,,,,,,,,
EVT-0872,Event,宁德时代2025年净利润规模达722亿元,,,,,,,,,,,,,,,EVT-0872,业绩,宁德时代2025年净利润规模达722亿元,,宁德时代2025年净利润规模达722亿元。,0.9,,,,,,,,,,
EVT-0873,Event,中国人民银行开展1575亿元7天期逆回购和3000亿元隔夜逆回购操作,,,,,,,,,,,,,,,EVT-0873,政策,中国人民银行开展1575亿元7天期逆回购和3000亿元隔夜逆回购操作,2026-06-29,中国人民银行以固定利率、数量招标方式开展1575亿元7天期逆回购操作，操作利率1.40%，并开展3000亿元隔夜逆回购操作。,0.9,,,,,,,,,,
EVT-0874,Event,中国人民银行将完善临时隔夜正/逆回购工具使用机制并收窄利率区间,,,,,,,,,,,,,,,EVT-0874,政策,中国人民银行将完善临时隔夜正/逆回购工具使用机制并收窄利率区间,,潘功胜在2026陆家嘴论坛上表示，中国人民银行将对利率调控机制进一步探索和优化，将临时隔夜正/逆回购操作利率调整为7天期逆回购操作利率加减25个基点，区间由70个基点收窄为50个基点。,0.85,,,,,,,,,,
EVT-0875,Event,中国人民银行公告增加隔夜逆回购操作品种,,,,,,,,,,,,,,,EVT-0875,政策,中国人民银行公告增加隔夜逆回购操作品种,2026-06-25,中国人民银行发布公告，将在6月29日、6月30日公开市场操作中增加隔夜逆回购操作品种，采用固定利率、数量招标。,0.9,,,,,,,,,,
EVT-0876,Event,中国银行信用卡APP“缤纷生活”全面停止服务,,,,,,,,,,,,,,,EVT-0876,重大经营,中国银行信用卡APP“缤纷生活”全面停止服务,2026-06-30,中国银行信用卡APP“缤纷生活”将全面停止服务，相关功能迁移至“中国银行”APP。,0.95,,,,,,,,,,
EVT-0877,Event,建设银行2025年末信用卡贷款余额降至1.01万亿元,,,,,,,,,,,,,,,EVT-0877,业绩,建设银行2025年末信用卡贷款余额降至1.01万亿元,,截至2025年年末，建设银行信用卡贷款余额1.01万亿元，较上年减少567.83亿元，降幅5.33%。,0.9,,,,,,,,,,
EVT-0878,Event,招商银行2025年逾期贷款中信用贷款占比50.33%,,,,,,,,,,,,,,,EVT-0878,业绩,招商银行2025年逾期贷款中信用贷款占比50.33%,,招商银行年报显示，该行2025年逾期贷款中信用贷款占比50.33%，主要为信用卡逾期贷款。,0.85,,,,,,,,,,
EVT-0879,Event,多家商业银行陆续关闭异地信用卡分中心,,,,,,,,,,,,,,,EVT-0879,重大经营,多家商业银行陆续关闭异地信用卡分中心,,2025年以来，交通银行、广发银行、民生银行等商业银行陆续关闭异地信用卡分中心，将信用卡业务从垂直管理转为属地经营。,0.85,,,,,,,,,,
EVT-0880,Event,中国集成电路共保体累计为企业提供约6.5万亿元风险保障,,,,,,,,,,,,,,,EVT-0880,业绩,中国集成电路共保体累计为企业提供约6.5万亿元风险保障,,截至2025年末，中国集成电路共保体已累计为33家企业提供风险保障约6.5万亿元，其中人保财险上海分公司累计为15家企业提供1.67万亿元风险保障。,0.85,,,,,,,,,,
EVT-0881,Event,太保产险上海分公司一体化承保芯片产业并主承中芯国际,,,,,,,,,,,,,,,EVT-0881,重大经营,太保产险上海分公司一体化承保芯片产业并主承中芯国际,,太保产险上海分公司针对芯片产业特点提供工程、财产、营业中断、供应链风险一体化保障，主承中芯国际，服务华虹、华力等行业龙头。,0.85,,,,,,,,,,
EVT-0882,Event,国寿财险上海分公司搭建专业团队覆盖芯片制造等关键环节,,,,,,,,,,,,,,,EVT-0882,重大经营,国寿财险上海分公司搭建专业团队覆盖芯片制造等关键环节,,国寿财险上海分公司搭建专业团队，配套专项风控与再保，覆盖芯片制造、设备材料等关键环节，提升承保能力并实现中国人寿S基金项目中在沪被投企业保险保障全覆盖。,0.8,,,,,,,,,,
EVT-0883,Event,江苏银行小微企业贷款总量突破8800亿元,,,,,,,,,,,,,,,EVT-0883,业绩,江苏银行小微企业贷款总量突破8800亿元,,截至2026年3月末，江苏银行小微企业贷款总量突破8800亿元，连续多年位居全国城商行及江苏省同业首位。,0.7,,,,,,,,,,
EVT-0884,Event,江苏银行南通分行为专精特新“小巨人”核定800万元纯信用额度并放款,,,,,,,,,,,,,,,EVT-0884,重大经营,江苏银行南通分行为专精特新“小巨人”核定800万元纯信用额度并放款,,江苏银行南通分行借力“苏质贷”政策，将企业质量信誉转化为授信依据，核定800万元纯信用额度并迅速放款。,0.8,,,,,,,,,,
EVT-0885,Event,江苏银行镇江分行投放700万元“财政助力贷”,,,,,,,,,,,,,,,EVT-0885,重大经营,江苏银行镇江分行投放700万元“财政助力贷”,,江苏银行镇江分行为入选本地赞助商的信息技术服务企业定制“财政助力贷”方案，投放短期流动资金贷款700万元。,0.8,,,,,,,,,,
EVT-0886,Event,江苏银行无锡分行发放贴息贷款500万元支持新能源4S店,,,,,,,,,,,,,,,EVT-0886,重大经营,江苏银行无锡分行发放贴息贷款500万元支持新能源4S店,,江苏银行无锡分行运用贴息政策为某长城汽车经销商发放贷款500万元，叠加贴息后实际年化利率仅1.3%。,0.8,,,,,,,,,,
EVT-0887,Event,隆基绿能、通威股份、TCL中环等光伏龙头2025年度报告集中披露大额业绩预亏,,,,,,,,,,,,,,,EVT-0887,业绩,隆基绿能、通威股份、TCL中环等光伏龙头2025年度报告集中披露大额业绩预亏,,隆基绿能、通威股份、TCL中环等头部龙头企业2025年度报告集中披露大额业绩预亏，呈现扩产规模越大、亏损越深的行业恶性循环。,0.9,,,,,,,,,,
EVT-0888,Event,欧盟对我国新能源电动车征收最高45.3%反补贴税,,,,,,,,,,,,,,,EVT-0888,政策,欧盟对我国新能源电动车征收最高45.3%反补贴税,,欧盟对我国新能源电动车征收最高45.3%反补贴税，加码新能源领域贸易壁垒。,0.85,,,,,,,,,,
EVT-0889,Event,开发区培育新质生产力暨数字智慧园区建设研讨会召开,,,,,,,,,,,,,,,EVT-0889,重大经营,开发区培育新质生产力暨数字智慧园区建设研讨会召开,2026-06-16,由中国国际投资促进会开发区工作委员会主办的“开发区培育新质生产力暨数字智慧园区建设研讨会”6月16日在武汉召开，与会各方就数智化转型等展开交流。,0.9,,,,,,,,,,
EVT-0890,Event,2026年度“数字智慧园区”名单发布,,,,,,,,,,,,,,,EVT-0890,重大经营,2026年度“数字智慧园区”名单发布,,会上发布2026年度“数字智慧园区”名单，共14家开发区及园区入选。,0.9,,,,,,,,,,
EVT-0891,Event,13家创新药公司披露2026年半年度业绩预告，11家预喜,,,,,,,,,,,,,,,EVT-0891,业绩,13家创新药公司披露2026年半年度业绩预告，11家预喜,2026-07-13,截至7月13日记者发稿，已有13家创新药板块公司披露2026年半年度业绩预告，其中海思科、海正药业等11家公司业绩预喜。,0.9,,,,,,,,,,
EVT-0892,Event,华东医药自研ADC创新药新适应症获批临床,,,,,,,,,,,,,,,EVT-0892,产品,华东医药自研ADC创新药新适应症获批临床,,华东医药自研ADC创新药的新适应症获得临床试验批准。,0.9,,,,,,,,,,
EVT-0893,Event,百利天恒双抗ADC新药伦康依隆妥单抗获批上市,,,,,,,,,,,,,,,EVT-0893,产品,百利天恒双抗ADC新药伦康依隆妥单抗获批上市,,百利天恒双抗ADC新药伦康依隆妥单抗获批上市，实现国产新一代ADC商业化重要突破。,0.9,,,,,,,,,,
EVT-0894,Event,映恩生物科创板IPO申请获上交所受理,,,,,,,,,,,,,,,EVT-0894,股权,映恩生物科创板IPO申请获上交所受理,,港股映恩生物科创板IPO申请获上交所受理，拟募资41亿元用于新药研发。,0.9,,,,,,,,,,
EVT-0895,Event,宜联生物与罗氏就YL201项目达成独家许可协议,,,,,,,,,,,,,,,EVT-0895,重大合同,宜联生物与罗氏就YL201项目达成独家许可协议,,2026年1月，宜联生物与罗氏就YL201项目达成独家许可协议，对应5.7亿美元首付款及里程碑付款。,0.9,,,,,,,,,,
EVT-0896,Event,中上协医疗健康专业委员会第二届换届大会在上海召开并完成选举,,,,,,,,,,,,,,,EVT-0896,重大经营,中上协医疗健康专业委员会第二届换届大会在上海召开并完成选举,2026-06-23,中国上市公司协会医疗健康专业委员会第二届换届大会在上海召开，华润双鹤副总裁刘驹担任主任委员，东阿阿胶丁红岩担任执行副主任委员。,0.9,,,,,,,,,,
EVT-0897,Event,十部门联合印发《医药工业发展“十五五”规划》,,,,,,,,,,,,,,,EVT-0897,政策,十部门联合印发《医药工业发展“十五五”规划》,2026-09-18,工业和信息化部、国家发展改革委等十部门联合印发《医药工业发展“十五五”规划》，提出到2030年生物医药研发与应用能力跻身世界前列。,0.95,,,,,,,,,,
EVT-0898,Event,恒瑞医药上半年创新药销售收入88.09亿元,,,,,,,,,,,,,,,EVT-0898,业绩,恒瑞医药上半年创新药销售收入88.09亿元,,恒瑞医药上半年创新药销售收入达88.09亿元，同比增长16.38%，占药品销售收入比重攀升至63.16%，创历史新高。,0.92,,,,,,,,,,
EVT-0899,Event,恒瑞医药与百时美施贵宝达成合作,,,,,,,,,,,,,,,EVT-0899,重大合同,恒瑞医药与百时美施贵宝达成合作,,恒瑞医药和百时美施贵宝（BMS）达成合作，覆盖13个早期研发项目，潜在交易总规模约152亿美元。,0.9,,,,,,,,,,
EVT-0900,Event,百利天恒伦康依隆妥单抗获批上市,,,,,,,,,,,,,,,EVT-0900,产品,百利天恒伦康依隆妥单抗获批上市,,上半年沪市公司7项1类新药获批上市，百利天恒的伦康依隆妥单抗是全球首个获批上市的双抗ADC药物。,0.9,,,,,,,,,,
EVT-0901,Event,2026年世界肺癌大会在韩国首尔举行,,,,,,,,,,,,,,,EVT-0901,重大经营,2026年世界肺癌大会在韩国首尔举行,,由国际肺癌研究协会主办的2026年世界肺癌大会于9月12日—15日在韩国首尔举行，会上多家国产药企密集交出重磅临床数据。,0.8,,,,,,,,,,
EVT-0902,Event,圣诺生物2026年上半年营收与境外收入增长,,,,,,,,,,,,,,,EVT-0902,业绩,圣诺生物2026年上半年营收与境外收入增长,,2026年上半年圣诺生物实现营业收入5.07亿元、同比增长50.27%，其中境外收入3.40亿元、同比增长81.80%。,0.95,,,,,,,,,,
EVT-0903,Event,皓元医药2026年上半年境外业务收入增长,,,,,,,,,,,,,,,EVT-0903,业绩,皓元医药2026年上半年境外业务收入增长,,2026年上半年皓元医药实现境外业务收入6.91亿元、同比增长23.24%，占公司营业收入比重约42%。,0.95,,,,,,,,,,
EVT-0904,Event,华海药业2026年上半年原料药及中间体销售收入增长,,,,,,,,,,,,,,,EVT-0904,业绩,华海药业2026年上半年原料药及中间体销售收入增长,,2026年上半年华海药业原料药及中间体实现销售收入20.61亿元、同比增长24.23%，其中新产品销售同比翻番。,0.95,,,,,,,,,,
EVT-0905,Event,海正药业国际化由“产品出海”向“体系出海”升级,,,,,,,,,,,,,,,EVT-0905,重大经营,海正药业国际化由“产品出海”向“体系出海”升级,,海正药业国际化从早期以销售产品为主的“产品出海”，逐步向涵盖本土团队建设、市场准入、仓储物流、销售网络以及供应链协同的“体系出海”升级。,0.85,,,,,,,,,,
EVT-0906,Event,圣诺生物2026年上半年营收与境外收入大幅增长,,,,,,,,,,,,,,,EVT-0906,业绩,圣诺生物2026年上半年营收与境外收入大幅增长,,圣诺生物2026年上半年实现营业收入5.07亿元，同比增长50.27%，境外收入3.40亿元，同比增长81.80%，高于境内收入11.15%的增速。,0.95,,,,,,,,,,
EVT-0907,Event,皓元医药2026年上半年境外业务收入增长23.24%,,,,,,,,,,,,,,,EVT-0907,业绩,皓元医药2026年上半年境外业务收入增长23.24%,,皓元医药2026年上半年实现境外业务收入6.91亿元，同比增长23.24%，占公司营业收入比重约42%。,0.95,,,,,,,,,,
EVT-0908,Event,华海药业原料药及中间体上半年销售收入增长24.23%,,,,,,,,,,,,,,,EVT-0908,业绩,华海药业原料药及中间体上半年销售收入增长24.23%,,华海药业2026年上半年原料药及中间体实现销售收入20.61亿元，同比增长24.23%，其中新产品销售同比翻番。,0.95,,,,,,,,,,
EVT-0909,Event,复星医药2026年半年报披露创新药与境外业务收入增长,,,,,,,,,,,,,,,EVT-0909,业绩,复星医药2026年半年报披露创新药与境外业务收入增长,,复星医药半年报显示创新药品收入49.11亿元、境外业务收入63.79亿元，创新药和国际化成为业绩增长核心引擎。,0.9,,,,,,,,,,
EVT-0910,Event,恒瑞医药完成多笔海外拓展交易,,,,,,,,,,,,,,,EVT-0910,重大经营,恒瑞医药完成多笔海外拓展交易,,恒瑞医药自2023年起完成多笔海外拓展交易，潜在总交易价值约420亿美元，累计研发投入已超500亿元。,0.85,,,,,,,,,,
EVT-0911,Event,甘李药业与美纳里尼签署博凡格鲁肽海外独家许可协议,,,,,,,,,,,,,,,EVT-0911,重大合同,甘李药业与美纳里尼签署博凡格鲁肽海外独家许可协议,,甘李药业将博凡格鲁肽肥胖/超重适应症在欧盟及英国、瑞士等39个国家的独家权益授予美纳里尼，首付款6200万欧元，里程碑最高6.64亿欧元。,0.9,,,,,,,,,,
EVT-0912,Event,国家发展改革委召开“六张网”重大项目协调调度机制会,,,,,,,,,,,,,,,EVT-0912,政策,国家发展改革委召开“六张网”重大项目协调调度机制会,2026-08-19,国家发展改革委副主任岳修虎主持召开“六张网”重大项目协调调度机制会，研究建立算力网、新型电网、新一代通信网“2+3+N”协调机制。,0.9,,,,,,,,,,
EVT-0913,Event,陕建股份下属子公司中标云境智算中心项目（EPC）,,,,,,,,,,,,,,,EVT-0913,重大合同,陕建股份下属子公司中标云境智算中心项目（EPC）,,陕建股份公告称下属子公司中标位于甘肃省白银市的云境智算中心项目（EPC），中标金额11.56亿元。,0.9,,,,,,,,,,
EVT-0914,Event,汉缆股份中标南方电网2026年主网线路材料及配网材料第一批框架招标项目,,,,,,,,,,,,,,,EVT-0914,重大合同,汉缆股份中标南方电网2026年主网线路材料及配网材料第一批框架招标项目,,汉缆股份公告称在南方电网公司2026年主网线路材料及配网材料第一批框架招标项目中成功中标，中标总金额约为7.17亿元。,0.9,,,,,,,,,,
EVT-0915,Event,大连电瓷预计上半年净利润同比增长201%至286%,,,,,,,,,,,,,,,EVT-0915,业绩,大连电瓷预计上半年净利润同比增长201%至286%,,大连电瓷发布业绩预告，上半年净利润预计同比增长201%至286%，源于特高压项目集中核准、开工及前期筹备同步推进。,0.9,,,,,,,,,,
EVT-0916,Event,康方生物依达方一线治疗晚期鳞状非小细胞肺癌获批上市,,,,,,,,,,,,,,,EVT-0916,产品,康方生物依达方一线治疗晚期鳞状非小细胞肺癌获批上市,,康方生物宣布其肿瘤免疫2.0基石药物依达方（依沃西单抗注射液）联合化疗一线治疗晚期鳞状非小细胞肺癌获批上市。,0.92,,,,,,,,,,
EVT-0917,Event,华东医药子公司道尔生物DR10624入选国家科技重大专项并承担心衰适应症Ⅱ期临床研究,,,,,,,,,,,,,,,EVT-0917,重大经营,华东医药子公司道尔生物DR10624入选国家科技重大专项并承担心衰适应症Ⅱ期临床研究,,华东医药控股子公司浙江道尔生物科技有限公司自主研发的DR10624入选并获得国家科技重大专项资助，并承担该品种心力衰竭适应症Ⅱ期临床研究任务。,0.85,,,,,,,,,,
EVT-0918,Event,中康科技披露2026年上半年中国创新药对外授权交易潜在总额1100亿美元,,,,,,,,,,,,,,,EVT-0918,重大经营,中康科技披露2026年上半年中国创新药对外授权交易潜在总额1100亿美元,,中康科技数据显示，2026年上半年中国创新药对外授权交易潜在总额达1100亿美元，达到2025年全年的八成，全球排名前十BD交易中中国独占八席。,0.8,,,,,,,,,,
EVT-0919,Event,华润双鹤拟56.56亿元受让利尔化学23.5%股份并成为其控股股东,,,,,,,,,,,,,,,EVT-0919,投资并购,华润双鹤拟56.56亿元受让利尔化学23.5%股份并成为其控股股东,,华润双鹤发布重大资产重组预案，拟以现金向四川久远投资控股集团有限公司、四川化材科技有限公司购买利尔化学合计23.5%股份，交易后成为利尔化学控股股东。,0.95,,,,,,,,,,
EVT-0920,Event,鲁抗医药拟投资3.7亿元建设绿色生物制造项目,,,,,,,,,,,,,,,EVT-0920,投资并购,鲁抗医药拟投资3.7亿元建设绿色生物制造项目,,鲁抗医药拟投资3.7亿元建设绿色生物制造项目，扩大生物制造产品产能并规划合成生物产品专用生产线。,0.93,,,,,,,,,,
EVT-0921,Event,上海新苡萃生物科技有限公司完成数千万元Pre-A轮融资,,,,,,,,,,,,,,,EVT-0921,投资并购,上海新苡萃生物科技有限公司完成数千万元Pre-A轮融资,,上海新苡萃生物科技有限公司宣布完成数千万元Pre-A轮融资，加速核心产品乳铁蛋白在中国的新食品原料合规申报进程。,0.9,,,,,,,,,,
EVT-0922,Event,深圳中科欣扬生物科技有限公司完成亿元级融资,,,,,,,,,,,,,,,EVT-0922,投资并购,深圳中科欣扬生物科技有限公司完成亿元级融资,,深圳中科欣扬生物科技有限公司宣布完成亿元级融资，资金重点投向合成生物平台搭建及生物制造大宗生物制品战略布局。,0.9,,,,,,,,,,
EVT-0923,Event,信邦智能拟作价28.56亿元收购英迪芯微100%股权,,,,,,,,,,,,,,,EVT-0923,投资并购,信邦智能拟作价28.56亿元收购英迪芯微100%股权,,信邦智能拟通过发行股份及支付现金方式作价28.56亿元收购英迪芯微100%股权，并同步募集配套资金。,0.95,,,,,,,,,,
EVT-0924,Event,英迪芯微头尾灯驱动芯片实现量产上车,,,,,,,,,,,,,,,EVT-0924,产品,英迪芯微头尾灯驱动芯片实现量产上车,,英迪芯微的汽车车身照明控制驱动芯片已占据一定市场份额，头尾灯驱动芯片也已实现量产上车。,0.9,,,,,,,,,,
EVT-0925,Event,英迪芯微2025年营业收入6.64亿元,,,,,,,,,,,,,,,EVT-0925,业绩,英迪芯微2025年营业收入6.64亿元,,英迪芯微2025年实现营业收入6.64亿元，其中车规级芯片收入6.27亿元。,0.9,,,,,,,,,,
EVT-0926,Event,港交所就上市机制竞争力检讨刊发《咨询文件》拟缩短分拆上市暂止期,,,,,,,,,,,,,,,EVT-0926,政策,港交所就上市机制竞争力检讨刊发《咨询文件》拟缩短分拆上市暂止期,2026-09-21,港交所就第二阶段上市机制竞争力检讨展开市场咨询并刊发《咨询文件》，建议将母公司上市后不得提出分拆上市申请的暂止期由三年缩短至一年。,0.9,,,,,,,,,,
EVT-0927,Event,信义玻璃拟分拆信义汽车玻璃上市,,,,,,,,,,,,,,,EVT-0927,重大经营,信义玻璃拟分拆信义汽车玻璃上市,2026-08-31,信义玻璃宣布拟通过实物分派方式分拆信义汽车玻璃上市，上市申请以保密形式递交。,0.9,,,,,,,,,,
EVT-0928,Event,金斯瑞生物科技拟分拆蓬勃生物独立上市,,,,,,,,,,,,,,,EVT-0928,重大经营,金斯瑞生物科技拟分拆蓬勃生物独立上市,2026-09-04,金斯瑞生物科技发布公告称拟分拆蓬勃生物独立上市。,0.9,,,,,,,,,,
EVT-0929,Event,香港中旅计划分拆港澳文旅上市,,,,,,,,,,,,,,,EVT-0929,重大经营,香港中旅计划分拆港澳文旅上市,2026-09-17,香港中旅在中报业绩里提到，计划以实物分派方式分拆全资附属公司港澳文旅上市。,0.9,,,,,,,,,,
EVT-0930,Event,上交所对电科数字、杭萧钢构出具监管警示决定书,,,,,,,,,,,,,,,EVT-0930,监管,上交所对电科数字、杭萧钢构出具监管警示决定书,2026-01-13,上交所因商业航天相关信息披露不准确、不完整、风险提示不足，对电科数字和杭萧钢构出具监管警示决定书。,0.92,,,,,,,,,,
EVT-0931,Event,北斗星通上半年营收与净利润大幅增长,,,,,,,,,,,,,,,EVT-0931,业绩,北斗星通上半年营收与净利润大幅增长,,北斗星通上半年实现营收12.35亿元，同比增长38.48%，净利润4089.84万元，同比增长2784.18%。,0.95,,,,,,,,,,
EVT-0932,Event,中国卫星上半年同比扭亏为盈,,,,,,,,,,,,,,,EVT-0932,业绩,中国卫星上半年同比扭亏为盈,,中国卫星上半年实现营收18.85亿元，同比增长42.72%，净利润3456.58万元，同比扭亏为盈。,0.95,,,,,,,,,,
EVT-0933,Event,泰胜航天东台基地竣工投产,,,,,,,,,,,,,,,EVT-0933,产品,泰胜航天东台基地竣工投产,,泰胜航天东台基地于2026年6月下旬竣工投产，首件火箭贮箱鉴定件同步下线。,0.88,,,,,,,,,,
EVT-0934,Event,食品饮料ETF华夏近10个交易日有7日获资金净流入,,,,,,,,,,,,,,,EVT-0934,重大经营,食品饮料ETF华夏近10个交易日有7日获资金净流入,2026-09-18,截至2026年9月18日，食品饮料ETF华夏（515170.SH）近10个交易日中有7个交易日获资金净流入，显示部分资金持续布局低估赛道。,0.85,,,,,,,,,,
EVT-0935,Event,长鑫科技第五代技术平台正式量产,,,,,,,,,,,,,,,EVT-0935,产品,长鑫科技第五代技术平台正式量产,,长鑫科技宣布第五代技术平台正式量产，基于该平台的24GB LPDDR5X产品进入正式量产并进入国产主流旗舰手机。,0.9,,,,,,,,,,
EVT-0936,Event,北京市市场监督管理局对同程等四家在线酒店旅游预订平台立案调查,,,,,,,,,,,,,,,EVT-0936,监管,北京市市场监督管理局对同程等四家在线酒店旅游预订平台立案调查,,北京市市场监督管理局根据国家市场监督管理总局工作部署和前期核查情况，对同程等四家在线酒店旅游预订平台企业立案调查。,0.9,,,,,,,,,,
EVT-0937,Event,新华传媒拟发行股份购买界面财联社100%股权,,,,,,,,,,,,,,,EVT-0937,投资并购,新华传媒拟发行股份购买界面财联社100%股权,,新华传媒公告拟发行股份购买界面财联社100%股权，股票周一复牌。,0.9,,,,,,,,,,
EVT-0938,Event,富祥股份预计前三季度扭亏为盈,,,,,,,,,,,,,,,EVT-0938,业绩,富祥股份预计前三季度扭亏为盈,,富祥股份公告预计前三季度净利3.50亿元-4.30亿元，同比扭亏为盈。,0.9,,,,,,,,,,
EVT-0939,Event,德才股份2025年控股奇想无限与德芯智算布局人工智能赛道,,,,,,,,,,,,,,,EVT-0939,投资并购,德才股份2025年控股奇想无限与德芯智算布局人工智能赛道,,德才股份于2025年通过控股奇想无限与德芯智算，前瞻布局人工智能赛道。,0.9,,,,,,,,,,
EVT-0940,Event,国信证券指出2026年上半年食品饮料行业利润表现分化,,,,,,,,,,,,,,,EVT-0940,业绩,国信证券指出2026年上半年食品饮料行业利润表现分化,,国信证券指出2026年上半年食品饮料行业利润表现分化，饮料、零食龙头表现最好，白酒利润大幅下滑。,0.85,,,,,,,,,,
EVT-0941,Event,海鸥股份8月涨幅118.83%居券商金股首位,,,,,,,,,,,,,,,EVT-0941,业绩,海鸥股份8月涨幅118.83%居券商金股首位,,华源证券推荐的海鸥股份8月份涨幅达118.83%，位居全部金股首位。,0.6,,,,,,,,,,
EVT-0942,Event,药明康德8月获11家券商联合推荐，当月涨幅20.52%,,,,,,,,,,,,,,,EVT-0942,业绩,药明康德8月获11家券商联合推荐，当月涨幅20.52%,,药明康德8月份共获得平安证券、国信证券等11家券商联合推荐，当月涨幅达20.52%。,0.6,,,,,,,,,,
EVT-0943,Event,AR882国内Ⅱ/Ⅲ期临床试验获得积极顶线分析数据,,,,,,,,,,,,,,,EVT-0943,产品,AR882国内Ⅱ/Ⅲ期临床试验获得积极顶线分析数据,,一品红全资子公司广州瑞安博牵头开展的AR882胶囊治疗痛风伴高尿酸血症Ⅱ/Ⅲ期临床试验获得顶线分析数据，结果理想并达到预期目的。,0.9,,,,,,,,,,
EVT-0944,Event,AR882全球关键性Ⅲ期REDUCE2研究取得积极顶线结果,,,,,,,,,,,,,,,EVT-0944,产品,AR882全球关键性Ⅲ期REDUCE2研究取得积极顶线结果,,2026年5月，AR882全球关键性Ⅲ期REDUCE2研究已取得积极顶线结果，两种剂量均达到主要疗效终点。,0.9,,,,,,,,,,
EVT-0945,Event,药明康德二季度业绩增长强劲并上调全年业绩指引,,,,,,,,,,,,,,,EVT-0945,业绩,药明康德二季度业绩增长强劲并上调全年业绩指引,,西部证券认为药明康德2026年二季度业绩增长强劲，全面上调2026年全年业绩指引，在手订单充沛。,0.9,,,,,,,,,,
EVT-0946,Event,海鸥股份液冷冷却塔订单开始放量,,,,,,,,,,,,,,,EVT-0946,重大经营,海鸥股份液冷冷却塔订单开始放量,,华源证券称液冷冷却塔供应紧张，海鸥股份为唯一主营冷却塔的上市公司，目前订单已开始放量，市占率提升之路开启。,0.8,,,,,,,,,,
EVT-0947,Event,百济神州披露2026年上半年业绩,,,,,,,,,,,,,,,EVT-0947,业绩,百济神州披露2026年上半年业绩,,百济神州上半年实现营业总收入222.20亿元、归母净利润32.71亿元，同比分别增长26.8%和627.1%。,0.95,,,,,,,,,,
EVT-0948,Event,恒瑞医药披露2026年上半年业绩,,,,,,,,,,,,,,,EVT-0948,业绩,恒瑞医药披露2026年上半年业绩,,恒瑞医药上半年营收154.56亿元同比小幅下滑，归母净利润44.65亿元同比微增。,0.95,,,,,,,,,,
EVT-0949,Event,英矽智能上半年营收大幅增长并首次实现盈利,,,,,,,,,,,,,,,EVT-0949,业绩,英矽智能上半年营收大幅增长并首次实现盈利,,英矽智能上半年总营收1.06亿美元，同比增长287.2%，上市以来首次在半年报中实现盈利。,0.92,,,,,,,,,,
EVT-0950,Event,石药集团上半年归母净利润大增,,,,,,,,,,,,,,,EVT-0950,业绩,石药集团上半年归母净利润大增,,石药集团依托AI平台授权合作，上半年归母净利润同比大增139.2%至60.94亿元。,0.9,,,,,,,,,,
EVT-0951,Event,药明康德上半年归母净利润110.8亿元,,,,,,,,,,,,,,,EVT-0951,业绩,药明康德上半年归母净利润110.8亿元,,药明康德上半年归母净利润达110.8亿元，首次上半年净利突破百亿元，同比增长29.43%。,0.95,,,,,,,,,,
EVT-0952,Event,昭衍新药上半年归母净利润同比增长1126.8%,,,,,,,,,,,,,,,EVT-0952,业绩,昭衍新药上半年归母净利润同比增长1126.8%,,昭衍新药上半年归母净利润为7.48亿元，同比增长1126.8%，主要来自生物资产公允价值变动净收益7.35亿元。,0.95,,,,,,,,,,
EVT-0953,Event,荣昌生物上半年扭亏为盈,,,,,,,,,,,,,,,EVT-0953,业绩,荣昌生物上半年扭亏为盈,,荣昌生物上半年归母净利润46.62亿元，去年同期亏损4.5亿元，主要得益于核心产品销售增长及对外授权收入。,0.95,,,,,,,,,,
EVT-0954,Event,恒瑞医药7项创新成果获批上市、9项上市申请获受理,,,,,,,,,,,,,,,EVT-0954,产品,恒瑞医药7项创新成果获批上市、9项上市申请获受理,,报告期内恒瑞医药国内共有7项创新成果获批上市，9项上市申请获国家药监局受理，多项临床推进。,0.9,,,,,,,,,,
EVT-0955,Event,财通多策略福鑫二季度清仓生益电子等四股并大幅减持大族数控等,,,,,,,,,,,,,,,EVT-0955,重大经营,财通多策略福鑫二季度清仓生益电子等四股并大幅减持大族数控等,,财通多策略福鑫将一季度前十大重仓股中的生益电子、沪电股份、永鼎股份、烽火通信完全清仓，并对大族数控、中际旭创、生益科技大幅减持，持仓仍聚焦AI产业链。,0.9,,,,,,,,,,
EVT-0956,Event,鹏华核心优势二季度止盈再平衡并降低AI方向仓位,,,,,,,,,,,,,,,EVT-0956,重大经营,鹏华核心优势二季度止盈再平衡并降低AI方向仓位,,鹏华核心优势在二季度阶段性止盈和再平衡，降低AI方向的仓位和风险暴露，加仓非AI领域中近期维度相对超跌的个股。,0.9,,,,,,,,,,
EVT-0957,Event,东宏集团获得增持专项贷款承诺函,,,,,,,,,,,,,,,EVT-0957,股权,东宏集团获得增持专项贷款承诺函,,东宏股份控股股东山东东宏集团有限公司获得工商银行济宁分行出具的《贷款承诺函》，为其增持公司A股股份提供最高不超过5400万元、期限不超过3年的专项贷款支持。,0.92,,,,,,,,,,
EVT-0958,Event,东宏集团拟6个月内增持东宏股份A股股份,,,,,,,,,,,,,,,EVT-0958,股权,东宏集团拟6个月内增持东宏股份A股股份,,东宏集团拟在6个月内增持东宏股份A股股份，增持总金额不低于3000万元、不超过6000万元，增持数量不超过公司总股本的2%。,0.92,,,,,,,,,,
EVT-0959,Event,百济神州上半年营收超222亿元、泽布替尼全球销售额161.27亿元,,,,,,,,,,,,,,,EVT-0959,业绩,百济神州上半年营收超222亿元、泽布替尼全球销售额161.27亿元,,百济神州上半年营收超222亿元，核心产品泽布替尼全球销售额达161.27亿元，体现国产原研商业化水平。,0.92,,,,,,,,,,
EVT-0960,Event,荣昌生物、石药创新凭借跨国药企首付款扭亏为盈,,,,,,,,,,,,,,,EVT-0960,业绩,荣昌生物、石药创新凭借跨国药企首付款扭亏为盈,,荣昌生物、石药创新等企业通过跨国药企高额首付款实现扭亏为盈。,0.9,,,,,,,,,,
EVT-0961,Event,恒瑞医药与百时美施贵宝达成全球战略合作,,,,,,,,,,,,,,,EVT-0961,重大合同,恒瑞医药与百时美施贵宝达成全球战略合作,,恒瑞医药与百时美施贵宝达成全球战略合作，其中5项创新项目采用共同研发，恒瑞可参与全球商业化。,0.9,,,,,,,,,,
EVT-0962,Event,信达生物与辉瑞等跨国药企20个合作项目中5个采用深度合作模式,,,,,,,,,,,,,,,EVT-0962,重大合同,信达生物与辉瑞等跨国药企20个合作项目中5个采用深度合作模式,,信达生物半年报显示，与辉瑞等跨国药企合作的20个项目中有5个采用共同开发、共同商业化的深度合作模式。,0.88,,,,,,,,,,
EVT-0963,Event,华泰证券二季度新进持有南钢股份3703.94万股,,,,,,,,,,,,,,,EVT-0963,投资并购,华泰证券二季度新进持有南钢股份3703.94万股,,华泰证券在二季度新进持有南钢股份3703.94万股。,0.75,,,,,,,,,,
EVT-0964,Event,广发证券、申万宏源证券二季度新进持有北新路桥,,,,,,,,,,,,,,,EVT-0964,投资并购,广发证券、申万宏源证券二季度新进持有北新路桥,,广发证券、申万宏源证券分别新进持有北新路桥2623.44万股、1543.79万股。,0.75,,,,,,,,,,
EVT-0965,Event,东吴证券二季度增持华润江中829.27万股,,,,,,,,,,,,,,,EVT-0965,投资并购,东吴证券二季度增持华润江中829.27万股,,华润江中被东吴证券增持829.27万股，增持数量居首。,0.75,,,,,,,,,,
EVT-0966,Event,长江证券另类子公司二季度持有广合科技681.89万股,,,,,,,,,,,,,,,EVT-0966,投资并购,长江证券另类子公司二季度持有广合科技681.89万股,,截至二季度末，长江证券另类子公司长江证券创新投资（湖北）有限公司持有广合科技681.89万股，持仓市值16.18亿元。,0.75,,,,,,,,,,
EVT-0967,Event,广生堂向特定对象发行A股股票完成发行,,,,,,,,,,,,,,,EVT-0967,股权,广生堂向特定对象发行A股股票完成发行,2026-08-25,广生堂向特定对象发行A股股票顺利完成，募集资金总额7.23亿元，共发行人民币普通股8759389股。,0.95,,,,,,,,,,
EVT-0968,Event,广生堂核心管线GST-HG141被纳入突破性治疗品种并进入III期临床,,,,,,,,,,,,,,,EVT-0968,产品,广生堂核心管线GST-HG141被纳入突破性治疗品种并进入III期临床,,GST-HG141于2024年12月被CDE纳入突破性治疗品种名单，目前已进入III期临床，2026年2月完成全部临床受试者入组给药。,0.9,,,,,,,,,,
EVT-0969,Event,GST-HG131联合GST-HG141的II期临床研究纳入北京市药监局试点项目并获批准,,,,,,,,,,,,,,,EVT-0969,产品,GST-HG131联合GST-HG141的II期临床研究纳入北京市药监局试点项目并获批准,,GST-HG131联合GST-HG141的II期临床研究于2025年3月经北京药监局与国家药监局药品审评中心商定，被北京市药监局纳入“优化创新药临床试验审评审批试点项目”，并获II期临床试验批准。,0.9,,,,,,,,,,
EVT-0970,Event,Moderna与默沙东mRNA个性化癌症疫苗Ⅲ期临床取得初步阳性结果,,,,,,,,,,,,,,,EVT-0970,产品,Moderna与默沙东mRNA个性化癌症疫苗Ⅲ期临床取得初步阳性结果,2026-08-19,Moderna与默沙东联合宣布，双方合作的mRNA个性化癌症疫苗intismeran autogene首个Ⅲ期临床试验INTerpath-001取得初步阳性结果。,0.92,,,,,,,,,,
EVT-0971,Event,沃森生物两款mRNA疫苗获得《药物临床试验批准通知书》,,,,,,,,,,,,,,,EVT-0971,产品,沃森生物两款mRNA疫苗获得《药物临床试验批准通知书》,,沃森生物在互动平台表示，2025年公司呼吸道合胞病毒mRNA疫苗和冻干带状疱疹病毒mRNA疫苗获得《药物临床试验批准通知书》。,0.9,,,,,,,,,,
EVT-0972,Event,国家医疗保障局印发《全民医疗保障“十五五”规划》,,,,,,,,,,,,,,,EVT-0972,政策,国家医疗保障局印发《全民医疗保障“十五五”规划》,2026-08-19,国家医疗保障局8月19日印发《全民医疗保障“十五五”规划》，提出按程序将符合条件的创新药纳入医保目录，完善商业健康保险创新药品目录。,0.92,,,,,,,,,,
EVT-0973,Event,联想集团披露2026/27财年第一财季业绩,,,,,,,,,,,,,,,EVT-0973,业绩,联想集团披露2026/27财年第一财季业绩,2026-08-13,联想集团披露第一财季业绩，AI相关业务收入同比增长60%达634亿元，AI服务器储备订单提升至3600亿元。,0.9,,,,,,,,,,
EVT-0974,Event,五粮液禁止经销商低于800元抛售第八代五粮液,,,,,,,,,,,,,,,EVT-0974,重大经营,五粮液禁止经销商低于800元抛售第八代五粮液,2026-08-13,五粮液向经销商通知不得以低于800元/瓶的价格低价抛售第八代五粮液，并加强对低价出货和窜货经销商的处罚。,0.9,,,,,,,,,,
EVT-0975,Event,上海印发促进民间投资发展行动方案,,,,,,,,,,,,,,,EVT-0975,政策,上海印发促进民间投资发展行动方案,,上海印发行动方案，推广发放“算力券”“模型券”“语料券”，降低数字要素使用成本。,0.9,,,,,,,,,,
EVT-0976,Event,甘李药业授权GLP-1创新药给意大利美纳里尼集团,,,,,,,,,,,,,,,EVT-0976,重大合同,甘李药业授权GLP-1创新药给意大利美纳里尼集团,2026-08-10,甘李药业将其自主研发的GLP-1创新药授权给意大利美纳里尼集团，布局欧洲市场。,0.85,,,,,,,,,,
EVT-0977,Event,深圳证券信息有限公司发布三条创业板主题指数,,,,,,,,,,,,,,,EVT-0977,重大经营,深圳证券信息有限公司发布三条创业板主题指数,,深交所全资子公司深圳证券信息有限公司近期陆续发布创业板智能驾驶指数、创业板机器人指数、创业板光伏指数三条创业板主题指数相关公告。,0.85,,,,,,,,,,
EVT-0978,Event,百济神州上半年营收与净利润大幅增长,,,,,,,,,,,,,,,EVT-0978,业绩,百济神州上半年营收与净利润大幅增长,,百济神州上半年实现营业总收入222.20亿元、归母净利润32.71亿元，产品收入增长主要来自百悦泽等产品销售增长。,0.95,,,,,,,,,,
EVT-0979,Event,泽璟制药交出上市以来首份盈利半年报,,,,,,,,,,,,,,,EVT-0979,业绩,泽璟制药交出上市以来首份盈利半年报,,泽璟制药上半年实现营收12.05亿元、归母净利润6.4亿元，去年同期亏损超7000万元。,0.95,,,,,,,,,,
EVT-0980,Event,药明康德上半年归母净利润首次突破百亿元,,,,,,,,,,,,,,,EVT-0980,业绩,药明康德上半年归母净利润首次突破百亿元,,药明康德上半年实现营收288.97亿元，归母净利润110.8亿元，并上调2026年全年业绩指引。,0.95,,,,,,,,,,
EVT-0981,Event,荣昌生物预计上半年扭亏为盈,,,,,,,,,,,,,,,EVT-0981,业绩,荣昌生物预计上半年扭亏为盈,,荣昌生物预计上半年实现归母净利润约47亿元，同比扭亏，业绩改善源于核心产品国内销售收入增长及技术授权收入增加。,0.95,,,,,,,,,,
EVT-0982,Event,深证信息将于8月14日发布创业板光伏指数（代码970098）,,,,,,,,,,,,,,,EVT-0982,产品,深证信息将于8月14日发布创业板光伏指数（代码970098）,2026-08-14,深证信息发布公告称，将于8月14日发布创业板光伏指数（代码970098）。,0.85,,,,,,,,,,
EVT-0983,Event,深证信息已发布创业板智能驾驶指数和创业板机器人指数,,,,,,,,,,,,,,,EVT-0983,产品,深证信息已发布创业板智能驾驶指数和创业板机器人指数,,此前，深证信息已发布创业板智能驾驶指数（代码970097）和创业板机器人指数（代码970086）等创业板主题指数。,0.8,,,,,,,,,,
EVT-0984,Event,蜂助手子公司签署46.08亿元算力服务合同,,,,,,,,,,,,,,,EVT-0984,重大合同,蜂助手子公司签署46.08亿元算力服务合同,2026-08-04,蜂助手全资子公司雅安云智算力技术有限公司与B公司签署算力服务合同，合同总金额46.08亿元。,0.95,,,,,,,,,,
EVT-0985,Event,高乐股份子公司签署31.95亿元算力服务合同,,,,,,,,,,,,,,,EVT-0985,重大合同,高乐股份子公司签署31.95亿元算力服务合同,2026-08-03,高乐股份全资子公司哈尔滨智辰科技有限公司与客户签署算力服务合同，合同服务总金额31.95亿元（含税），期限5年。,0.95,,,,,,,,,,
EVT-0986,Event,行云科技在手算力长期框架订单达150.82亿元,,,,,,,,,,,,,,,EVT-0986,重大合同,行云科技在手算力长期框架订单达150.82亿元,,行云科技披露截至2026年7月末在手算力长期框架订单金额达150.82亿元，全部为5年超长周期协议。,0.9,,,,,,,,,,
EVT-0987,Event,国家发展改革委发布会介绍人工智能自主创新与算力网建设部署,,,,,,,,,,,,,,,EVT-0987,政策,国家发展改革委发布会介绍人工智能自主创新与算力网建设部署,,国家发展改革委在新闻发布会上介绍，上半年人工智能自主创新加快，全国智能算力规模达去年同期2.8倍，“十五五”时期算力网建设将新增直接投资4万亿元。,0.7,,,,,,,,,,
EVT-0988,Event,东宏股份与万华化学集团物资有限公司签订采购框架合同,,,,,,,,,,,,,,,EVT-0988,重大合同,东宏股份与万华化学集团物资有限公司签订采购框架合同,,东宏股份与万华化学集团物资有限公司分别签订中标标段对应的《采购框架合同》，合同预估总金额为人民币18，000万元。,0.95,,,,,,,,,,
EVT-0989,Event,国务院印发《国民健康“十五五”规划》支持创新药发展应用,,,,,,,,,,,,,,,EVT-0989,政策,国务院印发《国民健康“十五五”规划》支持创新药发展应用,,国务院印发的《国民健康“十五五”规划》提出全链条支持创新药和医疗器械发展应用。,0.95,,,,,,,,,,
EVT-0990,Event,三部门公布2026年版国家基本药物目录，4种国产Ⅰ类新药调入,,,,,,,,,,,,,,,EVT-0990,政策,三部门公布2026年版国家基本药物目录，4种国产Ⅰ类新药调入,2026-07-09,国家卫生健康委员会等三部门公布2026年版国家基本药物目录，4种国产Ⅰ类新药被调入目录。,0.9,,,,,,,,,,
EVT-0991,Event,海思科预计上半年归母净利润同比增长513.25%至575.35%,,,,,,,,,,,,,,,EVT-0991,业绩,海思科预计上半年归母净利润同比增长513.25%至575.35%,,海思科医药集团股份有限公司预计上半年实现归母净利润7.9亿元至8.7亿元，同比增长513.25%至575.35%。,0.95,,,,,,,,,,
EVT-0992,Event,石药创新预计上半年归母净利润11.8亿元至13.6亿元同比扭亏,,,,,,,,,,,,,,,EVT-0992,业绩,石药创新预计上半年归母净利润11.8亿元至13.6亿元同比扭亏,,石药创新制药股份有限公司预计今年上半年实现归母净利润11.8亿元至13.6亿元，同比扭亏为盈。,0.95,,,,,,,,,,
EVT-0993,Event,中国人民银行开展1340亿元7天期逆回购及6000亿元隔夜逆回购操作,,,,,,,,,,,,,,,EVT-0993,政策,中国人民银行开展1340亿元7天期逆回购及6000亿元隔夜逆回购操作,2026-07-31,中国人民银行以固定利率、数量招标方式开展1340亿元7天期逆回购操作，操作利率1.40%，并开展6000亿元隔夜逆回购操作。,0.6,,,,,,,,,,
EVT-0994,Event,中央政治局会议提出深化资本市场投融资综合改革,,,,,,,,,,,,,,,EVT-0994,政策,中央政治局会议提出深化资本市场投融资综合改革,,中央政治局会议明确提出深化资本市场投融资综合改革、提升资本市场韧性和信心，释放呵护信号。,0.75,,,,,,,,,,
EVT-0995,Event,威海新北洋荣鑫科技股份有限公司中标工商银行网点新型客户交互终端项目,,,,,,,,,,,,,,,EVT-0995,重大合同,威海新北洋荣鑫科技股份有限公司中标工商银行网点新型客户交互终端项目,,新北洋控股子公司威海新北洋荣鑫科技股份有限公司收到中信国际招标有限公司签发的《中标通知书》，被确认为中国工商银行股份有限公司2026年度网点新型客户交互终端项目中标人。,0.93,,,,,,,,,,
EVT-0996,Event,宁德时代披露2026年上半年业绩,,,,,,,,,,,,,,,EVT-0996,业绩,宁德时代披露2026年上半年业绩,,宁德时代上半年实现营收2769.2亿元，同比增长54.8%，归母净利润432.8亿元，同比增长41.98%。,0.92,,,,,,,,,,
EVT-0997,Event,金煤科技上半年同比扭亏为盈,,,,,,,,,,,,,,,EVT-0997,业绩,金煤科技上半年同比扭亏为盈,,金煤科技上半年实现营收4.78亿元，同比增长1.06%，归母净利润2041.38万元，同比扭亏为盈。,0.92,,,,,,,,,,
EVT-0998,Event,昊志机电上半年净利润同比翻倍,,,,,,,,,,,,,,,EVT-0998,业绩,昊志机电上半年净利润同比翻倍,,昊志机电上半年实现营收11.66亿元，同比增长65.86%，归母净利润2.32亿元，同比增长266.57%。,0.92,,,,,,,,,,
EVT-0999,Event,优彩资源上半年净利润同比增长103.87%,,,,,,,,,,,,,,,EVT-0999,业绩,优彩资源上半年净利润同比增长103.87%,,优彩资源上半年实现营收13.3亿元，同比增长7.87%，归母净利润8258.63万元，同比增长103.87%。,0.92,,,,,,,,,,
EVT-1000,Event,人工智能算力产业链公司上半年业绩大幅预增,,,,,,,,,,,,,,,EVT-1000,业绩,人工智能算力产业链公司上半年业绩大幅预增,,存储、芯片设计、光通信、服务器等算力产业链上市公司在半年报业绩预告中集中兑现业绩，净利润同比大幅增长。,0.93,,,,,,,,,,
EVT-1001,Event,机器人产业链公司上半年业绩预增,,,,,,,,,,,,,,,EVT-1001,业绩,机器人产业链公司上半年业绩预增,,人形机器人产业链各细分领域业绩改善明确，埃斯顿、凯尔达、拓斯达等预计净利润同比大幅增长。,0.92,,,,,,,,,,
EVT-1002,Event,创新药企业上半年业绩集中兑现,,,,,,,,,,,,,,,EVT-1002,业绩,创新药企业上半年业绩集中兑现,,一批创新药企业进入业绩兑现期，昭衍新药、海思科等预计上半年净利润同比大幅增长。,0.9,,,,,,,,,,
EVT-1003,Event,新易盛预计2026年上半年净利润同比增长77.56%至102.93%,,,,,,,,,,,,,,,EVT-1003,业绩,新易盛预计2026年上半年净利润同比增长77.56%至102.93%,,新易盛预计2026年上半年实现净利润70亿元至80亿元，同比增长77.56%至102.93%。,0.95,,,,,,,,,,
EVT-1004,Event,鸿仕达预计上半年净利润同比增幅296.75%至368.88%,,,,,,,,,,,,,,,EVT-1004,业绩,鸿仕达预计上半年净利润同比增幅296.75%至368.88%,,鸿仕达披露2026年半年度业绩预告，预计上半年实现净利润2200万元至2600万元。,0.95,,,,,,,,,,
EVT-1005,Event,天赐材料预计2026年上半年净利润同比增长907.84%至1019.82%,,,,,,,,,,,,,,,EVT-1005,业绩,天赐材料预计2026年上半年净利润同比增长907.84%至1019.82%,,天赐材料预计2026年上半年实现净利润27亿元至30亿元，同比增长907.84%至1019.82%。,0.95,,,,,,,,,,
EVT-1006,Event,恒逸石化和粤海饲料预计上半年净利润同比增幅上限均在1300%以上,,,,,,,,,,,,,,,EVT-1006,业绩,恒逸石化和粤海饲料预计上半年净利润同比增幅上限均在1300%以上,,恒逸石化和粤海饲料均预计上半年净利润同比增幅上限在1300%以上。,0.9,,,,,,,,,,
EVT-1007,Event,联讯仪器、奥浦迈等发布半年度业绩预告,,,,,,,,,,,,,,,EVT-1007,业绩,联讯仪器、奥浦迈等发布半年度业绩预告,2026-07-22,7月22日，联讯仪器、奥浦迈等发布半年度业绩预告，业绩预增的上市公司数量持续增加。,0.9,,,,,,,,,,
EVT-1008,Event,哈药股份、星网锐捷、立新能源等多只中报业绩预喜股票大涨,,,,,,,,,,,,,,,EVT-1008,业绩,哈药股份、星网锐捷、立新能源等多只中报业绩预喜股票大涨,,近期哈药股份、星网锐捷、立新能源等多只中报业绩预喜股票大涨，业绩良好的股票仍被市场挖掘。,0.8,,,,,,,,,,
EVT-1009,Event,泰诺麦博以第五套上市标准登陆科创板,,,,,,,,,,,,,,,EVT-1009,股权,泰诺麦博以第五套上市标准登陆科创板,2026-07-21,泰诺麦博登陆科创板，成为科创板又一家上市时未盈利企业。,0.85,,,,,,,,,,
EVT-1010,Event,中芯国际406亿元收购中芯北方49%股权交易收官,,,,,,,,,,,,,,,EVT-1010,投资并购,中芯国际406亿元收购中芯北方49%股权交易收官,,中芯国际以406亿元收购中芯北方49%股权的交易正式收官，成为科创板设立以来规模最大的发行股份购买资产交易案。,0.9,,,,,,,,,,
EVT-1011,Event,芯导科技收购瞬雷科技项目获上交所并购重组委审核通过,,,,,,,,,,,,,,,EVT-1011,投资并购,芯导科技收购瞬雷科技项目获上交所并购重组委审核通过,2026-07-16,芯导科技发行可转债并配套现金收购瞬雷科技的项目获上交所并购重组委审核通过。,0.9,,,,,,,,,,
EVT-1012,Event,中微公司收购杭州众硅64.69%股权,,,,,,,,,,,,,,,EVT-1012,投资并购,中微公司收购杭州众硅64.69%股权,,中微公司收购杭州众硅64.69%股权，为科创板首单适用并购重组简易审核程序的案例。,0.9,,,,,,,,,,
EVT-1013,Event,中央网信委印发IPv6技术创新和融合应用实施方案,,,,,,,,,,,,,,,EVT-1013,政策,中央网信委印发IPv6技术创新和融合应用实施方案,,中央网络安全和信息化委员会印发《深化互联网协议第六版（IPv6）技术创新和融合应用实施方案（2026—2030年）》，提出到2027年的阶段性目标。,0.95,,,,,,,,,,
EVT-1014,Event,长鑫科技发行认购缴款结束,,,,,,,,,,,,,,,EVT-1014,股权,长鑫科技发行认购缴款结束,2026-07-20,长鑫科技本次发行的网上、网下认购缴款工作已于2026年7月20日结束，网上认购3，844，517，273股，网下认购2，173，101，821股。,0.9,,,,,,,,,,
EVT-1015,Event,中际旭创在香港发行5450万股,,,,,,,,,,,,,,,EVT-1015,股权,中际旭创在香港发行5450万股,,中际旭创公告将在香港发行5450万股，最高发行价每股1010港元，最高融资额料达550亿港元。,0.9,,,,,,,,,,
EVT-1016,Event,源杰科技预计上半年净利润同比大增,,,,,,,,,,,,,,,EVT-1016,业绩,源杰科技预计上半年净利润同比大增,,源杰科技公告预计上半年净利润6.00亿元-6.50亿元，同比增长1197%-1305%。,0.9,,,,,,,,,,
EVT-1017,Event,创业板新能源ETF华泰柏瑞（159069）于7月21日上市,,,,,,,,,,,,,,,EVT-1017,产品,创业板新能源ETF华泰柏瑞（159069）于7月21日上市,2026-07-21,创业板新能源ETF华泰柏瑞（159069）于7月21日上市，为投资者提供一键覆盖电池、光伏、自动化设备、风电及电网设备等新能源细分赛道的工具。,0.72,,,,,,,,,,
EVT-1018,Event,“十五五”规划纲要提出加强新能源多元化应用场景建设,,,,,,,,,,,,,,,EVT-1018,政策,“十五五”规划纲要提出加强新能源多元化应用场景建设,,“十五五”规划纲要明确提出加强新能源多元化应用场景建设，加快构建新型能源体系，并推动全国统一电力市场、绿色电力与算力协同布局。,0.9,,,,,,,,,,
EVT-1019,Event,海光信息预计上半年归母净利润同比增长41.50%至52.32%,,,,,,,,,,,,,,,EVT-1019,业绩,海光信息预计上半年归母净利润同比增长41.50%至52.32%,,海光信息技术股份有限公司预计2026年上半年实现归母净利润17亿元至18.3亿元，同比增长41.50%至52.32%。,0.92,,,,,,,,,,
EVT-1020,Event,佰维存储预计上半年营业收入同比增长283.40%至308.96%,,,,,,,,,,,,,,,EVT-1020,业绩,佰维存储预计上半年营业收入同比增长283.40%至308.96%,,深圳佰维存储科技股份有限公司预计上半年营业收入150亿元至160亿元，归母净利润70亿元至75亿元。,0.92,,,,,,,,,,
EVT-1021,Event,芯原股份2026年新签订单合计146.53亿元,,,,,,,,,,,,,,,EVT-1021,重大合同,芯原股份2026年新签订单合计146.53亿元,,芯原微电子（上海）股份有限公司2026年1月1日至7月16日新签订单合计146.53亿元，其中人工智能算力相关订单及数据处理领域订单占比均超过90%。,0.9,,,,,,,,,,
EVT-1022,Event,百利天恒完成全部回购,,,,,,,,,,,,,,,EVT-1022,股权,百利天恒完成全部回购,2026-07-08,百利天恒6月2日披露回购计划，7月8日即完成全部回购。,0.9,,,,,,,,,,
EVT-1023,Event,国家药监局今年共批准药品上市注册申请2318件,,,,,,,,,,,,,,,EVT-1023,监管,国家药监局今年共批准药品上市注册申请2318件,,国家药监局今年共批准药品上市注册申请2318件，其中“全球新”创新药38个。,0.85,,,,,,,,,,
EVT-1024,Event,百利天恒、科济药业、智翔金泰、普莱医药的全球首款创新药获批,,,,,,,,,,,,,,,EVT-1024,产品,百利天恒、科济药业、智翔金泰、普莱医药的全球首款创新药获批,2026-06-22,6月22日，百利天恒、科济药业、智翔金泰、普莱医药申报的全球首款创新药纷纷获批。,0.85,,,,,,,,,,
EVT-1025,Event,百济神州2025年首次实现全年盈利,,,,,,,,,,,,,,,EVT-1025,业绩,百济神州2025年首次实现全年盈利,,百济神州2025年首次实现全年盈利，2026年一季度延续盈利态势。,0.9,,,,,,,,,,
EVT-1026,Event,恒瑞医药一季度创新药销售收入45.26亿元,,,,,,,,,,,,,,,EVT-1026,业绩,恒瑞医药一季度创新药销售收入45.26亿元,,恒瑞医药2026年一季度创新药销售收入达45.26亿元，同比增长25.75%，占药品总收入比重首次突破六成。,0.9,,,,,,,,,,
EVT-1027,Event,创业板新能源ETF华泰柏瑞（159069）于6月22日发售,,,,,,,,,,,,,,,EVT-1027,产品,创业板新能源ETF华泰柏瑞（159069）于6月22日发售,2026-06-22,华泰柏瑞基金发行的创业板新能源ETF华泰柏瑞（159069）于6月22日发售，跟踪创业板新能源指数。,0.85,,,,,,,,,,
EVT-1028,Event,华泰柏瑞基金累计八次荣获被动投资金牛基金公司,,,,,,,,,,,,,,,EVT-1028,重大经营,华泰柏瑞基金累计八次荣获被动投资金牛基金公司,,华泰柏瑞基金累计八次荣获“被动投资金牛基金公司”，在被动投资领域累计摘得18座金牛奖。,0.7,,,,,,,,,,
EVT-1029,Event,《中华人民共和国审计法实施条例》修订通过并公布,,,,,,,,,,,,,,,EVT-1029,政策,《中华人民共和国审计法实施条例》修订通过并公布,2026-08-31,国务院第95次常务会议修订通过《中华人民共和国审计法实施条例》，现予公布，自2026年12月1日起施行。,0.95,,,,,,,,,,
EVT-1030,Event,国务院办公厅印发“高效办成一件事”2026年度第二批重点事项清单,,,,,,,,,,,,,,,EVT-1030,政策,国务院办公厅印发“高效办成一件事”2026年度第二批重点事项清单,,国务院同意并印发《“高效办成一件事”2026年度第二批重点事项清单》，要求各地区各部门结合实际认真组织实施。,0.9,,,,,,,,,,
EVT-1031,Event,文化和旅游部印发《非物质文化遗产保护传承“十五五”规划》,,,,,,,,,,,,,,,EVT-1031,政策,文化和旅游部印发《非物质文化遗产保护传承“十五五”规划》,2026-09-20,文化和旅游部编制并印发《非物质文化遗产保护传承“十五五”规划》，要求各地结合实际认真组织实施。,0.95,,,,,,,,,,
EVT-1032,Event,农业农村部、工业和信息化部印发《全国农业机械化发展“十五五”规划》,,,,,,,,,,,,,,,EVT-1032,政策,农业农村部、工业和信息化部印发《全国农业机械化发展“十五五”规划》,2026-09-09,农业农村部与工业和信息化部研究制定并印发了《全国农业机械化发展“十五五”规划》，要求各有关单位认真贯彻落实。,0.95,,,,,,,,,,
EVT-1033,Event,国务院办公厅出台意见加强烟花爆竹全链条安全监管,,,,,,,,,,,,,,,EVT-1033,政策,国务院办公厅出台意见加强烟花爆竹全链条安全监管,,经国务院同意，国务院办公厅提出进一步加强烟花爆竹生产、储存、经营、运输、燃放等各环节全链条安全监管的意见。,0.9,,,,,,,,,,
EVT-1034,Event,工业和信息化部、国家发展改革委印发《电子信息制造业发展“十五五”规划》,,,,,,,,,,,,,,,EVT-1034,政策,工业和信息化部、国家发展改革委印发《电子信息制造业发展“十五五”规划》,2026-09-10,工业和信息化部与国家发展改革委联合印发《电子信息制造业发展“十五五”规划》，要求结合实际认真贯彻实施。,0.95,,,,,,,,,,
EVT-1035,Event,商务部等8部门印发《促进智能家居消费行动方案》,,,,,,,,,,,,,,,EVT-1035,政策,商务部等8部门印发《促进智能家居消费行动方案》,2026-09-02,商务部等8部门联合印发《促进智能家居消费行动方案》，部署丰富智能家居场景、支持老旧房屋适老化改造和智能化升级等工作。,0.95,,,,,,,,,,
EVT-1036,Event,财政部等四部门印发《关于加快农业保险高质量发展的实施方案》,,,,,,,,,,,,,,,EVT-1036,政策,财政部等四部门印发《关于加快农业保险高质量发展的实施方案》,2026-09-08,经国务院同意，财政部、农业农村部、金融监管总局、国家林草局联合印发《关于加快农业保险高质量发展的实施方案》，要求抓好贯彻落实。,0.95,,,,,,,,,,
EVT-1037,Event,工业和信息化部印发《“人工智能+软件”专项行动实施方案》,,,,,,,,,,,,,,,EVT-1037,政策,工业和信息化部印发《“人工智能+软件”专项行动实施方案》,2026-09-02,工业和信息化部于2026年9月2日印发《“人工智能+软件”专项行动实施方案》，要求各地工业和信息化主管部门结合实际抓好贯彻落实。,0.95,,,,,,,,,,
EVT-1038,Event,国务院办公厅发布加强中小企业回款难问题治理通知,,,,,,,,,,,,,,,EVT-1038,政策,国务院办公厅发布加强中小企业回款难问题治理通知,,国务院办公厅发布通知，从分行业明确合理账期、推动龙头企业践行60日付现承诺、开展约谈整治、规范电子凭证业务等方面治理中小企业回款难问题。,0.95,,,,,,,,,,
EVT-1039,Event,规范管理电子凭证业务并从严监管电子凭证服务平台,,,,,,,,,,,,,,,EVT-1039,政策,规范管理电子凭证业务并从严监管电子凭证服务平台,,通知要求压减电子凭证最长付款期限至6个月，电子凭证服务平台经营数据全量接入上海票据交易所，并对付款逾期企业停止提供新开立电子凭证服务。,0.9,,,,,,,,,,
EVT-1040,Event,农业农村部印发《全国渔业发展“十五五”规划》,,,,,,,,,,,,,,,EVT-1040,政策,农业农村部印发《全国渔业发展“十五五”规划》,2026-09-04,农业农村部以农渔发〔2026〕17号文将《全国渔业发展“十五五”规划》印发给各省级农业农村（农牧）、渔业厅（局、委）及新疆生产建设兵团农业农村局，要求结合实际认真贯彻落实。,0.95,,,,,,,,,,
EVT-1041,Event,国家版权局印发《版权工作“十五五”规划》,,,,,,,,,,,,,,,EVT-1041,政策,国家版权局印发《版权工作“十五五”规划》,2026-08-31,国家版权局将《版权工作“十五五”规划》印发给各省版权局等单位，要求结合实际认真贯彻落实。,0.95,,,,,,,,,,
EVT-1042,Event,工业和信息化部印发《信息通信行业发展“十五五”规划》,,,,,,,,,,,,,,,EVT-1042,政策,工业和信息化部印发《信息通信行业发展“十五五”规划》,2026-08-12,工业和信息化部将《信息通信行业发展“十五五”规划》印发给各地工业和信息化主管部门、通信管理局等单位，要求结合实际贯彻实施。,0.95,,,,,,,,,,
EVT-1043,Event,《电力安全事故应急处置和调查处理条例》修订通过并公布,,,,,,,,,,,,,,,EVT-1043,政策,《电力安全事故应急处置和调查处理条例》修订通过并公布,2026-08-21,国务院第94次常务会议修订通过《电力安全事故应急处置和调查处理条例》并予以公布，自2027年1月1日起施行。,0.95,,,,,,,,,,
EVT-1044,Event,国务院公布修改《住房公积金管理条例》的决定,,,,,,,,,,,,,,,EVT-1044,政策,国务院公布修改《住房公积金管理条例》的决定,2026-07-31,国务院第93次常务会议通过修改《住房公积金管理条例》的决定并予公布，自2026年9月20日起施行。,0.95,,,,,,,,,,
EVT-1045,Event,新增个体工商户及灵活就业人员自愿缴存住房公积金的规定,,,,,,,,,,,,,,,EVT-1045,政策,新增个体工商户及灵活就业人员自愿缴存住房公积金的规定,,条例新增条款允许个体工商户、非全日制从业人员以及其他灵活就业人员自愿缴存住房公积金并享受相应政策支持，具体办法由设区的市级以上地方人民政府制定。,0.9,,,,,,,,,,
EVT-1046,Event,国务院批复原则同意《特殊教育发展提升“十五五”行动计划》,,,,,,,,,,,,,,,EVT-1046,政策,国务院批复原则同意《特殊教育发展提升“十五五”行动计划》,,国务院批复原则同意《特殊教育发展提升“十五五”行动计划》，要求教育部等部门认真组织实施。,0.95,,,,,,,,,,
EVT-1047,Event,国务院公布《关于修改和废止部分行政法规的决定》,,,,,,,,,,,,,,,EVT-1047,政策,国务院公布《关于修改和废止部分行政法规的决定》,2026-08-15,国务院第93次常务会议通过修改和废止部分行政法规的决定并予公布，自2026年8月15日起施行。,0.95,,,,,,,,,,
EVT-1048,Event,国务院决定修改12部行政法规的部分条款,,,,,,,,,,,,,,,EVT-1048,政策,国务院决定修改12部行政法规的部分条款,2026-08-15,为衔接生态环境法典，国务院决定对12部行政法规的部分条款予以修改。,0.9,,,,,,,,,,
EVT-1049,Event,国务院决定废止3部行政法规,,,,,,,,,,,,,,,EVT-1049,政策,国务院决定废止3部行政法规,2026-08-15,国务院决定对3部行政法规予以废止。,0.9,,,,,,,,,,
EVT-1050,Event,国务院原则同意重点林区“十五五”期间森林年采伐限额,,,,,,,,,,,,,,,EVT-1050,政策,国务院原则同意重点林区“十五五”期间森林年采伐限额,,国务院批准国家林草局编制的重点林区“十五五”期间森林年采伐限额，要求严格执行、不得突破。,0.95,,,,,,,,,,
EVT-1051,Event,《集成电路布图设计保护条例》修订通过并公布,,,,,,,,,,,,,,,EVT-1051,政策,《集成电路布图设计保护条例》修订通过并公布,2026-07-10,国务院第91次常务会议修订通过《集成电路布图设计保护条例》并予公布，自2026年10月15日起施行。,0.95,,,,,,,,,,
EVT-1052,Event,国务院印发《知识产权保护和运用“十五五”规划》,,,,,,,,,,,,,,,EVT-1052,政策,国务院印发《知识产权保护和运用“十五五”规划》,,国务院将《知识产权保护和运用“十五五”规划》印发给各省、自治区、直辖市人民政府及国务院各部委、各直属机构贯彻执行。,0.95,,,,,,,,,,
EVT-1053,Event,国务院印发《关于国务院行政复议案件处理程序的若干规定》,,,,,,,,,,,,,,,EVT-1053,政策,国务院印发《关于国务院行政复议案件处理程序的若干规定》,,国务院同意并印发《关于国务院行政复议案件处理程序的若干规定》，规范国务院行政复议案件有关处理程序。,0.9,,,,,,,,,,
EVT-1054,Event,国务院印发《全民健身计划（2026—2030年）》,,,,,,,,,,,,,,,EVT-1054,政策,国务院印发《全民健身计划（2026—2030年）》,,《全民健身计划（2026—2030年）》印发，要求各省、自治区、直辖市人民政府和国务院各部委、各直属机构认真贯彻执行。,0.95,,,,,,,,,,
EVT-1055,Event,修订《全民健身条例》《社会体育指导员管理办法》等法规规章,,,,,,,,,,,,,,,EVT-1055,政策,修订《全民健身条例》《社会体育指导员管理办法》等法规规章,,计划提出修订《全民健身条例》、《社会体育指导员管理办法》等法规规章，并制定加强新时代老年人体育工作、推进体育志愿服务工作等文件。,0.88,,,,,,,,,,
EVT-1056,Event,转发生态环境部等部门《群众身边水体保护治理行动方案》,,,,,,,,,,,,,,,EVT-1056,政策,转发生态环境部等部门《群众身边水体保护治理行动方案》,,经国务院同意，国务院办公厅将生态环境部等六部门制定的《群众身边水体保护治理行动方案》转发各省、自治区、直辖市人民政府和国务院各部门贯彻执行。,0.95,,,,,,,,,,
EVT-1057,Event,国务院批复原则同意《扩大消费“十五五”规划》,,,,,,,,,,,,,,,EVT-1057,政策,国务院批复原则同意《扩大消费“十五五”规划》,,国务院批复原则同意《扩大消费“十五五”规划》，请认真组织实施。,0.95,,,,,,,,,,
EVT-1058,Event,国务院原则同意《旅游强国建设“十五五”规划》并要求组织实施,,,,,,,,,,,,,,,EVT-1058,政策,国务院原则同意《旅游强国建设“十五五”规划》并要求组织实施,,国务院批复同意《旅游强国建设“十五五”规划》，要求认真组织实施，各省区市人民政府与国务院各有关部门按职责分工落实。,0.92,,,,,,,,,,
EVT-1059,Event,国务院批复原则同意《残疾人保障和发展“十五五”规划》,,,,,,,,,,,,,,,EVT-1059,政策,国务院批复原则同意《残疾人保障和发展“十五五”规划》,,国务院批复原则同意《残疾人保障和发展“十五五”规划》并要求认真组织实施。,0.9,,,,,,,,,,
EVT-1060,Event,国务院印发《教育发展“十五五”规划》,,,,,,,,,,,,,,,EVT-1060,政策,国务院印发《教育发展“十五五”规划》,,国务院将《教育发展“十五五”规划》印发给各省、自治区、直辖市人民政府及国务院各部委、各直属机构，要求认真贯彻执行。,0.95,,,,,,,,,,
EVT-1061,Event,国务院同意延长大中型水库移民后期扶持期限,,,,,,,,,,,,,,,EVT-1061,政策,国务院同意延长大中型水库移民后期扶持期限,,经国务院同意，对已纳入扶持范围的移民扶持期限在现有基础上延长5年，2026年7月1日之后新建水库产生的移民扶持期限按25年计算。,0.9,,,,,,,,,,
EVT-1062,Event,明确水库移民后期扶持人口由水利部核定,,,,,,,,,,,,,,,EVT-1062,政策,明确水库移民后期扶持人口由水利部核定,,通知明确截至2026年6月30日的后期扶持人口由水利部核定，2026年7月1日之后新建水库产生的需纳入扶持范围的移民由水利部会同国家发展改革委、国家能源局等有关部门每年核定一次。,0.9,,,,,,,,,,
EVT-1063,Event,国务院批复原则同意浙江、福建、山东等3省国家级自然保护区和国家级风景名胜区整合优化方案,,,,,,,,,,,,,,,EVT-1063,政策,国务院批复原则同意浙江、福建、山东等3省国家级自然保护区和国家级风景名胜区整合优化方案,,国务院批复原则同意浙江、福建、山东等3省国家级自然保护区和国家级风景名胜区整合优化方案，要求认真组织实施，整合优化后的名称、区域范围、管控分区由国家林草局公布。,0.95,,,,,,,,,,
EVT-1064,Event,证监会对陈欢、周厚禄、李萍萍操纵证券市场作出行政处罚并采取市场禁入措施,,,,,,,,,,,,,,,EVT-1064,监管,证监会对陈欢、周厚禄、李萍萍操纵证券市场作出行政处罚并采取市场禁入措施,,证监会认定陈欢、周厚禄、李萍萍共同操纵证券市场，决定处以800万元罚款，并对陈欢、李萍萍采取3年、对周厚禄采取2年证券市场禁止交易措施。,0.95,,,,,,,,,,
EVT-1065,Event,相关公司公告筹划发行股份及支付现金购买某公司控制权,,,,,,,,,,,,,,,EVT-1065,投资并购,相关公司公告筹划发行股份及支付现金购买某公司控制权,2025-02-22,相关公司公告筹划以发行股份及支付现金的方式购买某公司控制权并募集配套资金，构成重大资产重组。,0.9,,,,,,,,,,
EVT-1066,Event,证监会对杨将内幕交易作出行政处罚,,,,,,,,,,,,,,,EVT-1066,监管,证监会对杨将内幕交易作出行政处罚,,"证监会认定杨将构成内幕交易，决定没收其违法所得2,156,230.61元并处以6,468,691.83元罚款。",0.95,,,,,,,,,,
EVT-1067,Event,证监会对翁宇轩内幕交易作出行政处罚,,,,,,,,,,,,,,,EVT-1067,监管,证监会对翁宇轩内幕交易作出行政处罚,,"翁宇轩在内幕信息敏感期内控制使用多个证券账户买卖相关公司股票，盈利312,555.81元，被责令处理非法持有的证券、没收违法所得并处罚款。",0.95,,,,,,,,,,
EVT-1068,Event,元道通信公告的证券发行文件编造重大虚假内容,,,,,,,,,,,,,,,EVT-1068,监管,元道通信公告的证券发行文件编造重大虚假内容,,"元道通信在《招股说明书》等证券发行文件中通过虚构工作量确认单等方式虚增2019年至2021年营业收入,编造重大虚假内容,被证监会认定为欺诈发行。",0.95,,,,,,,,,,
EVT-1069,Event,元道通信2022年年度报告存在虚假记载,,,,,,,,,,,,,,,EVT-1069,监管,元道通信2022年年度报告存在虚假记载,,"元道通信2022年通过虚构工作量确认单等方式虚增营业收入166,218,396.33元,2022年年度报告信息披露存在虚假记载,被证监会认定违法。",0.95,,,,,,,,,,
EVT-1070,Event,证监会对元道通信及相关责任人员作出行政处罚,,,,,,,,,,,,,,,EVT-1070,监管,证监会对元道通信及相关责任人员作出行政处罚,,"证监会决定对元道通信责令改正、给予警告并处以238,836,800元罚款,并对李晋、曹亚蕾、吴志锋分别处以罚款。",0.9,,,,,,,,,,
EVT-1071,Event,证监会对李晋、曹亚蕾采取证券市场禁入措施,,,,,,,,,,,,,,,EVT-1071,监管,证监会对李晋、曹亚蕾采取证券市场禁入措施,,"因违法情节严重,证监会对李晋采取5年、对曹亚蕾采取4年证券市场禁入措施。",0.9,,,,,,,,,,
EVT-1072,Event,证监会对大华所及签字注册会计师高世茂、霍耀俊作出行政处罚,,,,,,,,,,,,,,,EVT-1072,监管,证监会对大华所及签字注册会计师高世茂、霍耀俊作出行政处罚,,"因大华所为东方集团2020年至2023年年报提供审计服务未勤勉尽责、出具存在虚假记载的审计报告，证监会责令大华所改正、没收审计业务收入5,207,547.16元并罚款950万元，对高世茂、霍耀俊分别警告并罚款60万元、70万元。",0.95,,,,,,,,,,
EVT-1073,Event,中国证监会对陈广华编造、传播虚假信息作出行政处罚,,,,,,,,,,,,,,,EVT-1073,监管,中国证监会对陈广华编造、传播虚假信息作出行政处罚,,中国证监会认定陈广华编造、传播虚假信息违反《证券法》，决定对其处以20万元罚款。,0.95,,,,,,,,,,
EVT-1074,Event,证监会对卢润凯编造、传播虚假信息作出行政处罚,,,,,,,,,,,,,,,EVT-1074,监管,证监会对卢润凯编造、传播虚假信息作出行政处罚,2026-02-02,卢润凯发布含有税率调整内容的虚假信息，扰乱证券市场，被中国证监会处以20万元罚款。,0.95,,,,,,,,,,
EVT-1075,Event,马星瑞传播虚假信息被证监会处以30万元罚款,,,,,,,,,,,,,,,EVT-1075,监管,马星瑞传播虚假信息被证监会处以30万元罚款,2025-12-16,证券从业人员马星瑞未核实信息真实性即转发涉税率调整的虚假信息，被中国证监会认定为编造、传播虚假信息并处以30万元罚款。,0.95,,,,,,,,,,
EVT-1076,Event,公安机关对宗建树处以罚款的行政处罚,,,,,,,,,,,,,,,EVT-1076,监管,公安机关对宗建树处以罚款的行政处罚,,公安机关已对宗建树处以罚款的行政处罚，证监会据此不再对其相关违法行为给予罚款处罚。,0.9,,,,,,,,,,
EVT-1077,Event,证监会对宗建树采取5年市场禁入措施,,,,,,,,,,,,,,,EVT-1077,监管,证监会对宗建树采取5年市场禁入措施,,因编造、传播虚假信息扰乱证券市场且情节严重，证监会决定对宗建树采取5年市场禁入措施。,0.95,,,,,,,,,,
EVT-1078,Event,相关公司发布筹划发行股份及支付现金购买资产并募集配套资金的停牌公告,,,,,,,,,,,,,,,EVT-1078,投资并购,相关公司发布筹划发行股份及支付现金购买资产并募集配套资金的停牌公告,2024-11-22,相关公司发布关于筹划发行股份及支付现金购买资产并募集配套资金事项的停牌公告，该事项公开前构成内幕信息。,0.9,,,,,,,,,,
EVT-1079,Event,证监会对柳玉平、王叶兰内幕交易作出行政处罚,,,,,,,,,,,,,,,EVT-1079,监管,证监会对柳玉平、王叶兰内幕交易作出行政处罚,,"证监会认定柳玉平、王叶兰共同内幕交易，责令依法处理非法持有的证券，没收违法所得98,396.03元并处以1,500,000元罚款。",0.9,,,,,,,,,,
EVT-1080,Event,证监会对中兴财光华及签字注册会计师作出行政处罚,,,,,,,,,,,,,,,EVT-1080,监管,证监会对中兴财光华及签字注册会计师作出行政处罚,,"因审计九有股份2020年至2023年年报未勤勉尽责、出具的审计报告存在虚假记载,证监会对中兴财光华责令改正、没收审计业务收入并罚款,对张学福、胡蝶娜、王振伟分别给予警告并罚款。",0.95,,,,,,,,,,
EVT-1081,Event,九有股份2021年至2023年通过虚构业务虚增收入和利润,,,,,,,,,,,,,,,EVT-1081,业绩,九有股份2021年至2023年通过虚构业务虚增收入和利润,,"九有股份子公司通过虚构互联网信息服务业务、虚构营销业务以及资金空转等方式虚增收入和利润,导致2021年至2023年年度报告存在虚假记载。",0.75,,,,,,,,,,
EVT-1082,Event,相关公司发布收到要约收购报告书的公告,,,,,,,,,,,,,,,EVT-1082,股权,相关公司发布收到要约收购报告书的公告,2025-01-17,相关公司发布关于收到要约收购报告书的公告，该要约收购事项属于《证券法》规定的重大事件，公开前为内幕信息。,0.9,,,,,,,,,,
EVT-1083,Event,证监会对公茂江内幕交易作出行政处罚,,,,,,,,,,,,,,,EVT-1083,监管,证监会对公茂江内幕交易作出行政处罚,,"公茂江在内幕信息公开前买入相关公司股票后卖出获利607,237.75元，被证监会没收违法所得并处罚款1,821,713.25元。",0.95,,,,,,,,,,
EVT-1084,Event,相关公司筹划发行股份及支付现金购买资产并募集配套资金暨关联交易,,,,,,,,,,,,,,,EVT-1084,投资并购,相关公司筹划发行股份及支付现金购买资产并募集配套资金暨关联交易,2025-05-14,相关公司公告筹划发行股份及支付现金购买资产并募集配套资金暨关联交易事项，该事项公开前构成内幕信息。,0.9,,,,,,,,,,
EVT-1085,Event,证监会对柳锡专内幕交易作出行政处罚,,,,,,,,,,,,,,,EVT-1085,监管,证监会对柳锡专内幕交易作出行政处罚,,"证监会认定柳锡专内幕交易成立，没收其违法所得3,090,448.12元并处以9,271,344.36元罚款。",0.95,,,,,,,,,,
EVT-1086,Event,证监会对吴凌玥、韩佩佩内幕交易作出行政处罚,,,,,,,,,,,,,,,EVT-1086,监管,证监会对吴凌玥、韩佩佩内幕交易作出行政处罚,,证监会认定吴凌玥、韩佩佩共同控制“韩佩佩”证券账户在内幕信息敏感期内交易相关公司股票构成内幕交易，决定没收违法所得并处以罚款。,0.95,,,,,,,,,,
EVT-1087,Event,证监会对吴凌玥、罗征内幕交易作出行政处罚,,,,,,,,,,,,,,,EVT-1087,监管,证监会对吴凌玥、罗征内幕交易作出行政处罚,,"证监会认定吴凌玥、罗征构成内幕交易,没收违法所得15,577,694.08元并处以46,733,082.24元罚款。",0.95,,,,,,,,,,
EVT-1088,Event,际华集团跨期确认土地出售收入导致2020年年报虚减利润,,,,,,,,,,,,,,,EVT-1088,业绩,际华集团跨期确认土地出售收入导致2020年年报虚减利润,,"际华集团全资子公司跨期确认襄阳土地出售收入,导致际华集团2020年年度报告虚减利润总额502,111,658.99元。",0.85,,,,,,,,,,
EVT-1089,Event,际华国贸融资性贸易致际华集团2018至2019年年报虚增营收和成本,,,,,,,,,,,,,,,EVT-1089,业绩,际华国贸融资性贸易致际华集团2018至2019年年报虚增营收和成本,,"际华集团子公司际华国贸与多家公司开展融资性贸易业务并确认营业收入和营业成本,导致际华集团2018年、2019年年报虚增营业收入和营业成本。",0.85,,,,,,,,,,
EVT-1090,Event,际华新材料代理业务用总额法确认收入致际华集团2020至2021年年报虚增营收和成本,,,,,,,,,,,,,,,EVT-1090,业绩,际华新材料代理业务用总额法确认收入致际华集团2020至2021年年报虚增营收和成本,,"际华集团二级子公司际华新材料与多家公司开展代理业务并用总额法确认收入,导致际华集团2020年、2021年年报虚增营业收入和营业成本。",0.85,,,,,,,,,,
EVT-1091,Event,中国证监会对际华集团信息披露违法行为作出行政处罚,,,,,,,,,,,,,,,EVT-1091,监管,中国证监会对际华集团信息披露违法行为作出行政处罚,,"因2018年至2021年年度报告存在虚假记载,证监会对际华集团责令改正、给予警告并处以700万元罚款,相关责任人员同时被警告并罚款。",0.95,,,,,,,,,,
EVT-1092,Event,证监会因年报审计未勤勉尽责对中兴财光华及签字会计师作出行政处罚,,,,,,,,,,,,,,,EVT-1092,监管,证监会因年报审计未勤勉尽责对中兴财光华及签字会计师作出行政处罚,,"证监会认定中兴财光华为江苏吴中2022年、2023年年报提供审计服务未勤勉尽责、审计报告存在虚假记载,决定责令改正、没收审计业务收入2,075,471.68元并罚款6,226,415.04元,对签字注册会计师俞俊、楼佳男给予警告并分别罚款50万元。",0.95,,,,,,,,,,
EVT-1093,Event,证监会另案查明江苏吴中虚增收入利润并形成关联方非经营性资金占用,,,,,,,,,,,,,,,EVT-1093,监管,证监会另案查明江苏吴中虚增收入利润并形成关联方非经营性资金占用,,"经证监会另案查明,江苏吴中2022年和2023年通过与关联公司开展无商业实质的贸易业务虚增营业收入、营业成本和利润,形成关联方非经营性占用资金且未按规定披露。",0.9,,,,,,,,,,
EVT-1094,Event,中汇所为江苏吴中2020年和2021年年报出具标准无保留意见审计报告,,,,,,,,,,,,,,,EVT-1094,重大经营,中汇所为江苏吴中2020年和2021年年报出具标准无保留意见审计报告,,"中汇所为江苏吴中2020年和2021年年度财务报表提供审计服务,均出具标准无保留意见的审计报告,审计业务收入合计2,830,188.68元(不含增值税)。",0.85,,,,,,,,,,
EVT-1095,Event,中国证监会对中汇所及孙玉霞、孙业亮作出行政处罚,,,,,,,,,,,,,,,EVT-1095,监管,中国证监会对中汇所及孙玉霞、孙业亮作出行政处罚,,"证监会认定中汇所在江苏吴中2020年和2021年年报审计中未勤勉尽责,责令中汇所改正、没收审计业务收入2,830,188.68元并处罚款8,490,566.04元,对孙玉霞、孙业亮给予警告并分别罚款50万元。",0.95,,,,,,,,,,
EVT-1096,Event,证监会对天健所及施其林、沈筱敏、何昌坚作出行政处罚,,,,,,,,,,,,,,,EVT-1096,监管,证监会对天健所及施其林、沈筱敏、何昌坚作出行政处罚,,天健所因普利制药2021年、2022年年报审计未勤勉尽责、审计报告存在虚假记载，被责令改正、没收审计业务收入210万元并罚款420万元，施其林、沈筱敏各被警告并罚款60万元，何昌坚被警告并罚款30万元。,0.95,,,,,,,,,,
EVT-1097,Event,普利制药2021年、2022年年报虚增收入利润存在虚假记载,,,,,,,,,,,,,,,EVT-1097,业绩,普利制药2021年、2022年年报虚增收入利润存在虚假记载,,普利制药通过虚构药品销售业务、将不具有控制权的贸易业务按总额法核算等方式虚增收入、利润，导致2021年和2022年年报存在虚假记载。,0.85,,,,,,,,,,
EVT-1098,Event,中国证监会对赵杨、全寿山、王立华、班学钦操纵证券市场作出行政处罚,,,,,,,,,,,,,,,EVT-1098,监管,中国证监会对赵杨、全寿山、王立华、班学钦操纵证券市场作出行政处罚,,"证监会认定赵杨等四人2020年2月5日至9月11日操纵股票获利156,779,370.92元，决定没收违法所得并处罚款470,338,112.76元，对四人申辩意见不予采纳。",0.95,,,,,,,,,,
POL-0001,Policy,2026 年贵州茅台酒市场化运营方案,,,,,,,,,,,,,,,,,,,,,POL-0001,2026 年贵州茅台酒市场化运营方案,,,,,,,,
POL-0002,Policy,H 股“全流通”改革,,,,,,,,,,,,,,,,,,,,,POL-0002,H 股“全流通”改革,,,,,,,,
POL-0003,Policy,《“人工智能+软件”专项行动实施方案》,,,,,,,,,,,,,,,,,,,,,POL-0003,《“人工智能+软件”专项行动实施方案》,,,,,,,,
POL-0004,Policy,“十五五”规划纲要,,,,,,,,,,,,,,,,,,,,,POL-0004,“十五五”规划纲要,,,,,,,,
POL-0005,Policy,《“高效办成一件事”2026年度第二批重点事项清单》,,,,,,,,,,,,,,,,,,,,,POL-0005,《“高效办成一件事”2026年度第二批重点事项清单》,,,,,,,,
POL-0006,Policy,《上市公司信息披露管理办法》,,,,,,,,,,,,,,,,,,,,,POL-0006,《上市公司信息披露管理办法》,,,,,,,,
POL-0007,Policy,《上市公司獨立董事管理辦法》,,,,,,,,,,,,,,,,,,,,,POL-0007,《上市公司獨立董事管理辦法》,,,,,,,,
POL-0008,Policy,上市公司股份回购规则,,,,,,,,,,,,,,,,,,,,,POL-0008,上市公司股份回购规则,,,,,,,,
POL-0009,Policy,上市公司股权激励管理办法,,,,,,,,,,,,,,,,,,,,,POL-0009,上市公司股权激励管理办法,,,,,,,,
POL-0010,Policy,《上市公司证券发行注册管理办法》,,,,,,,,,,,,,,,,,,,,,POL-0010,《上市公司证券发行注册管理办法》,,,,,,,,
POL-0011,Policy,《上海市贯彻落实〈关于进一步促进民间投资发展的若干措施〉的行动方案》,,,,,,,,,,,,,,,,,,,,,POL-0011,《上海市贯彻落实〈关于进一步促进民间投资发展的若干措施〉的行动方案》,,,,,,,,
POL-0012,Policy,上海汽车集团股份有限公司重大信息内部报告制度,,,,,,,,,,,,,,,,,,,,,POL-0012,上海汽车集团股份有限公司重大信息内部报告制度,,,,,,,,
POL-0013,Policy,《上海证券交易所上市公司自律监管指引第12 号——可转换公司债券》,,,,,,,,,,,,,,,,,,,,,POL-0013,《上海证券交易所上市公司自律监管指引第12 号——可转换公司债券》,,,,,,,,
POL-0014,Policy,《上海证券交易所交易规则》,,,,,,,,,,,,,,,,,,,,,POL-0014,《上海证券交易所交易规则》,,,,,,,,
POL-0015,Policy,专利代理条例,,,,,,,,,,,,,,,,,,,,,POL-0015,专利代理条例,,,,,,,,
POL-0016,Policy,中医药传统知识保护条例,,,,,,,,,,,,,,,,,,,,,POL-0016,中医药传统知识保护条例,,,,,,,,
POL-0017,Policy,中华人民共和国促进科技成果转化法,,,,,,,,,,,,,,,,,,,,,POL-0017,中华人民共和国促进科技成果转化法,,,,,,,,
POL-0018,Policy,中华人民共和国公司法,,,,,,,,,,,,,,,,,,,,,POL-0018,中华人民共和国公司法,,,,,,,,
POL-0019,Policy,中华人民共和国反垄断法,,,,,,,,,,,,,,,,,,,,,POL-0019,中华人民共和国反垄断法,,,,,,,,
POL-0020,Policy,《中华人民共和国国民经济和社会发展第十五个五年规划纲要》,,,,,,,,,,,,,,,,,,,,,POL-0020,《中华人民共和国国民经济和社会发展第十五个五年规划纲要》,,,,,,,,
POL-0021,Policy,中华人民共和国审计法,,,,,,,,,,,,,,,,,,,,,POL-0021,中华人民共和国审计法,,,,,,,,
POL-0022,Policy,中华人民共和国审计法实施条例,,,,,,,,,,,,,,,,,,,,,POL-0022,中华人民共和国审计法实施条例,,,,,,,,
POL-0023,Policy,中华人民共和国生态环境法典,,,,,,,,,,,,,,,,,,,,,POL-0023,中华人民共和国生态环境法典,,,,,,,,
POL-0024,Policy,《中华人民共和国药品管理法》,,,,,,,,,,,,,,,,,,,,,POL-0024,《中华人民共和国药品管理法》,,,,,,,,
POL-0025,Policy,《中华人民共和国行政复议法》,,,,,,,,,,,,,,,,,,,,,POL-0025,《中华人民共和国行政复议法》,,,,,,,,
POL-0026,Policy,中华人民共和国证券法,,,,,,,,,,,,,,,,,,,,,POL-0026,中华人民共和国证券法,,,,,,,,
POL-0027,Policy,中华人民共和国防治陆源污染物污染损害海洋环境管理条例,,,,,,,,,,,,,,,,,,,,,POL-0027,中华人民共和国防治陆源污染物污染损害海洋环境管理条例,,,,,,,,
POL-0028,Policy,《中药饮片追溯码编码要求》,,,,,,,,,,,,,,,,,,,,,POL-0028,《中药饮片追溯码编码要求》,,,,,,,,
POL-0029,Policy,企业会计准则,,,,,,,,,,,,,,,,,,,,,POL-0029,企业会计准则,,,,,,,,
POL-0030,Policy,《企业会计准则第25 号——保险合同》,,,,,,,,,,,,,,,,,,,,,POL-0030,《企业会计准则第25 号——保险合同》,,,,,,,,
POL-0031,Policy,《企业会计准则解释第19 号》,,,,,,,,,,,,,,,,,,,,,POL-0031,《企业会计准则解释第19 号》,,,,,,,,
POL-0032,Policy,《企业会计准则解释第20 号》,,,,,,,,,,,,,,,,,,,,,POL-0032,《企业会计准则解释第20 号》,,,,,,,,
POL-0033,Policy,《企业债券管理条例》,,,,,,,,,,,,,,,,,,,,,POL-0033,《企业债券管理条例》,,,,,,,,
POL-0034,Policy,《企业集团财务公司管理办法》,,,,,,,,,,,,,,,,,,,,,POL-0034,《企业集团财务公司管理办法》,,,,,,,,
POL-0035,Policy,住房公积金管理条例,,,,,,,,,,,,,,,,,,,,,POL-0035,住房公积金管理条例,,,,,,,,
POL-0036,Policy,《促进智能家居消费行动方案》,,,,,,,,,,,,,,,,,,,,,POL-0036,《促进智能家居消费行动方案》,,,,,,,,
POL-0037,Policy,《保障中小企业款项支付条例》,,,,,,,,,,,,,,,,,,,,,POL-0037,《保障中小企业款项支付条例》,,,,,,,,
POL-0038,Policy,《信息通信行业发展“十五五”规划》,,,,,,,,,,,,,,,,,,,,,POL-0038,《信息通信行业发展“十五五”规划》,,,,,,,,
POL-0039,Policy,《全国农业机械化发展“十五五”规划》,,,,,,,,,,,,,,,,,,,,,POL-0039,《全国农业机械化发展“十五五”规划》,,,,,,,,
POL-0040,Policy,全国污染源普查条例,,,,,,,,,,,,,,,,,,,,,POL-0040,全国污染源普查条例,,,,,,,,
POL-0041,Policy,全国渔业发展“十五五”规划,,,,,,,,,,,,,,,,,,,,,POL-0041,全国渔业发展“十五五”规划,,,,,,,,
POL-0042,Policy,《全国畜牧兽医行业发展“十五五”规划》,,,,,,,,,,,,,,,,,,,,,POL-0042,《全国畜牧兽医行业发展“十五五”规划》,,,,,,,,
POL-0043,Policy,全民健身条例,,,,,,,,,,,,,,,,,,,,,POL-0043,全民健身条例,,,,,,,,
POL-0044,Policy,全民健身计划（2026 — 2030年）,,,,,,,,,,,,,,,,,,,,,POL-0044,全民健身计划（2026 — 2030年）,,,,,,,,
POL-0045,Policy,《全民医疗保障“十五五”规划》,,,,,,,,,,,,,,,,,,,,,POL-0045,《全民医疗保障“十五五”规划》,,,,,,,,
POL-0046,Policy,《公司信用类债券信息披露管理办法》,,,,,,,,,,,,,,,,,,,,,POL-0046,《公司信用类债券信息披露管理办法》,,,,,,,,
POL-0047,Policy,《公司债券发行与交易管理办法》,,,,,,,,,,,,,,,,,,,,,POL-0047,《公司债券发行与交易管理办法》,,,,,,,,
POL-0048,Policy,关于上市公司实施员工持股计划试点的指导意见,,,,,,,,,,,,,,,,,,,,,POL-0048,关于上市公司实施员工持股计划试点的指导意见,,,,,,,,
POL-0049,Policy,《关于上市公司股息红利差别化个人所得税政策有关问题的通知》,,,,,,,,,,,,,,,,,,,,,POL-0049,《关于上市公司股息红利差别化个人所得税政策有关问题的通知》,,,,,,,,
POL-0050,Policy,《关于加快农业保险高质量发展的实施方案》,,,,,,,,,,,,,,,,,,,,,POL-0050,《关于加快农业保险高质量发展的实施方案》,,,,,,,,
POL-0051,Policy,《关于国务院行政复议案件处理程序的若干规定》,,,,,,,,,,,,,,,,,,,,,POL-0051,《关于国务院行政复议案件处理程序的若干规定》,,,,,,,,
POL-0052,Policy,关于调整优化节能产品、环境标志产品政府采购执行机制的通知,,,,,,,,,,,,,,,,,,,,,POL-0052,关于调整优化节能产品、环境标志产品政府采购执行机制的通知,,,,,,,,
POL-0053,Policy,《农业保险条例》,,,,,,,,,,,,,,,,,,,,,POL-0053,《农业保险条例》,,,,,,,,
POL-0054,Policy,《加快农业农村现代化“十五五”规划》,,,,,,,,,,,,,,,,,,,,,POL-0054,《加快农业农村现代化“十五五”规划》,,,,,,,,
POL-0055,Policy,《化学药品注册分类及申报资料要求的通告》,,,,,,,,,,,,,,,,,,,,,POL-0055,《化学药品注册分类及申报资料要求的通告》,,,,,,,,
POL-0056,Policy,《医药工业发展“十五五”规划》,,,,,,,,,,,,,,,,,,,,,POL-0056,《医药工业发展“十五五”规划》,,,,,,,,
POL-0057,Policy,《可转换公司债券管理办法》,,,,,,,,,,,,,,,,,,,,,POL-0057,《可转换公司债券管理办法》,,,,,,,,
POL-0058,Policy,商业银行内部审计指引,,,,,,,,,,,,,,,,,,,,,POL-0058,商业银行内部审计指引,,,,,,,,
POL-0059,Policy,商标法,,,,,,,,,,,,,,,,,,,,,POL-0059,商标法,,,,,,,,
POL-0060,Policy,四项中医药领域国家标准,,,,,,,,,,,,,,,,,,,,,POL-0060,四项中医药领域国家标准,,,,,,,,
POL-0061,Policy,《国务院关于完善大中型水库移民后期扶持政策的意见》,,,,,,,,,,,,,,,,,,,,,POL-0061,《国务院关于完善大中型水库移民后期扶持政策的意见》,,,,,,,,
POL-0062,Policy,《国家基本药物目录》,,,,,,,,,,,,,,,,,,,,,POL-0062,《国家基本药物目录》,,,,,,,,
POL-0063,Policy,《国民健康“十五五”规划》,,,,,,,,,,,,,,,,,,,,,POL-0063,《国民健康“十五五”规划》,,,,,,,,
POL-0064,Policy,地下水管理条例,,,,,,,,,,,,,,,,,,,,,POL-0064,地下水管理条例,,,,,,,,
POL-0065,Policy,城镇排水与污水处理条例,,,,,,,,,,,,,,,,,,,,,POL-0065,城镇排水与污水处理条例,,,,,,,,
POL-0066,Policy,《循环经济发展“十五五”规划》,,,,,,,,,,,,,,,,,,,,,POL-0066,《循环经济发展“十五五”规划》,,,,,,,,
POL-0067,Policy,快递暂行条例,,,,,,,,,,,,,,,,,,,,,POL-0067,快递暂行条例,,,,,,,,
POL-0068,Policy,《扩大消费“十五五”规划》,,,,,,,,,,,,,,,,,,,,,POL-0068,《扩大消费“十五五”规划》,,,,,,,,
POL-0069,Policy,《教育发展“十五五”规划》,,,,,,,,,,,,,,,,,,,,,POL-0069,《教育发展“十五五”规划》,,,,,,,,
POL-0070,Policy,《教育强国建设规划纲要（2024—2035年）》,,,,,,,,,,,,,,,,,,,,,POL-0070,《教育强国建设规划纲要（2024—2035年）》,,,,,,,,
POL-0071,Policy,《旅游强国建设“十五五”规划》,,,,,,,,,,,,,,,,,,,,,POL-0071,《旅游强国建设“十五五”规划》,,,,,,,,
POL-0072,Policy,《智能体支付应用自律公约》,,,,,,,,,,,,,,,,,,,,,POL-0072,《智能体支付应用自律公约》,,,,,,,,
POL-0073,Policy,《暂行规定》,,,,,,,,,,,,,,,,,,,,,POL-0073,《暂行规定》,,,,,,,,
POL-0074,Policy,标准仓单会计处理的有关规定,,,,,,,,,,,,,,,,,,,,,POL-0074,标准仓单会计处理的有关规定,,,,,,,,
POL-0075,Policy,植物新品种保护条例实施细则,,,,,,,,,,,,,,,,,,,,,POL-0075,植物新品种保护条例实施细则,,,,,,,,
POL-0076,Policy,《残疾人保障和发展“十五五”规划》,,,,,,,,,,,,,,,,,,,,,POL-0076,《残疾人保障和发展“十五五”规划》,,,,,,,,
POL-0077,Policy,民用建筑节能条例,,,,,,,,,,,,,,,,,,,,,POL-0077,民用建筑节能条例,,,,,,,,
POL-0078,Policy,浙江、福建、山东等3省国家级自然保护区和国家级风景名胜区整合优化方案,,,,,,,,,,,,,,,,,,,,,POL-0078,浙江、福建、山东等3省国家级自然保护区和国家级风景名胜区整合优化方案,,,,,,,,
POL-0079,Policy,消耗臭氧层物质管理条例,,,,,,,,,,,,,,,,,,,,,POL-0079,消耗臭氧层物质管理条例,,,,,,,,
POL-0080,Policy,《深圳证券交易所上市公司自律监管指引第9 号——回购股份》,,,,,,,,,,,,,,,,,,,,,POL-0080,《深圳证券交易所上市公司自律监管指引第9 号——回购股份》,,,,,,,,
POL-0081,Policy,《深圳证券交易所创业板股票上市规则》,,,,,,,,,,,,,,,,,,,,,POL-0081,《深圳证券交易所创业板股票上市规则》,,,,,,,,
POL-0082,Policy,《深圳证券交易所股票上市规则》,,,,,,,,,,,,,,,,,,,,,POL-0082,《深圳证券交易所股票上市规则》,,,,,,,,
POL-0083,Policy,烟花爆竹工程设计安全标准,,,,,,,,,,,,,,,,,,,,,POL-0083,烟花爆竹工程设计安全标准,,,,,,,,
POL-0084,Policy,版权工作“十五五”规划,,,,,,,,,,,,,,,,,,,,,POL-0084,版权工作“十五五”规划,,,,,,,,
POL-0085,Policy,《特殊教育发展提升“十五五”行动计划》,,,,,,,,,,,,,,,,,,,,,POL-0085,《特殊教育发展提升“十五五”行动计划》,,,,,,,,
POL-0086,Policy,生态环境监测条例,,,,,,,,,,,,,,,,,,,,,POL-0086,生态环境监测条例,,,,,,,,
POL-0087,Policy,电力安全事故应急处置和调查处理条例,,,,,,,,,,,,,,,,,,,,,POL-0087,电力安全事故应急处置和调查处理条例,,,,,,,,
POL-0088,Policy,《电子信息制造业发展“十五五”规划》,,,,,,,,,,,,,,,,,,,,,POL-0088,《电子信息制造业发展“十五五”规划》,,,,,,,,
POL-0089,Policy,知识产权保护和运用“十五五”规划,,,,,,,,,,,,,,,,,,,,,POL-0089,知识产权保护和运用“十五五”规划,,,,,,,,
POL-0090,Policy,知识产权海关保护条例,,,,,,,,,,,,,,,,,,,,,POL-0090,知识产权海关保护条例,,,,,,,,
POL-0091,Policy,碳排放权交易管理暂行条例,,,,,,,,,,,,,,,,,,,,,POL-0091,碳排放权交易管理暂行条例,,,,,,,,
POL-0092,Policy,社会体育指导员管理办法,,,,,,,,,,,,,,,,,,,,,POL-0092,社会体育指导员管理办法,,,,,,,,
POL-0093,Policy,《群众身边水体保护治理行动方案》,,,,,,,,,,,,,,,,,,,,,POL-0093,《群众身边水体保护治理行动方案》,,,,,,,,
POL-0094,Policy,苏质贷,,,,,,,,,,,,,,,,,,,,,POL-0094,苏质贷,,,,,,,,
POL-0095,Policy,著作权法,,,,,,,,,,,,,,,,,,,,,POL-0095,著作权法,,,,,,,,
POL-0096,Policy,《行政事业性国有资产管理条例》,,,,,,,,,,,,,,,,,,,,,POL-0096,《行政事业性国有资产管理条例》,,,,,,,,
POL-0097,Policy,《证券法》,,,,,,,,,,,,,,,,,,,,,POL-0097,《证券法》,,,,,,,,
POL-0098,Policy,词元八条,,,,,,,,,,,,,,,,,,,,,POL-0098,词元八条,,,,,,,,
POL-0099,Policy,重点林区“十五五”期间森林年采伐限额,,,,,,,,,,,,,,,,,,,,,POL-0099,重点林区“十五五”期间森林年采伐限额,,,,,,,,
POL-0100,Policy,集成电路布图设计保护条例,,,,,,,,,,,,,,,,,,,,,POL-0100,集成电路布图设计保护条例,,,,,,,,
POL-0101,Policy,《青海盐湖工业股份有限公司章程》,,,,,,,,,,,,,,,,,,,,,POL-0101,《青海盐湖工业股份有限公司章程》,,,,,,,,
POL-0102,Policy,非物质文化遗产保护传承“十五五”规划,,,,,,,,,,,,,,,,,,,,,POL-0102,非物质文化遗产保护传承“十五五”规划,,,,,,,,
1001,Document,长城汽车股份有限公司关于公司股票期权限制行权期间的提示性公告,,,,,,,,,,,,,,,,,,,,,,,,,1001,长城汽车股份有限公司关于公司股票期权限制行权期间的提示性公告,巨潮资讯网,https://static.cninfo.com.cn/finalpage/2026-09-25/1225581315.PDF,2026-09-25,公告
1004,Document,恒瑞医药2026年第一次临时股东会决议公告,,,,,,,,,,,,,,,,,,,,,,,,,1004,恒瑞医药2026年第一次临时股东会决议公告,巨潮资讯网,https://static.cninfo.com.cn/finalpage/2026-09-25/1225582847.PDF,2026-09-25,公告
1005,Document,保利发展控股集团股份有限公司2026年度第一期中期票据发行结果公告,,,,,,,,,,,,,,,,,,,,,,,,,1005,保利发展控股集团股份有限公司2026年度第一期中期票据发行结果公告,巨潮资讯网,https://static.cninfo.com.cn/finalpage/2026-09-25/1225582458.PDF,2026-09-25,公告
1006,Document,中国神华2026年第三次临时股东会决议公告,,,,,,,,,,,,,,,,,,,,,,,,,1006,中国神华2026年第三次临时股东会决议公告,巨潮资讯网,https://static.cninfo.com.cn/finalpage/2026-09-24/1225579981.PDF,2026-09-24,公告
1007,Document,内蒙古伊利实业集团股份有限公司关于2023年持股计划（第三期）完成股票购买的公告,,,,,,,,,,,,,,,,,,,,,,,,,1007,内蒙古伊利实业集团股份有限公司关于2023年持股计划（第三期）完成股票购买的公告,巨潮资讯网,https://static.cninfo.com.cn/finalpage/2026-09-24/1225578520.PDF,2026-09-24,公告
1008,Document,湖南启元律师事务所关于三一重工股份有限公司2026年第二次临时股东会的法律意见书,,,,,,,,,,,,,,,,,,,,,,,,,1008,湖南启元律师事务所关于三一重工股份有限公司2026年第二次临时股东会的法律意见书,巨潮资讯网,https://static.cninfo.com.cn/finalpage/2026-09-24/1225579778.PDF,2026-09-24,公告
1010,Document,关于控股子公司与专业投资机构共同投资设立合伙企业的进展公告,,,,,,,,,,,,,,,,,,,,,,,,,1010,关于控股子公司与专业投资机构共同投资设立合伙企业的进展公告,巨潮资讯网,https://static.cninfo.com.cn/finalpage/2026-09-24/1225581029.PDF,2026-09-24,公告
1012,Document,招商银行股份有限公司关于董事任职资格核准及董事会专门委员会成员调整的公告,,,,,,,,,,,,,,,,,,,,,,,,,1012,招商银行股份有限公司关于董事任职资格核准及董事会专门委员会成员调整的公告,巨潮资讯网,https://static.cninfo.com.cn/finalpage/2026-09-23/1225577460.PDF,2026-09-23,公告
1013,Document,2026年半年度A股分红派息实施公告,,,,,,,,,,,,,,,,,,,,,,,,,1013,2026年半年度A股分红派息实施公告,巨潮资讯网,https://static.cninfo.com.cn/finalpage/2026-09-23/1225576461.PDF,2026-09-23,公告
1014,Document,关于“立讯转债”即将到期及停止交易的第三次提示性公告,,,,,,,,,,,,,,,,,,,,,,,,,1014,关于“立讯转债”即将到期及停止交易的第三次提示性公告,巨潮资讯网,https://static.cninfo.com.cn/finalpage/2026-09-23/1225576263.PDF,2026-09-23,公告
1015,Document,A股股票交易异常波动公告,,,,,,,,,,,,,,,,,,,,,,,,,1015,A股股票交易异常波动公告,巨潮资讯网,https://static.cninfo.com.cn/finalpage/2026-09-23/1225577684.PDF,2026-09-23,公告
1016,Document,中国中铁2026年中期权益分派实施公告,,,,,,,,,,,,,,,,,,,,,,,,,1016,中国中铁2026年中期权益分派实施公告,巨潮资讯网,https://static.cninfo.com.cn/finalpage/2026-09-22/1225574687.PDF,2026-09-22,公告
1018,Document,国电南瑞关于2026年半年度权益分派实施后调整回购价格上限的公告,,,,,,,,,,,,,,,,,,,,,,,,,1018,国电南瑞关于2026年半年度权益分派实施后调整回购价格上限的公告,巨潮资讯网,https://static.cninfo.com.cn/finalpage/2026-09-22/1225575120.PDF,2026-09-22,公告
1019,Document,国电南瑞2026年半年度权益分派实施公告,,,,,,,,,,,,,,,,,,,,,,,,,1019,国电南瑞2026年半年度权益分派实施公告,巨潮资讯网,https://static.cninfo.com.cn/finalpage/2026-09-22/1225575117.PDF,2026-09-22,公告
1021,Document,关于2026年度第七期绿色科技创新债券发行完成的公告,,,,,,,,,,,,,,,,,,,,,,,,,1021,关于2026年度第七期绿色科技创新债券发行完成的公告,巨潮资讯网,https://static.cninfo.com.cn/finalpage/2026-09-22/1225577258.PDF,2026-09-22,公告
1022,Document,东方财富信息股份有限公司关于签署最高额保证合同的公告,,,,,,,,,,,,,,,,,,,,,,,,,1022,东方财富信息股份有限公司关于签署最高额保证合同的公告,巨潮资讯网,https://static.cninfo.com.cn/finalpage/2026-09-22/1225575206.PDF,2026-09-22,公告
1023,Document,关于2026年金融债券（第一期）发行完毕的公告,,,,,,,,,,,,,,,,,,,,,,,,,1023,关于2026年金融债券（第一期）发行完毕的公告,巨潮资讯网,https://static.cninfo.com.cn/finalpage/2026-09-22/1225574840.PDF,2026-09-22,公告
1024,Document,中国建筑2026年1-8月经营情况简报,,,,,,,,,,,,,,,,,,,,,,,,,1024,中国建筑2026年1-8月经营情况简报,巨潮资讯网,https://static.cninfo.com.cn/finalpage/2026-09-19/1225571294.PDF,2026-09-19,公告
1025,Document,富士康工业互联网股份有限公司关于股份回购实施结果暨股份变动的公告,,,,,,,,,,,,,,,,,,,,,,,,,1025,富士康工业互联网股份有限公司关于股份回购实施结果暨股份变动的公告,巨潮资讯网,https://static.cninfo.com.cn/finalpage/2026-09-19/1225571407.PDF,2026-09-19,公告
1026,Document,万华化学2026年半年度业绩说明会公告,,,,,,,,,,,,,,,,,,,,,,,,,1026,万华化学2026年半年度业绩说明会公告,巨潮资讯网,https://static.cninfo.com.cn/finalpage/2026-09-19/1225571262.PDF,2026-09-19,公告
1027,Document,关于2026年员工持股计划实施进展的公告,,,,,,,,,,,,,,,,,,,,,,,,,1027,关于2026年员工持股计划实施进展的公告,巨潮资讯网,https://static.cninfo.com.cn/finalpage/2026-09-19/1225571934.PDF,2026-09-19,公告
1030,Document,经营合同进展公告,,,,,,,,,,,,,,,,,,,,,,,,,1030,经营合同进展公告,巨潮资讯网,https://static.cninfo.com.cn/finalpage/2026-09-18/1225569412.PDF,2026-09-18,公告
1031,Document,关于京东方科技集团股份有限公司2026年第一次临时股东会的法律意见书,,,,,,,,,,,,,,,,,,,,,,,,,1031,关于京东方科技集团股份有限公司2026年第一次临时股东会的法律意见书,巨潮资讯网,https://static.cninfo.com.cn/finalpage/2026-09-18/1225569811.PDF,2026-09-18,公告
1032,Document,2026年第一次临时股东会决议公告,,,,,,,,,,,,,,,,,,,,,,,,,1032,2026年第一次临时股东会决议公告,巨潮资讯网,https://static.cninfo.com.cn/finalpage/2026-09-18/1225569810.PDF,2026-09-18,公告
1033,Document,紫金矿业集团股份有限公司关于为参股公司提供担保的公告,,,,,,,,,,,,,,,,,,,,,,,,,1033,紫金矿业集团股份有限公司关于为参股公司提供担保的公告,巨潮资讯网,https://static.cninfo.com.cn/finalpage/2026-09-17/1225569069.PDF,2026-09-17,公告
1034,Document,紫金矿业集团股份有限公司关于全资子公司与关联人共同投资的公告,,,,,,,,,,,,,,,,,,,,,,,,,1034,紫金矿业集团股份有限公司关于全资子公司与关联人共同投资的公告,巨潮资讯网,https://static.cninfo.com.cn/finalpage/2026-09-17/1225569068.PDF,2026-09-17,公告
1035,Document,内蒙古伊利实业集团股份有限公司2026年第一次临时股东会决议公告,,,,,,,,,,,,,,,,,,,,,,,,,1035,内蒙古伊利实业集团股份有限公司2026年第一次临时股东会决议公告,巨潮资讯网,https://static.cninfo.com.cn/finalpage/2026-09-17/1225568026.PDF,2026-09-17,公告
1036,Document,北京市汉坤（深圳）律师事务所关于立讯精密工业股份有限公司2026年第一次临时股东会的法律意见书,,,,,,,,,,,,,,,,,,,,,,,,,1036,北京市汉坤（深圳）律师事务所关于立讯精密工业股份有限公司2026年第一次临时股东会的法律意见书,巨潮资讯网,https://static.cninfo.com.cn/finalpage/2026-09-17/1225568991.PDF,2026-09-17,公告
1037,Document,平安银行股份有限公司内部审计章程,,,,,,,,,,,,,,,,,,,,,,,,,1037,平安银行股份有限公司内部审计章程,巨潮资讯网,https://static.cninfo.com.cn/finalpage/2026-09-17/1225568477.PDF,2026-09-17,公告
1038,Document,2026年半年度权益分派实施公告,,,,,,,,,,,,,,,,,,,,,,,,,1038,2026年半年度权益分派实施公告,巨潮资讯网,https://static.cninfo.com.cn/finalpage/2026-09-17/1225568476.PDF,2026-09-17,公告
1039,Document,上海电气关于挂牌转让子公司股权的进展公告,,,,,,,,,,,,,,,,,,,,,,,,,1039,上海电气关于挂牌转让子公司股权的进展公告,巨潮资讯网,https://static.cninfo.com.cn/finalpage/2026-09-16/1225564763.PDF,2026-09-16,公告
1040,Document,工商银行关于境内优先股“工行优2”股息派发实施的公告,,,,,,,,,,,,,,,,,,,,,,,,,1040,工商银行关于境内优先股“工行优2”股息派发实施的公告,巨潮资讯网,https://static.cninfo.com.cn/finalpage/2026-09-16/1225565912.PDF,2026-09-16,公告
1041,Document,中国神华2026年8月份主要运营数据公告,,,,,,,,,,,,,,,,,,,,,,,,,1041,中国神华2026年8月份主要运营数据公告,巨潮资讯网,https://static.cninfo.com.cn/finalpage/2026-09-16/1225565223.PDF,2026-09-16,公告
1042,Document,三一重工股份有限公司关于控股股东2020年非公开发行可交换公司债券完成摘牌的公告,,,,,,,,,,,,,,,,,,,,,,,,,1042,三一重工股份有限公司关于控股股东2020年非公开发行可交换公司债券完成摘牌的公告,巨潮资讯网,https://static.cninfo.com.cn/finalpage/2026-09-16/1225565737.PDF,2026-09-16,公告
1043,Document,中信证券股份有限公司关于向专业投资者公开发行永续次级债券获得中国证监会注册批复的公告,,,,,,,,,,,,,,,,,,,,,,,,,1043,中信证券股份有限公司关于向专业投资者公开发行永续次级债券获得中国证监会注册批复的公告,巨潮资讯网,https://static.cninfo.com.cn/finalpage/2026-09-16/1225565225.PDF,2026-09-16,公告
1044,Document,关于2025年持股计划第一个锁定期届满暨解锁条件成就的提示性公告,,,,,,,,,,,,,,,,,,,,,,,,,1044,关于2025年持股计划第一个锁定期届满暨解锁条件成就的提示性公告,巨潮资讯网,https://static.cninfo.com.cn/finalpage/2026-09-16/1225565666.PDF,2026-09-16,公告
1045,Document,第五届董事会第十九次会议决议公告,,,,,,,,,,,,,,,,,,,,,,,,,1045,第五届董事会第十九次会议决议公告,巨潮资讯网,https://static.cninfo.com.cn/finalpage/2026-09-16/1225565665.PDF,2026-09-16,公告
1046,Document,关于参加中国五矿集团有限公司控股上市公司集体业绩说明会暨召开2026年半年度业绩说明会的公告,,,,,,,,,,,,,,,,,,,,,,,,,1046,关于参加中国五矿集团有限公司控股上市公司集体业绩说明会暨召开2026年半年度业绩说明会的公告,巨潮资讯网,https://static.cninfo.com.cn/finalpage/2026-09-16/1225565146.PDF,2026-09-16,公告
1047,Document,关于注销部分激励对象已获授但不符合行权条件的股票期权的公告,,,,,,,,,,,,,,,,,,,,,,,,,1047,关于注销部分激励对象已获授但不符合行权条件的股票期权的公告,巨潮资讯网,https://static.cninfo.com.cn/finalpage/2026-09-15/1225562974.PDF,2026-09-15,公告
1048,Document,关于2023年第一期股票期权激励计划第三个行权期符合行权条件的公告,,,,,,,,,,,,,,,,,,,,,,,,,1048,关于2023年第一期股票期权激励计划第三个行权期符合行权条件的公告,巨潮资讯网,https://static.cninfo.com.cn/finalpage/2026-09-15/1225562971.PDF,2026-09-15,公告
1049,Document,北京市天元律师事务所关于豪威集成电路（集团）股份有限公司2023年第一期股票期权激励计划第三个行权期符合行权条件、注销部分股票期权的法律意见,,,,,,,,,,,,,,,,,,,,,,,,,1049,北京市天元律师事务所关于豪威集成电路（集团）股份有限公司2023年第一期股票期权激励计划第三个行权期符合行权条件、注销部分股票期权的法律意见,巨潮资讯网,https://static.cninfo.com.cn/finalpage/2026-09-15/1225562961.PDF,2026-09-15,公告
1050,Document,关于“隆22转债”预计满足转股价格向下修正条件的提示性公告,,,,,,,,,,,,,,,,,,,,,,,,,1050,关于“隆22转债”预计满足转股价格向下修正条件的提示性公告,巨潮资讯网,https://static.cninfo.com.cn/finalpage/2026-09-15/1225562366.PDF,2026-09-15,公告
1052,Document,中国石化回购实施结果暨股份变动公告,,,,,,,,,,,,,,,,,,,,,,,,,1052,中国石化回购实施结果暨股份变动公告,巨潮资讯网,https://static.cninfo.com.cn/finalpage/2026-09-15/1225563388.PDF,2026-09-15,公告
1053,Document,关于参与投资厦门时代深远创业投资基金合伙企业（有限合伙）的公告,,,,,,,,,,,,,,,,,,,,,,,,,1053,关于参与投资厦门时代深远创业投资基金合伙企业（有限合伙）的公告,巨潮资讯网,https://static.cninfo.com.cn/finalpage/2026-09-15/1225566768.PDF,2026-09-15,公告
1054,Document,北京市中伦（上海）律师事务所关于中证中小投资者服务中心有限责任公司公开征集阳光电源股份有限公司表决权的法律意见书,,,,,,,,,,,,,,,,,,,,,,,,,1054,北京市中伦（上海）律师事务所关于中证中小投资者服务中心有限责任公司公开征集阳光电源股份有限公司表决权的法律意见书,巨潮资讯网,https://static.cninfo.com.cn/finalpage/2026-09-15/1225566672.PDF,2026-09-15,公告
1055,Document,潍柴动力股份有限公司关于高管变动的公告,,,,,,,,,,,,,,,,,,,,,,,,,1055,潍柴动力股份有限公司关于高管变动的公告,巨潮资讯网,https://static.cninfo.com.cn/finalpage/2026-09-15/1225563701.PDF,2026-09-15,公告
1056,Document,北京市通商律师事务所关于潍柴动力股份有限公司2026年第二次临时股东会的法律意见书,,,,,,,,,,,,,,,,,,,,,,,,,1056,北京市通商律师事务所关于潍柴动力股份有限公司2026年第二次临时股东会的法律意见书,巨潮资讯网,https://static.cninfo.com.cn/finalpage/2026-09-15/1225563700.PDF,2026-09-15,公告
1057,Document,潍柴动力股份有限公司2026年第二次临时股东会决议公告,,,,,,,,,,,,,,,,,,,,,,,,,1057,潍柴动力股份有限公司2026年第二次临时股东会决议公告,巨潮资讯网,https://static.cninfo.com.cn/finalpage/2026-09-15/1225563699.PDF,2026-09-15,公告
1058,Document,海天味业关于回购公司A股股份的进展公告,,,,,,,,,,,,,,,,,,,,,,,,,1058,海天味业关于回购公司A股股份的进展公告,巨潮资讯网,https://static.cninfo.com.cn/finalpage/2026-09-12/1225561199.PDF,2026-09-12,公告
1059,Document,关于“家园7号”员工持股计划第三个锁定期届满的提示性公告,,,,,,,,,,,,,,,,,,,,,,,,,1059,关于“家园7号”员工持股计划第三个锁定期届满的提示性公告,巨潮资讯网,https://static.cninfo.com.cn/finalpage/2026-09-12/1225560312.PDF,2026-09-12,公告
1061,Document,海天味业关于召开2026年半年度业绩说明会的公告,,,,,,,,,,,,,,,,,,,,,,,,,1061,海天味业关于召开2026年半年度业绩说明会的公告,巨潮资讯网,https://static.cninfo.com.cn/finalpage/2026-09-11/1225556889.PDF,2026-09-11,公告
1062,Document,工商银行关于2026年无固定期限资本债券（第四期）（债券通）发行完毕的公告,,,,,,,,,,,,,,,,,,,,,,,,,1062,工商银行关于2026年无固定期限资本债券（第四期）（债券通）发行完毕的公告,巨潮资讯网,https://static.cninfo.com.cn/finalpage/2026-09-11/1225557607.PDF,2026-09-11,公告
1063,Document,中国中铁关于2026年中期利润分配实施的提示性公告,,,,,,,,,,,,,,,,,,,,,,,,,1063,中国中铁关于2026年中期利润分配实施的提示性公告,巨潮资讯网,https://static.cninfo.com.cn/finalpage/2026-09-11/1225557260.PDF,2026-09-11,公告
1065,Document,关于青海盐湖工业股份有限公司2026年第二次临时股东会之法律意见书,,,,,,,,,,,,,,,,,,,,,,,,,1065,关于青海盐湖工业股份有限公司2026年第二次临时股东会之法律意见书,巨潮资讯网,https://static.cninfo.com.cn/finalpage/2026-09-11/1225558163.PDF,2026-09-11,公告
1067,Document,关于举行业绩网上说明会并征集相关问题的公告,,,,,,,,,,,,,,,,,,,,,,,,,1067,关于举行业绩网上说明会并征集相关问题的公告,巨潮资讯网,https://static.cninfo.com.cn/finalpage/2026-09-11/1225558030.PDF,2026-09-11,公告
1068,Document,长城汽车股份有限公司关于参加2026年河北辖区上市公司投资者网上集体接待日暨2026年半年报业绩说明会的公告,,,,,,,,,,,,,,,,,,,,,,,,,1068,长城汽车股份有限公司关于参加2026年河北辖区上市公司投资者网上集体接待日暨2026年半年报业绩说明会的公告,巨潮资讯网,https://static.cninfo.com.cn/finalpage/2026-09-10/1225555258.PDF,2026-09-10,公告
1069,Document,通威股份有限公司关于发行股份及支付现金购买资产并募集配套资金事项的进展暨无法在规定时间内发出召开股东会通知的专项说明,,,,,,,,,,,,,,,,,,,,,,,,,1069,通威股份有限公司关于发行股份及支付现金购买资产并募集配套资金事项的进展暨无法在规定时间内发出召开股东会通知的专项说明,巨潮资讯网,https://static.cninfo.com.cn/finalpage/2026-09-10/1225555225.PDF,2026-09-10,公告
1070,Document,保利发展控股集团股份有限公司关于参加2026年广东辖区投资者集体接待日活动暨召开2026年半年度业绩说明会的公告,,,,,,,,,,,,,,,,,,,,,,,,,1070,保利发展控股集团股份有限公司关于参加2026年广东辖区投资者集体接待日活动暨召开2026年半年度业绩说明会的公告,巨潮资讯网,https://static.cninfo.com.cn/finalpage/2026-09-10/1225556318.PDF,2026-09-10,公告
1071,Document,宝钢股份2026年上半年度权益分派实施公告,,,,,,,,,,,,,,,,,,,,,,,,,1071,宝钢股份2026年上半年度权益分派实施公告,巨潮资讯网,https://static.cninfo.com.cn/finalpage/2026-09-10/1225556087.PDF,2026-09-10,公告
1072,Document,上海市方达律师事务所关于宝山钢铁股份有限公司差异化分红事项之法律意见书,,,,,,,,,,,,,,,,,,,,,,,,,1072,上海市方达律师事务所关于宝山钢铁股份有限公司差异化分红事项之法律意见书,巨潮资讯网,https://static.cninfo.com.cn/finalpage/2026-09-10/1225556086.PDF,2026-09-10,公告
1073,Document,关于召开2026年第一次临时股东会的提示性公告,,,,,,,,,,,,,,,,,,,,,,,,,1073,关于召开2026年第一次临时股东会的提示性公告,巨潮资讯网,https://static.cninfo.com.cn/finalpage/2026-09-10/1225555193.PDF,2026-09-10,公告
1075,Document,中国建筑国际信用评级结果公告,,,,,,,,,,,,,,,,,,,,,,,,,1075,中国建筑国际信用评级结果公告,巨潮资讯网,https://static.cninfo.com.cn/finalpage/2026-09-09/1225554107.PDF,2026-09-09,公告
1076,Document,招商银行股份有限公司关于独立董事任职资格核准及董事会专门委员会成员调整的公告,,,,,,,,,,,,,,,,,,,,,,,,,1076,招商银行股份有限公司关于独立董事任职资格核准及董事会专门委员会成员调整的公告,巨潮资讯网,https://static.cninfo.com.cn/finalpage/2026-09-09/1225554309.PDF,2026-09-09,公告
1077,Document,中芯国际关于2021年科创板限制性股票激励计划预留授予部分第四个归属期归属结果暨股份上市的公告,,,,,,,,,,,,,,,,,,,,,,,,,1077,中芯国际关于2021年科创板限制性股票激励计划预留授予部分第四个归属期归属结果暨股份上市的公告,巨潮资讯网,https://static.cninfo.com.cn/finalpage/2026-09-08/1225552083.PDF,2026-09-08,公告
1078,Document,中国平安关于选举第十三届董事会职工董事的公告,,,,,,,,,,,,,,,,,,,,,,,,,1078,中国平安关于选举第十三届董事会职工董事的公告,巨潮资讯网,https://static.cninfo.com.cn/finalpage/2026-09-08/1225551900.PDF,2026-09-08,公告
1079,Document,H股公告-为2026年第一次临时股东会暂停办理H股股份过户登记手续,,,,,,,,,,,,,,,,,,,,,,,,,1079,H股公告-为2026年第一次临时股东会暂停办理H股股份过户登记手续,巨潮资讯网,https://static.cninfo.com.cn/finalpage/2026-09-08/1225552209.PDF,2026-09-08,公告
1080,Document,招商银行股份有限公司关于高级管理人员离任的公告,,,,,,,,,,,,,,,,,,,,,,,,,1080,招商银行股份有限公司关于高级管理人员离任的公告,巨潮资讯网,https://static.cninfo.com.cn/finalpage/2026-09-08/1225552023.PDF,2026-09-08,公告
1081,Document,中信证券股份有限公司第八届董事会第五十四次会议决议公告,,,,,,,,,,,,,,,,,,,,,,,,,1081,中信证券股份有限公司第八届董事会第五十四次会议决议公告,巨潮资讯网,https://static.cninfo.com.cn/finalpage/2026-09-08/1225551087.PDF,2026-09-08,公告
1082,Document,中国石化持续关联交易调整的公告,,,,,,,,,,,,,,,,,,,,,,,,,1082,中国石化持续关联交易调整的公告,巨潮资讯网,https://static.cninfo.com.cn/finalpage/2026-09-08/1225551263.PDF,2026-09-08,公告
1083,Document,关于注销部分已授予尚未行权的股票期权的公告,,,,,,,,,,,,,,,,,,,,,,,,,1083,关于注销部分已授予尚未行权的股票期权的公告,巨潮资讯网,https://static.cninfo.com.cn/finalpage/2026-09-08/1225554556.PDF,2026-09-08,公告
1084,Document,2026年8月份销售简报,,,,,,,,,,,,,,,,,,,,,,,,,1084,2026年8月份销售简报,巨潮资讯网,https://static.cninfo.com.cn/finalpage/2026-09-08/1225551030.PDF,2026-09-08,公告
1085,Document,H股公告（暂停办理过户登记）,,,,,,,,,,,,,,,,,,,,,,,,,1085,H股公告（暂停办理过户登记）,巨潮资讯网,https://static.cninfo.com.cn/finalpage/2026-09-08/1225551665.PDF,2026-09-08,公告
1086,Document,H股公告（临时股东会通告）,,,,,,,,,,,,,,,,,,,,,,,,,1086,H股公告（临时股东会通告）,巨潮资讯网,https://static.cninfo.com.cn/finalpage/2026-09-08/1225551664.PDF,2026-09-08,公告
1087,Document,H股公告（通函）,,,,,,,,,,,,,,,,,,,,,,,,,1087,H股公告（通函）,巨潮资讯网,https://static.cninfo.com.cn/finalpage/2026-09-08/1225551663.PDF,2026-09-08,公告
1088,Document,关于2023年股票期权激励计划首次授予部分第三个行权期采用自主行权模式的提示性公告,,,,,,,,,,,,,,,,,,,,,,,,,1088,关于2023年股票期权激励计划首次授予部分第三个行权期采用自主行权模式的提示性公告,巨潮资讯网,https://static.cninfo.com.cn/finalpage/2026-09-08/1225551449.PDF,2026-09-08,公告
1089,Document,中国建筑第四届董事会第四十二次会议决议公告,,,,,,,,,,,,,,,,,,,,,,,,,1089,中国建筑第四届董事会第四十二次会议决议公告,巨潮资讯网,https://static.cninfo.com.cn/finalpage/2026-09-07/1225550275.PDF,2026-09-07,公告
1090,Document,工商银行关于签署《附条件生效的股份认购协议》的公告,,,,,,,,,,,,,,,,,,,,,,,,,1090,工商银行关于签署《附条件生效的股份认购协议》的公告,巨潮资讯网,https://static.cninfo.com.cn/finalpage/2026-09-07/1225550297.PDF,2026-09-07,公告
1091,Document,万华化学2026年半年度权益分派实施公告,,,,,,,,,,,,,,,,,,,,,,,,,1091,万华化学2026年半年度权益分派实施公告,巨潮资讯网,https://static.cninfo.com.cn/finalpage/2026-09-07/1225550253.PDF,2026-09-07,公告
1092,Document,紫金矿业集团股份有限公司关于定期报告财务报表附注部分相关文字错误的更正公告,,,,,,,,,,,,,,,,,,,,,,,,,1092,紫金矿业集团股份有限公司关于定期报告财务报表附注部分相关文字错误的更正公告,巨潮资讯网,https://static.cninfo.com.cn/finalpage/2026-09-05/1225550225.PDF,2026-09-05,公告
1093,Document,H股公告-股东特别大会之投票表决结果,,,,,,,,,,,,,,,,,,,,,,,,,1093,H股公告-股东特别大会之投票表决结果,巨潮资讯网,https://static.cninfo.com.cn/finalpage/2026-09-05/1225549936.PDF,2026-09-05,公告
1094,Document,内蒙古伊利实业集团股份有限公司2023年持股计划（第三期）第二次持有人会议决议公告,,,,,,,,,,,,,,,,,,,,,,,,,1094,内蒙古伊利实业集团股份有限公司2023年持股计划（第三期）第二次持有人会议决议公告,巨潮资讯网,https://static.cninfo.com.cn/finalpage/2026-09-05/1225547701.PDF,2026-09-05,公告
1095,Document,中国神华2026年第三次临时股东会会议资料,,,,,,,,,,,,,,,,,,,,,,,,,1095,中国神华2026年第三次临时股东会会议资料,巨潮资讯网,https://static.cninfo.com.cn/finalpage/2026-09-04/1225546779.PDF,2026-09-04,公告
1096,Document,关于完成工商变更登记的公告,,,,,,,,,,,,,,,,,,,,,,,,,1096,关于完成工商变更登记的公告,巨潮资讯网,https://static.cninfo.com.cn/finalpage/2026-09-04/1225545978.PDF,2026-09-04,公告
1097,Document,万华化学关于使用闲置资金购买结构性存款的进展公告,,,,,,,,,,,,,,,,,,,,,,,,,1097,万华化学关于使用闲置资金购买结构性存款的进展公告,巨潮资讯网,https://static.cninfo.com.cn/finalpage/2026-09-04/1225545935.PDF,2026-09-04,公告
1098,Document,关于公司部分股票期权注销完成的公告,,,,,,,,,,,,,,,,,,,,,,,,,1098,关于公司部分股票期权注销完成的公告,巨潮资讯网,https://static.cninfo.com.cn/finalpage/2026-09-04/1225545491.PDF,2026-09-04,公告
1099,Document,H股公告-委任联席公司秘书、授权代表及法律程序文件的代理人之进展公告,,,,,,,,,,,,,,,,,,,,,,,,,1099,H股公告-委任联席公司秘书、授权代表及法律程序文件的代理人之进展公告,巨潮资讯网,https://static.cninfo.com.cn/finalpage/2026-09-03/1225545182.PDF,2026-09-03,公告
1100,Document,富士康工业互联网股份有限公司关于股份回购进展公告,,,,,,,,,,,,,,,,,,,,,,,,,1100,富士康工业互联网股份有限公司关于股份回购进展公告,巨潮资讯网,https://static.cninfo.com.cn/finalpage/2026-09-03/1225543319.PDF,2026-09-03,公告
1101,Document,联合资信评估股份有限公司关于通威股份有限公司2026年半年度亏损的关注公告,,,,,,,,,,,,,,,,,,,,,,,,,1101,联合资信评估股份有限公司关于通威股份有限公司2026年半年度亏损的关注公告,巨潮资讯网,https://static.cninfo.com.cn/finalpage/2026-09-03/1225544402.PDF,2026-09-03,公告
1103,Document,国电南瑞关于以集中竞价交易方式股份回购进展情况的公告,,,,,,,,,,,,,,,,,,,,,,,,,1103,国电南瑞关于以集中竞价交易方式股份回购进展情况的公告,巨潮资讯网,https://static.cninfo.com.cn/finalpage/2026-09-03/1225543119.PDF,2026-09-03,公告
1104,Document,关于中证中小投资者服务中心有限责任公司公开征集表决权的公告,,,,,,,,,,,,,,,,,,,,,,,,,1104,关于中证中小投资者服务中心有限责任公司公开征集表决权的公告,巨潮资讯网,https://static.cninfo.com.cn/finalpage/2026-09-03/1225546767.PDF,2026-09-03,公告
1106,Document,关于2026年A股持股计划非交易过户完成的公告,,,,,,,,,,,,,,,,,,,,,,,,,1106,关于2026年A股持股计划非交易过户完成的公告,巨潮资讯网,https://static.cninfo.com.cn/finalpage/2026-09-03/1225544482.PDF,2026-09-03,公告
1108,Document,上海电气关于重大诉讼的进展公告,,,,,,,,,,,,,,,,,,,,,,,,,1108,上海电气关于重大诉讼的进展公告,巨潮资讯网,https://static.cninfo.com.cn/finalpage/2026-09-02/1225540583.PDF,2026-09-02,公告
1109,Document,长城汽车股份有限公司2026年8月产销快报,,,,,,,,,,,,,,,,,,,,,,,,,1109,长城汽车股份有限公司2026年8月产销快报,巨潮资讯网,https://static.cninfo.com.cn/finalpage/2026-09-02/1225542270.PDF,2026-09-02,公告
1112,Document,江苏中天科技股份有限公司关于召开2026年半年度业绩说明会的公告,,,,,,,,,,,,,,,,,,,,,,,,,1112,江苏中天科技股份有限公司关于召开2026年半年度业绩说明会的公告,巨潮资讯网,https://static.cninfo.com.cn/finalpage/2026-09-02/1225540487.PDF,2026-09-02,公告
1113,Document,上汽集团2026年8月份产销快报,,,,,,,,,,,,,,,,,,,,,,,,,1113,上汽集团2026年8月份产销快报,巨潮资讯网,https://static.cninfo.com.cn/finalpage/2026-09-02/1225540953.PDF,2026-09-02,公告
1114,Document,三一重工股份有限公司关于回购公司A股股份的进展公告,,,,,,,,,,,,,,,,,,,,,,,,,1114,三一重工股份有限公司关于回购公司A股股份的进展公告,巨潮资讯网,https://static.cninfo.com.cn/finalpage/2026-09-02/1225540327.PDF,2026-09-02,公告
1118,Document,中国中铁关于总会计师离任的公告,,,,,,,,,,,,,,,,,,,,,,,,,1118,中国中铁关于总会计师离任的公告,巨潮资讯网,https://static.cninfo.com.cn/finalpage/2026-09-01/1225536426.PDF,2026-09-01,公告
1119,Document,宝钢股份第九届董事会第十四次会议决议公告,,,,,,,,,,,,,,,,,,,,,,,,,1119,宝钢股份第九届董事会第十四次会议决议公告,巨潮资讯网,https://static.cninfo.com.cn/finalpage/2026-09-01/1225537150.PDF,2026-09-01,公告
1120,Document,关于2023年股票期权激励计划首次授予部分第三个行权期行权条件成就的公告,,,,,,,,,,,,,,,,,,,,,,,,,1120,关于2023年股票期权激励计划首次授予部分第三个行权期行权条件成就的公告,巨潮资讯网,https://static.cninfo.com.cn/finalpage/2026-09-01/1225536730.PDF,2026-09-01,公告
1121,Document,上海电气关于计提减值准备的公告,,,,,,,,,,,,,,,,,,,,,,,,,1121,上海电气关于计提减值准备的公告,巨潮资讯网,https://static.cninfo.com.cn/finalpage/2026-08-31/1225534984.PDF,2026-08-31,公告
1122,Document,长江电力关于三峡财务有限责任公司的风险持续评估报告,,,,,,,,,,,,,,,,,,,,,,,,,1122,长江电力关于三峡财务有限责任公司的风险持续评估报告,巨潮资讯网,https://static.cninfo.com.cn/finalpage/2026-08-31/1225534823.PDF,2026-08-31,公告
1123,Document,长江电力关于召开2026年半年度业绩说明会的公告,,,,,,,,,,,,,,,,,,,,,,,,,1123,长江电力关于召开2026年半年度业绩说明会的公告,巨潮资讯网,https://static.cninfo.com.cn/finalpage/2026-08-31/1225534244.PDF,2026-08-31,公告
1124,Document,长江电力第七届董事会第三次会议决议公告,,,,,,,,,,,,,,,,,,,,,,,,,1124,长江电力第七届董事会第三次会议决议公告,巨潮资讯网,https://static.cninfo.com.cn/finalpage/2026-08-31/1225534160.PDF,2026-08-31,公告
1125,Document,三一重工股份有限公司董事会秘书工作制度（2026年8月修订）,,,,,,,,,,,,,,,,,,,,,,,,,1125,三一重工股份有限公司董事会秘书工作制度（2026年8月修订）,巨潮资讯网,https://static.cninfo.com.cn/finalpage/2026-08-31/1225535201.PDF,2026-08-31,公告
1126,Document,关于举行2026年半年度业绩说明会并征集相关问题的公告,,,,,,,,,,,,,,,,,,,,,,,,,1126,关于举行2026年半年度业绩说明会并征集相关问题的公告,巨潮资讯网,https://static.cninfo.com.cn/finalpage/2026-08-31/1225534913.PDF,2026-08-31,公告
1127,Document,工商银行董事会决议公告,,,,,,,,,,,,,,,,,,,,,,,,,1127,工商银行董事会决议公告,巨潮资讯网,https://static.cninfo.com.cn/finalpage/2026-08-29/1225526407.PDF,2026-08-29,公告
1128,Document,中国中铁关于2026年中期分红方案的公告,,,,,,,,,,,,,,,,,,,,,,,,,1128,中国中铁关于2026年中期分红方案的公告,巨潮资讯网,https://static.cninfo.com.cn/finalpage/2026-08-29/1225531645.PDF,2026-08-29,公告
1129,Document,中国铁建第六届董事会第十二次会议决议公告,,,,,,,,,,,,,,,,,,,,,,,,,1129,中国铁建第六届董事会第十二次会议决议公告,巨潮资讯网,https://static.cninfo.com.cn/finalpage/2026-08-29/1225528716.PDF,2026-08-29,公告
1130,Document,中国铁建关于中国铁建财务有限公司风险持续评估报告,,,,,,,,,,,,,,,,,,,,,,,,,1130,中国铁建关于中国铁建财务有限公司风险持续评估报告,巨潮资讯网,https://static.cninfo.com.cn/finalpage/2026-08-29/1225528649.PDF,2026-08-29,公告
1131,Document,中国中材国际工程股份有限公司关于2026年半年度业绩说明会召开情况的公告,,,,,,,,,,,,,,,,,,,,,,,,,1131,中国中材国际工程股份有限公司关于2026年半年度业绩说明会召开情况的公告,巨潮资讯网,https://static.cninfo.com.cn/finalpage/2026-08-29/1225529841.PDF,2026-08-29,公告
1133,Document,上汽集团重大信息内部报告制度,,,,,,,,,,,,,,,,,,,,,,,,,1133,上汽集团重大信息内部报告制度,巨潮资讯网,https://static.cninfo.com.cn/finalpage/2026-08-29/1225526666.PDF,2026-08-29,公告
1134,Document,上汽集团董事会授权管理办法,,,,,,,,,,,,,,,,,,,,,,,,,1134,上汽集团董事会授权管理办法,巨潮资讯网,https://static.cninfo.com.cn/finalpage/2026-08-29/1225526662.PDF,2026-08-29,公告
1135,Document,上汽集团内幕信息知情人登记管理制度,,,,,,,,,,,,,,,,,,,,,,,,,1135,上汽集团内幕信息知情人登记管理制度,巨潮资讯网,https://static.cninfo.com.cn/finalpage/2026-08-29/1225526661.PDF,2026-08-29,公告
1137,Document,H股公告（建议修订《公司章程》建议重选董事、选举新董事及厘定董事薪酬）,,,,,,,,,,,,,,,,,,,,,,,,,1137,H股公告（建议修订《公司章程》建议重选董事、选举新董事及厘定董事薪酬）,巨潮资讯网,https://static.cninfo.com.cn/finalpage/2026-08-29/1225531850.PDF,2026-08-29,公告
1138,Document,第七届董事会2026年第11次会议决议公告,,,,,,,,,,,,,,,,,,,,,,,,,1138,第七届董事会2026年第11次会议决议公告,巨潮资讯网,https://static.cninfo.com.cn/finalpage/2026-08-29/1225531255.PDF,2026-08-29,公告
1139,Document,三星电气关于子公司签订海外经营合同的公告,,,,,,,,,,,,,,,,,,,,,,,,,1139,三星电气关于子公司签订海外经营合同的公告,巨潮资讯网,https://static.cninfo.com.cn/finalpage/2026-09-24/1225578867.PDF,2026-09-24,公告
1140,Document,关于项目中标及签订合同的公告,,,,,,,,,,,,,,,,,,,,,,,,,1140,关于项目中标及签订合同的公告,巨潮资讯网,https://static.cninfo.com.cn/finalpage/2026-09-24/1225582697.PDF,2026-09-24,公告
1141,Document,公司治理制度修订对照表,,,,,,,,,,,,,,,,,,,,,,,,,1141,公司治理制度修订对照表,巨潮资讯网,https://static.cninfo.com.cn/finalpage/2026-08-29/1225526276.PDF,2026-08-29,公告
1142,Document,第五届董事会第十八次会议决议公告,,,,,,,,,,,,,,,,,,,,,,,,,1142,第五届董事会第十八次会议决议公告,巨潮资讯网,https://static.cninfo.com.cn/finalpage/2026-08-29/1225531407.PDF,2026-08-29,公告
1143,Document,关于2026年中期利润分配方案的公告,,,,,,,,,,,,,,,,,,,,,,,,,1143,关于2026年中期利润分配方案的公告,巨潮资讯网,https://static.cninfo.com.cn/finalpage/2026-08-29/1225531406.PDF,2026-08-29,公告
1144,Document,中芯国际关于2026年度“提质增效重回报”行动方案的半年度评估报告,,,,,,,,,,,,,,,,,,,,,,,,,1144,中芯国际关于2026年度“提质增效重回报”行动方案的半年度评估报告,巨潮资讯网,https://static.cninfo.com.cn/finalpage/2026-08-28/1225520310.PDF,2026-08-28,公告
1145,Document,紫金矿业集团股份有限公司关于向西藏吉隆泥石流灾区捐赠的公告,,,,,,,,,,,,,,,,,,,,,,,,,1145,紫金矿业集团股份有限公司关于向西藏吉隆泥石流灾区捐赠的公告,巨潮资讯网,https://static.cninfo.com.cn/finalpage/2026-08-28/1225523549.PDF,2026-08-28,公告
1147,Document,中国神华关于举办2026年半年度业绩说明会的公告,,,,,,,,,,,,,,,,,,,,,,,,,1147,中国神华关于举办2026年半年度业绩说明会的公告,巨潮资讯网,https://static.cninfo.com.cn/finalpage/2026-08-28/1225520528.PDF,2026-08-28,公告
1148,Document,江苏中天科技股份有限公司第九届董事会第十六次会议决议公告,,,,,,,,,,,,,,,,,,,,,,,,,1148,江苏中天科技股份有限公司第九届董事会第十六次会议决议公告,巨潮资讯网,https://static.cninfo.com.cn/finalpage/2026-08-28/1225518260.PDF,2026-08-28,公告
1149,Document,江苏中天科技股份有限公司关于2026年半年度募集资金存放、管理与实际使用情况的专项报告,,,,,,,,,,,,,,,,,,,,,,,,,1149,江苏中天科技股份有限公司关于2026年半年度募集资金存放、管理与实际使用情况的专项报告,巨潮资讯网,https://static.cninfo.com.cn/finalpage/2026-08-28/1225518251.PDF,2026-08-28,公告
1150,Document,中信证券股份有限公司关于参加中信股份2026年中期业绩联合发布会的公告,,,,,,,,,,,,,,,,,,,,,,,,,1150,中信证券股份有限公司关于参加中信股份2026年中期业绩联合发布会的公告,巨潮资讯网,https://static.cninfo.com.cn/finalpage/2026-08-28/1225519700.PDF,2026-08-28,公告
1151,Document,潍柴动力股份有限公司章程修订条文对照表,,,,,,,,,,,,,,,,,,,,,,,,,1151,潍柴动力股份有限公司章程修订条文对照表,巨潮资讯网,https://static.cninfo.com.cn/finalpage/2026-08-28/1225520953.PDF,2026-08-28,公告
1152,Document,关于计提2026年半年度减值准备的公告,,,,,,,,,,,,,,,,,,,,,,,,,1152,关于计提2026年半年度减值准备的公告,巨潮资讯网,https://static.cninfo.com.cn/finalpage/2026-08-28/1225521956.PDF,2026-08-28,公告
1153,Document,关于累计诉讼、仲裁情况的公告,,,,,,,,,,,,,,,,,,,,,,,,,1153,关于累计诉讼、仲裁情况的公告,巨潮资讯网,https://static.cninfo.com.cn/finalpage/2026-08-28/1225521955.PDF,2026-08-28,公告
1154,Document,第二十一届董事会第二次会议决议公告,,,,,,,,,,,,,,,,,,,,,,,,,1154,第二十一届董事会第二次会议决议公告,巨潮资讯网,https://static.cninfo.com.cn/finalpage/2026-08-28/1225521954.PDF,2026-08-28,公告
1155,Document,H股公告-（1）变更联席公司秘书、授权代表及法律程序文件的代理人；及（2）申请豁免严格遵守《联交所上市规则》第3.28条及第8.17条及（3）变更香港主要营业地点地址,,,,,,,,,,,,,,,,,,,,,,,,,1155,H股公告-（1）变更联席公司秘书、授权代表及法律程序文件的代理人；及（2）申请豁免严格遵守《联交所上市规则》第3.28条及第8.17条及（3）变更香港主要营业地点地址,巨潮资讯网,https://static.cninfo.com.cn/finalpage/2026-08-27/1225513019.PDF,2026-08-27,公告
1157,Document,内蒙古伊利实业集团股份有限公司关于计提资产减值准备的公告,,,,,,,,,,,,,,,,,,,,,,,,,1157,内蒙古伊利实业集团股份有限公司关于计提资产减值准备的公告,巨潮资讯网,https://static.cninfo.com.cn/finalpage/2026-08-27/1225511493.PDF,2026-08-27,公告
1158,Document,通威股份有限公司第九届董事会第十二次会议决议公告,,,,,,,,,,,,,,,,,,,,,,,,,1158,通威股份有限公司第九届董事会第十二次会议决议公告,巨潮资讯网,https://static.cninfo.com.cn/finalpage/2026-08-27/1225509904.PDF,2026-08-27,公告
1159,Document,国电南瑞第九届董事会第十五次会议决议公告,,,,,,,,,,,,,,,,,,,,,,,,,1159,国电南瑞第九届董事会第十五次会议决议公告,巨潮资讯网,https://static.cninfo.com.cn/finalpage/2026-08-27/1225508123.PDF,2026-08-27,公告
1160,Document,恒瑞医药关于以集中竞价交易方式回购公司A股股份事项的回购报告书,,,,,,,,,,,,,,,,,,,,,,,,,1160,恒瑞医药关于以集中竞价交易方式回购公司A股股份事项的回购报告书,巨潮资讯网,https://static.cninfo.com.cn/finalpage/2026-08-27/1225511498.PDF,2026-08-27,公告
1161,Document,保利发展控股集团股份有限公司第八届董事会第二次会议决议公告,,,,,,,,,,,,,,,,,,,,,,,,,1161,保利发展控股集团股份有限公司第八届董事会第二次会议决议公告,巨潮资讯网,https://static.cninfo.com.cn/finalpage/2026-08-27/1225515372.PDF,2026-08-27,公告
1162,Document,招商银行股份有限公司董事会决议公告,,,,,,,,,,,,,,,,,,,,,,,,,1162,招商银行股份有限公司董事会决议公告,巨潮资讯网,https://static.cninfo.com.cn/finalpage/2026-08-27/1225512401.PDF,2026-08-27,公告
1163,Document,关于2026年度第六期绿色科技创新债券发行完成的公告,,,,,,,,,,,,,,,,,,,,,,,,,1163,关于2026年度第六期绿色科技创新债券发行完成的公告,巨潮资讯网,https://static.cninfo.com.cn/finalpage/2026-08-27/1225519101.PDF,2026-08-27,公告
1164,Document,东方财富信息股份有限公司关于完成工商变更登记的公告,,,,,,,,,,,,,,,,,,,,,,,,,1164,东方财富信息股份有限公司关于完成工商变更登记的公告,巨潮资讯网,https://static.cninfo.com.cn/finalpage/2026-08-27/1225520710.PDF,2026-08-27,公告
1167,Document,关于子公司之间提供担保的公告,,,,,,,,,,,,,,,,,,,,,,,,,1167,关于子公司之间提供担保的公告,巨潮资讯网,https://static.cninfo.com.cn/finalpage/2026-08-27/1225515007.PDF,2026-08-27,公告
1168,Document,中国建筑2026年1-7月经营情况简报,,,,,,,,,,,,,,,,,,,,,,,,,1168,中国建筑2026年1-7月经营情况简报,巨潮资讯网,https://static.cninfo.com.cn/finalpage/2026-08-26/1225505838.PDF,2026-08-26,公告
1169,Document,长城汽车股份有限公司第九届董事会第六次会议决议公告,,,,,,,,,,,,,,,,,,,,,,,,,1169,长城汽车股份有限公司第九届董事会第六次会议决议公告,巨潮资讯网,https://static.cninfo.com.cn/finalpage/2026-08-26/1225502463.PDF,2026-08-26,公告
1170,Document,工商银行关于赎回境外无固定期限资本债券的公告,,,,,,,,,,,,,,,,,,,,,,,,,1170,工商银行关于赎回境外无固定期限资本债券的公告,巨潮资讯网,https://static.cninfo.com.cn/finalpage/2026-08-26/1225502442.PDF,2026-08-26,公告
1171,Document,中国建材集团财务有限公司2026年半年度风险评估报告,,,,,,,,,,,,,,,,,,,,,,,,,1171,中国建材集团财务有限公司2026年半年度风险评估报告,巨潮资讯网,https://static.cninfo.com.cn/finalpage/2026-08-26/1225503081.PDF,2026-08-26,公告
1172,Document,关于东方电气集团财务有限公司2026年半年度风险评估情况的报告,,,,,,,,,,,,,,,,,,,,,,,,,1172,关于东方电气集团财务有限公司2026年半年度风险评估情况的报告,巨潮资讯网,https://static.cninfo.com.cn/finalpage/2026-08-26/1225506124.PDF,2026-08-26,公告
1173,Document,董事会十一届二十一次会议决议公告,,,,,,,,,,,,,,,,,,,,,,,,,1173,董事会十一届二十一次会议决议公告,巨潮资讯网,https://static.cninfo.com.cn/finalpage/2026-08-26/1225505927.PDF,2026-08-26,公告
1174,Document,关于2026年半年度募集资金存放、管理与使用情况的专项报告,,,,,,,,,,,,,,,,,,,,,,,,,1174,关于2026年半年度募集资金存放、管理与使用情况的专项报告,巨潮资讯网,https://static.cninfo.com.cn/finalpage/2026-08-26/1225505530.PDF,2026-08-26,公告
1175,Document,万华化学关于子公司匈牙利宝思德化学公司装置复产公告,,,,,,,,,,,,,,,,,,,,,,,,,1175,万华化学关于子公司匈牙利宝思德化学公司装置复产公告,巨潮资讯网,https://static.cninfo.com.cn/finalpage/2026-08-26/1225502705.PDF,2026-08-26,公告
1176,Document,三一重工股份有限公司关于2026年A股员工持股计划完成股票非交易过户的公告,,,,,,,,,,,,,,,,,,,,,,,,,1176,三一重工股份有限公司关于2026年A股员工持股计划完成股票非交易过户的公告,巨潮资讯网,https://static.cninfo.com.cn/finalpage/2026-08-26/1225505562.PDF,2026-08-26,公告
1177,Document,中信证券股份有限公司关于间接子公司发行中期票据并由全资子公司提供担保的公告,,,,,,,,,,,,,,,,,,,,,,,,,1177,中信证券股份有限公司关于间接子公司发行中期票据并由全资子公司提供担保的公告,巨潮资讯网,https://static.cninfo.com.cn/finalpage/2026-08-26/1225503054.PDF,2026-08-26,公告
1178,Document,2026年半年度募集资金存放与使用情况的专项报告,,,,,,,,,,,,,,,,,,,,,,,,,1178,2026年半年度募集资金存放与使用情况的专项报告,巨潮资讯网,https://static.cninfo.com.cn/finalpage/2026-08-26/1225501906.PDF,2026-08-26,公告
1179,Document,关于续聘公司2026年度财务报表和内部控制审计机构的公告,,,,,,,,,,,,,,,,,,,,,,,,,1179,关于续聘公司2026年度财务报表和内部控制审计机构的公告,巨潮资讯网,https://static.cninfo.com.cn/finalpage/2026-08-26/1225504173.PDF,2026-08-26,公告
1180,Document,潍柴动力股份有限公司关于召开2026年第二次临时股东会的通知,,,,,,,,,,,,,,,,,,,,,,,,,1180,潍柴动力股份有限公司关于召开2026年第二次临时股东会的通知,巨潮资讯网,https://static.cninfo.com.cn/finalpage/2026-08-26/1225500695.PDF,2026-08-26,公告
1181,Document,关于会计政策变更的公告,,,,,,,,,,,,,,,,,,,,,,,,,1181,关于会计政策变更的公告,巨潮资讯网,https://static.cninfo.com.cn/finalpage/2026-08-25/1225498531.PDF,2026-08-25,公告
1182,Document,北京市天元律师事务所关于中国长江电力股份有限公司控股股东增持公司股份的专项核查意见,,,,,,,,,,,,,,,,,,,,,,,,,1182,北京市天元律师事务所关于中国长江电力股份有限公司控股股东增持公司股份的专项核查意见,巨潮资讯网,https://static.cninfo.com.cn/finalpage/2026-08-25/1225494048.PDF,2026-08-25,公告
1183,Document,内蒙古伊利实业集团股份有限公司关于收到中国银行间市场交易商协会《接受注册通知书》的公告,,,,,,,,,,,,,,,,,,,,,,,,,1183,内蒙古伊利实业集团股份有限公司关于收到中国银行间市场交易商协会《接受注册通知书》的公告,巨潮资讯网,https://static.cninfo.com.cn/finalpage/2026-08-25/1225496541.PDF,2026-08-25,公告
1184,Document,国电南瑞关于召开2026年半年度业绩说明会的公告,,,,,,,,,,,,,,,,,,,,,,,,,1184,国电南瑞关于召开2026年半年度业绩说明会的公告,巨潮资讯网,https://static.cninfo.com.cn/finalpage/2026-08-25/1225494046.PDF,2026-08-25,公告
1185,Document,恒瑞医药关于药品上市许可申请获受理的提示性公告,,,,,,,,,,,,,,,,,,,,,,,,,1185,恒瑞医药关于药品上市许可申请获受理的提示性公告,巨潮资讯网,https://static.cninfo.com.cn/finalpage/2026-08-25/1225496461.PDF,2026-08-25,公告
1186,Document,关于申报医疗器械注册获得受理的公告,,,,,,,,,,,,,,,,,,,,,,,,,1186,关于申报医疗器械注册获得受理的公告,巨潮资讯网,https://static.cninfo.com.cn/finalpage/2026-09-24/1225581569.PDF,2026-09-24,公告
1187,Document,H股公告（变更香港的主要营业地址）,,,,,,,,,,,,,,,,,,,,,,,,,1187,H股公告（变更香港的主要营业地址）,巨潮资讯网,https://static.cninfo.com.cn/finalpage/2026-08-25/1225502236.PDF,2026-08-25,公告
1188,Document,东方财富信息股份有限公司关于子公司东方财富证券股份有限公司2026年面向专业投资者公开发行公司债券（第四期）发行结果的公告,,,,,,,,,,,,,,,,,,,,,,,,,1188,东方财富信息股份有限公司关于子公司东方财富证券股份有限公司2026年面向专业投资者公开发行公司债券（第四期）发行结果的公告,巨潮资讯网,https://static.cninfo.com.cn/finalpage/2026-08-25/1225504789.PDF,2026-08-25,公告
1189,Document,关于2026年半年度利润分配方案的公告,,,,,,,,,,,,,,,,,,,,,,,,,1189,关于2026年半年度利润分配方案的公告,巨潮资讯网,https://static.cninfo.com.cn/finalpage/2026-08-25/1225500282.PDF,2026-08-25,公告
1190,Document,上汽集团关于召开2026年半年度业绩说明会的公告,,,,,,,,,,,,,,,,,,,,,,,,,1190,上汽集团关于召开2026年半年度业绩说明会的公告,巨潮资讯网,https://static.cninfo.com.cn/finalpage/2026-08-24/1225493825.PDF,2026-08-24,公告
1191,Document,2026年上半年计提减值准备的公告,,,,,,,,,,,,,,,,,,,,,,,,,1191,2026年上半年计提减值准备的公告,巨潮资讯网,https://static.cninfo.com.cn/finalpage/2026-08-24/1225493868.PDF,2026-08-24,公告
1192,Document,紫金矿业集团股份有限公司关于调整2026年员工持股计划受让价格的公告,,,,,,,,,,,,,,,,,,,,,,,,,1192,紫金矿业集团股份有限公司关于调整2026年员工持股计划受让价格的公告,巨潮资讯网,https://static.cninfo.com.cn/finalpage/2026-08-22/1225493660.PDF,2026-08-22,公告
1193,Document,中国中铁2026年第二季度对外担保被担保人基本情况及担保协议主要内容情况,,,,,,,,,,,,,,,,,,,,,,,,,1193,中国中铁2026年第二季度对外担保被担保人基本情况及担保协议主要内容情况,巨潮资讯网,https://static.cninfo.com.cn/finalpage/2026-08-22/1225489962.PDF,2026-08-22,公告
1194,Document,中国铁建关于召开2026年半年度业绩说明会的公告,,,,,,,,,,,,,,,,,,,,,,,,,1194,中国铁建关于召开2026年半年度业绩说明会的公告,巨潮资讯网,https://static.cninfo.com.cn/finalpage/2026-08-22/1225489238.PDF,2026-08-22,公告
1195,Document,通威股份有限公司2026年度第六期绿色超短期融资券发行结果公告,,,,,,,,,,,,,,,,,,,,,,,,,1195,通威股份有限公司2026年度第六期绿色超短期融资券发行结果公告,巨潮资讯网,https://static.cninfo.com.cn/finalpage/2026-08-22/1225491084.PDF,2026-08-22,公告
1196,Document,招商银行股份有限公司关于召开2026年中期业绩说明会的公告,,,,,,,,,,,,,,,,,,,,,,,,,1196,招商银行股份有限公司关于召开2026年中期业绩说明会的公告,巨潮资讯网,https://static.cninfo.com.cn/finalpage/2026-08-22/1225491092.PDF,2026-08-22,公告
1197,Document,宝钢股份第九届董事会第十三次会议决议公告,,,,,,,,,,,,,,,,,,,,,,,,,1197,宝钢股份第九届董事会第十三次会议决议公告,巨潮资讯网,https://static.cninfo.com.cn/finalpage/2026-08-22/1225489245.PDF,2026-08-22,公告
1198,Document,关于完成工商变更登记并换发营业执照的公告,,,,,,,,,,,,,,,,,,,,,,,,,1198,关于完成工商变更登记并换发营业执照的公告,巨潮资讯网,https://static.cninfo.com.cn/finalpage/2026-08-22/1225492154.PDF,2026-08-22,公告
1199,Document,公司信用类债券信息披露管理制度,,,,,,,,,,,,,,,,,,,,,,,,,1199,公司信用类债券信息披露管理制度,巨潮资讯网,https://static.cninfo.com.cn/finalpage/2026-08-22/1225490143.PDF,2026-08-22,公告
1200,Document,关于职工董事任职资格核准的公告,,,,,,,,,,,,,,,,,,,,,,,,,1200,关于职工董事任职资格核准的公告,巨潮资讯网,https://static.cninfo.com.cn/finalpage/2026-08-22/1225490393.PDF,2026-08-22,公告
1201,Document,上海电气关于境外子公司发行境外债券完成情况的公告,,,,,,,,,,,,,,,,,,,,,,,,,1201,上海电气关于境外子公司发行境外债券完成情况的公告,巨潮资讯网,https://static.cninfo.com.cn/finalpage/2026-08-21/1225484787.PDF,2026-08-21,公告
1202,Document,中国平安2026年中期投资者保护工作报告暨“提质增效重回报”执行情况报告,,,,,,,,,,,,,,,,,,,,,,,,,1202,中国平安2026年中期投资者保护工作报告暨“提质增效重回报”执行情况报告,巨潮资讯网,https://static.cninfo.com.cn/finalpage/2026-08-21/1225487487.PDF,2026-08-21,公告
1203,Document,关于2026年度第一期短期融资券（乡村振兴）发行结果的公告,,,,,,,,,,,,,,,,,,,,,,,,,1203,关于2026年度第一期短期融资券（乡村振兴）发行结果的公告,巨潮资讯网,https://static.cninfo.com.cn/finalpage/2026-08-21/1225485226.PDF,2026-08-21,公告
1204,Document,关于“质量回报双提升”行动方案的进展公告,,,,,,,,,,,,,,,,,,,,,,,,,1204,关于“质量回报双提升”行动方案的进展公告,巨潮资讯网,https://static.cninfo.com.cn/finalpage/2026-08-21/1225484423.PDF,2026-08-21,公告
1205,Document,关于2025年年度权益分派实施后调整股份回购价格上限的公告,,,,,,,,,,,,,,,,,,,,,,,,,1205,关于2025年年度权益分派实施后调整股份回购价格上限的公告,巨潮资讯网,https://static.cninfo.com.cn/finalpage/2026-08-21/1225487187.PDF,2026-08-21,公告
1206,Document,港股公告：董事会批准发布2026年中期业绩通知,,,,,,,,,,,,,,,,,,,,,,,,,1206,港股公告：董事会批准发布2026年中期业绩通知,巨潮资讯网,https://static.cninfo.com.cn/finalpage/2026-08-20/1225483219.PDF,2026-08-20,公告
1207,Document,富士康工业互联网股份有限公司关于以集中竞价交易方式首次回购股份的公告,,,,,,,,,,,,,,,,,,,,,,,,,1207,富士康工业互联网股份有限公司关于以集中竞价交易方式首次回购股份的公告,巨潮资讯网,https://static.cninfo.com.cn/finalpage/2026-08-20/1225482317.PDF,2026-08-20,公告
1208,Document,中国铁建H股公告,,,,,,,,,,,,,,,,,,,,,,,,,1208,中国铁建H股公告,巨潮资讯网,https://static.cninfo.com.cn/finalpage/2026-08-19/1225479846.PDF,2026-08-19,公告
1209,Document,特变电工股份有限公司2026年第三次临时股东会会议资料,,,,,,,,,,,,,,,,,,,,,,,,,1209,特变电工股份有限公司2026年第三次临时股东会会议资料,巨潮资讯网,https://static.cninfo.com.cn/finalpage/2026-08-18/1225477680.PDF,2026-08-18,公告
1210,Document,宝钢股份关于召开2026年半年度业绩网上说明会的公告,,,,,,,,,,,,,,,,,,,,,,,,,1210,宝钢股份关于召开2026年半年度业绩网上说明会的公告,巨潮资讯网,https://static.cninfo.com.cn/finalpage/2026-08-18/1225476252.PDF,2026-08-18,公告
1211,Document,东方财富信息股份有限公司关于子公司东方财富证券股份有限公司2026年面向专业投资者公开发行次级债券（第三期）发行结果的公告,,,,,,,,,,,,,,,,,,,,,,,,,1211,东方财富信息股份有限公司关于子公司东方财富证券股份有限公司2026年面向专业投资者公开发行次级债券（第三期）发行结果的公告,巨潮资讯网,https://static.cninfo.com.cn/finalpage/2026-08-18/1225480877.PDF,2026-08-18,公告
1212,Document,2026年第一次临时股东会法律意见书,,,,,,,,,,,,,,,,,,,,,,,,,1212,2026年第一次临时股东会法律意见书,巨潮资讯网,https://static.cninfo.com.cn/finalpage/2026-08-18/1225477024.PDF,2026-08-18,公告
1213,Document,H股公告-董事会会议召开日期,,,,,,,,,,,,,,,,,,,,,,,,,1213,H股公告-董事会会议召开日期,巨潮资讯网,https://static.cninfo.com.cn/finalpage/2026-08-15/1225474978.PDF,2026-08-15,公告
1214,Document,贵州茅台关于会计政策变更的公告,,,,,,,,,,,,,,,,,,,,,,,,,1214,贵州茅台关于会计政策变更的公告,巨潮资讯网,https://static.cninfo.com.cn/finalpage/2026-08-15/1225475864.PDF,2026-08-15,公告
1215,Document,贵州茅台关于贵州茅台集团财务有限公司的风险评估报告,,,,,,,,,,,,,,,,,,,,,,,,,1215,贵州茅台关于贵州茅台集团财务有限公司的风险评估报告,巨潮资讯网,https://static.cninfo.com.cn/finalpage/2026-08-15/1225475863.PDF,2026-08-15,公告
1216,Document,贵州茅台第五届董事会2026年度第三次会议决议公告,,,,,,,,,,,,,,,,,,,,,,,,,1216,贵州茅台第五届董事会2026年度第三次会议决议公告,巨潮资讯网,https://static.cninfo.com.cn/finalpage/2026-08-15/1225475862.PDF,2026-08-15,公告
1217,Document,贵州茅台关于召开2026年半年度业绩说明会的公告,,,,,,,,,,,,,,,,,,,,,,,,,1217,贵州茅台关于召开2026年半年度业绩说明会的公告,巨潮资讯网,https://static.cninfo.com.cn/finalpage/2026-08-15/1225475856.PDF,2026-08-15,公告
1218,Document,独立董事专门会议2026年第三次会议审核意见,,,,,,,,,,,,,,,,,,,,,,,,,1218,独立董事专门会议2026年第三次会议审核意见,巨潮资讯网,https://static.cninfo.com.cn/finalpage/2026-08-15/1225474798.PDF,2026-08-15,公告
1219,Document,港股公告：中芯国际截至2026年6月30日止三个月未经审核业绩公布,,,,,,,,,,,,,,,,,,,,,,,,,1219,港股公告：中芯国际截至2026年6月30日止三个月未经审核业绩公布,巨潮资讯网,https://static.cninfo.com.cn/finalpage/2026-08-14/1225471507.PDF,2026-08-14,公告
1220,Document,中国神华2026年7月份主要运营数据公告,,,,,,,,,,,,,,,,,,,,,,,,,1220,中国神华2026年7月份主要运营数据公告,巨潮资讯网,https://static.cninfo.com.cn/finalpage/2026-08-14/1225471783.PDF,2026-08-14,公告
1222,Document,关于董事会会议召开日期的公告,,,,,,,,,,,,,,,,,,,,,,,,,1222,关于董事会会议召开日期的公告,巨潮资讯网,https://static.cninfo.com.cn/finalpage/2026-08-14/1225472445.PDF,2026-08-14,公告
1223,Document,关于董事辞职的公告,,,,,,,,,,,,,,,,,,,,,,,,,1223,关于董事辞职的公告,巨潮资讯网,https://static.cninfo.com.cn/finalpage/2026-08-13/1225469474.PDF,2026-08-13,公告
1224,Document,富士康工业互联网股份有限公司2026年半年度募集资金存放、管理与实际使用情况的专项报告,,,,,,,,,,,,,,,,,,,,,,,,,1224,富士康工业互联网股份有限公司2026年半年度募集资金存放、管理与实际使用情况的专项报告,巨潮资讯网,https://static.cninfo.com.cn/finalpage/2026-08-12/1225468096.PDF,2026-08-12,公告
1225,Document,董事会十一届二十次会议决议公告,,,,,,,,,,,,,,,,,,,,,,,,,1225,董事会十一届二十次会议决议公告,巨潮资讯网,https://static.cninfo.com.cn/finalpage/2026-08-12/1225468069.PDF,2026-08-12,公告
1226,Document,保利发展控股集团股份有限公司2026年7月份销售情况简报,,,,,,,,,,,,,,,,,,,,,,,,,1226,保利发展控股集团股份有限公司2026年7月份销售情况简报,巨潮资讯网,https://static.cninfo.com.cn/finalpage/2026-08-12/1225468496.PDF,2026-08-12,公告
1227,Document,保利发展控股集团股份有限公司关于本公司获得房地产项目的公告,,,,,,,,,,,,,,,,,,,,,,,,,1227,保利发展控股集团股份有限公司关于本公司获得房地产项目的公告,巨潮资讯网,https://static.cninfo.com.cn/finalpage/2026-08-12/1225468483.PDF,2026-08-12,公告
1229,Document,中国中材国际工程股份有限公司关于与苏州中材建设有限公司共同为所属中材国际埃塞子公司提供担保的进展公告,,,,,,,,,,,,,,,,,,,,,,,,,1229,中国中材国际工程股份有限公司关于与苏州中材建设有限公司共同为所属中材国际埃塞子公司提供担保的进展公告,巨潮资讯网,https://static.cninfo.com.cn/finalpage/2026-08-08/1225462954.PDF,2026-08-08,公告
1230,Document,高级管理人员减持股份结果公告,,,,,,,,,,,,,,,,,,,,,,,,,1230,高级管理人员减持股份结果公告,巨潮资讯网,https://static.cninfo.com.cn/finalpage/2026-08-08/1225462992.PDF,2026-08-08,公告
1231,Document,关于召开2026年半年度业绩说明会的公告,,,,,,,,,,,,,,,,,,,,,,,,,1231,关于召开2026年半年度业绩说明会的公告,巨潮资讯网,https://static.cninfo.com.cn/finalpage/2026-08-08/1225463626.PDF,2026-08-08,公告
1232,Document,特变电工股份有限公司2026年第十一次临时董事会会议决议公告,,,,,,,,,,,,,,,,,,,,,,,,,1232,特变电工股份有限公司2026年第十一次临时董事会会议决议公告,巨潮资讯网,https://static.cninfo.com.cn/finalpage/2026-08-07/1225462102.PDF,2026-08-07,公告
1233,Document,特变电工股份有限公司关于延长向不特定对象发行可转换公司债券股东会决议有效期及相关授权期限的公告,,,,,,,,,,,,,,,,,,,,,,,,,1233,特变电工股份有限公司关于延长向不特定对象发行可转换公司债券股东会决议有效期及相关授权期限的公告,巨潮资讯网,https://static.cninfo.com.cn/finalpage/2026-08-07/1225462091.PDF,2026-08-07,公告
1234,Document,关于首次回购公司股份的公告,,,,,,,,,,,,,,,,,,,,,,,,,1234,关于首次回购公司股份的公告,巨潮资讯网,https://static.cninfo.com.cn/finalpage/2026-08-07/1225464070.PDF,2026-08-07,公告
1236,Document,关于四川省宜宾五粮液集团有限公司增持公司股票的进展公告,,,,,,,,,,,,,,,,,,,,,,,,,1236,关于四川省宜宾五粮液集团有限公司增持公司股票的进展公告,巨潮资讯网,https://static.cninfo.com.cn/finalpage/2026-08-07/1225461522.PDF,2026-08-07,公告
1237,Document,潍柴动力股份有限公司2025年度A股分红派息实施公告,,,,,,,,,,,,,,,,,,,,,,,,,1237,潍柴动力股份有限公司2025年度A股分红派息实施公告,巨潮资讯网,https://static.cninfo.com.cn/finalpage/2026-08-07/1225462610.PDF,2026-08-07,公告
1238,Document,长江电力关于公司总法律顾问辞职的公告,,,,,,,,,,,,,,,,,,,,,,,,,1238,长江电力关于公司总法律顾问辞职的公告,巨潮资讯网,https://static.cninfo.com.cn/finalpage/2026-08-06/1225458807.PDF,2026-08-06,公告
1239,Document,关于2026年员工持股计划开户完成的公告,,,,,,,,,,,,,,,,,,,,,,,,,1239,关于2026年员工持股计划开户完成的公告,巨潮资讯网,https://static.cninfo.com.cn/finalpage/2026-08-06/1225458992.PDF,2026-08-06,公告
1241,Document,第七届董事会第十九次会议决议公告,,,,,,,,,,,,,,,,,,,,,,,,,1241,第七届董事会第十九次会议决议公告,巨潮资讯网,https://static.cninfo.com.cn/finalpage/2026-08-05/1225458205.PDF,2026-08-05,公告
1242,Document,中国铁建2026年第二季度主要经营数据公告,,,,,,,,,,,,,,,,,,,,,,,,,1242,中国铁建2026年第二季度主要经营数据公告,巨潮资讯网,https://static.cninfo.com.cn/finalpage/2026-08-05/1225456944.PDF,2026-08-05,公告
1243,Document,关于提供担保的进展公告,,,,,,,,,,,,,,,,,,,,,,,,,1243,关于提供担保的进展公告,巨潮资讯网,https://static.cninfo.com.cn/finalpage/2026-08-05/1225458123.PDF,2026-08-05,公告
1244,Document,江苏中天科技股份有限公司关于第六期以集中竞价交易方式股份回购进展公告,,,,,,,,,,,,,,,,,,,,,,,,,1244,江苏中天科技股份有限公司关于第六期以集中竞价交易方式股份回购进展公告,巨潮资讯网,https://static.cninfo.com.cn/finalpage/2026-08-05/1225456778.PDF,2026-08-05,公告
1245,Document,通威股份有限公司关于对外提供担保的进展公告,,,,,,,,,,,,,,,,,,,,,,,,,1245,通威股份有限公司关于对外提供担保的进展公告,巨潮资讯网,https://static.cninfo.com.cn/finalpage/2026-08-05/1225457972.PDF,2026-08-05,公告
1246,Document,万华化学烟台产业园MDI装置停产检修公告,,,,,,,,,,,,,,,,,,,,,,,,,1246,万华化学烟台产业园MDI装置停产检修公告,巨潮资讯网,https://static.cninfo.com.cn/finalpage/2026-08-05/1225456806.PDF,2026-08-05,公告
1247,Document,恒瑞医药关于回购公司A股股份的进展公告,,,,,,,,,,,,,,,,,,,,,,,,,1247,恒瑞医药关于回购公司A股股份的进展公告,巨潮资讯网,https://static.cninfo.com.cn/finalpage/2026-08-05/1225457431.PDF,2026-08-05,公告
1248,Document,关于为子公司提供担保的进展公告,,,,,,,,,,,,,,,,,,,,,,,,,1248,关于为子公司提供担保的进展公告,巨潮资讯网,https://static.cninfo.com.cn/finalpage/2026-08-05/1225456707.PDF,2026-08-05,公告
1249,Document,关于回购公司股份的进展公告,,,,,,,,,,,,,,,,,,,,,,,,,1249,关于回购公司股份的进展公告,巨潮资讯网,https://static.cninfo.com.cn/finalpage/2026-08-05/1225457014.PDF,2026-08-05,公告
1250,Document,海天味业关于2024年员工持股计划A股股份回购注销实施公告,,,,,,,,,,,,,,,,,,,,,,,,,1250,海天味业关于2024年员工持股计划A股股份回购注销实施公告,巨潮资讯网,https://static.cninfo.com.cn/finalpage/2026-08-04/1225455468.PDF,2026-08-04,公告
1251,Document,紫金矿业H股市场公告,,,,,,,,,,,,,,,,,,,,,,,,,1251,紫金矿业H股市场公告,巨潮资讯网,https://static.cninfo.com.cn/finalpage/2026-08-04/1225454884.PDF,2026-08-04,公告
1255,Document,中国中材国际工程股份有限公司关于签署经营合同的公告,,,,,,,,,,,,,,,,,,,,,,,,,1255,中国中材国际工程股份有限公司关于签署经营合同的公告,巨潮资讯网,https://static.cninfo.com.cn/finalpage/2026-08-04/1225454263.PDF,2026-08-04,公告
1257,Document,2026年中期分红A股实施公告,,,,,,,,,,,,,,,,,,,,,,,,,1257,2026年中期分红A股实施公告,巨潮资讯网,https://static.cninfo.com.cn/finalpage/2026-08-04/1225456175.PDF,2026-08-04,公告
1258,Document,关于股份回购进展情况的公告,,,,,,,,,,,,,,,,,,,,,,,,,1258,关于股份回购进展情况的公告,巨潮资讯网,https://static.cninfo.com.cn/finalpage/2026-08-04/1225454785.PDF,2026-08-04,公告
1259,Document,关于回购公司股份进展的公告,,,,,,,,,,,,,,,,,,,,,,,,,1259,关于回购公司股份进展的公告,巨潮资讯网,https://static.cninfo.com.cn/finalpage/2026-08-04/1225454939.PDF,2026-08-04,公告
1261,Document,长城汽车股份有限公司关于“长汽转债”可选择回售的第七次提示性公告,,,,,,,,,,,,,,,,,,,,,,,,,1261,长城汽车股份有限公司关于“长汽转债”可选择回售的第七次提示性公告,巨潮资讯网,https://static.cninfo.com.cn/finalpage/2026-08-03/1225452790.PDF,2026-08-03,公告
1262,Document,上汽集团2026年7月份产销快报,,,,,,,,,,,,,,,,,,,,,,,,,1262,上汽集团2026年7月份产销快报,巨潮资讯网,https://static.cninfo.com.cn/finalpage/2026-08-03/1225452764.PDF,2026-08-03,公告
1263,Document,第六届董事会第二次会议决议公告,,,,,,,,,,,,,,,,,,,,,,,,,1263,第六届董事会第二次会议决议公告,巨潮资讯网,https://static.cninfo.com.cn/finalpage/2026-08-03/1225456083.PDF,2026-08-03,公告
1264,Document,2026年7月产销快报,,,,,,,,,,,,,,,,,,,,,,,,,1264,2026年7月产销快报,巨潮资讯网,https://static.cninfo.com.cn/finalpage/2026-08-03/1225452785.PDF,2026-08-03,公告
1265,Document,中国中铁关于公司董事会秘书辞职并由董事长代行董事会秘书职责的公告,,,,,,,,,,,,,,,,,,,,,,,,,1265,中国中铁关于公司董事会秘书辞职并由董事长代行董事会秘书职责的公告,巨潮资讯网,https://static.cninfo.com.cn/finalpage/2026-08-01/1225451386.PDF,2026-08-01,公告
1266,Document,关于暂不向下修正“隆22转债”转股价格的公告,,,,,,,,,,,,,,,,,,,,,,,,,1266,关于暂不向下修正“隆22转债”转股价格的公告,巨潮资讯网,https://static.cninfo.com.cn/finalpage/2026-08-01/1225450042.PDF,2026-08-01,公告
1267,Document,国电南瑞关于公司职工董事辞职的公告,,,,,,,,,,,,,,,,,,,,,,,,,1267,国电南瑞关于公司职工董事辞职的公告,巨潮资讯网,https://static.cninfo.com.cn/finalpage/2026-08-01/1225450021.PDF,2026-08-01,公告
1268,Document,三一重工股份有限公司关于回购股份事项前十大股东和前十大无限售条件股东持股情况的公告,,,,,,,,,,,,,,,,,,,,,,,,,1268,三一重工股份有限公司关于回购股份事项前十大股东和前十大无限售条件股东持股情况的公告,巨潮资讯网,https://static.cninfo.com.cn/finalpage/2026-08-01/1225450291.PDF,2026-08-01,公告
1269,Document,青海盐湖工业股份有限公司关联交易管理办法,,,,,,,,,,,,,,,,,,,,,,,,,1269,青海盐湖工业股份有限公司关联交易管理办法,巨潮资讯网,https://static.cninfo.com.cn/finalpage/2026-08-01/1225451232.PDF,2026-08-01,公告
1270,Document,青海盐湖工业股份有限公司总经理办公会议事规则,,,,,,,,,,,,,,,,,,,,,,,,,1270,青海盐湖工业股份有限公司总经理办公会议事规则,巨潮资讯网,https://static.cninfo.com.cn/finalpage/2026-08-01/1225451231.PDF,2026-08-01,公告
1271,Document,青海盐湖工业股份有限公司董事会授权管理办法,,,,,,,,,,,,,,,,,,,,,,,,,1271,青海盐湖工业股份有限公司董事会授权管理办法,巨潮资讯网,https://static.cninfo.com.cn/finalpage/2026-08-01/1225451230.PDF,2026-08-01,公告
1272,Document,关于为子公司提供担保的公告,,,,,,,,,,,,,,,,,,,,,,,,,1272,关于为子公司提供担保的公告,巨潮资讯网,https://static.cninfo.com.cn/finalpage/2026-08-01/1225450766.PDF,2026-08-01,公告
1273,Document,广东信达律师事务所关于万科企业股份有限公司2026年第一次临时股东会的法律意见书,,,,,,,,,,,,,,,,,,,,,,,,,1273,广东信达律师事务所关于万科企业股份有限公司2026年第一次临时股东会的法律意见书,巨潮资讯网,https://static.cninfo.com.cn/finalpage/2026-08-01/1225451859.PDF,2026-08-01,公告
1274,Document,关联交易公告,,,,,,,,,,,,,,,,,,,,,,,,,1274,关联交易公告,巨潮资讯网,https://static.cninfo.com.cn/finalpage/2026-08-01/1225451412.PDF,2026-08-01,公告
1275,Document,中芯国际关于召开2026年第二季度业绩说明会的预告公告,,,,,,,,,,,,,,,,,,,,,,,,,1275,中芯国际关于召开2026年第二季度业绩说明会的预告公告,巨潮资讯网,https://static.cninfo.com.cn/finalpage/2026-07-31/1225448405.PDF,2026-07-31,公告
1276,Document,中信证券股份有限公司第八届董事会第五十一次会议决议公告,,,,,,,,,,,,,,,,,,,,,,,,,1276,中信证券股份有限公司第八届董事会第五十一次会议决议公告,巨潮资讯网,https://static.cninfo.com.cn/finalpage/2026-07-31/1225448407.PDF,2026-07-31,公告
1277,Document,中国建筑重大项目公告,,,,,,,,,,,,,,,,,,,,,,,,,1277,中国建筑重大项目公告,巨潮资讯网,https://static.cninfo.com.cn/finalpage/2026-07-30/1225446764.PDF,2026-07-30,公告
1278,Document,招商银行股份有限公司关于行长任职资格核准的公告,,,,,,,,,,,,,,,,,,,,,,,,,1278,招商银行股份有限公司关于行长任职资格核准的公告,巨潮资讯网,https://static.cninfo.com.cn/finalpage/2026-07-29/1225444610.PDF,2026-07-29,公告
1279,Document,富士康工业互联网股份有限公司关于以集中竞价交易方式回购股份的回购报告书,,,,,,,,,,,,,,,,,,,,,,,,,1279,富士康工业互联网股份有限公司关于以集中竞价交易方式回购股份的回购报告书,巨潮资讯网,https://static.cninfo.com.cn/finalpage/2026-07-28/1225442540.PDF,2026-07-28,公告
1280,Document,中国神华关于第六届董事会第二十次会议决议的公告,,,,,,,,,,,,,,,,,,,,,,,,,1280,中国神华关于第六届董事会第二十次会议决议的公告,巨潮资讯网,https://static.cninfo.com.cn/finalpage/2026-07-24/1225439796.PDF,2026-07-24,公告
1281,Document,东方财富信息股份有限公司关于子公司东方财富证券股份有限公司2026年面向专业投资者公开发行公司债券（第三期）发行结果的公告,,,,,,,,,,,,,,,,,,,,,,,,,1281,东方财富信息股份有限公司关于子公司东方财富证券股份有限公司2026年面向专业投资者公开发行公司债券（第三期）发行结果的公告,巨潮资讯网,https://static.cninfo.com.cn/finalpage/2026-07-24/1225441502.PDF,2026-07-24,公告
1282,Document,内蒙古伊利实业集团股份有限公司关于补选2023年持股计划管理委员会委员的公告,,,,,,,,,,,,,,,,,,,,,,,,,1282,内蒙古伊利实业集团股份有限公司关于补选2023年持股计划管理委员会委员的公告,巨潮资讯网,https://static.cninfo.com.cn/finalpage/2026-07-23/1225436626.PDF,2026-07-23,公告
1283,Document,2025年度A股权益分派实施公告,,,,,,,,,,,,,,,,,,,,,,,,,1283,2025年度A股权益分派实施公告,巨潮资讯网,https://static.cninfo.com.cn/finalpage/2026-07-23/1225436927.PDF,2026-07-23,公告
1284,Document,中芯国际关于作废处理2021年科创板限制性股票激励计划部分限制性股票的公告,,,,,,,,,,,,,,,,,,,,,,,,,1284,中芯国际关于作废处理2021年科创板限制性股票激励计划部分限制性股票的公告,巨潮资讯网,https://static.cninfo.com.cn/finalpage/2026-07-22/1225435935.PDF,2026-07-22,公告
1285,Document,关于注册发行非金融企业债务融资工具及应收账款资产支持商业票据的公告,,,,,,,,,,,,,,,,,,,,,,,,,1285,关于注册发行非金融企业债务融资工具及应收账款资产支持商业票据的公告,巨潮资讯网,https://static.cninfo.com.cn/finalpage/2026-07-22/1225435702.PDF,2026-07-22,公告
1286,Document,2025年员工持股计划第二次持有人会议决议公告,,,,,,,,,,,,,,,,,,,,,,,,,1286,2025年员工持股计划第二次持有人会议决议公告,巨潮资讯网,https://static.cninfo.com.cn/finalpage/2026-07-22/1225435701.PDF,2026-07-22,公告
1287,Document,关于收到董事长提议回购公司股份的提示性公告,,,,,,,,,,,,,,,,,,,,,,,,,1287,关于收到董事长提议回购公司股份的提示性公告,巨潮资讯网,https://static.cninfo.com.cn/finalpage/2026-07-21/1225434932.PDF,2026-07-21,公告
1288,Document,关于公司董事和高级管理人员加快实施增持股份计划暨实施结果公告,,,,,,,,,,,,,,,,,,,,,,,,,1288,关于公司董事和高级管理人员加快实施增持股份计划暨实施结果公告,巨潮资讯网,https://static.cninfo.com.cn/finalpage/2026-07-21/1225432023.PDF,2026-07-21,公告
1289,Document,关于回购A股股份实施结果暨股份变动的公告,,,,,,,,,,,,,,,,,,,,,,,,,1289,关于回购A股股份实施结果暨股份变动的公告,巨潮资讯网,https://static.cninfo.com.cn/finalpage/2026-07-21/1225432729.PDF,2026-07-21,公告
1290,Document,中国铁建2025年年度权益分派实施公告,,,,,,,,,,,,,,,,,,,,,,,,,1290,中国铁建2025年年度权益分派实施公告,巨潮资讯网,https://static.cninfo.com.cn/finalpage/2026-07-20/1225431400.PDF,2026-07-20,公告
1291,Document,国电南瑞关于董事长提议回购公司部分股份的提示性公告,,,,,,,,,,,,,,,,,,,,,,,,,1291,国电南瑞关于董事长提议回购公司部分股份的提示性公告,巨潮资讯网,https://static.cninfo.com.cn/finalpage/2026-07-20/1225431549.PDF,2026-07-20,公告
1292,Document,关于以集中竞价交易方式回购A股股份进展情况的公告,,,,,,,,,,,,,,,,,,,,,,,,,1292,关于以集中竞价交易方式回购A股股份进展情况的公告,巨潮资讯网,https://static.cninfo.com.cn/finalpage/2026-07-20/1225431508.pdf,2026-07-20,公告
1293,Document,长江电力关于公司控股股东发行可交换公司债券对持有的部分本公司A股股票办理补充担保及信托登记的公告,,,,,,,,,,,,,,,,,,,,,,,,,1293,长江电力关于公司控股股东发行可交换公司债券对持有的部分本公司A股股票办理补充担保及信托登记的公告,巨潮资讯网,https://static.cninfo.com.cn/finalpage/2026-07-18/1225429337.PDF,2026-07-18,公告
1294,Document,江苏中天科技股份有限公司关于第六期以集中竞价交易方式首次回购公司股份的公告,,,,,,,,,,,,,,,,,,,,,,,,,1294,江苏中天科技股份有限公司关于第六期以集中竞价交易方式首次回购公司股份的公告,巨潮资讯网,https://static.cninfo.com.cn/finalpage/2026-07-18/1225429649.PDF,2026-07-18,公告
1295,Document,贵州茅台重大事项公告,,,,,,,,,,,,,,,,,,,,,,,,,1295,贵州茅台重大事项公告,巨潮资讯网,https://static.cninfo.com.cn/finalpage/2026-07-18/1225431263.PDF,2026-07-18,公告
1296,Document,2025年年度权益分派实施公告,,,,,,,,,,,,,,,,,,,,,,,,,1296,2025年年度权益分派实施公告,巨潮资讯网,https://static.cninfo.com.cn/finalpage/2026-07-17/1225427945.PDF,2026-07-17,公告
1297,Document,中国中材国际工程股份有限公司关于重大诉讼的进展公告,,,,,,,,,,,,,,,,,,,,,,,,,1297,中国中材国际工程股份有限公司关于重大诉讼的进展公告,巨潮资讯网,https://static.cninfo.com.cn/finalpage/2026-07-16/1225426125.PDF,2026-07-16,公告
1298,Document,关于持股5%以上股东股份补充质押的公告,,,,,,,,,,,,,,,,,,,,,,,,,1298,关于持股5%以上股东股份补充质押的公告,巨潮资讯网,https://static.cninfo.com.cn/finalpage/2026-07-16/1225426975.PDF,2026-07-16,公告
1299,Document,关于控股股东部分股权质押的公告,,,,,,,,,,,,,,,,,,,,,,,,,1299,关于控股股东部分股权质押的公告,巨潮资讯网,https://static.cninfo.com.cn/finalpage/2026-07-15/1225423120.PDF,2026-07-15,公告
1301,Document,2026年半年度业绩快报,,,,,,,,,,,,,,,,,,,,,,,,,1301,2026年半年度业绩快报,巨潮资讯网,https://static.cninfo.com.cn/finalpage/2026-07-15/1225424439.PDF,2026-07-15,公告
1302,Document,潍柴动力股份有限公司关于部分A股限制性股票注销完成的公告,,,,,,,,,,,,,,,,,,,,,,,,,1302,潍柴动力股份有限公司关于部分A股限制性股票注销完成的公告,巨潮资讯网,https://static.cninfo.com.cn/finalpage/2026-07-15/1225423631.PDF,2026-07-15,公告
1303,Document,H股公告（董事会会议召开日期）,,,,,,,,,,,,,,,,,,,,,,,,,1303,H股公告（董事会会议召开日期）,巨潮资讯网,https://static.cninfo.com.cn/finalpage/2026-07-14/1225423612.PDF,2026-07-14,公告
1304,Document,海天味业关于回购A股股份事项前十大股东和前十大无限售条件股东持股情况的公告,,,,,,,,,,,,,,,,,,,,,,,,,1304,海天味业关于回购A股股份事项前十大股东和前十大无限售条件股东持股情况的公告,巨潮资讯网,https://static.cninfo.com.cn/finalpage/2026-07-11/1225418790.PDF,2026-07-11,公告
1305,Document,工商银行关于2026年无固定期限资本债券（第三期）（债券通）发行完毕的公告,,,,,,,,,,,,,,,,,,,,,,,,,1305,工商银行关于2026年无固定期限资本债券（第三期）（债券通）发行完毕的公告,巨潮资讯网,https://static.cninfo.com.cn/finalpage/2026-07-11/1225418853.PDF,2026-07-11,公告
1306,Document,内蒙古伊利实业集团股份有限公司关于全资子公司内蒙古惠商融资担保有限公司2026年第二季度对外担保情况公告,,,,,,,,,,,,,,,,,,,,,,,,,1306,内蒙古伊利实业集团股份有限公司关于全资子公司内蒙古惠商融资担保有限公司2026年第二季度对外担保情况公告,巨潮资讯网,https://static.cninfo.com.cn/finalpage/2026-07-11/1225418978.PDF,2026-07-11,公告
1307,Document,保利发展控股集团股份有限公司2026年第一次临时股东会会议资料,,,,,,,,,,,,,,,,,,,,,,,,,1307,保利发展控股集团股份有限公司2026年第一次临时股东会会议资料,巨潮资讯网,https://static.cninfo.com.cn/finalpage/2026-07-11/1225420213.PDF,2026-07-11,公告
1308,Document,[H股公告]招商银行股份有限公司更换联席公司秘书,,,,,,,,,,,,,,,,,,,,,,,,,1308,[H股公告]招商银行股份有限公司更换联席公司秘书,巨潮资讯网,https://static.cninfo.com.cn/finalpage/2026-07-11/1225419261.PDF,2026-07-11,公告
1309,Document,中信证券股份有限公司2026年半年度业绩预增公告,,,,,,,,,,,,,,,,,,,,,,,,,1309,中信证券股份有限公司2026年半年度业绩预增公告,巨潮资讯网,https://static.cninfo.com.cn/finalpage/2026-07-11/1225418583.PDF,2026-07-11,公告
1310,Document,独立董事候选人声明与承诺（杨兆）,,,,,,,,,,,,,,,,,,,,,,,,,1310,独立董事候选人声明与承诺（杨兆）,巨潮资讯网,https://static.cninfo.com.cn/finalpage/2026-07-11/1225418916.PDF,2026-07-11,公告
1311,Document,紫金矿业集团股份有限公司2026年半年度业绩预增公告,,,,,,,,,,,,,,,,,,,,,,,,,1311,紫金矿业集团股份有限公司2026年半年度业绩预增公告,巨潮资讯网,https://static.cninfo.com.cn/finalpage/2026-07-10/1225417751.PDF,2026-07-10,公告
1312,Document,上海电气关于挂牌转让房地产的进展公告,,,,,,,,,,,,,,,,,,,,,,,,,1312,上海电气关于挂牌转让房地产的进展公告,巨潮资讯网,https://static.cninfo.com.cn/finalpage/2026-07-10/1225416566.PDF,2026-07-10,公告
1313,Document,中国中铁关于2025年度利润分配实施的提示性公告,,,,,,,,,,,,,,,,,,,,,,,,,1313,中国中铁关于2025年度利润分配实施的提示性公告,巨潮资讯网,https://static.cninfo.com.cn/finalpage/2026-07-10/1225416711.PDF,2026-07-10,公告
1314,Document,富士康工业互联网股份有限公司2026年半年度业绩预增公告,,,,,,,,,,,,,,,,,,,,,,,,,1314,富士康工业互联网股份有限公司2026年半年度业绩预增公告,巨潮资讯网,https://static.cninfo.com.cn/finalpage/2026-07-10/1225417297.PDF,2026-07-10,公告
1315,Document,恒瑞医药收到关于注射用卡瑞利珠单抗的完整回复信的公告,,,,,,,,,,,,,,,,,,,,,,,,,1315,恒瑞医药收到关于注射用卡瑞利珠单抗的完整回复信的公告,巨潮资讯网,https://static.cninfo.com.cn/finalpage/2026-07-10/1225418138.PDF,2026-07-10,公告
1316,Document,湖南启元律师事务所关于三一重工股份有限公司差异化分红的法律意见书,,,,,,,,,,,,,,,,,,,,,,,,,1316,湖南启元律师事务所关于三一重工股份有限公司差异化分红的法律意见书,巨潮资讯网,https://static.cninfo.com.cn/finalpage/2026-07-10/1225416848.PDF,2026-07-10,公告
1317,Document,关于境外上市外资股（H股）挂牌并上市交易的公告,,,,,,,,,,,,,,,,,,,,,,,,,1317,关于境外上市外资股（H股）挂牌并上市交易的公告,巨潮资讯网,https://static.cninfo.com.cn/finalpage/2026-07-10/1225417914.PDF,2026-07-10,公告
1318,Document,2025年度分红派息实施公告,,,,,,,,,,,,,,,,,,,,,,,,,1318,2025年度分红派息实施公告,巨潮资讯网,https://static.cninfo.com.cn/finalpage/2026-07-10/1225417855.PDF,2026-07-10,公告
1319,Document,中国中材国际工程股份有限公司关于公司2026年第二季度主要经营数据公告,,,,,,,,,,,,,,,,,,,,,,,,,1319,中国中材国际工程股份有限公司关于公司2026年第二季度主要经营数据公告,巨潮资讯网,https://static.cninfo.com.cn/finalpage/2026-07-09/1225415226.PDF,2026-07-09,公告
1320,Document,北京市环球律师事务所上海分所关于江苏中天科技股份有限公司差异化权益分派事项的法律意见书,,,,,,,,,,,,,,,,,,,,,,,,,1320,北京市环球律师事务所上海分所关于江苏中天科技股份有限公司差异化权益分派事项的法律意见书,巨潮资讯网,https://static.cninfo.com.cn/finalpage/2026-07-09/1225414953.PDF,2026-07-09,公告
1321,Document,通威股份有限公司关于不向下修正“通22转债”转股价格的公告,,,,,,,,,,,,,,,,,,,,,,,,,1321,通威股份有限公司关于不向下修正“通22转债”转股价格的公告,巨潮资讯网,https://static.cninfo.com.cn/finalpage/2026-07-09/1225415632.PDF,2026-07-09,公告
1322,Document,上汽集团九届十一次董事会会议决议公告,,,,,,,,,,,,,,,,,,,,,,,,,1322,上汽集团九届十一次董事会会议决议公告,巨潮资讯网,https://static.cninfo.com.cn/finalpage/2026-07-09/1225414904.PDF,2026-07-09,公告
1323,Document,关于“家园6号”员工持股计划第三个锁定期届满的提示性公告,,,,,,,,,,,,,,,,,,,,,,,,,1323,关于“家园6号”员工持股计划第三个锁定期届满的提示性公告,巨潮资讯网,https://static.cninfo.com.cn/finalpage/2026-07-09/1225414846.PDF,2026-07-09,公告
1325,Document,关于2022年限制性股票激励计划的第三次解除限售期解锁上市流通的提示性公告,,,,,,,,,,,,,,,,,,,,,,,,,1325,关于2022年限制性股票激励计划的第三次解除限售期解锁上市流通的提示性公告,巨潮资讯网,https://static.cninfo.com.cn/finalpage/2026-07-09/1225415692.PDF,2026-07-09,公告
1326,Document,中国建筑2025年年度权益分派实施公告,,,,,,,,,,,,,,,,,,,,,,,,,1326,中国建筑2025年年度权益分派实施公告,巨潮资讯网,https://static.cninfo.com.cn/finalpage/2026-07-08/1225413471.PDF,2026-07-08,公告
1327,Document,长城汽车股份有限公司关于调整公司2023年限制性股票激励计划预留授予限制性股票回购价格及2023年股票期权激励计划预留授予股票期权行权价格的公告,,,,,,,,,,,,,,,,,,,,,,,,,1327,长城汽车股份有限公司关于调整公司2023年限制性股票激励计划预留授予限制性股票回购价格及2023年股票期权激励计划预留授予股票期权行权价格的公告,巨潮资讯网,https://static.cninfo.com.cn/finalpage/2026-07-07/1225411698.PDF,2026-07-07,公告
1328,Document,长江电力2026年半年度发电量完成情况公告,,,,,,,,,,,,,,,,,,,,,,,,,1328,长江电力2026年半年度发电量完成情况公告,巨潮资讯网,https://static.cninfo.com.cn/finalpage/2026-07-07/1225411192.PDF,2026-07-07,公告
1329,Document,万华化学2026年半年度业绩预增公告,,,,,,,,,,,,,,,,,,,,,,,,,1329,万华化学2026年半年度业绩预增公告,巨潮资讯网,https://static.cninfo.com.cn/finalpage/2026-07-07/1225411166.PDF,2026-07-07,公告
1330,Document,2026年6月份销售简报,,,,,,,,,,,,,,,,,,,,,,,,,1330,2026年6月份销售简报,巨潮资讯网,https://static.cninfo.com.cn/finalpage/2026-07-07/1225411958.PDF,2026-07-07,公告
1331,Document,中国神华2025年度权益分派实施公告,,,,,,,,,,,,,,,,,,,,,,,,,1331,中国神华2025年度权益分派实施公告,巨潮资讯网,https://static.cninfo.com.cn/finalpage/2026-07-06/1225410284.PDF,2026-07-06,公告
1332,Document,东方财富信息股份有限公司关于与专业投资机构共同投资的公告,,,,,,,,,,,,,,,,,,,,,,,,,1332,东方财富信息股份有限公司关于与专业投资机构共同投资的公告,巨潮资讯网,https://static.cninfo.com.cn/finalpage/2026-07-04/1225409684.PDF,2026-07-04,公告
1334,Document,关于以集中竞价交易方式回购A股股份的进展公告,,,,,,,,,,,,,,,,,,,,,,,,,1334,关于以集中竞价交易方式回购A股股份的进展公告,巨潮资讯网,https://static.cninfo.com.cn/finalpage/2026-07-03/1225405321.PDF,2026-07-03,公告
1335,Document,2026年半年度业绩预告,,,,,,,,,,,,,,,,,,,,,,,,,1335,2026年半年度业绩预告,巨潮资讯网,https://static.cninfo.com.cn/finalpage/2026-07-03/1225407140.PDF,2026-07-03,公告
1336,Document,关于回购A股股份的进展公告,,,,,,,,,,,,,,,,,,,,,,,,,1336,关于回购A股股份的进展公告,巨潮资讯网,https://static.cninfo.com.cn/finalpage/2026-07-03/1225405410.PDF,2026-07-03,公告
1338,Document,2026年6月产销快报,,,,,,,,,,,,,,,,,,,,,,,,,1338,2026年6月产销快报,巨潮资讯网,https://static.cninfo.com.cn/finalpage/2026-07-02/1225403848.PDF,2026-07-02,公告
1339,Document,富士康工业互联网股份有限公司2026年第一次临时股东会会议资料,,,,,,,,,,,,,,,,,,,,,,,,,1339,富士康工业互联网股份有限公司2026年第一次临时股东会会议资料,巨潮资讯网,https://static.cninfo.com.cn/finalpage/2026-07-01/1225398422.PDF,2026-07-01,公告
1340,Document,特变电工股份有限公司2026年第九次临时董事会会议决议公告,,,,,,,,,,,,,,,,,,,,,,,,,1340,特变电工股份有限公司2026年第九次临时董事会会议决议公告,巨潮资讯网,https://static.cninfo.com.cn/finalpage/2026-07-01/1225400109.PDF,2026-07-01,公告
1341,Document,关于在交易商协会披露《关于2023年度第四期中期票据本息偿付安排的公告》的提示性公告,,,,,,,,,,,,,,,,,,,,,,,,,1341,关于在交易商协会披露《关于2023年度第四期中期票据本息偿付安排的公告》的提示性公告,巨潮资讯网,https://static.cninfo.com.cn/finalpage/2026-07-01/1225400820.PDF,2026-07-01,公告
1342,Document,特变电工股份有限公司控股公司特变电工新疆新能源股份有限公司2026年度第一期绿色科技创新债券发行结果的公告,,,,,,,,,,,,,,,,,,,,,,,,,1342,特变电工股份有限公司控股公司特变电工新疆新能源股份有限公司2026年度第一期绿色科技创新债券发行结果的公告,巨潮资讯网,https://static.cninfo.com.cn/finalpage/2026-06-30/1225396172.PDF,2026-06-30,公告
1344,Document,宝钢股份第九届董事会第十二次会议决议公告,,,,,,,,,,,,,,,,,,,,,,,,,1344,宝钢股份第九届董事会第十二次会议决议公告,巨潮资讯网,https://static.cninfo.com.cn/finalpage/2026-06-30/1225395375.PDF,2026-06-30,公告
1345,Document,宝钢股份2026年第二次临时股东会决议公告,,,,,,,,,,,,,,,,,,,,,,,,,1345,宝钢股份2026年第二次临时股东会决议公告,巨潮资讯网,https://static.cninfo.com.cn/finalpage/2026-06-30/1225395369.PDF,2026-06-30,公告
1346,Document,关于为子公司提供担保额度预计的进展公告,,,,,,,,,,,,,,,,,,,,,,,,,1346,关于为子公司提供担保额度预计的进展公告,巨潮资讯网,https://static.cninfo.com.cn/finalpage/2026-06-30/1225400434.PDF,2026-06-30,公告
1347,Document,关于按照《香港上市规则》公布关于派发末期股息的说明,,,,,,,,,,,,,,,,,,,,,,,,,1347,关于按照《香港上市规则》公布关于派发末期股息的说明,巨潮资讯网,https://static.cninfo.com.cn/finalpage/2026-06-30/1225396818.PDF,2026-06-30,公告
1349,Document,中国铁建高级管理人员薪酬管理办法,,,,,,,,,,,,,,,,,,,,,,,,,1349,中国铁建高级管理人员薪酬管理办法,巨潮资讯网,https://static.cninfo.com.cn/finalpage/2026-06-27/1225392364.PDF,2026-06-27,公告
1350,Document,关于中标项目签订合同的公告,,,,,,,,,,,,,,,,,,,,,,,,,1350,关于中标项目签订合同的公告,巨潮资讯网,https://static.cninfo.com.cn/finalpage/2026-09-24/1225580810.PDF,2026-09-24,公告
1351,Document,关于董事长离任及选举董事长的公告,,,,,,,,,,,,,,,,,,,,,,,,,1351,关于董事长离任及选举董事长的公告,巨潮资讯网,https://static.cninfo.com.cn/finalpage/2026-06-27/1225391502.PDF,2026-06-27,公告
1352,Document,中国平安H股公告,,,,,,,,,,,,,,,,,,,,,,,,,1352,中国平安H股公告,巨潮资讯网,https://static.cninfo.com.cn/finalpage/2026-06-26/1225388634.PDF,2026-06-26,公告
1353,Document,鲁抗医药关于控股子公司获得药品注册证书的公告,,,,,,,,,,,,,,,,,,,,,,,,,1353,鲁抗医药关于控股子公司获得药品注册证书的公告,巨潮资讯网,https://static.cninfo.com.cn/finalpage/2026-09-23/1225576317.PDF,2026-09-23,公告
1354,Document,北京市天元律师事务所关于歌尔股份有限公司2026年第一次临时股东会的法律意见,,,,,,,,,,,,,,,,,,,,,,,,,1354,北京市天元律师事务所关于歌尔股份有限公司2026年第一次临时股东会的法律意见,巨潮资讯网,https://static.cninfo.com.cn/finalpage/2026-06-26/1225388861.PDF,2026-06-26,公告
1355,Document,关于副行长任职资格核准的公告,,,,,,,,,,,,,,,,,,,,,,,,,1355,关于副行长任职资格核准的公告,巨潮资讯网,https://static.cninfo.com.cn/finalpage/2026-06-26/1225387929.PDF,2026-06-26,公告
1356,Document,国泰海通证券股份有限公司关于中芯国际集成电路制造有限公司发行股份购买资产暨关联交易实施情况之独立财务顾问核查意见,,,,,,,,,,,,,,,,,,,,,,,,,1356,国泰海通证券股份有限公司关于中芯国际集成电路制造有限公司发行股份购买资产暨关联交易实施情况之独立财务顾问核查意见,巨潮资讯网,https://static.cninfo.com.cn/finalpage/2026-06-25/1225386203.PDF,2026-06-25,公告
1357,Document,2026年H股激励计划,,,,,,,,,,,,,,,,,,,,,,,,,1357,2026年H股激励计划,巨潮资讯网,https://static.cninfo.com.cn/finalpage/2026-06-25/1225386333.PDF,2026-06-25,公告
1358,Document,三一重工股份有限公司2026年第一次职工代表大会决议公告,,,,,,,,,,,,,,,,,,,,,,,,,1358,三一重工股份有限公司2026年第一次职工代表大会决议公告,巨潮资讯网,https://static.cninfo.com.cn/finalpage/2026-06-25/1225385669.PDF,2026-06-25,公告
1359,Document,2025年度权益分派实施公告,,,,,,,,,,,,,,,,,,,,,,,,,1359,2025年度权益分派实施公告,巨潮资讯网,https://static.cninfo.com.cn/finalpage/2026-06-25/1225385294.PDF,2026-06-25,公告
1360,Document,关于控股股东股份解除质押的公告,,,,,,,,,,,,,,,,,,,,,,,,,1360,关于控股股东股份解除质押的公告,巨潮资讯网,https://static.cninfo.com.cn/finalpage/2026-06-24/1225382616.PDF,2026-06-24,公告
1361,Document,长江电力2026年第一次临时股东会决议公告,,,,,,,,,,,,,,,,,,,,,,,,,1361,长江电力2026年第一次临时股东会决议公告,巨潮资讯网,https://static.cninfo.com.cn/finalpage/2026-06-24/1225383773.PDF,2026-06-24,公告
1362,Document,上海东方华银律师事务所关于国电南瑞科技股份有限公司差异化分红之法律意见书,,,,,,,,,,,,,,,,,,,,,,,,,1362,上海东方华银律师事务所关于国电南瑞科技股份有限公司差异化分红之法律意见书,巨潮资讯网,https://static.cninfo.com.cn/finalpage/2026-06-24/1225383662.PDF,2026-06-24,公告
1363,Document,海天味业第六届董事会第十四次会议决议公告,,,,,,,,,,,,,,,,,,,,,,,,,1363,海天味业第六届董事会第十四次会议决议公告,巨潮资讯网,https://static.cninfo.com.cn/finalpage/2026-06-23/1225381899.PDF,2026-06-23,公告
1364,Document,江苏中天科技股份有限公司关于第二期员工持股计划第二个锁定期届满暨解锁条件成就的公告,,,,,,,,,,,,,,,,,,,,,,,,,1364,江苏中天科技股份有限公司关于第二期员工持股计划第二个锁定期届满暨解锁条件成就的公告,巨潮资讯网,https://static.cninfo.com.cn/finalpage/2026-06-23/1225380531.PDF,2026-06-23,公告
1365,Document,通威股份有限公司公开发行A股可转换公司债券受托管理事务报告（2025年度）,,,,,,,,,,,,,,,,,,,,,,,,,1365,通威股份有限公司公开发行A股可转换公司债券受托管理事务报告（2025年度）,巨潮资讯网,https://static.cninfo.com.cn/finalpage/2026-06-23/1225380532.PDF,2026-06-23,公告
1366,Document,H股公告（二零二五年末期股息-股息货币选择表格）,,,,,,,,,,,,,,,,,,,,,,,,,1366,H股公告（二零二五年末期股息-股息货币选择表格）,巨潮资讯网,https://static.cninfo.com.cn/finalpage/2026-06-23/1225381495.PDF,2026-06-23,公告
1367,Document,2025年股票期权激励计划首次授予部分注销股票期权数量及人员名单,,,,,,,,,,,,,,,,,,,,,,,,,1367,2025年股票期权激励计划首次授予部分注销股票期权数量及人员名单,巨潮资讯网,https://static.cninfo.com.cn/finalpage/2026-06-23/1225382006.PDF,2026-06-23,公告
1368,Document,关于回购公司部分社会公众股份（A股）的报告书,,,,,,,,,,,,,,,,,,,,,,,,,1368,关于回购公司部分社会公众股份（A股）的报告书,巨潮资讯网,https://static.cninfo.com.cn/finalpage/2026-06-23/1225381579.PDF,2026-06-23,公告
1369,Document,北京市通商律师事务所关于潍柴动力股份有限公司2025年度股东会的法律意见书,,,,,,,,,,,,,,,,,,,,,,,,,1369,北京市通商律师事务所关于潍柴动力股份有限公司2025年度股东会的法律意见书,巨潮资讯网,https://static.cninfo.com.cn/finalpage/2026-06-23/1225381061.PDF,2026-06-23,公告
1370,Document,福建至理律师事务所关于紫金矿业集团股份有限公司差异化分红事项的法律意见书,,,,,,,,,,,,,,,,,,,,,,,,,1370,福建至理律师事务所关于紫金矿业集团股份有限公司差异化分红事项的法律意见书,巨潮资讯网,https://static.cninfo.com.cn/finalpage/2026-06-22/1225379972.PDF,2026-06-22,公告
1371,Document,贵州茅台2025年年度权益分派实施公告,,,,,,,,,,,,,,,,,,,,,,,,,1371,贵州茅台2025年年度权益分派实施公告,巨潮资讯网,https://static.cninfo.com.cn/finalpage/2026-06-22/1225379934.PDF,2026-06-22,公告
1372,Document,关于公司高级管理人员辞职的公告,,,,,,,,,,,,,,,,,,,,,,,,,1372,关于公司高级管理人员辞职的公告,巨潮资讯网,https://static.cninfo.com.cn/finalpage/2026-06-22/1225378612.PDF,2026-06-22,公告
1373,Document,经营合同公告,,,,,,,,,,,,,,,,,,,,,,,,,1373,经营合同公告,巨潮资讯网,https://static.cninfo.com.cn/finalpage/2026-06-22/1225380002.PDF,2026-06-22,公告
1374,Document,关于2026年A股持股计划管理委员会选聘的公告,,,,,,,,,,,,,,,,,,,,,,,,,1374,关于2026年A股持股计划管理委员会选聘的公告,巨潮资讯网,https://static.cninfo.com.cn/finalpage/2026-06-22/1225379222.PDF,2026-06-22,公告
1375,Document,长城汽车股份有限公司董事会薪酬委员会关于2026年限制性股票激励计划激励对象名单的核查意见及公示情况说明,,,,,,,,,,,,,,,,,,,,,,,,,1375,长城汽车股份有限公司董事会薪酬委员会关于2026年限制性股票激励计划激励对象名单的核查意见及公示情况说明,巨潮资讯网,https://static.cninfo.com.cn/finalpage/2026-06-19/1225378817.PDF,2026-06-19,公告
1376,Document,工商银行H股公告,,,,,,,,,,,,,,,,,,,,,,,,,1376,工商银行H股公告,巨潮资讯网,https://static.cninfo.com.cn/finalpage/2026-06-19/1225378693.PDF,2026-06-19,公告
1377,Document,中国中铁2025年年度股东会会议资料,,,,,,,,,,,,,,,,,,,,,,,,,1377,中国中铁2025年年度股东会会议资料,巨潮资讯网,https://static.cninfo.com.cn/finalpage/2026-06-19/1225378595.PDF,2026-06-19,公告
1379,Document,中信证券股份有限公司关于为间接全资子公司发行欧洲商业票据提供担保及全资子公司为间接子公司发行中期票据提供担保的公告,,,,,,,,,,,,,,,,,,,,,,,,,1379,中信证券股份有限公司关于为间接全资子公司发行欧洲商业票据提供担保及全资子公司为间接子公司发行中期票据提供担保的公告,巨潮资讯网,https://static.cninfo.com.cn/finalpage/2026-06-19/1225378498.PDF,2026-06-19,公告
1380,Document,关于以集中竞价交易方式本轮首次回购A股股份的公告,,,,,,,,,,,,,,,,,,,,,,,,,1380,关于以集中竞价交易方式本轮首次回购A股股份的公告,巨潮资讯网,https://static.cninfo.com.cn/finalpage/2026-06-19/1225377978.PDF,2026-06-19,公告
1381,Document,上海电气关于子公司收购股份暨关联交易的公告,,,,,,,,,,,,,,,,,,,,,,,,,1381,上海电气关于子公司收购股份暨关联交易的公告,巨潮资讯网,https://static.cninfo.com.cn/finalpage/2026-06-18/1225376636.PDF,2026-06-18,公告
1382,Document,中国神华2026年5月份主要运营数据公告,,,,,,,,,,,,,,,,,,,,,,,,,1382,中国神华2026年5月份主要运营数据公告,巨潮资讯网,https://static.cninfo.com.cn/finalpage/2026-06-18/1225376199.PDF,2026-06-18,公告
1383,Document,万华化学关于持股5%以上股东部分股份解除质押公告,,,,,,,,,,,,,,,,,,,,,,,,,1383,万华化学关于持股5%以上股东部分股份解除质押公告,巨潮资讯网,https://static.cninfo.com.cn/finalpage/2026-06-18/1225375139.PDF,2026-06-18,公告
1384,Document,上汽集团2025年年度股东会资料,,,,,,,,,,,,,,,,,,,,,,,,,1384,上汽集团2025年年度股东会资料,巨潮资讯网,https://static.cninfo.com.cn/finalpage/2026-06-18/1225375062.PDF,2026-06-18,公告
1385,Document,特变电工股份有限公司关于参加新疆辖区上市公司2026年投资者网上集体接待日活动的公告,,,,,,,,,,,,,,,,,,,,,,,,,1385,特变电工股份有限公司关于参加新疆辖区上市公司2026年投资者网上集体接待日活动的公告,巨潮资讯网,https://static.cninfo.com.cn/finalpage/2026-06-18/1225375511.PDF,2026-06-18,公告
1386,Document,宝钢股份2025年下半年度权益分派实施公告,,,,,,,,,,,,,,,,,,,,,,,,,1386,宝钢股份2025年下半年度权益分派实施公告,巨潮资讯网,https://static.cninfo.com.cn/finalpage/2026-06-18/1225375479.PDF,2026-06-18,公告
1387,Document,H股公告（变更公司名称）,,,,,,,,,,,,,,,,,,,,,,,,,1387,H股公告（变更公司名称）,巨潮资讯网,https://static.cninfo.com.cn/finalpage/2026-06-18/1225376823.PDF,2026-06-18,公告
1388,Document,公司章程,,,,,,,,,,,,,,,,,,,,,,,,,1388,公司章程,巨潮资讯网,https://static.cninfo.com.cn/finalpage/2026-06-18/1225377020.PDF,2026-06-18,公告
1389,Document,北京市君合（深圳）律师事务所关于公司二〇二五年度股东会的法律意见书,,,,,,,,,,,,,,,,,,,,,,,,,1389,北京市君合（深圳）律师事务所关于公司二〇二五年度股东会的法律意见书,巨潮资讯网,https://static.cninfo.com.cn/finalpage/2026-06-18/1225376574.PDF,2026-06-18,公告
1390,Document,中国建筑2026年第一次临时股东会会议资料,,,,,,,,,,,,,,,,,,,,,,,,,1390,中国建筑2026年第一次临时股东会会议资料,巨潮资讯网,https://static.cninfo.com.cn/finalpage/2026-06-17/1225373364.PDF,2026-06-17,公告
1392,Document,内蒙古伊利实业集团股份有限公司关于为控股子公司提供担保的进展公告,,,,,,,,,,,,,,,,,,,,,,,,,1392,内蒙古伊利实业集团股份有限公司关于为控股子公司提供担保的进展公告,巨潮资讯网,https://static.cninfo.com.cn/finalpage/2026-06-17/1225373317.PDF,2026-06-17,公告
1393,Document,恒瑞医药关于获得药品注册批准的公告,,,,,,,,,,,,,,,,,,,,,,,,,1393,恒瑞医药关于获得药品注册批准的公告,巨潮资讯网,https://static.cninfo.com.cn/finalpage/2026-06-17/1225373923.PDF,2026-06-17,公告
1394,Document,保利发展控股集团股份有限公司关于实施2025年度权益分派时“保利定转”停止转股暨转股价格调整的提示性公告,,,,,,,,,,,,,,,,,,,,,,,,,1394,保利发展控股集团股份有限公司关于实施2025年度权益分派时“保利定转”停止转股暨转股价格调整的提示性公告,巨潮资讯网,https://static.cninfo.com.cn/finalpage/2026-06-17/1225373536.PDF,2026-06-17,公告
1395,Document,招商银行股份有限公司关于无固定期限资本债券发行完毕的公告,,,,,,,,,,,,,,,,,,,,,,,,,1395,招商银行股份有限公司关于无固定期限资本债券发行完毕的公告,巨潮资讯网,https://static.cninfo.com.cn/finalpage/2026-06-17/1225373720.PDF,2026-06-17,公告
1396,Document,宁德时代新能源科技股份有限公司2026年面向专业投资者公开发行科技创新公司债券（第二期）票面利率公告,,,,,,,,,,,,,,,,,,,,,,,,,1396,宁德时代新能源科技股份有限公司2026年面向专业投资者公开发行科技创新公司债券（第二期）票面利率公告,巨潮资讯网,https://static.cninfo.com.cn/finalpage/2026-06-17/1225376442.PDF,2026-06-17,公告
1397,Document,东方财富信息股份有限公司关于子公司东方财富证券股份有限公司2026年面向专业投资者公开发行公司债券（第二期）发行结果的公告,,,,,,,,,,,,,,,,,,,,,,,,,1397,东方财富信息股份有限公司关于子公司东方财富证券股份有限公司2026年面向专业投资者公开发行公司债券（第二期）发行结果的公告,巨潮资讯网,https://static.cninfo.com.cn/finalpage/2026-06-17/1225376814.PDF,2026-06-17,公告
1398,Document,鲁抗医药关于获得药品注册证书及化学原料药上市申请批准通知书的公告,,,,,,,,,,,,,,,,,,,,,,,,,1398,鲁抗医药关于获得药品注册证书及化学原料药上市申请批准通知书的公告,巨潮资讯网,https://static.cninfo.com.cn/finalpage/2026-09-23/1225576312.PDF,2026-09-23,公告
1399,Document,新华医疗关于子公司产品获得三类医疗器械注册证的公告,,,,,,,,,,,,,,,,,,,,,,,,,1399,新华医疗关于子公司产品获得三类医疗器械注册证的公告,巨潮资讯网,https://static.cninfo.com.cn/finalpage/2026-09-23/1225576121.PDF,2026-09-23,公告
1400,Document,关于申报医疗器械注册证获得受理的公告,,,,,,,,,,,,,,,,,,,,,,,,,1400,关于申报医疗器械注册证获得受理的公告,巨潮资讯网,https://static.cninfo.com.cn/finalpage/2026-09-23/1225580234.PDF,2026-09-23,公告
1401,Document,关于全资子公司拟签订采购合同暨关联交易的公告,,,,,,,,,,,,,,,,,,,,,,,,,1401,关于全资子公司拟签订采购合同暨关联交易的公告,巨潮资讯网,https://static.cninfo.com.cn/finalpage/2026-09-23/1225576827.PDF,2026-09-23,公告
1402,Document,关于子公司收到中标通知书的公告,,,,,,,,,,,,,,,,,,,,,,,,,1402,关于子公司收到中标通知书的公告,巨潮资讯网,https://static.cninfo.com.cn/finalpage/2026-09-23/1225578115.PDF,2026-09-23,公告
1403,Document,关于公司签订采购算力服务重大合同的进展公告,,,,,,,,,,,,,,,,,,,,,,,,,1403,关于公司签订采购算力服务重大合同的进展公告,巨潮资讯网,https://static.cninfo.com.cn/finalpage/2026-09-23/1225577675.PDF,2026-09-23,公告
1404,Document,关于子公司重组人源抗呼吸道合胞病毒单克隆抗体注射液组合制剂临床试验申请获得受理的公告,,,,,,,,,,,,,,,,,,,,,,,,,1404,关于子公司重组人源抗呼吸道合胞病毒单克隆抗体注射液组合制剂临床试验申请获得受理的公告,巨潮资讯网,https://static.cninfo.com.cn/finalpage/2026-09-23/1225577743.PDF,2026-09-23,公告
1405,Document,津药药业股份有限公司关于子公司获得药品注册证书的公告,,,,,,,,,,,,,,,,,,,,,,,,,1405,津药药业股份有限公司关于子公司获得药品注册证书的公告,巨潮资讯网,https://static.cninfo.com.cn/finalpage/2026-09-22/1225573808.PDF,2026-09-22,公告
1406,Document,关于公司医疗器械注册证变更的公告,,,,,,,,,,,,,,,,,,,,,,,,,1406,关于公司医疗器械注册证变更的公告,巨潮资讯网,https://static.cninfo.com.cn/finalpage/2026-09-22/1225576099.PDF,2026-09-22,公告
1407,Document,关于联合体中标广西桂西北治旱龙江河谷灌区工程侧岭、德思干线标施工（含引入配套工程股权投资）+运营总承包的公告,,,,,,,,,,,,,,,,,,,,,,,,,1407,关于联合体中标广西桂西北治旱龙江河谷灌区工程侧岭、德思干线标施工（含引入配套工程股权投资）+运营总承包的公告,巨潮资讯网,https://static.cninfo.com.cn/finalpage/2026-09-22/1225573775.PDF,2026-09-22,公告
1408,Document,关于收到中国邮政集团有限公司中标通知书的公告,,,,,,,,,,,,,,,,,,,,,,,,,1408,关于收到中国邮政集团有限公司中标通知书的公告,巨潮资讯网,https://static.cninfo.com.cn/finalpage/2026-09-22/1225574497.PDF,2026-09-22,公告
1409,Document,关于全资子公司获得复方聚乙二醇（3350）电解质口服溶液注册证书的公告,,,,,,,,,,,,,,,,,,,,,,,,,1409,关于全资子公司获得复方聚乙二醇（3350）电解质口服溶液注册证书的公告,巨潮资讯网,https://static.cninfo.com.cn/finalpage/2026-09-21/1225573554.PDF,2026-09-21,公告
1410,Document,关于中国移动2026年至2027年（一年期）智能家庭网关产品集中采购项目进展暨签订框架协议的公告,,,,,,,,,,,,,,,,,,,,,,,,,1410,关于中国移动2026年至2027年（一年期）智能家庭网关产品集中采购项目进展暨签订框架协议的公告,巨潮资讯网,https://static.cninfo.com.cn/finalpage/2026-09-21/1225575460.PDF,2026-09-21,公告
1411,Document,关于公司全资子公司签订重大经营合同的公告,,,,,,,,,,,,,,,,,,,,,,,,,1411,关于公司全资子公司签订重大经营合同的公告,巨潮资讯网,https://static.cninfo.com.cn/finalpage/2026-09-21/1225573543.PDF,2026-09-21,公告
1412,Document,关于获得《药物临床试验批准通知书》的公告,,,,,,,,,,,,,,,,,,,,,,,,,1412,关于获得《药物临床试验批准通知书》的公告,巨潮资讯网,https://static.cninfo.com.cn/finalpage/2026-09-19/1225571164.PDF,2026-09-19,公告
1413,Document,关于获得药品注册证书的公告,,,,,,,,,,,,,,,,,,,,,,,,,1413,关于获得药品注册证书的公告,巨潮资讯网,https://static.cninfo.com.cn/finalpage/2026-09-19/1225571328.PDF,2026-09-19,公告
1414,Document,天邑股份：关于中选《中国移动2026年至2027年（一年期）智能家庭网关产品集中采购项目》进展暨签订框架协议的公告,,,,,,,,,,,,,,,,,,,,,,,,,1414,天邑股份：关于中选《中国移动2026年至2027年（一年期）智能家庭网关产品集中采购项目》进展暨签订框架协议的公告,巨潮资讯网,https://static.cninfo.com.cn/finalpage/2026-09-18/1225572416.PDF,2026-09-18,公告
1415,Document,关于产品获得医疗器械注册证的公告,,,,,,,,,,,,,,,,,,,,,,,,,1415,关于产品获得医疗器械注册证的公告,巨潮资讯网,https://static.cninfo.com.cn/finalpage/2026-09-16/1225566298.PDF,2026-09-16,公告
1416,Document,浙江华海药业股份有限公司关于制剂产品获得境外上市许可的公告,,,,,,,,,,,,,,,,,,,,,,,,,1416,浙江华海药业股份有限公司关于制剂产品获得境外上市许可的公告,巨潮资讯网,https://static.cninfo.com.cn/finalpage/2026-09-15/1225563130.PDF,2026-09-15,公告
1417,Document,浙江海正药业股份有限公司关于子公司获得兽药产品批准文号批件的公告,,,,,,,,,,,,,,,,,,,,,,,,,1417,浙江海正药业股份有限公司关于子公司获得兽药产品批准文号批件的公告,巨潮资讯网,https://static.cninfo.com.cn/finalpage/2026-09-15/1225562581.PDF,2026-09-15,公告
1418,Document,华润双鹤关于全资子公司华润赛科药业有限责任公司依折麦布阿托伐他汀钙片获得药品注册证书的公告,,,,,,,,,,,,,,,,,,,,,,,,,1418,华润双鹤关于全资子公司华润赛科药业有限责任公司依折麦布阿托伐他汀钙片获得药品注册证书的公告,巨潮资讯网,https://static.cninfo.com.cn/finalpage/2026-09-15/1225562589.PDF,2026-09-15,公告
1419,Document,关于拟签订《技术转让合同》暨关联交易的补充公告,,,,,,,,,,,,,,,,,,,,,,,,,1419,关于拟签订《技术转让合同》暨关联交易的补充公告,巨潮资讯网,https://static.cninfo.com.cn/finalpage/2026-09-15/1225562716.PDF,2026-09-15,公告
1420,Document,关于子公司收到中标结果的提示性公告,,,,,,,,,,,,,,,,,,,,,,,,,1420,关于子公司收到中标结果的提示性公告,巨潮资讯网,https://static.cninfo.com.cn/finalpage/2026-09-15/1225564742.PDF,2026-09-15,公告
1421,Document,关于全资子公司收到医疗器械注册申请受理通知书的公告,,,,,,,,,,,,,,,,,,,,,,,,,1421,关于全资子公司收到医疗器械注册申请受理通知书的公告,巨潮资讯网,https://static.cninfo.com.cn/finalpage/2026-09-15/1225563211.PDF,2026-09-15,公告
1422,Document,四川百利天恒药业股份有限公司自愿披露关于注射用T-Bren（HER2 ADC）在HER2阳性乳腺癌新辅助治疗的III期临床试验完成首例受试者入组的公告,,,,,,,,,,,,,,,,,,,,,,,,,1422,四川百利天恒药业股份有限公司自愿披露关于注射用T-Bren（HER2 ADC）在HER2阳性乳腺癌新辅助治疗的III期临床试验完成首例受试者入组的公告,巨潮资讯网,https://static.cninfo.com.cn/finalpage/2026-09-14/1225562026.PDF,2026-09-14,公告
1423,Document,关于获得医疗器械注册证的公告,,,,,,,,,,,,,,,,,,,,,,,,,1423,关于获得医疗器械注册证的公告,巨潮资讯网,https://static.cninfo.com.cn/finalpage/2026-09-14/1225562356.PDF,2026-09-14,公告
1424,Document,复星医药关于控股子公司药品注册申请获受理的公告,,,,,,,,,,,,,,,,,,,,,,,,,1424,复星医药关于控股子公司药品注册申请获受理的公告,巨潮资讯网,https://static.cninfo.com.cn/finalpage/2026-09-12/1225559975.PDF,2026-09-12,公告
1425,Document,关于间苯三酚口崩片获得药品注册证书的公告,,,,,,,,,,,,,,,,,,,,,,,,,1425,关于间苯三酚口崩片获得药品注册证书的公告,巨潮资讯网,https://static.cninfo.com.cn/finalpage/2026-09-12/1225559102.PDF,2026-09-12,公告
1426,Document,国联民生证券承销保荐有限公司关于福建广生堂药业股份有限公司签订《技术转让合同》暨关联交易的核查意见,,,,,,,,,,,,,,,,,,,,,,,,,1426,国联民生证券承销保荐有限公司关于福建广生堂药业股份有限公司签订《技术转让合同》暨关联交易的核查意见,巨潮资讯网,https://static.cninfo.com.cn/finalpage/2026-09-12/1225561537.PDF,2026-09-12,公告
1427,Document,关于拟签订《技术转让合同》暨关联交易的公告,,,,,,,,,,,,,,,,,,,,,,,,,1427,关于拟签订《技术转让合同》暨关联交易的公告,巨潮资讯网,https://static.cninfo.com.cn/finalpage/2026-09-12/1225561536.PDF,2026-09-12,公告
1428,Document,关于全资子公司获得药品注册证书的公告,,,,,,,,,,,,,,,,,,,,,,,,,1428,关于全资子公司获得药品注册证书的公告,巨潮资讯网,https://static.cninfo.com.cn/finalpage/2026-09-11/1225556976.PDF,2026-09-11,公告
1429,Document,关于签订重大合同的进展公告,,,,,,,,,,,,,,,,,,,,,,,,,1429,关于签订重大合同的进展公告,巨潮资讯网,https://static.cninfo.com.cn/finalpage/2026-09-11/1225556900.PDF,2026-09-11,公告
1430,Document,（伦康依隆妥单抗，BL-B01D1/iza-bren）用于不可切除EGFR突变非小细胞肺癌同步放化疗后维持治疗的III期临床试验完成首例受试者入组的公告,,,,,,,,,,,,,,,,,,,,,,,,,1430,（伦康依隆妥单抗，BL-B01D1/iza-bren）用于不可切除EGFR突变非小细胞肺癌同步放化疗后维持治疗的III期临床试验完成首例受试者入组的公告,巨潮资讯网,https://static.cninfo.com.cn/finalpage/2026-09-10/1225555454.PDF,2026-09-10,公告
1431,Document,圣晖集成关于子公司重大项目收到中标结果的公告,,,,,,,,,,,,,,,,,,,,,,,,,1431,圣晖集成关于子公司重大项目收到中标结果的公告,巨潮资讯网,https://static.cninfo.com.cn/finalpage/2026-09-10/1225554900.PDF,2026-09-10,公告
1432,Document,关于控股子公司申报医疗器械注册获得受理的公告,,,,,,,,,,,,,,,,,,,,,,,,,1432,关于控股子公司申报医疗器械注册获得受理的公告,巨潮资讯网,https://static.cninfo.com.cn/finalpage/2026-09-10/1225556698.PDF,2026-09-10,公告
1433,Document,重大合同中标进展公告,,,,,,,,,,,,,,,,,,,,,,,,,1433,重大合同中标进展公告,巨潮资讯网,https://static.cninfo.com.cn/finalpage/2026-09-10/1225556933.PDF,2026-09-10,公告
1434,Document,关于子公司项目中标的公告,,,,,,,,,,,,,,,,,,,,,,,,,1434,关于子公司项目中标的公告,巨潮资讯网,https://static.cninfo.com.cn/finalpage/2026-09-10/1225556502.PDF,2026-09-10,公告
1435,Document,复星医药关于控股子公司药品获临床试验批准的公告,,,,,,,,,,,,,,,,,,,,,,,,,1435,复星医药关于控股子公司药品获临床试验批准的公告,巨潮资讯网,https://static.cninfo.com.cn/finalpage/2026-09-09/1225553375.PDF,2026-09-09,公告
1436,Document,华润双鹤关于复方葡萄糖/电解质颅脑手术冲洗液获得药品注册证书的公告,,,,,,,,,,,,,,,,,,,,,,,,,1436,华润双鹤关于复方葡萄糖/电解质颅脑手术冲洗液获得药品注册证书的公告,巨潮资讯网,https://static.cninfo.com.cn/finalpage/2026-09-09/1225553374.PDF,2026-09-09,公告
1437,Document,关于GZC8072片Ⅰ期临床试验完成首例受试者给药的公告,,,,,,,,,,,,,,,,,,,,,,,,,1437,关于GZC8072片Ⅰ期临床试验完成首例受试者给药的公告,巨潮资讯网,https://static.cninfo.com.cn/finalpage/2026-09-08/1225550565.PDF,2026-09-08,公告
1438,Document,浙江海正药业股份有限公司关于子公司获得新兽药注册证书的公告,,,,,,,,,,,,,,,,,,,,,,,,,1438,浙江海正药业股份有限公司关于子公司获得新兽药注册证书的公告,巨潮资讯网,https://static.cninfo.com.cn/finalpage/2026-09-08/1225550954.PDF,2026-09-08,公告
1439,Document,关于下属公司签订日常经营重大合同的公告,,,,,,,,,,,,,,,,,,,,,,,,,1439,关于下属公司签订日常经营重大合同的公告,巨潮资讯网,https://static.cninfo.com.cn/finalpage/2026-09-07/1225551464.PDF,2026-09-07,公告
1440,Document,关于子公司GenSci133注射液境内生产药品注册临床试验申请获得批准的公告,,,,,,,,,,,,,,,,,,,,,,,,,1440,关于子公司GenSci133注射液境内生产药品注册临床试验申请获得批准的公告,巨潮资讯网,https://static.cninfo.com.cn/finalpage/2026-09-05/1225547797.PDF,2026-09-05,公告
1441,Document,关于获得GZC8072片新适应症《药物临床试验批准通知书》的公告,,,,,,,,,,,,,,,,,,,,,,,,,1441,关于获得GZC8072片新适应症《药物临床试验批准通知书》的公告,巨潮资讯网,https://static.cninfo.com.cn/finalpage/2026-09-04/1225545752.PDF,2026-09-04,公告
1442,Document,关于RFUS-949片进入II期临床试验研究的公告,,,,,,,,,,,,,,,,,,,,,,,,,1442,关于RFUS-949片进入II期临床试验研究的公告,巨潮资讯网,https://static.cninfo.com.cn/finalpage/2026-09-04/1225545671.PDF,2026-09-04,公告
1443,Document,重大合同预中标提示性公告,,,,,,,,,,,,,,,,,,,,,,,,,1443,重大合同预中标提示性公告,巨潮资讯网,https://static.cninfo.com.cn/finalpage/2026-09-04/1225547712.PDF,2026-09-04,公告
1445,Document,东宏股份关于项目中标的公告,,,,,,,,,,,,,,,,,,,,,,,,,1445,东宏股份关于项目中标的公告,巨潮资讯网,https://static.cninfo.com.cn/finalpage/2026-09-03/1225544172.PDF,2026-09-03,公告
1446,Document,新华医疗关于公司产品获得三类和二类医疗器械注册证的公告,,,,,,,,,,,,,,,,,,,,,,,,,1446,新华医疗关于公司产品获得三类和二类医疗器械注册证的公告,巨潮资讯网,https://static.cninfo.com.cn/finalpage/2026-09-03/1225543196.PDF,2026-09-03,公告
1447,Document,关于中标项目废标的公告,,,,,,,,,,,,,,,,,,,,,,,,,1447,关于中标项目废标的公告,巨潮资讯网,https://static.cninfo.com.cn/finalpage/2026-09-03/1225545670.PDF,2026-09-03,公告
1448,Document,关于全资子公司获得盐酸舍曲林口服溶液注册证书的公告,,,,,,,,,,,,,,,,,,,,,,,,,1448,关于全资子公司获得盐酸舍曲林口服溶液注册证书的公告,巨潮资讯网,https://static.cninfo.com.cn/finalpage/2026-09-03/1225545496.PDF,2026-09-03,公告
1449,Document,关于子公司药品上市许可申请获受理的提示性公告,,,,,,,,,,,,,,,,,,,,,,,,,1449,关于子公司药品上市许可申请获受理的提示性公告,巨潮资讯网,https://static.cninfo.com.cn/finalpage/2026-09-01/1225535860.PDF,2026-09-01,公告
1450,Document,华润双鹤关于控股子公司华润双鹤湘中药业(湖南)有限公司奥卡西平片获得药品注册证书的公告,,,,,,,,,,,,,,,,,,,,,,,,,1450,华润双鹤关于控股子公司华润双鹤湘中药业(湖南)有限公司奥卡西平片获得药品注册证书的公告,巨潮资讯网,https://static.cninfo.com.cn/finalpage/2026-09-01/1225537137.PDF,2026-09-01,公告
1451,Document,关于收到中标通知书的公告,,,,,,,,,,,,,,,,,,,,,,,,,1451,关于收到中标通知书的公告,巨潮资讯网,https://static.cninfo.com.cn/finalpage/2026-09-01/1225542138.PDF,2026-09-01,公告
1452,Document,关于医疗器械注册证完成延续注册的公告,,,,,,,,,,,,,,,,,,,,,,,,,1452,关于医疗器械注册证完成延续注册的公告,巨潮资讯网,https://static.cninfo.com.cn/finalpage/2026-09-01/1225542518.PDF,2026-09-01,公告
1453,Document,关于子公司GenSci161注射液境内生产药品注册临床试验申请获得受理的公告,,,,,,,,,,,,,,,,,,,,,,,,,1453,关于子公司GenSci161注射液境内生产药品注册临床试验申请获得受理的公告,巨潮资讯网,https://static.cninfo.com.cn/finalpage/2026-09-01/1225538099.PDF,2026-09-01,公告
1454,Document,国金证券股份有限公司关于北京九州一轨环境科技股份有限公司签订金刚石芯片基板建设项目（一期）变配电工程合同暨关联交易的核查意见,,,,,,,,,,,,,,,,,,,,,,,,,1454,国金证券股份有限公司关于北京九州一轨环境科技股份有限公司签订金刚石芯片基板建设项目（一期）变配电工程合同暨关联交易的核查意见,巨潮资讯网,https://static.cninfo.com.cn/finalpage/2026-08-31/1225534363.PDF,2026-08-31,公告
1455,Document,北京九州一轨环境科技股份有限公司关于签订金刚石芯片基板建设项目（一期）变配电工程合同暨关联交易的公告,,,,,,,,,,,,,,,,,,,,,,,,,1455,北京九州一轨环境科技股份有限公司关于签订金刚石芯片基板建设项目（一期）变配电工程合同暨关联交易的公告,巨潮资讯网,https://static.cninfo.com.cn/finalpage/2026-08-31/1225534325.PDF,2026-08-31,公告
1456,Document,签署重大合同的法律意见,,,,,,,,,,,,,,,,,,,,,,,,,1456,签署重大合同的法律意见,巨潮资讯网,https://static.cninfo.com.cn/finalpage/2026-08-31/1225537432.PDF,2026-08-31,公告
1457,Document,关于控股子公司SYH2092注射液启动I期临床试验的公告,,,,,,,,,,,,,,,,,,,,,,,,,1457,关于控股子公司SYH2092注射液启动I期临床试验的公告,巨潮资讯网,https://static.cninfo.com.cn/finalpage/2026-08-31/1225536067.PDF,2026-08-31,公告
1458,Document,关于控股子公司取得医疗器械注册证的公告,,,,,,,,,,,,,,,,,,,,,,,,,1458,关于控股子公司取得医疗器械注册证的公告,巨潮资讯网,https://static.cninfo.com.cn/finalpage/2026-08-31/1225537798.PDF,2026-08-31,公告
1459,Document,关于控股子公司中标关联方项目暨关联交易的公告,,,,,,,,,,,,,,,,,,,,,,,,,1459,关于控股子公司中标关联方项目暨关联交易的公告,巨潮资讯网,https://static.cninfo.com.cn/finalpage/2026-08-31/1225537856.PDF,2026-08-31,公告
1460,Document,浙江华海药业股份有限公司关于获得药品注册证书的公告,,,,,,,,,,,,,,,,,,,,,,,,,1460,浙江华海药业股份有限公司关于获得药品注册证书的公告,巨潮资讯网,https://static.cninfo.com.cn/finalpage/2026-08-29/1225526009.PDF,2026-08-29,公告
1461,Document,关于全资子公司获得化学原料药上市申请批准通知书的公告,,,,,,,,,,,,,,,,,,,,,,,,,1461,关于全资子公司获得化学原料药上市申请批准通知书的公告,巨潮资讯网,https://static.cninfo.com.cn/finalpage/2026-08-28/1225516224.PDF,2026-08-28,公告
1462,Document,关于公司控股子公司近期签订货物买卖合同的公告,,,,,,,,,,,,,,,,,,,,,,,,,1462,关于公司控股子公司近期签订货物买卖合同的公告,巨潮资讯网,https://static.cninfo.com.cn/finalpage/2026-08-28/1225520452.PDF,2026-08-28,公告
1463,Document,关于项目中标结果公示并收到中标通知书的公告,,,,,,,,,,,,,,,,,,,,,,,,,1463,关于项目中标结果公示并收到中标通知书的公告,巨潮资讯网,https://static.cninfo.com.cn/finalpage/2026-08-28/1225524631.PDF,2026-08-28,公告
1464,Document,关于控股子公司SYH2092注射液获得药物临床试验批准通知书的公告,,,,,,,,,,,,,,,,,,,,,,,,,1464,关于控股子公司SYH2092注射液获得药物临床试验批准通知书的公告,巨潮资讯网,https://static.cninfo.com.cn/finalpage/2026-08-27/1225517880.PDF,2026-08-27,公告
1465,Document,关于公司控股子公司近期收到中标通知书的公告,,,,,,,,,,,,,,,,,,,,,,,,,1465,关于公司控股子公司近期收到中标通知书的公告,巨潮资讯网,https://static.cninfo.com.cn/finalpage/2026-08-27/1225511681.PDF,2026-08-27,公告
1466,Document,（伦康依隆妥单抗，BL-B01D1/iza-bren）用于局部晚期、复发或转移性HR+HER2-乳腺癌的III期临床试验的期中分析达到主要终点的公告,,,,,,,,,,,,,,,,,,,,,,,,,1466,（伦康依隆妥单抗，BL-B01D1/iza-bren）用于局部晚期、复发或转移性HR+HER2-乳腺癌的III期临床试验的期中分析达到主要终点的公告,巨潮资讯网,https://static.cninfo.com.cn/finalpage/2026-08-26/1225504968.PDF,2026-08-26,公告
1467,Document,关于调整日常经营重大合同自愿性披露标准的公告,,,,,,,,,,,,,,,,,,,,,,,,,1467,关于调整日常经营重大合同自愿性披露标准的公告,巨潮资讯网,https://static.cninfo.com.cn/finalpage/2026-08-26/1225507375.PDF,2026-08-26,公告
1468,Document,关于公司为第一中标候选人公示的提示性公告,,,,,,,,,,,,,,,,,,,,,,,,,1468,关于公司为第一中标候选人公示的提示性公告,巨潮资讯网,https://static.cninfo.com.cn/finalpage/2026-08-26/1225514547.PDF,2026-08-26,公告
1469,Document,中信证券股份有限公司关于内蒙古电投能源股份有限公司与国家电投香港财资管理有限公司签订《金融服务框架协议》暨关联交易的核查意见,,,,,,,,,,,,,,,,,,,,,,,,,1469,中信证券股份有限公司关于内蒙古电投能源股份有限公司与国家电投香港财资管理有限公司签订《金融服务框架协议》暨关联交易的核查意见,巨潮资讯网,https://static.cninfo.com.cn/finalpage/2026-08-26/1225504333.PDF,2026-08-26,公告
1470,Document,《金融服务框架协议》,,,,,,,,,,,,,,,,,,,,,,,,,1470,《金融服务框架协议》,巨潮资讯网,https://static.cninfo.com.cn/finalpage/2026-08-26/1225504331.PDF,2026-08-26,公告
1471,Document,内蒙古电投能源股份有限公司关于拟与国家电投香港财资管理有限公司签订《金融服务框架协议》暨关联交易公告,,,,,,,,,,,,,,,,,,,,,,,,,1471,内蒙古电投能源股份有限公司关于拟与国家电投香港财资管理有限公司签订《金融服务框架协议》暨关联交易公告,巨潮资讯网,https://static.cninfo.com.cn/finalpage/2026-08-26/1225504329.PDF,2026-08-26,公告
1472,Document,关于全资子公司获得医疗器械注册证的公告,,,,,,,,,,,,,,,,,,,,,,,,,1472,关于全资子公司获得医疗器械注册证的公告,巨潮资讯网,https://static.cninfo.com.cn/finalpage/2026-08-26/1225506995.PDF,2026-08-26,公告
1473,Document,关于全资子公司获得药物临床试验批准通知书的公告,,,,,,,,,,,,,,,,,,,,,,,,,1473,关于全资子公司获得药物临床试验批准通知书的公告,巨潮资讯网,https://static.cninfo.com.cn/finalpage/2026-08-26/1225506994.PDF,2026-08-26,公告
1474,Document,东宏股份关于项目预中标公示的提示性公告,,,,,,,,,,,,,,,,,,,,,,,,,1474,东宏股份关于项目预中标公示的提示性公告,巨潮资讯网,https://static.cninfo.com.cn/finalpage/2026-08-25/1225498929.PDF,2026-08-25,公告
1475,Document,关于签订合作框架协议暨关联交易预计的公告,,,,,,,,,,,,,,,,,,,,,,,,,1475,关于签订合作框架协议暨关联交易预计的公告,巨潮资讯网,https://static.cninfo.com.cn/finalpage/2026-08-25/1225496580.PDF,2026-08-25,公告
1476,Document,北京福元医药股份有限公司关于甲磺酸溴隐亭片获得药品注册证书的公告,,,,,,,,,,,,,,,,,,,,,,,,,1476,北京福元医药股份有限公司关于甲磺酸溴隐亭片获得药品注册证书的公告,巨潮资讯网,https://static.cninfo.com.cn/finalpage/2026-08-22/1225488583.PDF,2026-08-22,公告
1477,Document,关于咪达唑仑注射液获得英国药品和健康产品监管局（MHRA）上市许可的公告,,,,,,,,,,,,,,,,,,,,,,,,,1477,关于咪达唑仑注射液获得英国药品和健康产品监管局（MHRA）上市许可的公告,巨潮资讯网,https://static.cninfo.com.cn/finalpage/2026-08-21/1225484324.PDF,2026-08-21,公告
1478,Document,关于全资子公司创新药APH03867片获得临床试验批准通知书的公告,,,,,,,,,,,,,,,,,,,,,,,,,1478,关于全资子公司创新药APH03867片获得临床试验批准通知书的公告,巨潮资讯网,https://static.cninfo.com.cn/finalpage/2026-08-21/1225488085.PDF,2026-08-21,公告
1479,Document,鲁抗医药关于控股子公司获得克立硼罗软膏补充申请批准通知书暨成为药品上市许可持有人的公告,,,,,,,,,,,,,,,,,,,,,,,,,1479,鲁抗医药关于控股子公司获得克立硼罗软膏补充申请批准通知书暨成为药品上市许可持有人的公告,巨潮资讯网,https://static.cninfo.com.cn/finalpage/2026-08-20/1225481684.PDF,2026-08-20,公告
1480,Document,华润双鹤关于盐酸利多卡因凝胶获得药品注册证书的公告,,,,,,,,,,,,,,,,,,,,,,,,,1480,华润双鹤关于盐酸利多卡因凝胶获得药品注册证书的公告,巨潮资讯网,https://static.cninfo.com.cn/finalpage/2026-08-19/1225480292.PDF,2026-08-19,公告
1481,Document,关于项目中标的提示性公告,,,,,,,,,,,,,,,,,,,,,,,,,1481,关于项目中标的提示性公告,巨潮资讯网,https://static.cninfo.com.cn/finalpage/2026-08-19/1225482484.PDF,2026-08-19,公告
1482,Document,关于签订日常经营重大销售合同暨收到中标通知书的进展公告,,,,,,,,,,,,,,,,,,,,,,,,,1482,关于签订日常经营重大销售合同暨收到中标通知书的进展公告,巨潮资讯网,https://static.cninfo.com.cn/finalpage/2026-08-19/1225483521.PDF,2026-08-19,公告
1483,Document,关于控股子公司SYS6090启动Ib/II期临床试验的公告,,,,,,,,,,,,,,,,,,,,,,,,,1483,关于控股子公司SYS6090启动Ib/II期临床试验的公告,巨潮资讯网,https://static.cninfo.com.cn/finalpage/2026-08-19/1225481238.PDF,2026-08-19,公告
1484,Document,关于签订日常经营重大合同的公告,,,,,,,,,,,,,,,,,,,,,,,,,1484,关于签订日常经营重大合同的公告,巨潮资讯网,https://static.cninfo.com.cn/finalpage/2026-08-19/1225482421.PDF,2026-08-19,公告
1485,Document,关于项目中标的公告,,,,,,,,,,,,,,,,,,,,,,,,,1485,关于项目中标的公告,巨潮资讯网,https://static.cninfo.com.cn/finalpage/2026-08-19/1225479261.PDF,2026-08-19,公告
1486,Document,三星电气关于子公司经营合同预中标的提示性公告,,,,,,,,,,,,,,,,,,,,,,,,,1486,三星电气关于子公司经营合同预中标的提示性公告,巨潮资讯网,https://static.cninfo.com.cn/finalpage/2026-08-18/1225476370.PDF,2026-08-18,公告
1487,Document,津药药业股份有限公司关于子公司小儿复方氨基酸注射液（18AA-I）获得缅甸卫生部药品注册证书的公告,,,,,,,,,,,,,,,,,,,,,,,,,1487,津药药业股份有限公司关于子公司小儿复方氨基酸注射液（18AA-I）获得缅甸卫生部药品注册证书的公告,巨潮资讯网,https://static.cninfo.com.cn/finalpage/2026-08-18/1225476243.PDF,2026-08-18,公告
1488,Document,关于全资子公司创新药APH04935片获得临床试验批准通知书的公告,,,,,,,,,,,,,,,,,,,,,,,,,1488,关于全资子公司创新药APH04935片获得临床试验批准通知书的公告,巨潮资讯网,https://static.cninfo.com.cn/finalpage/2026-08-18/1225477316.PDF,2026-08-18,公告
1489,Document,复星医药关于控股子公司药品临床试验进展的公告,,,,,,,,,,,,,,,,,,,,,,,,,1489,复星医药关于控股子公司药品临床试验进展的公告,巨潮资讯网,https://static.cninfo.com.cn/finalpage/2026-08-14/1225471298.PDF,2026-08-14,公告
1490,Document,关于变更医疗器械注册证获得受理的公告,,,,,,,,,,,,,,,,,,,,,,,,,1490,关于变更医疗器械注册证获得受理的公告,巨潮资讯网,https://static.cninfo.com.cn/finalpage/2026-08-12/1225470524.PDF,2026-08-12,公告
1491,Document,关于收到中国邮政速递物流股份有限公司中标通知书的公告,,,,,,,,,,,,,,,,,,,,,,,,,1491,关于收到中国邮政速递物流股份有限公司中标通知书的公告,巨潮资讯网,https://static.cninfo.com.cn/finalpage/2026-08-12/1225467682.PDF,2026-08-12,公告
1492,Document,南海22/05合同区重大合同进展公告,,,,,,,,,,,,,,,,,,,,,,,,,1492,南海22/05合同区重大合同进展公告,巨潮资讯网,https://static.cninfo.com.cn/finalpage/2026-08-11/1225468713.PDF,2026-08-11,公告
1493,Document,关于签订重大合同的公告,,,,,,,,,,,,,,,,,,,,,,,,,1493,关于签订重大合同的公告,巨潮资讯网,https://static.cninfo.com.cn/finalpage/2026-08-11/1225467465.PDF,2026-08-11,公告
1494,Document,关于全资子公司签订工程总承包合同的进展公告,,,,,,,,,,,,,,,,,,,,,,,,,1494,关于全资子公司签订工程总承包合同的进展公告,巨潮资讯网,https://static.cninfo.com.cn/finalpage/2026-08-11/1225465435.PDF,2026-08-11,公告
1495,Document,关于子公司GenSci148注射液境内生产药品注册临床试验申请获得批准的公告,,,,,,,,,,,,,,,,,,,,,,,,,1495,关于子公司GenSci148注射液境内生产药品注册临床试验申请获得批准的公告,巨潮资讯网,https://static.cninfo.com.cn/finalpage/2026-08-11/1225466298.PDF,2026-08-11,公告
1496,Document,北京福元医药股份有限公司关于布瑞哌唑口崩片获得药品注册证书的公告,,,,,,,,,,,,,,,,,,,,,,,,,1496,北京福元医药股份有限公司关于布瑞哌唑口崩片获得药品注册证书的公告,巨潮资讯网,https://static.cninfo.com.cn/finalpage/2026-08-08/1225464351.PDF,2026-08-08,公告
1497,Document,北京福元医药股份有限公司关于洛索洛芬钠贴剂获得药品注册证书的公告,,,,,,,,,,,,,,,,,,,,,,,,,1497,北京福元医药股份有限公司关于洛索洛芬钠贴剂获得药品注册证书的公告,巨潮资讯网,https://static.cninfo.com.cn/finalpage/2026-08-08/1225464327.PDF,2026-08-08,公告
1498,Document,鲁抗医药关于获得药品注册证书的公告,,,,,,,,,,,,,,,,,,,,,,,,,1498,鲁抗医药关于获得药品注册证书的公告,巨潮资讯网,https://static.cninfo.com.cn/finalpage/2026-08-08/1225464578.PDF,2026-08-08,公告
1499,Document,鲁抗医药关于控股子公司获得硫酸阿米卡星注射液补充申请批准通知书的公告,,,,,,,,,,,,,,,,,,,,,,,,,1499,鲁抗医药关于控股子公司获得硫酸阿米卡星注射液补充申请批准通知书的公告,巨潮资讯网,https://static.cninfo.com.cn/finalpage/2026-08-08/1225463770.PDF,2026-08-08,公告
1500,Document,东宏股份关于中标项目签订合同的进展公告,,,,,,,,,,,,,,,,,,,,,,,,,1500,东宏股份关于中标项目签订合同的进展公告,巨潮资讯网,https://static.cninfo.com.cn/finalpage/2026-08-07/1225462071.PDF,2026-08-07,公告
1501,Document,华润双鹤关于全资子公司华润双鹤利民药业(济南)有限公司普瑞巴林缓释片完成Ⅲ期临床试验的公告,,,,,,,,,,,,,,,,,,,,,,,,,1501,华润双鹤关于全资子公司华润双鹤利民药业(济南)有限公司普瑞巴林缓释片完成Ⅲ期临床试验的公告,巨潮资讯网,https://static.cninfo.com.cn/finalpage/2026-08-07/1225461641.PDF,2026-08-07,公告
1502,Document,天邑股份：关于成交《中国电信家庭FTTR产品（2026年-2027年）集中采购项目》进展暨签订框架协议的公告,,,,,,,,,,,,,,,,,,,,,,,,,1502,天邑股份：关于成交《中国电信家庭FTTR产品（2026年-2027年）集中采购项目》进展暨签订框架协议的公告,巨潮资讯网,https://static.cninfo.com.cn/finalpage/2026-08-07/1225464281.PDF,2026-08-07,公告
1503,Document,渤海09/17重大合同进展公告,,,,,,,,,,,,,,,,,,,,,,,,,1503,渤海09/17重大合同进展公告,巨潮资讯网,https://static.cninfo.com.cn/finalpage/2026-08-06/1225460418.PDF,2026-08-06,公告
1504,Document,关于全资孙公司获得化学原料药上市申请批准通知书的公告,,,,,,,,,,,,,,,,,,,,,,,,,1504,关于全资孙公司获得化学原料药上市申请批准通知书的公告,巨潮资讯网,https://static.cninfo.com.cn/finalpage/2026-08-05/1225456807.PDF,2026-08-05,公告
1505,Document,关于取得医疗器械变更注册（备案）文件及申报医疗器械注册获得受理的公告,,,,,,,,,,,,,,,,,,,,,,,,,1505,关于取得医疗器械变更注册（备案）文件及申报医疗器械注册获得受理的公告,巨潮资讯网,https://static.cninfo.com.cn/finalpage/2026-08-05/1225460349.PDF,2026-08-05,公告
1506,Document,湖南麓骏律师事务所关于行云科技股份有限公司全资子公司签署重大合同之补充协议的法律意见书,,,,,,,,,,,,,,,,,,,,,,,,,1506,湖南麓骏律师事务所关于行云科技股份有限公司全资子公司签署重大合同之补充协议的法律意见书,巨潮资讯网,https://static.cninfo.com.cn/finalpage/2026-08-05/1225458174.PDF,2026-08-05,公告
1507,Document,关于项目预中标的提示性公告,,,,,,,,,,,,,,,,,,,,,,,,,1507,关于项目预中标的提示性公告,巨潮资讯网,https://static.cninfo.com.cn/finalpage/2026-08-03/1225453358.PDF,2026-08-03,公告
1508,Document,关于公司控股子公司收到中标通知书的公告,,,,,,,,,,,,,,,,,,,,,,,,,1508,关于公司控股子公司收到中标通知书的公告,巨潮资讯网,https://static.cninfo.com.cn/finalpage/2026-08-03/1225452791.PDF,2026-08-03,公告
1509,Document,关于签订船舶建造日常经营重大合同的公告,,,,,,,,,,,,,,,,,,,,,,,,,1509,关于签订船舶建造日常经营重大合同的公告,巨潮资讯网,https://static.cninfo.com.cn/finalpage/2026-08-01/1225450163.PDF,2026-08-01,公告
1510,Document,四川百利天恒药业股份有限公司自愿披露关于注射用BL-B01D1（皮下注射）治疗晚期实体瘤获得药物临床试验批准通知书的公告,,,,,,,,,,,,,,,,,,,,,,,,,1510,四川百利天恒药业股份有限公司自愿披露关于注射用BL-B01D1（皮下注射）治疗晚期实体瘤获得药物临床试验批准通知书的公告,巨潮资讯网,https://static.cninfo.com.cn/finalpage/2026-07-31/1225449080.PDF,2026-07-31,公告
1511,Document,关于控股子公司签署《药品上市许可转让合同》的进展公告,,,,,,,,,,,,,,,,,,,,,,,,,1511,关于控股子公司签署《药品上市许可转让合同》的进展公告,巨潮资讯网,https://static.cninfo.com.cn/finalpage/2026-07-31/1225448508.PDF,2026-07-31,公告
1512,Document,关于控股子公司SYS6041启动Ⅱ期临床试验的公告,,,,,,,,,,,,,,,,,,,,,,,,,1512,关于控股子公司SYS6041启动Ⅱ期临床试验的公告,巨潮资讯网,https://static.cninfo.com.cn/finalpage/2026-07-31/1225450143.PDF,2026-07-31,公告
1513,Document,关于收到中国工商银行股份有限公司中标通知书的公告,,,,,,,,,,,,,,,,,,,,,,,,,1513,关于收到中国工商银行股份有限公司中标通知书的公告,巨潮资讯网,https://static.cninfo.com.cn/finalpage/2026-07-31/1225447653.PDF,2026-07-31,公告
1514,Document,浙江华海药业股份有限公司关于子公司获得药品注册批准的公告,,,,,,,,,,,,,,,,,,,,,,,,,1514,浙江华海药业股份有限公司关于子公司获得药品注册批准的公告,巨潮资讯网,https://static.cninfo.com.cn/finalpage/2026-07-30/1225447132.PDF,2026-07-30,公告
1515,Document,圣晖集成关于重大项目收到中标结果的公告,,,,,,,,,,,,,,,,,,,,,,,,,1515,圣晖集成关于重大项目收到中标结果的公告,巨潮资讯网,https://static.cninfo.com.cn/finalpage/2026-07-29/1225445056.PDF,2026-07-29,公告
1516,Document,北京福元医药股份有限公司关于子公司获得药品补充申请批准通知书的公告,,,,,,,,,,,,,,,,,,,,,,,,,1516,北京福元医药股份有限公司关于子公司获得药品补充申请批准通知书的公告,巨潮资讯网,https://static.cninfo.com.cn/finalpage/2026-07-29/1225444184.PDF,2026-07-29,公告
1517,Document,浙江华海药业股份有限公司关于下属子公司获得药物临床试验许可的公告,,,,,,,,,,,,,,,,,,,,,,,,,1517,浙江华海药业股份有限公司关于下属子公司获得药物临床试验许可的公告,巨潮资讯网,https://static.cninfo.com.cn/finalpage/2026-07-25/1225440808.PDF,2026-07-25,公告
1518,Document,浙江海正药业股份有限公司关于全资子公司制剂产品磷酸氟达拉滨注射液获得美国FDA批准的公告,,,,,,,,,,,,,,,,,,,,,,,,,1518,浙江海正药业股份有限公司关于全资子公司制剂产品磷酸氟达拉滨注射液获得美国FDA批准的公告,巨潮资讯网,https://static.cninfo.com.cn/finalpage/2026-07-25/1225440259.PDF,2026-07-25,公告
1519,Document,关于酒石酸长春瑞滨软胶囊获得药品注册证书的公告,,,,,,,,,,,,,,,,,,,,,,,,,1519,关于酒石酸长春瑞滨软胶囊获得药品注册证书的公告,巨潮资讯网,https://static.cninfo.com.cn/finalpage/2026-07-25/1225440069.PDF,2026-07-25,公告
1520,Document,东宏股份关于收到中标通知书的公告,,,,,,,,,,,,,,,,,,,,,,,,,1520,东宏股份关于收到中标通知书的公告,巨潮资讯网,https://static.cninfo.com.cn/finalpage/2026-07-24/1225439231.PDF,2026-07-24,公告
1521,Document,关于全资子公司获得苯溴马隆片注册证书的公告,,,,,,,,,,,,,,,,,,,,,,,,,1521,关于全资子公司获得苯溴马隆片注册证书的公告,巨潮资讯网,https://static.cninfo.com.cn/finalpage/2026-07-24/1225438146.PDF,2026-07-24,公告
1522,Document,关于子公司注射用GenSci136境内生产药品注册临床试验申请获得受理的公告,,,,,,,,,,,,,,,,,,,,,,,,,1522,关于子公司注射用GenSci136境内生产药品注册临床试验申请获得受理的公告,巨潮资讯网,https://static.cninfo.com.cn/finalpage/2026-07-24/1225438204.PDF,2026-07-24,公告
1523,Document,关于项目中标公告的更正公告,,,,,,,,,,,,,,,,,,,,,,,,,1523,关于项目中标公告的更正公告,巨潮资讯网,https://static.cninfo.com.cn/finalpage/2026-07-23/1225438107.PDF,2026-07-23,公告
1524,Document,关于项目中标的公告（更正后),,,,,,,,,,,,,,,,,,,,,,,,,1524,关于项目中标的公告（更正后),巨潮资讯网,https://static.cninfo.com.cn/finalpage/2026-07-23/1225438106.PDF,2026-07-23,公告
1525,Document,中标候选人公示的提示性公告,,,,,,,,,,,,,,,,,,,,,,,,,1525,中标候选人公示的提示性公告,巨潮资讯网,https://static.cninfo.com.cn/finalpage/2026-07-22/1225437111.PDF,2026-07-22,公告
1526,Document,关于签订船舶建造合同的自愿性公告,,,,,,,,,,,,,,,,,,,,,,,,,1526,关于签订船舶建造合同的自愿性公告,巨潮资讯网,https://static.cninfo.com.cn/finalpage/2026-07-22/1225435290.PDF,2026-07-22,公告
1527,Document,关于中标项目的公告,,,,,,,,,,,,,,,,,,,,,,,,,1527,关于中标项目的公告,巨潮资讯网,https://static.cninfo.com.cn/finalpage/2026-07-22/1225434500.PDF,2026-07-22,公告
1528,Document,关于控股子公司完成医疗器械注册证变更的公告,,,,,,,,,,,,,,,,,,,,,,,,,1528,关于控股子公司完成医疗器械注册证变更的公告,巨潮资讯网,https://static.cninfo.com.cn/finalpage/2026-07-21/1225435602.PDF,2026-07-21,公告
1529,Document,关于公司签订采购算力服务重大合同及框架协议的公告,,,,,,,,,,,,,,,,,,,,,,,,,1529,关于公司签订采购算力服务重大合同及框架协议的公告,巨潮资讯网,https://static.cninfo.com.cn/finalpage/2026-07-21/1225433899.PDF,2026-07-21,公告
1530,Document,四川百利天恒药业股份有限公司自愿披露关于伦康依隆妥单抗/宜泽康（BL-B01D1/iza-bren）食管癌适应症上市申请获得批准的公告,,,,,,,,,,,,,,,,,,,,,,,,,1530,四川百利天恒药业股份有限公司自愿披露关于伦康依隆妥单抗/宜泽康（BL-B01D1/iza-bren）食管癌适应症上市申请获得批准的公告,巨潮资讯网,https://static.cninfo.com.cn/finalpage/2026-07-17/1225428812.PDF,2026-07-17,公告
1531,Document,关于子公司注销医疗器械注册证的公告,,,,,,,,,,,,,,,,,,,,,,,,,1531,关于子公司注销医疗器械注册证的公告,巨潮资讯网,https://static.cninfo.com.cn/finalpage/2026-07-17/1225429883.PDF,2026-07-17,公告
1532,Document,关于完成医疗器械注册证变更的公告,,,,,,,,,,,,,,,,,,,,,,,,,1532,关于完成医疗器械注册证变更的公告,巨潮资讯网,https://static.cninfo.com.cn/finalpage/2026-07-17/1225429243.PDF,2026-07-17,公告
1533,Document,天邑股份：关于成交《中国电信天翼智屏产品（2026年）集中采购项目》进展暨签订框架协议的公告,,,,,,,,,,,,,,,,,,,,,,,,,1533,天邑股份：关于成交《中国电信天翼智屏产品（2026年）集中采购项目》进展暨签订框架协议的公告,巨潮资讯网,https://static.cninfo.com.cn/finalpage/2026-07-17/1225429717.PDF,2026-07-17,公告
1534,Document,关于控股子公司SYS6043启动Ⅲ期临床试验的公告,,,,,,,,,,,,,,,,,,,,,,,,,1534,关于控股子公司SYS6043启动Ⅲ期临床试验的公告,巨潮资讯网,https://static.cninfo.com.cn/finalpage/2026-07-16/1225427696.PDF,2026-07-16,公告
1535,Document,新华医疗关于公司产品获得二类医疗器械注册证的公告,,,,,,,,,,,,,,,,,,,,,,,,,1535,新华医疗关于公司产品获得二类医疗器械注册证的公告,巨潮资讯网,https://static.cninfo.com.cn/finalpage/2026-07-15/1225422851.PDF,2026-07-15,公告
1536,Document,南海2205合同区重大合同进展公告,,,,,,,,,,,,,,,,,,,,,,,,,1536,南海2205合同区重大合同进展公告,巨潮资讯网,https://static.cninfo.com.cn/finalpage/2026-07-15/1225426283.PDF,2026-07-15,公告
1537,Document,关于公司与关联方签订最高额借款合同的公告,,,,,,,,,,,,,,,,,,,,,,,,,1537,关于公司与关联方签订最高额借款合同的公告,巨潮资讯网,https://static.cninfo.com.cn/finalpage/2026-07-15/1225424754.PDF,2026-07-15,公告
1538,Document,浙江海正药业股份有限公司关于获得药品注册证书的公告,,,,,,,,,,,,,,,,,,,,,,,,,1538,浙江海正药业股份有限公司关于获得药品注册证书的公告,巨潮资讯网,https://static.cninfo.com.cn/finalpage/2026-07-14/1225420918.PDF,2026-07-14,公告
1539,Document,关于公司签订重大合同暨关联交易的公告,,,,,,,,,,,,,,,,,,,,,,,,,1539,关于公司签订重大合同暨关联交易的公告,巨潮资讯网,https://static.cninfo.com.cn/finalpage/2026-07-14/1225422159.PDF,2026-07-14,公告
1540,Document,关于智慧城市业务中标项目的公告,,,,,,,,,,,,,,,,,,,,,,,,,1540,关于智慧城市业务中标项目的公告,巨潮资讯网,https://static.cninfo.com.cn/finalpage/2026-07-14/1225421532.PDF,2026-07-14,公告
1541,Document,关于控股子公司获得药物临床试验批准通知书的公告,,,,,,,,,,,,,,,,,,,,,,,,,1541,关于控股子公司获得药物临床试验批准通知书的公告,巨潮资讯网,https://static.cninfo.com.cn/finalpage/2026-07-14/1225421761.PDF,2026-07-14,公告
1542,Document,关于获得医疗器械注册证及变更的公告,,,,,,,,,,,,,,,,,,,,,,,,,1542,关于获得医疗器械注册证及变更的公告,巨潮资讯网,https://static.cninfo.com.cn/finalpage/2026-07-13/1225421044.PDF,2026-07-13,公告
1543,Document,关于蒙古Ergel-12区块重大合同进展公告,,,,,,,,,,,,,,,,,,,,,,,,,1543,关于蒙古Ergel-12区块重大合同进展公告,巨潮资讯网,https://static.cninfo.com.cn/finalpage/2026-07-13/1225421789.PDF,2026-07-13,公告
1544,Document,圣晖集成关于已中标重大项目签订合同的进展公告,,,,,,,,,,,,,,,,,,,,,,,,,1544,圣晖集成关于已中标重大项目签订合同的进展公告,巨潮资讯网,https://static.cninfo.com.cn/finalpage/2026-07-11/1225419140.PDF,2026-07-11,公告
1545,Document,关于签订海工订单的自愿性公告,,,,,,,,,,,,,,,,,,,,,,,,,1545,关于签订海工订单的自愿性公告,巨潮资讯网,https://static.cninfo.com.cn/finalpage/2026-07-11/1225418171.PDF,2026-07-11,公告
1546,Document,关于甘精胰岛素注射液（预填充笔）获得洪都拉斯药品注册批件的公告,,,,,,,,,,,,,,,,,,,,,,,,,1546,关于甘精胰岛素注射液（预填充笔）获得洪都拉斯药品注册批件的公告,巨潮资讯网,https://static.cninfo.com.cn/finalpage/2026-07-10/1225416839.PDF,2026-07-10,公告
1547,Document,关于公司签订重大经营合同的公告,,,,,,,,,,,,,,,,,,,,,,,,,1547,关于公司签订重大经营合同的公告,巨潮资讯网,https://static.cninfo.com.cn/finalpage/2026-07-10/1225416502.PDF,2026-07-10,公告
1548,Document,津药药业股份有限公司关于倍他米松原料药获得巴西卫生监督局批准上市的公告,,,,,,,,,,,,,,,,,,,,,,,,,1548,津药药业股份有限公司关于倍他米松原料药获得巴西卫生监督局批准上市的公告,巨潮资讯网,https://static.cninfo.com.cn/finalpage/2026-07-08/1225413377.PDF,2026-07-08,公告
1549,Document,关于取得中标通知书的公告,,,,,,,,,,,,,,,,,,,,,,,,,1549,关于取得中标通知书的公告,巨潮资讯网,https://static.cninfo.com.cn/finalpage/2026-07-07/1225414402.PDF,2026-07-07,公告
1550,Document,德才股份关于项目签订合同的公告,,,,,,,,,,,,,,,,,,,,,,,,,1550,德才股份关于项目签订合同的公告,巨潮资讯网,https://static.cninfo.com.cn/finalpage/2026-07-07/1225411194.PDF,2026-07-07,公告
1551,Document,关于签订买卖合同的公告,,,,,,,,,,,,,,,,,,,,,,,,,1551,关于签订买卖合同的公告,巨潮资讯网,https://static.cninfo.com.cn/finalpage/2026-07-07/1225411659.PDF,2026-07-07,公告
1552,Document,关于公司收到中标通知书的公告,,,,,,,,,,,,,,,,,,,,,,,,,1552,关于公司收到中标通知书的公告,巨潮资讯网,https://static.cninfo.com.cn/finalpage/2026-07-04/1225408933.PDF,2026-07-04,公告
1553,Document,关于收到中标通知书及签订框架协议的公告,,,,,,,,,,,,,,,,,,,,,,,,,1553,关于收到中标通知书及签订框架协议的公告,巨潮资讯网,https://static.cninfo.com.cn/finalpage/2026-07-03/1225406902.PDF,2026-07-03,公告
1554,Document,签订重要合同的公告,,,,,,,,,,,,,,,,,,,,,,,,,1554,签订重要合同的公告,巨潮资讯网,https://static.cninfo.com.cn/finalpage/2026-07-02/1225406267.PDF,2026-07-02,公告
1555,Document,北京福元医药股份有限公司关于左甲状腺素钠片获得药品补充申请批准通知书的公告,,,,,,,,,,,,,,,,,,,,,,,,,1555,北京福元医药股份有限公司关于左甲状腺素钠片获得药品补充申请批准通知书的公告,巨潮资讯网,https://static.cninfo.com.cn/finalpage/2026-07-02/1225403151.PDF,2026-07-02,公告
1556,Document,关于中国移动2026年绿色多频段基站天线产品（补充采购）集中采购项目进展暨签订框架协议的公告,,,,,,,,,,,,,,,,,,,,,,,,,1556,关于中国移动2026年绿色多频段基站天线产品（补充采购）集中采购项目进展暨签订框架协议的公告,巨潮资讯网,https://static.cninfo.com.cn/finalpage/2026-07-02/1225405907.PDF,2026-07-02,公告
1557,Document,关于收到拟中标通知书的公告,,,,,,,,,,,,,,,,,,,,,,,,,1557,关于收到拟中标通知书的公告,巨潮资讯网,https://static.cninfo.com.cn/finalpage/2026-07-02/1225403714.PDF,2026-07-02,公告
1558,Document,关于中标候选人公示的提示性公告,,,,,,,,,,,,,,,,,,,,,,,,,1558,关于中标候选人公示的提示性公告,巨潮资讯网,https://static.cninfo.com.cn/finalpage/2026-07-02/1225402548.PDF,2026-07-02,公告
1559,Document,津药药业股份有限公司关于甲泼尼龙片获得白俄罗斯共和国卫生部药品注册证书的公告,,,,,,,,,,,,,,,,,,,,,,,,,1559,津药药业股份有限公司关于甲泼尼龙片获得白俄罗斯共和国卫生部药品注册证书的公告,巨潮资讯网,https://static.cninfo.com.cn/finalpage/2026-07-01/1225398330.PDF,2026-07-01,公告
1560,Document,工程中标公告,,,,,,,,,,,,,,,,,,,,,,,,,1560,工程中标公告,巨潮资讯网,https://static.cninfo.com.cn/finalpage/2026-07-01/1225401123.PDF,2026-07-01,公告
1561,Document,关于与关联方签订合同暨关联交易的公告,,,,,,,,,,,,,,,,,,,,,,,,,1561,关于与关联方签订合同暨关联交易的公告,巨潮资讯网,https://static.cninfo.com.cn/finalpage/2026-07-01/1225400567.PDF,2026-07-01,公告
1562,Document,浙江海正药业股份有限公司关于来特莫韦原料药获得《化学原料药上市申请批准通知书》的公告,,,,,,,,,,,,,,,,,,,,,,,,,1562,浙江海正药业股份有限公司关于来特莫韦原料药获得《化学原料药上市申请批准通知书》的公告,巨潮资讯网,https://static.cninfo.com.cn/finalpage/2026-06-30/1225394712.PDF,2026-06-30,公告
1563,Document,关于控股子公司SYS6010启动Ⅲ期临床试验的公告,,,,,,,,,,,,,,,,,,,,,,,,,1563,关于控股子公司SYS6010启动Ⅲ期临床试验的公告,巨潮资讯网,https://static.cninfo.com.cn/finalpage/2026-06-30/1225399107.PDF,2026-06-30,公告
1564,Document,2026-38 工程中标公告,,,,,,,,,,,,,,,,,,,,,,,,,1564,2026-38 工程中标公告,巨潮资讯网,https://static.cninfo.com.cn/finalpage/2026-06-30/1225395645.PDF,2026-06-30,公告
1565,Document,2026-39 工程中标公告,,,,,,,,,,,,,,,,,,,,,,,,,1565,2026-39 工程中标公告,巨潮资讯网,https://static.cninfo.com.cn/finalpage/2026-06-30/1225395644.PDF,2026-06-30,公告
1566,Document,关于全资子公司取得医疗器械注册证的公告,,,,,,,,,,,,,,,,,,,,,,,,,1566,关于全资子公司取得医疗器械注册证的公告,巨潮资讯网,https://static.cninfo.com.cn/finalpage/2026-06-29/1225395702.PDF,2026-06-29,公告
1567,Document,关于甘精胰岛素注射液获得洪都拉斯药品注册批件的公告,,,,,,,,,,,,,,,,,,,,,,,,,1567,关于甘精胰岛素注射液获得洪都拉斯药品注册批件的公告,巨潮资讯网,https://static.cninfo.com.cn/finalpage/2026-06-27/1225391477.PDF,2026-06-27,公告
1568,Document,浙江华海药业股份有限公司关于子公司药品上市许可申请获得受理的提示性公告,,,,,,,,,,,,,,,,,,,,,,,,,1568,浙江华海药业股份有限公司关于子公司药品上市许可申请获得受理的提示性公告,巨潮资讯网,https://static.cninfo.com.cn/finalpage/2026-06-26/1225387777.PDF,2026-06-26,公告
1569,Document,关于工程项目中标的公告,,,,,,,,,,,,,,,,,,,,,,,,,1569,关于工程项目中标的公告,巨潮资讯网,https://static.cninfo.com.cn/finalpage/2026-06-26/1225386997.PDF,2026-06-26,公告
1570,Document,关于联合体预中标云南省大理市再生水资源综合利用项目（一期）工程总承包（EPC）的公告,,,,,,,,,,,,,,,,,,,,,,,,,1570,关于联合体预中标云南省大理市再生水资源综合利用项目（一期）工程总承包（EPC）的公告,巨潮资讯网,https://static.cninfo.com.cn/finalpage/2026-06-25/1225385019.PDF,2026-06-25,公告
1571,Document,国金证券股份有限公司关于北京九州一轨环境科技股份有限公司签订金刚石芯片基板建设项目（一期）总承包合同暨关联交易的核查意见,,,,,,,,,,,,,,,,,,,,,,,,,1571,国金证券股份有限公司关于北京九州一轨环境科技股份有限公司签订金刚石芯片基板建设项目（一期）总承包合同暨关联交易的核查意见,巨潮资讯网,https://static.cninfo.com.cn/finalpage/2026-06-24/1225383870.PDF,2026-06-24,公告
1572,Document,北京九州一轨环境科技股份有限公司关于签订金刚石芯片基板建设项目（一期）总承包合同暨关联交易的公告,,,,,,,,,,,,,,,,,,,,,,,,,1572,北京九州一轨环境科技股份有限公司关于签订金刚石芯片基板建设项目（一期）总承包合同暨关联交易的公告,巨潮资讯网,https://static.cninfo.com.cn/finalpage/2026-06-24/1225383863.PDF,2026-06-24,公告
1573,Document,圣晖集成关于子公司已中标重大项目签订合同的进展公告,,,,,,,,,,,,,,,,,,,,,,,,,1573,圣晖集成关于子公司已中标重大项目签订合同的进展公告,巨潮资讯网,https://static.cninfo.com.cn/finalpage/2026-06-24/1225383066.PDF,2026-06-24,公告
1574,Document,新华医疗关于子公司产品获得二类医疗器械注册证的公告,,,,,,,,,,,,,,,,,,,,,,,,,1574,新华医疗关于子公司产品获得二类医疗器械注册证的公告,巨潮资讯网,https://static.cninfo.com.cn/finalpage/2026-06-24/1225382568.PDF,2026-06-24,公告
1575,Document,关于下属子公司获得药品注册证书的公告,,,,,,,,,,,,,,,,,,,,,,,,,1575,关于下属子公司获得药品注册证书的公告,巨潮资讯网,https://static.cninfo.com.cn/finalpage/2026-06-24/1225382750.PDF,2026-06-24,公告
1576,Document,关于签订日常经营重大销售合同的公告,,,,,,,,,,,,,,,,,,,,,,,,,1576,关于签订日常经营重大销售合同的公告,巨潮资讯网,https://static.cninfo.com.cn/finalpage/2026-06-24/1225384831.PDF,2026-06-24,公告
1577,Document,关于拟中标项目的提示性公告,,,,,,,,,,,,,,,,,,,,,,,,,1577,关于拟中标项目的提示性公告,巨潮资讯网,https://static.cninfo.com.cn/finalpage/2026-06-24/1225385468.PDF,2026-06-24,公告
1578,Document,关于收到新疆维吾尔自治区阿克苏地区塔里木河干流盖孜库木片区生态综合治理项目施工标段中标通知书的公告,,,,,,,,,,,,,,,,,,,,,,,,,1578,关于收到新疆维吾尔自治区阿克苏地区塔里木河干流盖孜库木片区生态综合治理项目施工标段中标通知书的公告,巨潮资讯网,https://static.cninfo.com.cn/finalpage/2026-06-24/1225382619.PDF,2026-06-24,公告
1579,Document,四川百利天恒药业股份有限公司自愿披露关于伦康依隆妥单抗（BL-B01D1/iza-bren）获批上市的公告,,,,,,,,,,,,,,,,,,,,,,,,,1579,四川百利天恒药业股份有限公司自愿披露关于伦康依隆妥单抗（BL-B01D1/iza-bren）获批上市的公告,巨潮资讯网,https://static.cninfo.com.cn/finalpage/2026-06-23/1225380568.PDF,2026-06-23,公告
1580,Document,德才股份关于项目中标的公告,,,,,,,,,,,,,,,,,,,,,,,,,1580,德才股份关于项目中标的公告,巨潮资讯网,https://static.cninfo.com.cn/finalpage/2026-06-23/1225380204.PDF,2026-06-23,公告
1581,Document,鲁抗医药关于阿瑞匹坦获得化学原料药上市申请批准通知书的公告,,,,,,,,,,,,,,,,,,,,,,,,,1581,鲁抗医药关于阿瑞匹坦获得化学原料药上市申请批准通知书的公告,巨潮资讯网,https://static.cninfo.com.cn/finalpage/2026-06-23/1225380741.PDF,2026-06-23,公告
1582,Document,关于盐酸他喷他多口服溶液获得药物临床试验批准通知书的公告,,,,,,,,,,,,,,,,,,,,,,,,,1582,关于盐酸他喷他多口服溶液获得药物临床试验批准通知书的公告,巨潮资讯网,https://static.cninfo.com.cn/finalpage/2026-06-23/1225380271.PDF,2026-06-23,公告
1583,Document,关于签订项目工程总承包合同的公告,,,,,,,,,,,,,,,,,,,,,,,,,1583,关于签订项目工程总承包合同的公告,巨潮资讯网,https://static.cninfo.com.cn/finalpage/2026-06-23/1225382899.PDF,2026-06-23,公告
1584,Document,关于签订项目施工合同的公告,,,,,,,,,,,,,,,,,,,,,,,,,1584,关于签订项目施工合同的公告,巨潮资讯网,https://static.cninfo.com.cn/finalpage/2026-06-23/1225382898.PDF,2026-06-23,公告
1585,Document,关于子公司注射用醋酸曲普瑞林（II）获得《药品注册证书》的公告,,,,,,,,,,,,,,,,,,,,,,,,,1585,关于子公司注射用醋酸曲普瑞林（II）获得《药品注册证书》的公告,巨潮资讯网,https://static.cninfo.com.cn/finalpage/2026-06-23/1225380416.PDF,2026-06-23,公告
1586,Document,关于收到中标结果的公告,,,,,,,,,,,,,,,,,,,,,,,,,1586,关于收到中标结果的公告,巨潮资讯网,https://static.cninfo.com.cn/finalpage/2026-06-22/1225380006.PDF,2026-06-22,公告
1587,Document,关于甘精胰岛素注射液（预填充笔）获得阿联酋药品注册批件的公告,,,,,,,,,,,,,,,,,,,,,,,,,1587,关于甘精胰岛素注射液（预填充笔）获得阿联酋药品注册批件的公告,巨潮资讯网,https://static.cninfo.com.cn/finalpage/2026-06-19/1225378001.PDF,2026-06-19,公告
1588,Document,关于全资子公司创新药APH03867片获得临床试验注册申请受理的公告,,,,,,,,,,,,,,,,,,,,,,,,,1588,关于全资子公司创新药APH03867片获得临床试验注册申请受理的公告,巨潮资讯网,https://static.cninfo.com.cn/finalpage/2026-06-18/1225377316.PDF,2026-06-18,公告
1589,Document,关于全资子公司签订工程EPC总承包合同的进展公告,,,,,,,,,,,,,,,,,,,,,,,,,1589,关于全资子公司签订工程EPC总承包合同的进展公告,巨潮资讯网,https://static.cninfo.com.cn/finalpage/2026-06-18/1225376140.PDF,2026-06-18,公告
1590,Document,德才股份关于项目预中标的提示性公告,,,,,,,,,,,,,,,,,,,,,,,,,1590,德才股份关于项目预中标的提示性公告,巨潮资讯网,https://static.cninfo.com.cn/finalpage/2026-06-17/1225372857.PDF,2026-06-17,公告
1591,Document,北京福元医药股份有限公司关于克立硼罗软膏获得药品注册证书的公告,,,,,,,,,,,,,,,,,,,,,,,,,1591,北京福元医药股份有限公司关于克立硼罗软膏获得药品注册证书的公告,巨潮资讯网,https://static.cninfo.com.cn/finalpage/2026-06-17/1225373084.PDF,2026-06-17,公告
1592,Document,华润双鹤关于子公司部分产品获得药品注册证书的公告,,,,,,,,,,,,,,,,,,,,,,,,,1592,华润双鹤关于子公司部分产品获得药品注册证书的公告,巨潮资讯网,https://static.cninfo.com.cn/finalpage/2026-06-17/1225373321.PDF,2026-06-17,公告
1593,Document,湖南麓骏律师事务所关于行云科技股份有限公司全资子公司签署重大合同之法律意见书,,,,,,,,,,,,,,,,,,,,,,,,,1593,湖南麓骏律师事务所关于行云科技股份有限公司全资子公司签署重大合同之法律意见书,巨潮资讯网,https://static.cninfo.com.cn/finalpage/2026-06-17/1225374398.PDF,2026-06-17,公告
2001,Document,阳光电源：2026年半年度营业收入为30912265605.12元,,,,,,,,,,,,,,,,,,,,,,,,,2001,阳光电源：2026年半年度营业收入为30912265605.12元,证券日报网,http://www.zqrb.cn/gscy/ggkx/2026-08-28/A1787914927066.html,2026-08-28,财经新闻
2002,Document,中材国际：公司将于8月28日召开2026年半年度业绩说明会,,,,,,,,,,,,,,,,,,,,,,,,,2002,中材国际：公司将于8月28日召开2026年半年度业绩说明会,证券日报网,http://www.zqrb.cn/gscy/ggkx/2026-08-28/A1787914927024.html,2026-08-28,财经新闻
2003,Document,中国铁建：第六届董事会第十二次会议决议公告,,,,,,,,,,,,,,,,,,,,,,,,,2003,中国铁建：第六届董事会第十二次会议决议公告,证券日报网,http://www.zqrb.cn/gscy/ggkx/2026-08-28/A1787914926838.html,2026-08-28,财经新闻
2004,Document,阳光电源：第六届董事会第三次会议决议公告,,,,,,,,,,,,,,,,,,,,,,,,,2004,阳光电源：第六届董事会第三次会议决议公告,证券日报网,http://www.zqrb.cn/gscy/ggkx/2026-08-28/A1787914926644.html,2026-08-28,财经新闻
2005,Document,东方电气：公司将于9月3日召开2026年半年度业绩说明会,,,,,,,,,,,,,,,,,,,,,,,,,2005,东方电气：公司将于9月3日召开2026年半年度业绩说明会,证券日报网,http://www.zqrb.cn/gscy/ggkx/2026-08-28/A1787904416494.html,2026-08-28,财经新闻
2006,Document,保利发展：2026年上半年实现销售签约金额1351亿元,,,,,,,,,,,,,,,,,,,,,,,,,2006,保利发展：2026年上半年实现销售签约金额1351亿元,人民网财经,http://finance.people.com.cn/n1/2026/0828/c1004-40787723.html,2026-08-28,财经新闻
2007,Document,认识当下的国内汽车市场，重构汽车市场新逻辑,,,,,,,,,,,,,,,,,,,,,,,,,2007,认识当下的国内汽车市场，重构汽车市场新逻辑,人民网财经,http://finance.people.com.cn/n1/2026/0828/c1004-40787479.html,2026-08-28,财经新闻
2008,Document,中证商品期货系列板块指数发布,,,,,,,,,,,,,,,,,,,,,,,,,2008,中证商品期货系列板块指数发布,中证网,https://www.cs.com.cn/zzqh2020/2026/08/27/detail_2026082710034498.html,2026-08-27,财经新闻
2009,Document,银行变身“算力伯乐”：Token消耗成为科创企业授信新变量,,,,,,,,,,,,,,,,,,,,,,,,,2009,银行变身“算力伯乐”：Token消耗成为科创企业授信新变量,中证网,https://www.cs.com.cn/yh/04/2026/08/27/detail_2026082710034509.html,2026-08-27,财经新闻
2010,Document,万科上半年营收逾701亿元 交付2.3万套房屋,,,,,,,,,,,,,,,,,,,,,,,,,2010,万科上半年营收逾701亿元 交付2.3万套房屋,中证网,https://www.cs.com.cn/ssgs/01/2026/08/27/detail_2026082710034840.html,2026-08-27,财经新闻
2011,Document,川环科技：上半年实现净利润7510.89万元,,,,,,,,,,,,,,,,,,,,,,,,,2011,川环科技：上半年实现净利润7510.89万元,中证网,https://www.cs.com.cn/ssgs/01/2026/08/27/detail_2026082710034682.html,2026-08-27,财经新闻
2012,Document,艾尼氪品牌入华 北京现代加快新能源转型,,,,,,,,,,,,,,,,,,,,,,,,,2012,艾尼氪品牌入华 北京现代加快新能源转型,中证网,https://www.cs.com.cn/ssgs/01/2026/08/27/detail_2026082710034674.html,2026-08-27,财经新闻
2013,Document,ST朗进：上半年轨道交通基本盘稳固 储能低空热泵业务多点突破,,,,,,,,,,,,,,,,,,,,,,,,,2013,ST朗进：上半年轨道交通基本盘稳固 储能低空热泵业务多点突破,中证网,https://www.cs.com.cn/ssgs/01/2026/08/27/detail_2026082710034591.html,2026-08-27,财经新闻
2014,Document,极狐披露多项合作安排 阿里生态将持续接入车端,,,,,,,,,,,,,,,,,,,,,,,,,2014,极狐披露多项合作安排 阿里生态将持续接入车端,中证网,https://www.cs.com.cn/ssgs/01/2026/08/27/detail_2026082710034590.html,2026-08-27,财经新闻
2015,Document,长城汽车发布2026半年报：营收站上千亿关口 海外销量反超国内,,,,,,,,,,,,,,,,,,,,,,,,,2015,长城汽车发布2026半年报：营收站上千亿关口 海外销量反超国内,中证网,https://www.cs.com.cn/ssgs/01/2026/08/27/detail_2026082710034577.html,2026-08-27,财经新闻
2016,Document,海天味业上半年归母净利润41.9亿元 营养健康系列产品表现突出,,,,,,,,,,,,,,,,,,,,,,,,,2016,海天味业上半年归母净利润41.9亿元 营养健康系列产品表现突出,中证网,https://www.cs.com.cn/ssgs/01/2026/08/27/detail_2026082710034569.html,2026-08-27,财经新闻
2017,Document,格力电器上半年实现归母净利润132.78亿元 智能装备营收连续双位数增长,,,,,,,,,,,,,,,,,,,,,,,,,2017,格力电器上半年实现归母净利润132.78亿元 智能装备营收连续双位数增长,中证网,https://www.cs.com.cn/ssgs/01/2026/08/27/detail_2026082710034566.html,2026-08-27,财经新闻
2018,Document,多家上市券商中期业绩显著增长 板块投资价值凸显,,,,,,,,,,,,,,,,,,,,,,,,,2018,多家上市券商中期业绩显著增长 板块投资价值凸显,中证网,https://www.cs.com.cn/qs/2026/08/27/detail_2026082710034495.html,2026-08-27,财经新闻
2019,Document,中报核心经营利润率持续提升、股东回报再加码 伊利股份增长“含金量”十足,,,,,,,,,,,,,,,,,,,,,,,,,2019,中报核心经营利润率持续提升、股东回报再加码 伊利股份增长“含金量”十足,证券日报网,http://www.zqrb.cn/shipin/shipinhangye/2026-08-27/A1787798283966.html,2026-08-27,财经新闻
2020,Document,伊利拟实施最高20亿元回购计划 上市以来累计分红金额近673亿元,,,,,,,,,,,,,,,,,,,,,,,,,2020,伊利拟实施最高20亿元回购计划 上市以来累计分红金额近673亿元,证券日报网,http://www.zqrb.cn/shipin/shipinhangye/2026-08-27/A1787798283957.html,2026-08-27,财经新闻
2021,Document,万科上半年实现营收701.69亿元 持续攻坚化险任务,,,,,,,,,,,,,,,,,,,,,,,,,2021,万科上半年实现营收701.69亿元 持续攻坚化险任务,证券日报网,http://www.zqrb.cn/gscy/gongsi/2026-08-27/A1787838131199.html,2026-08-27,财经新闻
2022,Document,五大业务板块协同共进 潍柴动力上半年归母净利润创同期历史新高,,,,,,,,,,,,,,,,,,,,,,,,,2022,五大业务板块协同共进 潍柴动力上半年归母净利润创同期历史新高,证券日报网,http://www.zqrb.cn/gscy/gongsi/2026-08-27/A1787835179539.html,2026-08-27,财经新闻
2023,Document,万科A：2026年半年度营业收入为70169108549.07元,,,,,,,,,,,,,,,,,,,,,,,,,2023,万科A：2026年半年度营业收入为70169108549.07元,证券日报网,http://www.zqrb.cn/gscy/ggkx/2026-08-27/A1787835179665.html,2026-08-27,财经新闻
2024,Document,潍柴动力：第七届董事会第八次会议决议公告,,,,,,,,,,,,,,,,,,,,,,,,,2024,潍柴动力：第七届董事会第八次会议决议公告,证券日报网,http://www.zqrb.cn/gscy/ggkx/2026-08-27/A1787832524549.html,2026-08-27,财经新闻
2025,Document,如何给AI支付立规矩（有问有答）,,,,,,,,,,,,,,,,,,,,,,,,,2025,如何给AI支付立规矩（有问有答）,人民网财经,http://finance.people.com.cn/n1/2026/0827/c1004-40786810.html,2026-08-27,财经新闻
2026,Document,五大维度透视传统蓝筹 价值修复窗口或已开启,,,,,,,,,,,,,,,,,,,,,,,,,2026,五大维度透视传统蓝筹 价值修复窗口或已开启,中证网,https://www.cs.com.cn/gppd/gsyj/2026/07/03/detail_2026070310022097.html,2026-07-03,财经新闻
2027,Document,科技板块遭遇深度调整 机构建议聚焦细分龙头,,,,,,,,,,,,,,,,,,,,,,,,,2027,科技板块遭遇深度调整 机构建议聚焦细分龙头,中证网,https://www.cs.com.cn/gppd/gsyj/2026/07/03/detail_2026070310022056.html,2026-07-03,财经新闻
2028,Document,上海召开四方座谈会，规范汽车行业网上信息传播秩序！上汽集团、比亚迪、特斯拉等参加,,,,,,,,,,,,,,,,,,,,,,,,,2028,上海召开四方座谈会，规范汽车行业网上信息传播秩序！上汽集团、比亚迪、特斯拉等参加,中证网,https://jnzstatic.cs.com.cn/zzb/htmlInfo/126694.html,2026-07-03,财经新闻
2029,Document,一级半市场成超额“富矿”公募定增策略浮盈分化,,,,,,,,,,,,,,,,,,,,,,,,,2029,一级半市场成超额“富矿”公募定增策略浮盈分化,中证网,https://www.cs.com.cn/tzjj/01/2026/07/02/detail_2026070210021805.html,2026-07-02,财经新闻
2031,Document,上半年券商金股指数逾八成上涨,,,,,,,,,,,,,,,,,,,,,,,,,2031,上半年券商金股指数逾八成上涨,中证网,https://www.cs.com.cn/gppd/gsyj/2026/07/02/detail_2026070210021807.html,2026-07-02,财经新闻
2034,Document,今天，科技股调整，北方华创、东山精密等龙头股跌停,,,,,,,,,,,,,,,,,,,,,,,,,2034,今天，科技股调整，北方华创、东山精密等龙头股跌停,中证网,https://jnzstatic.cs.com.cn/zzb/htmlInfo/126609.html,2026-07-02,财经新闻
2035,Document,受权发布丨中共中央关于表彰全国优秀共产党员、全国优秀党务工作者和全国先进基层党组织的决定,,,,,,,,,,,,,,,,,,,,,,,,,2035,受权发布丨中共中央关于表彰全国优秀共产党员、全国优秀党务工作者和全国先进基层党组织的决定,中证网,https://www.cs.com.cn/xwzx/01/2026/07/01/detail_2026070110021745.html,2026-07-01,财经新闻
2037,Document,助力投资者把握“AI+金融”投资机遇金融科技ETF广发（159086）今起发售,,,,,,,,,,,,,,,,,,,,,,,,,2037,助力投资者把握“AI+金融”投资机遇金融科技ETF广发（159086）今起发售,中证网,https://www.cs.com.cn/tzjj/etf/2026/07/01/detail_2026070110021532.html,2026-07-01,财经新闻
2038,Document,5月末银行理财规模超35万亿元 创历史新高,,,,,,,,,,,,,,,,,,,,,,,,,2038,5月末银行理财规模超35万亿元 创历史新高,人民网财经,http://finance.people.com.cn/n1/2026/0701/c1004-40751460.html,2026-07-01,财经新闻
2039,Document,中国银联联合平安银行、腾讯云首发“AI智算卡”,,,,,,,,,,,,,,,,,,,,,,,,,2039,中国银联联合平安银行、腾讯云首发“AI智算卡”,人民网财经,http://finance.people.com.cn/n1/2026/0701/c1004-40751347.html,2026-07-01,财经新闻
2040,Document,年内公募定增获配金额同比激增逾2倍,,,,,,,,,,,,,,,,,,,,,,,,,2040,年内公募定增获配金额同比激增逾2倍,中证网,https://www.cs.com.cn/tzjj/01/2026/06/30/detail_2026063010021468.html,2026-06-30,财经新闻
2041,Document,恒尚节能：拟全资收购金胜电子 加速构建双轮驱动格局,,,,,,,,,,,,,,,,,,,,,,,,,2041,恒尚节能：拟全资收购金胜电子 加速构建双轮驱动格局,中证网,https://www.cs.com.cn/ssgs/01/2026/06/30/detail_2026063010021492.html,2026-06-30,财经新闻
2042,Document,太空光伏产业加速破局 A股上市公司抢滩万亿新赛道,,,,,,,,,,,,,,,,,,,,,,,,,2042,太空光伏产业加速破局 A股上市公司抢滩万亿新赛道,中证网,https://www.cs.com.cn/ssgs/01/2026/06/30/detail_2026063010021269.html,2026-06-30,财经新闻
2043,Document,央行开展695亿元7天期、6000亿元隔夜逆回购操作,,,,,,,,,,,,,,,,,,,,,,,,,2043,央行开展695亿元7天期、6000亿元隔夜逆回购操作,人民网财经,http://finance.people.com.cn/n1/2026/0630/c1004-40750821.html,2026-06-30,财经新闻
2044,Document,A股千亿元市值公司合计数量超200家,,,,,,,,,,,,,,,,,,,,,,,,,2044,A股千亿元市值公司合计数量超200家,人民网财经,http://finance.people.com.cn/n1/2026/0630/c1004-40750557.html,2026-06-30,财经新闻
2045,Document,央行3000亿元隔夜逆回购操作落地,,,,,,,,,,,,,,,,,,,,,,,,,2045,央行3000亿元隔夜逆回购操作落地,人民网财经,http://finance.people.com.cn/n1/2026/0630/c1004-40750551.html,2026-06-30,财经新闻
2046,Document,专属APP退场+发卡放缓 银行信用卡重构增长逻辑,,,,,,,,,,,,,,,,,,,,,,,,,2046,专属APP退场+发卡放缓 银行信用卡重构增长逻辑,中证网,https://www.cs.com.cn/yh/04/2026/06/29/detail_2026062910021051.html,2026-06-29,财经新闻
2047,Document,一季度上海科技保险为相关企业提供风险保障金额5.39万亿元,,,,,,,,,,,,,,,,,,,,,,,,,2047,一季度上海科技保险为相关企业提供风险保障金额5.39万亿元,中证网,https://www.cs.com.cn/yh/bx/2026/06/26/detail_2026062610020727.html,2026-06-26,财经新闻
2048,Document,江苏银行：以“苏超”为新支点 擦亮普惠金融金名片,,,,,,,,,,,,,,,,,,,,,,,,,2048,江苏银行：以“苏超”为新支点 擦亮普惠金融金名片,中证网,https://www.cs.com.cn/yh/04/2026/06/23/detail_2026062310019939.html,2026-06-23,财经新闻
2049,Document,标本兼治、划界稳价：以有效市场与有为政府协同扭转光伏储能行业内卷困局,,,,,,,,,,,,,,,,,,,,,,,,,2049,标本兼治、划界稳价：以有效市场与有为政府协同扭转光伏储能行业内卷困局,人民网财经,http://finance.people.com.cn/n1/2026/0620/c1004-40743987.html,2026-06-20,财经新闻
2050,Document,投促会：开发区应以智慧园区建设为主抓手 推动治理能力从传统经验型向数字智能型跃升,,,,,,,,,,,,,,,,,,,,,,,,,2050,投促会：开发区应以智慧园区建设为主抓手 推动治理能力从传统经验型向数字智能型跃升,中证网,https://www.cs.com.cn/xwzx/01/2026/06/17/detail_2026061710018802.html,2026-06-17,财经新闻
2051,Document,利好驱动！创新药板块抗跌性凸显,,,,,,,,,,,,,,,,,,,,,,,,,2051,利好驱动！创新药板块抗跌性凸显,证券日报网,http://www.zqrb.cn/stock/redian/2026-07-13/A1783939725213.html,2026-07-13,财经新闻
2052,Document,国产ADC赛道风起云涌 重塑肿瘤治疗格局,,,,,,,,,,,,,,,,,,,,,,,,,2052,国产ADC赛道风起云涌 重塑肿瘤治疗格局,中证网,https://www.cs.com.cn/ssgs/01/2026/06/29/detail_2026062910021024.html,2026-06-29,财经新闻
2053,Document,华润双鹤副总裁刘驹当选中上协医疗健康专业委员会主任委员,,,,,,,,,,,,,,,,,,,,,,,,,2053,华润双鹤副总裁刘驹当选中上协医疗健康专业委员会主任委员,中证网,https://www.cs.com.cn/ssgs/01/2026/06/24/detail_2026062410020177.html,2026-06-24,财经新闻
2054,Document,沪市医药公司推动产业迭代升级 资本市场韧性筑牢创新根基,,,,,,,,,,,,,,,,,,,,,,,,,2054,沪市医药公司推动产业迭代升级 资本市场韧性筑牢创新根基,证券日报网,http://www.zqrb.cn/gscy/gongsi/2026-09-20/A1789735683587.html,2026-09-20,财经新闻
2055,Document,A股三大指数集体收跌 医药生物板块上涨2.22%,,,,,,,,,,,,,,,,,,,,,,,,,2055,A股三大指数集体收跌 医药生物板块上涨2.22%,证券日报网,http://www.zqrb.cn/gscy/gongsi/2026-09-14/A1789375157504.html,2026-09-14,财经新闻
2057,Document,原料药企业差异化体系化拓展海外增量,,,,,,,,,,,,,,,,,,,,,,,,,2057,原料药企业差异化体系化拓展海外增量,证券日报网,http://www.zqrb.cn/gscy/qiyexinxi/2026-09-02/A1788354240036.html,2026-09-02,财经新闻
2058,Document,原料药上半年加速出海 差异化产品与体系化布局拓增量,,,,,,,,,,,,,,,,,,,,,,,,,2058,原料药上半年加速出海 差异化产品与体系化布局拓增量,证券日报网,http://www.zqrb.cn/gscy/gongsi/2026-09-02/A1788333326012.html,2026-09-02,财经新闻
2059,Document,沪市蓝筹韧性·价值引领｜沪市医药公司加速创新 全球竞争力成价值锚点,,,,,,,,,,,,,,,,,,,,,,,,,2059,沪市蓝筹韧性·价值引领｜沪市医药公司加速创新 全球竞争力成价值锚点,证券日报网,http://www.zqrb.cn/finance/hslcrx/2026-08-26/A1787645783106.html,2026-08-26,财经新闻
2060,Document,“六张网”建设提速 上市公司掘金新机遇,,,,,,,,,,,,,,,,,,,,,,,,,2060,“六张网”建设提速 上市公司掘金新机遇,中证网,https://www.cs.com.cn/xwzx/01/2026/08/20/detail_2026082010032492.html,2026-08-20,财经新闻
2061,Document,医药创新迈入深耕期 全球化与造血能力成关键考题,,,,,,,,,,,,,,,,,,,,,,,,,2061,医药创新迈入深耕期 全球化与造血能力成关键考题,中证网,https://www.cs.com.cn/ssgs/01/2026/08/18/detail_2026081810031937.html,2026-08-18,财经新闻
2062,Document,生物制造驶入发展快车道 产业资本密集布局,,,,,,,,,,,,,,,,,,,,,,,,,2062,生物制造驶入发展快车道 产业资本密集布局,中证网,https://www.cs.com.cn/ssgs/01/2026/08/08/detail_2026080810030098.html,2026-08-08,财经新闻
2063,Document,拟作价28.56亿元收购英迪芯微 信邦智能布局车规芯片构建多元化业务架构,,,,,,,,,,,,,,,,,,,,,,,,,2063,拟作价28.56亿元收购英迪芯微 信邦智能布局车规芯片构建多元化业务架构,证券日报网,http://www.zqrb.cn/gscy/gongsi/2026-09-24/A1790231243205.html,2026-09-24,财经新闻
2066,Document,港股分拆上市政策有望“松绑”,,,,,,,,,,,,,,,,,,,,,,,,,2066,港股分拆上市政策有望“松绑”,证券日报网,http://www.zqrb.cn/ggztc/hkstock/2026-09-23/A1790078811491.html,2026-09-23,财经新闻
2067,Document,商业航天概念板块业绩分化 配套环节率先兑现,,,,,,,,,,,,,,,,,,,,,,,,,2067,商业航天概念板块业绩分化 配套环节率先兑现,中证网,https://www.cs.com.cn/gppd/gsyj/2026/09/22/detail_2026092210040819.html,2026-09-22,财经新闻
2068,Document,地产拉升，食品饮料“接棒”！食品饮料ETF华夏（515170）受到关注,,,,,,,,,,,,,,,,,,,,,,,,,2068,地产拉升，食品饮料“接棒”！食品饮料ETF华夏（515170）受到关注,中证网,https://www.cs.com.cn/tzjj/etf/2026/09/21/detail_2026092110040681.html,2026-09-21,财经新闻
2069,Document,开盘：三大指数集体高开 MLCC概念涨幅居前,,,,,,,,,,,,,,,,,,,,,,,,,2069,开盘：三大指数集体高开 MLCC概念涨幅居前,证券日报网,http://www.zqrb.cn/stock/zuixinbobao/2026-09-21/A1789954452013.html,2026-09-21,财经新闻
2070,Document,德才股份AI新业务迎里程碑式突破 奇想无限互动影游重磅上线,,,,,,,,,,,,,,,,,,,,,,,,,2070,德才股份AI新业务迎里程碑式突破 奇想无限互动影游重磅上线,证券日报网,http://www.zqrb.cn/gscy/gongsi/2026-09-21/A1789989858690.html,2026-09-21,财经新闻
2071,Document,食品饮料表现分化，安井食品、伊利股份盘中上涨，中证全指食品指数估值处于近十年低位,,,,,,,,,,,,,,,,,,,,,,,,,2071,食品饮料表现分化，安井食品、伊利股份盘中上涨，中证全指食品指数估值处于近十年低位,中证网,https://www.cs.com.cn/tzjj/etf/2026/09/10/detail_2026091010038121.html,2026-09-10,财经新闻
2072,Document,券商9月金股渐次出炉 四大配置主线显现,,,,,,,,,,,,,,,,,,,,,,,,,2072,券商9月金股渐次出炉 四大配置主线显现,证券日报网,http://www.zqrb.cn/jrjg/quanshang/2026-09-04/A1788425656926.html,2026-09-04,财经新闻
2073,Document,一品红：在研痛风创新药AR882国内Ⅲ期临床取得积极顶线结果 商业化进程加速,,,,,,,,,,,,,,,,,,,,,,,,,2073,一品红：在研痛风创新药AR882国内Ⅲ期临床取得积极顶线结果 商业化进程加速,中证网,https://www.cs.com.cn/ssgs/01/2026/09/03/detail_2026090310036748.html,2026-09-03,财经新闻
2075,Document,券商9月“金股”扎堆四大行业 机构看好核心资产配置价值,,,,,,,,,,,,,,,,,,,,,,,,,2075,券商9月“金股”扎堆四大行业 机构看好核心资产配置价值,中证网,https://www.cs.com.cn/gppd/gsyj/2026/09/01/detail_2026090110036058.html,2026-09-01,财经新闻
2076,Document,生物医药迈向“源头创新”,,,,,,,,,,,,,,,,,,,,,,,,,2076,生物医药迈向“源头创新”,证券日报网,http://www.zqrb.cn/finance/hangyedongtai/2026-09-01/A1788186400901.html,2026-09-01,财经新闻
2077,Document,创新出海双向提速 医药企业半年报释放回暖信号,,,,,,,,,,,,,,,,,,,,,,,,,2077,创新出海双向提速 医药企业半年报释放回暖信号,中证网,https://www.cs.com.cn/xwzx/01/2026/08/31/detail_2026083110035688.html,2026-08-31,财经新闻
2078,Document,基金半年报隐形重仓股扫描：主线坚持与边界探索,,,,,,,,,,,,,,,,,,,,,,,,,2078,基金半年报隐形重仓股扫描：主线坚持与边界探索,中证网,https://www.cs.com.cn/tzjj/01/2026/08/31/detail_2026083110035687.html,2026-08-31,财经新闻
2079,Document,东宏股份：关于控股股东取得股票增持专项贷款承诺函的公告,,,,,,,,,,,,,,,,,,,,,,,,,2079,东宏股份：关于控股股东取得股票增持专项贷款承诺函的公告,证券日报网,http://www.zqrb.cn/gscy/ggkx/2026-08-31/A1788163957099.html,2026-08-31,财经新闻
2080,Document,政策加码、出海升级 创新药迈入价值兑现期,,,,,,,,,,,,,,,,,,,,,,,,,2080,政策加码、出海升级 创新药迈入价值兑现期,人民网财经,http://finance.people.com.cn/n1/2026/0829/c1004-40788533.html,2026-08-29,财经新闻
2081,Document,35家券商二季度调仓方向揭晓​,,,,,,,,,,,,,,,,,,,,,,,,,2081,35家券商二季度调仓方向揭晓​,证券日报网,http://www.zqrb.cn/jrjg/quanshang/2026-08-26/A1787674957185.html,2026-08-26,财经新闻
2082,Document,广生堂定增快速完成发行 资本赋能创新药研发与战略进阶,,,,,,,,,,,,,,,,,,,,,,,,,2082,广生堂定增快速完成发行 资本赋能创新药研发与战略进阶,中证网,https://www.cs.com.cn/ssgs/01/2026/08/25/detail_2026082510033993.html,2026-08-25,财经新闻
2083,Document,30cm、20cm涨停刷屏！一则消息，引爆这一板块！,,,,,,,,,,,,,,,,,,,,,,,,,2083,30cm、20cm涨停刷屏！一则消息，引爆这一板块！,证券日报网,http://www.zqrb.cn/stock/redian/2026-08-20/A1787196775369.html,2026-08-20,财经新闻
2085,Document,收评：三大指数高开低走翻绿，沪指跌0.50%，医药股集体大涨,,,,,,,,,,,,,,,,,,,,,,,,,2085,收评：三大指数高开低走翻绿，沪指跌0.50%，医药股集体大涨,证券日报网,http://www.zqrb.cn/stock/zuixinbobao/2026-08-13/A1786605091178.html,2026-08-13,财经新闻
2086,Document,创业板再添三条新指数,,,,,,,,,,,,,,,,,,,,,,,,,2086,创业板再添三条新指数,中证网,https://www.cs.com.cn/xwzx/01/2026/08/12/detail_2026081210030775.html,2026-08-12,财经新闻
2087,Document,中报窗口期机构密集调研 创新药步入业绩与国际化兑现期,,,,,,,,,,,,,,,,,,,,,,,,,2087,中报窗口期机构密集调研 创新药步入业绩与国际化兑现期,中证网,https://www.cs.com.cn/ssgs/01/2026/08/11/detail_2026081110030528.html,2026-08-11,财经新闻
2088,Document,“创系列”再添三条新指数 新质生产力投资工具持续丰富,,,,,,,,,,,,,,,,,,,,,,,,,2088,“创系列”再添三条新指数 新质生产力投资工具持续丰富,证券日报网,http://www.zqrb.cn/stock/gupiaoyaowen/2026-08-11/A1786449571469.html,2026-08-11,财经新闻
2089,Document,国产模型与算力共振 AI全产业链景气度持续上升,,,,,,,,,,,,,,,,,,,,,,,,,2089,国产模型与算力共振 AI全产业链景气度持续上升,中证网,https://www.cs.com.cn/gppd/gsyj/2026/08/06/detail_2026080610029642.html,2026-08-06,财经新闻
2090,Document,东宏股份：关于中标项目签订合同的进展公告,,,,,,,,,,,,,,,,,,,,,,,,,2090,东宏股份：关于中标项目签订合同的进展公告,证券日报网,http://www.zqrb.cn/gscy/ggkx/2026-08-06/A1786008993806.html,2026-08-06,财经新闻
2091,Document,中国创新药“换挡提速”,,,,,,,,,,,,,,,,,,,,,,,,,2091,中国创新药“换挡提速”,证券日报网,http://www.zqrb.cn/gscy/gongsi/2026-08-05/A1785831135985.html,2026-08-05,财经新闻
2093,Document,A股科技板块全线反攻 机构称调整或接近尾声,,,,,,,,,,,,,,,,,,,,,,,,,2093,A股科技板块全线反攻 机构称调整或接近尾声,中证网,https://www.cs.com.cn/gppd/gsyj/2026/08/01/detail_2026080110028732.html,2026-08-01,财经新闻
2095,Document,新北洋：关于收到中国工商银行股份有限公司中标通知书的公告,,,,,,,,,,,,,,,,,,,,,,,,,2095,新北洋：关于收到中国工商银行股份有限公司中标通知书的公告,证券日报网,http://www.zqrb.cn/gscy/ggkx/2026-07-30/A1785401607608.html,2026-07-30,财经新闻
2096,Document,QFII二季度调仓新动向 绩优标的成布局核心,,,,,,,,,,,,,,,,,,,,,,,,,2096,QFII二季度调仓新动向 绩优标的成布局核心,中证网,https://www.cs.com.cn/tzjj/01/2026/07/29/detail_2026072910027839.html,2026-07-29,财经新闻
2097,Document,新动能赛道业绩表现亮眼,,,,,,,,,,,,,,,,,,,,,,,,,2097,新动能赛道业绩表现亮眼,人民网财经,http://finance.people.com.cn/n1/2026/0727/c1004-40768313.html,2026-07-27,财经新闻
2098,Document,7月以来机构调研近540家上市公司,,,,,,,,,,,,,,,,,,,,,,,,,2098,7月以来机构调研近540家上市公司,中证网,https://www.cs.com.cn/gppd/gsyj/2026/07/24/detail_2026072410026812.html,2026-07-24,财经新闻
2099,Document,上市公司业绩逐步修复 A股稳中向好态势明确,,,,,,,,,,,,,,,,,,,,,,,,,2099,上市公司业绩逐步修复 A股稳中向好态势明确,中证网,https://www.cs.com.cn/gppd/gsyj/2026/07/23/detail_2026072310026476.html,2026-07-23,财经新闻
2100,Document,科创板开市七周年：制度包容性润物无声 “硬科技军团”拔节生长,,,,,,,,,,,,,,,,,,,,,,,,,2100,科创板开市七周年：制度包容性润物无声 “硬科技军团”拔节生长,中证网,https://www.cs.com.cn/gppd/gsyj/2026/07/22/detail_2026072210026222.html,2026-07-22,财经新闻
2101,Document,开盘：三大指数集体低开 电子化学品板块跌幅居前,,,,,,,,,,,,,,,,,,,,,,,,,2101,开盘：三大指数集体低开 电子化学品板块跌幅居前,证券日报网,http://www.zqrb.cn/stock/zuixinbobao/2026-07-22/A1784684231494.html,2026-07-22,财经新闻
2102,Document,助力一键布局新能源多元细分赛道，创业板新能源ETF华泰柏瑞（159069）今日上市,,,,,,,,,,,,,,,,,,,,,,,,,2102,助力一键布局新能源多元细分赛道，创业板新能源ETF华泰柏瑞（159069）今日上市,中证网,https://www.cs.com.cn/tzjj/etf/2026/07/21/detail_2026072110025865.html,2026-07-21,财经新闻
2103,Document,多重因素支撑 科技板块长期成长逻辑未变,,,,,,,,,,,,,,,,,,,,,,,,,2103,多重因素支撑 科技板块长期成长逻辑未变,中证网,https://www.cs.com.cn/gppd/gsyj/2026/07/20/detail_2026072010025497.html,2026-07-20,财经新闻
2104,Document,2026年中产业观察｜从“低估”到“重估”创新药迎投资布局窗口,,,,,,,,,,,,,,,,,,,,,,,,,2104,2026年中产业观察｜从“低估”到“重估”创新药迎投资布局窗口,中证网,https://www.cs.com.cn/xwzx/01/2026/07/14/detail_2026071410024205.html,2026-07-14,财经新闻
2106,Document,助力把握能源革命新机遇 创业板新能源ETF华泰柏瑞（159069）6月22日发售,,,,,,,,,,,,,,,,,,,,,,,,,2106,助力把握能源革命新机遇 创业板新能源ETF华泰柏瑞（159069）6月22日发售,中证网,https://www.cs.com.cn/tzjj/etf/2026/06/22/detail_2026062210019531.html,2026-06-22,财经新闻
3001,Document,中华人民共和国审计法实施条例,,,,,,,,,,,,,,,,,,,,,,,,,3001,中华人民共和国审计法实施条例,中国政府网,https://www.gov.cn/zhengce/zhengceku/202609/content_7081973.htm,2026-09-24,政策文件
3002,Document,国务院办公厅关于印发《“高效办成一件事”2026年度第二批重点事项清单》的通知,,,,,,,,,,,,,,,,,,,,,,,,,3002,国务院办公厅关于印发《“高效办成一件事”2026年度第二批重点事项清单》的通知,中国政府网,https://www.gov.cn/zhengce/zhengceku/202609/content_7081881.htm,2026-09-23,政策文件
3003,Document,文化和旅游部关于印发《非物质文化遗产保护传承“十五五”规划》的通知,,,,,,,,,,,,,,,,,,,,,,,,,3003,文化和旅游部关于印发《非物质文化遗产保护传承“十五五”规划》的通知,中国政府网,https://www.gov.cn/zhengce/zhengceku/202609/content_7081712.htm,2026-09-21,政策文件
3004,Document,农业农村部 工业和信息化部关于印发《全国农业机械化发展“十五五”规划》的通知,,,,,,,,,,,,,,,,,,,,,,,,,3004,农业农村部 工业和信息化部关于印发《全国农业机械化发展“十五五”规划》的通知,中国政府网,https://www.gov.cn/zhengce/zhengceku/202609/content_7081520.htm,2026-09-19,政策文件
3005,Document,国务院办公厅关于进一步加强烟花爆竹全链条安全监管的意见,,,,,,,,,,,,,,,,,,,,,,,,,3005,国务院办公厅关于进一步加强烟花爆竹全链条安全监管的意见,中国政府网,https://www.gov.cn/zhengce/zhengceku/202609/content_7081357.htm,2026-09-17,政策文件
3006,Document,两部门关于印发《电子信息制造业发展“十五五”规划》的通知,,,,,,,,,,,,,,,,,,,,,,,,,3006,两部门关于印发《电子信息制造业发展“十五五”规划》的通知,中国政府网,https://www.gov.cn/zhengce/zhengceku/202609/content_7081160.htm,2026-09-15,政策文件
3007,Document,商务部等8部门关于印发《促进智能家居消费行动方案》的通知,,,,,,,,,,,,,,,,,,,,,,,,,3007,商务部等8部门关于印发《促进智能家居消费行动方案》的通知,中国政府网,https://www.gov.cn/zhengce/zhengceku/202609/content_7081037.htm,2026-09-14,政策文件
3008,Document,关于印发《关于加快农业保险高质量发展的实施方案》的通知,,,,,,,,,,,,,,,,,,,,,,,,,3008,关于印发《关于加快农业保险高质量发展的实施方案》的通知,中国政府网,https://www.gov.cn/zhengce/zhengceku/202609/content_7080788.htm,2026-09-11,政策文件
3009,Document,农业农村部关于印发《全国畜牧兽医行业发展“十五五”规划》的通知,,,,,,,,,,,,,,,,,,,,,,,,,3009,农业农村部关于印发《全国畜牧兽医行业发展“十五五”规划》的通知,中国政府网,https://www.gov.cn/zhengce/zhengceku/202609/content_7080776.htm,2026-09-11,政策文件
3010,Document,工业和信息化部关于印发《“人工智能+软件”专项行动实施方案》的通知,,,,,,,,,,,,,,,,,,,,,,,,,3010,工业和信息化部关于印发《“人工智能+软件”专项行动实施方案》的通知,中国政府网,https://www.gov.cn/zhengce/zhengceku/202609/content_7080773.htm,2026-09-11,政策文件
3011,Document,国务院办公厅关于加强中小企业回款难问题治理有关工作的通知,,,,,,,,,,,,,,,,,,,,,,,,,3011,国务院办公厅关于加强中小企业回款难问题治理有关工作的通知,中国政府网,https://www.gov.cn/zhengce/zhengceku/202609/content_7080628.htm,2026-09-10,政策文件
3012,Document,农业农村部关于印发《全国渔业发展“十五五”规划》的通知,,,,,,,,,,,,,,,,,,,,,,,,,3012,农业农村部关于印发《全国渔业发展“十五五”规划》的通知,中国政府网,https://www.gov.cn/zhengce/zhengceku/202609/content_7080453.htm,2026-09-08,政策文件
3013,Document,国家版权局关于印发《版权工作“十五五”规划》的通知,,,,,,,,,,,,,,,,,,,,,,,,,3013,国家版权局关于印发《版权工作“十五五”规划》的通知,中国政府网,https://www.gov.cn/zhengce/zhengceku/202609/content_7080386.htm,2026-09-07,政策文件
3014,Document,工业和信息化部关于印发《信息通信行业发展“十五五”规划》的通知,,,,,,,,,,,,,,,,,,,,,,,,,3014,工业和信息化部关于印发《信息通信行业发展“十五五”规划》的通知,中国政府网,https://www.gov.cn/zhengce/zhengceku/202609/content_7080376.htm,2026-09-07,政策文件
3015,Document,电力安全事故应急处置和调查处理条例,,,,,,,,,,,,,,,,,,,,,,,,,3015,电力安全事故应急处置和调查处理条例,中国政府网,https://www.gov.cn/zhengce/zhengceku/202609/content_7080190.htm,2026-09-04,政策文件
3016,Document,国务院关于修改《住房公积金管理条例》的决定,,,,,,,,,,,,,,,,,,,,,,,,,3016,国务院关于修改《住房公积金管理条例》的决定,中国政府网,https://www.gov.cn/zhengce/zhengceku/202608/content_7078478.htm,2026-08-18,政策文件
3017,Document,国务院关于《特殊教育发展提升“十五五”行动计划》的批复,,,,,,,,,,,,,,,,,,,,,,,,,3017,国务院关于《特殊教育发展提升“十五五”行动计划》的批复,中国政府网,https://www.gov.cn/zhengce/zhengceku/202608/content_7078321.htm,2026-08-17,政策文件
3018,Document,国务院关于修改和废止部分行政法规的决定,,,,,,,,,,,,,,,,,,,,,,,,,3018,国务院关于修改和废止部分行政法规的决定,中国政府网,https://www.gov.cn/zhengce/zhengceku/202608/content_7077981.htm,2026-08-13,政策文件
3019,Document,国务院办公厅关于重点林区“十五五”期间森林年采伐限额的复函,,,,,,,,,,,,,,,,,,,,,,,,,3019,国务院办公厅关于重点林区“十五五”期间森林年采伐限额的复函,中国政府网,https://www.gov.cn/zhengce/zhengceku/202608/content_7077888.htm,2026-08-11,政策文件
3020,Document,集成电路布图设计保护条例,,,,,,,,,,,,,,,,,,,,,,,,,3020,集成电路布图设计保护条例,中国政府网,https://www.gov.cn/zhengce/zhengceku/202608/content_7077399.htm,2026-08-03,政策文件
3021,Document,国务院关于印发《知识产权保护和运用“十五五”规划》的通知,,,,,,,,,,,,,,,,,,,,,,,,,3021,国务院关于印发《知识产权保护和运用“十五五”规划》的通知,中国政府网,https://www.gov.cn/zhengce/zhengceku/202607/content_7077200.htm,2026-07-31,政策文件
3022,Document,国务院办公厅印发《关于国务院行政复议案件处理程序的若干规定》的通知,,,,,,,,,,,,,,,,,,,,,,,,,3022,国务院办公厅印发《关于国务院行政复议案件处理程序的若干规定》的通知,中国政府网,https://www.gov.cn/zhengce/zhengceku/202607/content_7076685.htm,2026-07-27,政策文件
3023,Document,国务院关于印发《全民健身计划（2026—2030年）》的通知,,,,,,,,,,,,,,,,,,,,,,,,,3023,国务院关于印发《全民健身计划（2026—2030年）》的通知,中国政府网,https://www.gov.cn/zhengce/zhengceku/202607/content_7076421.htm,2026-07-23,政策文件
3024,Document,国务院办公厅关于转发生态环境部等部门《群众身边水体保护治理行动方案》的通知,,,,,,,,,,,,,,,,,,,,,,,,,3024,国务院办公厅关于转发生态环境部等部门《群众身边水体保护治理行动方案》的通知,中国政府网,https://www.gov.cn/zhengce/zhengceku/202607/content_7075365.htm,2026-07-14,政策文件
3025,Document,国务院关于《扩大消费“十五五”规划》的批复,,,,,,,,,,,,,,,,,,,,,,,,,3025,国务院关于《扩大消费“十五五”规划》的批复,中国政府网,https://www.gov.cn/zhengce/zhengceku/202607/content_7075217.htm,2026-07-13,政策文件
3026,Document,国务院关于《旅游强国建设“十五五”规划》的批复,,,,,,,,,,,,,,,,,,,,,,,,,3026,国务院关于《旅游强国建设“十五五”规划》的批复,中国政府网,https://www.gov.cn/zhengce/zhengceku/202607/content_7074517.htm,2026-07-07,政策文件
3027,Document,国务院关于《残疾人保障和发展“十五五”规划》的批复,,,,,,,,,,,,,,,,,,,,,,,,,3027,国务院关于《残疾人保障和发展“十五五”规划》的批复,中国政府网,https://www.gov.cn/zhengce/zhengceku/202607/content_7074096.htm,2026-07-02,政策文件
3028,Document,国务院关于印发《教育发展“十五五”规划》的通知,,,,,,,,,,,,,,,,,,,,,,,,,3028,国务院关于印发《教育发展“十五五”规划》的通知,中国政府网,https://www.gov.cn/zhengce/zhengceku/202606/content_7073641.htm,2026-06-29,政策文件
3029,Document,国务院办公厅关于进一步完善大中型水库移民后期扶持政策的通知,,,,,,,,,,,,,,,,,,,,,,,,,3029,国务院办公厅关于进一步完善大中型水库移民后期扶持政策的通知,中国政府网,https://www.gov.cn/zhengce/zhengceku/202606/content_7073260.htm,2026-06-25,政策文件
3030,Document,国务院关于浙江、福建、山东等3省国家级自然保护区和国家级风景名胜区整合优化方案的批复,,,,,,,,,,,,,,,,,,,,,,,,,3030,国务院关于浙江、福建、山东等3省国家级自然保护区和国家级风景名胜区整合优化方案的批复,中国政府网,https://www.gov.cn/zhengce/zhengceku/202606/content_7072484.htm,2026-06-17,政策文件
4001,Document,中国证券监督管理委员会行政处罚决定书（陈欢、周厚禄、李萍萍）,,,,,,,,,,,,,,,,,,,,,,,,,4001,中国证券监督管理委员会行政处罚决定书（陈欢、周厚禄、李萍萍）,中国证监会,https://www.csrc.gov.cn/csrc/c101928/c7661080/content.shtml,2026-09-01,监管公开信息
4002,Document,中国证券监督管理委员会行政处罚决定书（杨将）,,,,,,,,,,,,,,,,,,,,,,,,,4002,中国证券监督管理委员会行政处罚决定书（杨将）,中国证监会,https://www.csrc.gov.cn/csrc/c101928/c7659511/content.shtml,2026-09-01,监管公开信息
4003,Document,中国证券监督管理委员会行政处罚决定书（翁宇轩）,,,,,,,,,,,,,,,,,,,,,,,,,4003,中国证券监督管理委员会行政处罚决定书（翁宇轩）,中国证监会,https://www.csrc.gov.cn/csrc/c101928/c7659486/content.shtml,2026-09-01,监管公开信息
4004,Document,中国证券监督管理委员会行政处罚决定书（元道通信股份有限公司、李晋、曹亚蕾等）,,,,,,,,,,,,,,,,,,,,,,,,,4004,中国证券监督管理委员会行政处罚决定书（元道通信股份有限公司、李晋、曹亚蕾等）,中国证监会,https://www.csrc.gov.cn/csrc/c101928/c7656663/content.shtml,2026-08-28,监管公开信息
4005,Document,中国证券监督管理委员会行政处罚决定书（大华会计师事务所、高世茂、霍耀俊）,,,,,,,,,,,,,,,,,,,,,,,,,4005,中国证券监督管理委员会行政处罚决定书（大华会计师事务所、高世茂、霍耀俊）,中国证监会,https://www.csrc.gov.cn/csrc/c101928/c7656661/content.shtml,2026-08-25,监管公开信息
4006,Document,中国证券监督管理委员会行政处罚决定书（陈广华）,,,,,,,,,,,,,,,,,,,,,,,,,4006,中国证券监督管理委员会行政处罚决定书（陈广华）,中国证监会,https://www.csrc.gov.cn/csrc/c101928/c7658121/content.shtml,2026-08-18,监管公开信息
4007,Document,中国证券监督管理委员会行政处罚决定书（卢润凯）,,,,,,,,,,,,,,,,,,,,,,,,,4007,中国证券监督管理委员会行政处罚决定书（卢润凯）,中国证监会,https://www.csrc.gov.cn/csrc/c101928/c7658117/content.shtml,2026-08-18,监管公开信息
4008,Document,中国证券监督管理委员会行政处罚决定书（马星瑞）,,,,,,,,,,,,,,,,,,,,,,,,,4008,中国证券监督管理委员会行政处罚决定书（马星瑞）,中国证监会,https://www.csrc.gov.cn/csrc/c101928/c7658115/content.shtml,2026-08-18,监管公开信息
4009,Document,中国证券监督管理委员会行政处罚决定书（宗建树）,,,,,,,,,,,,,,,,,,,,,,,,,4009,中国证券监督管理委员会行政处罚决定书（宗建树）,中国证监会,https://www.csrc.gov.cn/csrc/c101928/c7658109/content.shtml,2026-08-18,监管公开信息
4010,Document,中国证券监督管理委员会行政处罚决定书（柳玉平、王叶兰）,,,,,,,,,,,,,,,,,,,,,,,,,4010,中国证券监督管理委员会行政处罚决定书（柳玉平、王叶兰）,中国证监会,https://www.csrc.gov.cn/csrc/c101928/c7655161/content.shtml,2026-08-18,监管公开信息
4011,Document,中国证券监督管理委员会行政处罚决定书（中兴财光华会计师事务所、张学福、胡蝶娜等）,,,,,,,,,,,,,,,,,,,,,,,,,4011,中国证券监督管理委员会行政处罚决定书（中兴财光华会计师事务所、张学福、胡蝶娜等）,中国证监会,https://www.csrc.gov.cn/csrc/c101928/c7655149/content.shtml,2026-08-17,监管公开信息
4012,Document,中国证券监督管理委员会行政处罚决定书（公茂江）,,,,,,,,,,,,,,,,,,,,,,,,,4012,中国证券监督管理委员会行政处罚决定书（公茂江）,中国证监会,https://www.csrc.gov.cn/csrc/c101928/c7650681/content.shtml,2026-07-31,监管公开信息
4013,Document,中国证券监督管理委员会行政处罚决定书（柳锡专）,,,,,,,,,,,,,,,,,,,,,,,,,4013,中国证券监督管理委员会行政处罚决定书（柳锡专）,中国证监会,https://www.csrc.gov.cn/csrc/c101928/c7650677/content.shtml,2026-07-21,监管公开信息
4014,Document,中国证券监督管理委员会行政处罚决定书（吴凌玥、韩佩佩）,,,,,,,,,,,,,,,,,,,,,,,,,4014,中国证券监督管理委员会行政处罚决定书（吴凌玥、韩佩佩）,中国证监会,https://www.csrc.gov.cn/csrc/c101928/c7655146/content.shtml,2026-07-17,监管公开信息
4015,Document,中国证券监督管理委员会行政处罚决定书（吴凌玥、罗征）,,,,,,,,,,,,,,,,,,,,,,,,,4015,中国证券监督管理委员会行政处罚决定书（吴凌玥、罗征）,中国证监会,https://www.csrc.gov.cn/csrc/c101928/c7655144/content.shtml,2026-07-17,监管公开信息
4016,Document,中国证券监督管理委员会行政处罚决定书（际华集团股份有限公司、李义岭、袁海黎等）,,,,,,,,,,,,,,,,,,,,,,,,,4016,中国证券监督管理委员会行政处罚决定书（际华集团股份有限公司、李义岭、袁海黎等）,中国证监会,https://www.csrc.gov.cn/csrc/c101928/c7650675/content.shtml,2026-07-17,监管公开信息
4017,Document,中国证券监督管理委员会行政处罚决定书（中兴财光华会计师事务所、俞俊、楼佳男）,,,,,,,,,,,,,,,,,,,,,,,,,4017,中国证券监督管理委员会行政处罚决定书（中兴财光华会计师事务所、俞俊、楼佳男）,中国证监会,https://www.csrc.gov.cn/csrc/c101928/c7650671/content.shtml,2026-07-13,监管公开信息
4018,Document,中国证券监督管理委员会行政处罚决定书（中汇会计师事务所、孙玉霞、孙业亮）,,,,,,,,,,,,,,,,,,,,,,,,,4018,中国证券监督管理委员会行政处罚决定书（中汇会计师事务所、孙玉霞、孙业亮）,中国证监会,https://www.csrc.gov.cn/csrc/c101928/c7650660/content.shtml,2026-07-13,监管公开信息
4019,Document,中国证券监督管理委员会行政处罚决定书（天健 会计师事务所）,,,,,,,,,,,,,,,,,,,,,,,,,4019,中国证券监督管理委员会行政处罚决定书（天健 会计师事务所）,中国证监会,https://www.csrc.gov.cn/csrc/c101928/c7647312/content.shtml,2026-06-30,监管公开信息
4020,Document,中国证券监督管理委员会行政处罚决定书（赵杨、全寿山、王立华等）,,,,,,,,,,,,,,,,,,,,,,,,,4020,中国证券监督管理委员会行政处罚决定书（赵杨、全寿山、王立华等）,中国证监会,https://www.csrc.gov.cn/csrc/c101928/c7646037/content.shtml,2026-06-24,监管公开信息
